month_idx,month,cluster,cluster_size,draw,self_overlap,max_other_overlap,paired_gap
0,2023-01,0,523,0,0.9967229322348489,0.2760965975958639,0.720626334638985
0,2023-01,0,523,1,0.9988605850029735,0.2734596721036682,0.7254009128993053
0,2023-01,0,523,2,0.9996568372234862,0.27584382177099886,0.7238130154524873
0,2023-01,0,523,3,0.9988087865585878,0.27336120417965676,0.725447582378931
0,2023-01,0,523,4,0.9992801035714777,0.28942869552870854,0.7098514080427691
0,2023-01,0,523,5,0.9994164605332947,0.2861242806745604,0.7132921798587343
0,2023-01,0,523,6,0.9990716358319819,0.26796539042180184,0.73110624541018
0,2023-01,0,523,7,0.9999114460905263,0.27649029065815856,0.7234211554323677
0,2023-01,0,523,8,0.99807465952129,0.29598402222217446,0.7020906372991156
0,2023-01,0,523,9,0.9976353532207403,0.275984868994984,0.7216504842257563
0,2023-01,0,523,10,0.9980338400019536,0.306980583848439,0.6910532561535145
0,2023-01,0,523,11,0.998773648552179,0.2877601668484158,0.7110134817037632
0,2023-01,0,523,12,0.9988943265519562,0.26094532315569025,0.7379490033962659
0,2023-01,0,523,13,0.9930030816721857,0.24733193667441905,0.7456711449977667
0,2023-01,0,523,14,0.9906218148648336,0.2854685899712497,0.7051532248935839
0,2023-01,0,523,15,0.9987013746975125,0.2736059283120322,0.7250954463854804
0,2023-01,0,523,16,0.9958397718483595,0.31574809969899054,0.6800916721493689
0,2023-01,0,523,17,0.9981187075310373,0.27028969610162096,0.7278290114294164
0,2023-01,0,523,18,0.9995192284807473,0.2730417657277418,0.7264774627530055
0,2023-01,0,523,19,0.9949308999636965,0.2590909646300562,0.7358399353336403
0,2023-01,0,523,20,0.9995475550758262,0.29133025381926086,0.7082173012565653
0,2023-01,0,523,21,0.9993907965810324,0.28627804693134973,0.7131127496496826
0,2023-01,0,523,22,0.9991555195466805,0.27635012928694985,0.7228053902597307
0,2023-01,0,523,23,0.9993572752930757,0.28607316677530764,0.7132841085177681
0,2023-01,0,523,24,0.9989812039172402,0.2904307724430538,0.7085504314741864
0,2023-01,0,523,25,0.9985411286694694,0.26137071697253744,0.737170411696932
0,2023-01,0,523,26,0.9974824644431107,0.28413746566646503,0.7133449987766457
0,2023-01,0,523,27,0.9981939747187496,0.28087957925260676,0.7173143954661428
0,2023-01,0,523,28,0.9989894164348342,0.28102002396303805,0.7179693924717961
0,2023-01,0,523,29,0.9992822770191039,0.2809398675963945,0.7183424094227093
0,2023-01,0,523,30,0.9971899847953704,0.27273608359763163,0.7244539011977387
0,2023-01,0,523,31,0.9979880348301989,0.2733236560148664,0.7246643788153325
0,2023-01,0,523,32,0.9980226746760928,0.28599572763264935,0.7120269470434435
0,2023-01,0,523,33,0.9984418459485095,0.28888923322091586,0.7095526127275936
0,2023-01,0,523,34,0.9991053534242147,0.26952831456003307,0.7295770388641816
0,2023-01,0,523,35,0.998594406139817,0.2760317442294106,0.7225626619104064
0,2023-01,0,523,36,0.9967831951511006,0.2890608192128301,0.7077223759382705
0,2023-01,0,523,37,0.993541276369237,0.2758745624499815,0.7176667139192554
0,2023-01,0,523,38,0.9980662659570838,0.29540121287548454,0.7026650530815992
0,2023-01,0,523,39,0.9990190000296575,0.2715298805382672,0.7274891194913903
0,2023-01,0,523,40,0.9996029506804743,0.27173673328467807,0.7278662173957963
0,2023-01,0,523,41,0.9993954111173107,0.2665878234213636,0.732807587695947
0,2023-01,0,523,42,0.9996669288335166,0.27210405239121077,0.7275628764423059
0,2023-01,0,523,43,0.9988405074161341,0.27970654371329534,0.7191339637028387
0,2023-01,0,523,44,0.9990200343526302,0.2925311277905609,0.7064889065620693
0,2023-01,0,523,45,0.9970822447884032,0.26975024213210747,0.7273320026562957
0,2023-01,0,523,46,0.9986776187799756,0.2887184879961953,0.7099591307837803
0,2023-01,0,523,47,0.9987261363433745,0.2827739099753253,0.7159522263680491
0,2023-01,0,523,48,0.9942401952131646,0.3032027626977139,0.6910374325154507
0,2023-01,0,523,49,0.998708147526369,0.29922443662405745,0.6994837109023115
0,2023-01,0,523,50,0.9950606605089368,0.2507956450799948,0.7442650154289421
0,2023-01,0,523,51,0.9961636046650286,0.28912177535294836,0.7070418293120803
0,2023-01,0,523,52,0.9985839345778263,0.2982651606534168,0.7003187739244096
0,2023-01,0,523,53,0.9984805506985044,0.274863299736052,0.7236172509624523
0,2023-01,0,523,54,0.9994596374768059,0.2768781213791845,0.7225815160976214
0,2023-01,0,523,55,0.9987012395120344,0.27008227208570296,0.7286189674263315
0,2023-01,0,523,56,0.9991578282062795,0.28175172132425275,0.7174061068820268
0,2023-01,0,523,57,0.9992524840419038,0.27933116478513564,0.7199213192567682
0,2023-01,0,523,58,0.9989589576754964,0.2664952024069621,0.7324637552685342
0,2023-01,0,523,59,0.9982938139631857,0.26497516515300495,0.7333186488101808
0,2023-01,0,523,60,0.9986980658829533,0.28725562074077043,0.7114424451421828
0,2023-01,0,523,61,0.9994021705207949,0.2770615937920849,0.7223405767287101
0,2023-01,0,523,62,0.9989914767606247,0.2672492753032351,0.7317422014573896
0,2023-01,0,523,63,0.9987048052348115,0.2734042551866783,0.7253005500481332
0,2023-01,0,523,64,0.9957174523895187,0.2820805845131173,0.7136368678764013
0,2023-01,0,523,65,0.989382923931681,0.3208390422041495,0.6685438817275315
0,2023-01,0,523,66,0.9976577367083626,0.2942590513724681,0.7033986853358944
0,2023-01,0,523,67,0.9949518043754368,0.26251206047900716,0.7324397438964296
0,2023-01,0,523,68,0.9976651396575128,0.2675345051350815,0.7301306345224313
0,2023-01,0,523,69,0.9983117771385971,0.28462368459253923,0.7136880925460578
0,2023-01,0,523,70,0.9987750429146417,0.28017485735184283,0.7186001855627988
0,2023-01,0,523,71,0.9906032540274572,0.29710359007244075,0.6934996639550164
0,2023-01,0,523,72,0.9965692237246986,0.25620836798157215,0.7403608557431265
0,2023-01,0,523,73,0.9941417707734516,0.27778946873638916,0.7163523020370623
0,2023-01,0,523,74,0.9974044888945209,0.27009388746448654,0.7273106014300343
0,2023-01,0,523,75,0.9955857442947723,0.2540092129009811,0.7415765313937912
0,2023-01,0,523,76,0.9954498674390684,0.2792896949897259,0.7161601724493425
0,2023-01,0,523,77,0.9941787522693969,0.25551772480070273,0.7386610274686942
0,2023-01,0,523,78,0.9949327043387198,0.28879243314772646,0.7061402711909934
0,2023-01,0,523,79,0.9947782016722878,0.26462559278185316,0.7301526088904347
0,2023-01,0,523,80,0.998703056544006,0.2684774435503949,0.7302256129936111
0,2023-01,0,523,81,0.9983279438059187,0.2656715563793791,0.7326563874265396
0,2023-01,0,523,82,0.9987367611262361,0.26353360753320193,0.7352031535930341
0,2023-01,0,523,83,0.9981709813207947,0.2796422062783401,0.7185287750424547
0,2023-01,0,523,84,0.9968152208417239,0.31343396691092357,0.6833812539308004
0,2023-01,0,523,85,0.997868904779815,0.26058200044777197,0.7372869043320431
0,2023-01,0,523,86,0.9992063018911492,0.28307250287104313,0.7161337990201061
0,2023-01,0,523,87,0.9975766432471641,0.26128456595739147,0.7362920772897726
0,2023-01,0,523,88,0.9983721122643622,0.2945284163817989,0.7038436958825633
0,2023-01,0,523,89,0.9972436038837619,0.27253046549042165,0.7247131383933403
0,2023-01,0,523,90,0.9952239904328227,0.30085656316835535,0.6943674272644673
0,2023-01,0,523,91,0.9975823819896072,0.28400803561436266,0.7135743463752446
0,2023-01,0,523,92,0.9992639739678449,0.27532616025671414,0.7239378137111308
0,2023-01,0,523,93,0.9970243486210744,0.27730752038479134,0.719716828236283
0,2023-01,0,523,94,0.999107572820632,0.27240767600813376,0.7266998968124982
0,2023-01,0,523,95,0.9984396000929505,0.29090517843837926,0.7075344216545713
0,2023-01,0,523,96,0.9984984918362438,0.29093367611969123,0.7075648157165526
0,2023-01,0,523,97,0.9971411839111345,0.2851415593225603,0.7119996245885742
0,2023-01,0,523,98,0.997069269801612,0.28827623287603815,0.7087930369255739
0,2023-01,0,523,99,0.9980208952219777,0.29241789279882435,0.7056030024231533
0,2023-01,0,523,100,0.9983755839896482,0.2871668448225877,0.7112087391670605
0,2023-01,0,523,101,0.9974522511556355,0.27613284405387184,0.7213194071017637
0,2023-01,0,523,102,0.9991820490041408,0.2647062171768188,0.7344758318273219
0,2023-01,0,523,103,0.9989307964431011,0.27259968690241715,0.7263311095406839
0,2023-01,0,523,104,0.9984557272979303,0.26743077883604144,0.7310249484618889
0,2023-01,0,523,105,0.999496960122365,0.2835144623633546,0.7159824977590104
0,2023-01,0,523,106,0.997274769085439,0.29892994935747846,0.6983448197279605
0,2023-01,0,523,107,0.9958886869412802,0.262368666371927,0.7335200205693532
0,2023-01,0,523,108,0.9934733098103296,0.256160112272497,0.7373131975378325
0,2023-01,0,523,109,0.9975192524117202,0.27574278204521574,0.7217764703665045
0,2023-01,0,523,110,0.9974533760104912,0.281447424962872,0.7160059510476192
0,2023-01,0,523,111,0.9996003959670422,0.2875919807001397,0.7120084152669025
0,2023-01,0,523,112,0.9923590684427315,0.2452568102808604,0.747102258161871
0,2023-01,0,523,113,0.9986942304126709,0.26554157758938235,0.7331526528232886
0,2023-01,0,523,114,0.9981093026908118,0.29746376203152386,0.700645540659288
0,2023-01,0,523,115,0.9996318047605631,0.28520134862583935,0.7144304561347238
0,2023-01,0,523,116,0.9975508548887334,0.300238095902563,0.6973127589861704
0,2023-01,0,523,117,0.997135817950679,0.281712473718879,0.7154233442318
0,2023-01,0,523,118,0.9957732974688523,0.24997394608075066,0.7457993513881017
0,2023-01,0,523,119,0.9980683501502693,0.2735800082449555,0.7244883419053139
0,2023-01,0,523,120,0.9987526792486807,0.30266819875488676,0.696084480493794
0,2023-01,0,523,121,0.9995334110654234,0.2876652964323852,0.7118681146330381
0,2023-01,0,523,122,0.9987984150816075,0.27254489570791585,0.7262535193736916
0,2023-01,0,523,123,0.9963098462486542,0.2707778810414964,0.7255319652071577
0,2023-01,0,523,124,0.9985843056892248,0.2675532670923409,0.7310310385968839
0,2023-01,0,523,125,0.9884363261544791,0.28953339188028177,0.6989029342741973
0,2023-01,0,523,126,0.9850117940749942,0.25496322305904295,0.7300485710159512
0,2023-01,0,523,127,0.9988979996096903,0.2804755630940743,0.718422436515616
0,2023-01,0,523,128,0.9965485734714745,0.2941894460524024,0.7023591274190721
0,2023-01,0,523,129,0.9992222526512233,0.27231718933016397,0.7269050633210594
0,2023-01,0,523,130,0.9925179052261537,0.2533283548019754,0.7391895504241783
0,2023-01,0,523,131,0.9971724149292996,0.28810278234674724,0.7090696325825524
0,2023-01,0,523,132,0.9980531077267334,0.2715027984179499,0.7265503093087835
0,2023-01,0,523,133,0.9990132225680848,0.28845234608361264,0.7105608764844722
0,2023-01,0,523,134,0.9988567451207414,0.28699809789200403,0.7118586472287374
0,2023-01,0,523,135,0.9982133540857728,0.2888838301039399,0.7093295239818329
0,2023-01,0,523,136,0.9918113965530979,0.29367379429062357,0.6981376022624743
0,2023-01,0,523,137,0.9998945874316044,0.2761643988612764,0.723730188570328
0,2023-01,0,523,138,0.9994937436820556,0.27607070874423195,0.7234230349378237
0,2023-01,0,523,139,0.999203447661716,0.2763205549639138,0.7228828926978021
0,2023-01,0,523,140,0.9974610610668027,0.2652976640652481,0.7321633970015546
0,2023-01,0,523,141,0.9972250656893947,0.25807774016088825,0.7391473255285065
0,2023-01,0,523,142,0.9992088206158312,0.2742461879298625,0.7249626326859686
0,2023-01,0,523,143,0.9909980504110009,0.3074303304181011,0.6835677199928998
0,2023-01,0,523,144,0.9982976440559723,0.3001048124043845,0.6981928316515877
0,2023-01,0,523,145,0.9975319105142566,0.2723524874426992,0.7251794230715574
0,2023-01,0,523,146,0.9962043276126891,0.2592605476427417,0.7369437799699474
0,2023-01,0,523,147,0.9991181468920356,0.26378419663244773,0.7353339502595879
0,2023-01,0,523,148,0.9971187584144046,0.2863688902924071,0.7107498681219975
0,2023-01,0,523,149,0.9983993337144242,0.2815531460226396,0.7168461876917847
0,2023-01,0,523,150,0.9986692203668931,0.2720844628934271,0.7265847574734661
0,2023-01,0,523,151,0.9992598307879876,0.28331202867542754,0.71594780211256
0,2023-01,0,523,152,0.9993120001281023,0.28866985900114084,0.7106421411269614
0,2023-01,0,523,153,0.9995366113218679,0.2866773156818207,0.7128592956400472
0,2023-01,0,523,154,0.9982678786416389,0.28331940309205456,0.7149484755495843
0,2023-01,0,523,155,0.9974323675373278,0.2691328971134914,0.7282994704238364
0,2023-01,0,523,156,0.99895688706305,0.28446666157440315,0.7144902254886468
0,2023-01,0,523,157,0.9936363256576847,0.2924558165093638,0.7011805091483209
0,2023-01,0,523,158,0.9996977343062063,0.2822063787109697,0.7174913555952367
0,2023-01,0,523,159,0.9966185745930684,0.29609997866971954,0.7005185959233489
0,2023-01,0,523,160,0.9969676762185931,0.2964728028238774,0.7004948733947156
0,2023-01,0,523,161,0.9972047733224315,0.28480296347443645,0.7124018098479951
0,2023-01,0,523,162,0.9979538243917447,0.28337047824954525,0.7145833461421995
0,2023-01,0,523,163,0.9961244100884459,0.26512673839563716,0.7309976716928087
0,2023-01,0,523,164,0.9983145605652896,0.28163232200002636,0.7166822385652631
0,2023-01,0,523,165,0.9978044792437857,0.26801375205276146,0.7297907271910242
0,2023-01,0,523,166,0.9979309156005517,0.2608431413225857,0.737087774277966
0,2023-01,0,523,167,0.9918207159327486,0.2904440975698359,0.7013766183629127
0,2023-01,0,523,168,0.9945078135257618,0.2672218631807922,0.7272859503449696
0,2023-01,0,523,169,0.9953541410981978,0.28215622945309393,0.7131979116451038
0,2023-01,0,523,170,0.9983467803975177,0.28260050089897265,0.715746279498545
0,2023-01,0,523,171,0.9996630338023145,0.2672490722577144,0.7324139615446001
0,2023-01,0,523,172,0.9983310561848684,0.277531795302801,0.7207992608820675
0,2023-01,0,523,173,0.9942231787830622,0.2753556055333522,0.7188675732497101
0,2023-01,0,523,174,0.998678447093212,0.28499567881228216,0.7136827682809298
0,2023-01,0,523,175,0.9973614778417111,0.29701689702499007,0.700344580816721
0,2023-01,0,523,176,0.99867048138566,0.2678654943632752,0.7308049870223847
0,2023-01,0,523,177,0.9984752765784736,0.27123285556331206,0.7272424210151616
0,2023-01,0,523,178,0.9944504962257557,0.24453775769296052,0.7499127385327952
0,2023-01,0,523,179,0.9994729612046133,0.27018885893369854,0.7292841022709147
0,2023-01,0,523,180,0.9982591513180648,0.27937386723134244,0.7188852840867224
0,2023-01,0,523,181,0.9995981808581508,0.2899183478918758,0.709679832966275
0,2023-01,0,523,182,0.9973780724285207,0.26262123920789204,0.7347568332206287
0,2023-01,0,523,183,0.9983242094683094,0.29817077685886895,0.7001534326094404
0,2023-01,0,523,184,0.9939611130604494,0.2567164524973712,0.7372446605630782
0,2023-01,0,523,185,0.9988395444885034,0.285661719953041,0.7131778245354624
0,2023-01,0,523,186,0.9984514211229416,0.2676837251183831,0.7307676960045585
0,2023-01,0,523,187,0.9982594063465803,0.2694603100771263,0.7287990962694539
0,2023-01,0,523,188,0.9993941990590087,0.2901947272282812,0.7091994718307275
0,2023-01,0,523,189,0.999373956962737,0.26942551330183545,0.7299484436609016
0,2023-01,0,523,190,0.9973163798982593,0.2846349281851123,0.712681451713147
0,2023-01,0,523,191,0.9979926093685869,0.2911054865749241,0.7068871227936628
0,2023-01,0,523,192,0.9992805037345313,0.2749269105631713,0.7243535931713599
0,2023-01,0,523,193,0.9982189490539205,0.28657539213255095,0.7116435569213695
0,2023-01,0,523,194,0.9987833792721019,0.2834258788585675,0.7153575004135344
0,2023-01,0,523,195,0.9974918400629839,0.2965112595381489,0.700980580524835
0,2023-01,0,523,196,0.9996128174187301,0.2864221795479331,0.7131906378707971
0,2023-01,0,523,197,0.9974573154381734,0.28523583903627797,0.7122214764018955
0,2023-01,0,523,198,0.9992653971594688,0.2726695222482063,0.7265958749112625
0,2023-01,0,523,199,0.9983524600356449,0.26514102195449646,0.7332114380811485
0,2023-01,1,1373,0,0.9994662855909539,0.27715953816560596,0.722306747425348
0,2023-01,1,1373,1,0.9988806060714538,0.294640323371464,0.7042402826999898
0,2023-01,1,1373,2,0.9992322378708315,0.2856397153912,0.7135925224796316
0,2023-01,1,1373,3,0.9979704520825518,0.29740977856078527,0.7005606735217664
0,2023-01,1,1373,4,0.9997763663712224,0.2698307791795503,0.729945587191672
0,2023-01,1,1373,5,0.9988165607788362,0.27618923141769985,0.7226273293611363
0,2023-01,1,1373,6,0.9995608185307315,0.2707288920894538,0.7288319264412777
0,2023-01,1,1373,7,0.9997568737137636,0.28725019370865645,0.7125066800051072
0,2023-01,1,1373,8,0.9978221688340257,0.29324910356263906,0.7045730652713866
0,2023-01,1,1373,9,0.9982920490351851,0.2766162796474139,0.7216757693877711
0,2023-01,1,1373,10,0.9997198501891403,0.27412403773540867,0.7255958124537316
0,2023-01,1,1373,11,0.9986753930113098,0.26262053543607294,0.7360548575752368
0,2023-01,1,1373,12,0.9995915113484118,0.275096258094889,0.7244952532535228
0,2023-01,1,1373,13,0.9990131610226675,0.2759291734737978,0.7230839875488697
0,2023-01,1,1373,14,0.9997485675692235,0.2855607307681884,0.714187836801035
0,2023-01,1,1373,15,0.9995702563957861,0.2767558501320954,0.7228144062636908
0,2023-01,1,1373,16,0.9994050100729307,0.27352091342417484,0.7258840966487559
0,2023-01,1,1373,17,0.9996060699832379,0.2766450160004488,0.7229610539827891
0,2023-01,1,1373,18,0.9991623278028258,0.2670337820125749,0.7321285457902509
0,2023-01,1,1373,19,0.9991875734061058,0.2870437394043827,0.712143834001723
0,2023-01,1,1373,20,0.999655462393722,0.27111610248433443,0.7285393599093877
0,2023-01,1,1373,21,0.999864501949148,0.27354500749527805,0.72631949445387
0,2023-01,1,1373,22,0.9996135900742872,0.2819331415873412,0.717680448486946
0,2023-01,1,1373,23,0.9995825511339256,0.2867004518748624,0.7128820992590632
0,2023-01,1,1373,24,0.9994885748129224,0.28242498885797834,0.7170635859549441
0,2023-01,1,1373,25,0.999903155049339,0.2757757541192947,0.7241274009300442
0,2023-01,1,1373,26,0.9997804212541648,0.27998654431924325,0.7197938769349215
0,2023-01,1,1373,27,0.9998896361056933,0.27611820580099133,0.7237714303047019
0,2023-01,1,1373,28,0.9996546799226846,0.2855283183439312,0.7141263615787534
0,2023-01,1,1373,29,0.9998582914171321,0.28059957483507636,0.7192587165820558
0,2023-01,1,1373,30,0.9996349412742386,0.26919624998477854,0.73043869128946
0,2023-01,1,1373,31,0.9993962476156986,0.2795646718690214,0.7198315757466771
0,2023-01,1,1373,32,0.9988346782075251,0.2928609093390104,0.7059737688685148
0,2023-01,1,1373,33,0.9996325785949293,0.27830866514391556,0.7213239134510137
0,2023-01,1,1373,34,0.9983753053980784,0.2592171384602004,0.739158166937878
0,2023-01,1,1373,35,0.9997853195968441,0.2835241246969859,0.7162611948998583
0,2023-01,1,1373,36,0.9989389142572209,0.2768946815545703,0.7220442327026506
0,2023-01,1,1373,37,0.9976437359187948,0.28825594224015927,0.7093877936786356
0,2023-01,1,1373,38,0.9998290304460365,0.28292831027844184,0.7169007201675948
0,2023-01,1,1373,39,0.9982378870515582,0.2965712409785068,0.7016666460730514
0,2023-01,1,1373,40,0.9985468877656407,0.2888396671865666,0.7097072205790741
0,2023-01,1,1373,41,0.9993456687441427,0.2859366831551302,0.7134089855890124
0,2023-01,1,1373,42,0.9994378864001421,0.2671846600682951,0.732253226331847
0,2023-01,1,1373,43,0.9988958501683332,0.2632401265021972,0.735655723666136
0,2023-01,1,1373,44,0.99947767557292,0.2822350133307636,0.7172426622421564
0,2023-01,1,1373,45,0.9982818926415704,0.2779989620004467,0.7202829306411237
0,2023-01,1,1373,46,0.9993373442102431,0.2763990669526066,0.7229382772576365
0,2023-01,1,1373,47,0.9990799152134953,0.2849741404696866,0.7141057747438087
0,2023-01,1,1373,48,0.9983132227271483,0.2673753000619484,0.7309379226652
0,2023-01,1,1373,49,0.9993790735214869,0.2868451488047852,0.7125339247167017
0,2023-01,1,1373,50,0.9997746449663669,0.27735536646915504,0.7224192784972119
0,2023-01,1,1373,51,0.9997857170652918,0.2751477215151654,0.7246379955501264
0,2023-01,1,1373,52,0.9981081051133646,0.2680046447234788,0.7301034603898857
0,2023-01,1,1373,53,0.9995115154972888,0.2815191776443487,0.71799233785294
0,2023-01,1,1373,54,0.9989336637343555,0.27470504867314527,0.7242286150612103
0,2023-01,1,1373,55,0.9983231659423353,0.260651201747069,0.7376719641952663
0,2023-01,1,1373,56,0.9998928548993106,0.2806351628621115,0.7192576920371991
0,2023-01,1,1373,57,0.9992193234328541,0.2632169881658397,0.7360023352670144
0,2023-01,1,1373,58,0.9994767089254154,0.2878895746811525,0.7115871342442629
0,2023-01,1,1373,59,0.9995478968563478,0.28113270639627,0.7184151904600777
0,2023-01,1,1373,60,0.9995451853945372,0.27131087241892826,0.7282343129756089
0,2023-01,1,1373,61,0.9989763856686081,0.2750966674589942,0.7238797182096139
0,2023-01,1,1373,62,0.9989813110288148,0.28979781159695306,0.7091834994318618
0,2023-01,1,1373,63,0.9982998044479104,0.27842701789268415,0.7198727865552264
0,2023-01,1,1373,64,0.9996127988420472,0.28161563036692117,0.7179971684751261
0,2023-01,1,1373,65,0.999632496916741,0.2781951413063763,0.7214373556103648
0,2023-01,1,1373,66,0.9991868303348194,0.2946239167220483,0.7045629136127711
0,2023-01,1,1373,67,0.9991751329484428,0.2805115248364119,0.718663608112031
0,2023-01,1,1373,68,0.997695903624416,0.2961592438101968,0.7015366598142192
0,2023-01,1,1373,69,0.999478453093711,0.2689699260994081,0.7305085269943028
0,2023-01,1,1373,70,0.9992510815590566,0.2666052538959824,0.7326458276630743
0,2023-01,1,1373,71,0.9997010026859141,0.27052833393960274,0.7291726687463114
0,2023-01,1,1373,72,0.9987112109273234,0.2645622297710132,0.7341489811563102
0,2023-01,1,1373,73,0.9995681555579491,0.2731553642606712,0.7264127912972779
0,2023-01,1,1373,74,0.9998189959142108,0.28113931265576986,0.7186796832584409
0,2023-01,1,1373,75,0.9998116742364043,0.28495454890720967,0.7148571253291947
0,2023-01,1,1373,76,0.9990787339804259,0.28822365752580076,0.7108550764546251
0,2023-01,1,1373,77,0.9995908546530446,0.2832523717137938,0.7163384829392508
0,2023-01,1,1373,78,0.9993406260749498,0.2848604476925175,0.7144801783824323
0,2023-01,1,1373,79,0.9985748051968678,0.28542774574355756,0.7131470594533103
0,2023-01,1,1373,80,0.999588610331667,0.27457205498540543,0.7250165553462615
0,2023-01,1,1373,81,0.9988964108487098,0.28381129468358823,0.7150851161651216
0,2023-01,1,1373,82,0.9986869626609657,0.297605206808734,0.7010817558522318
0,2023-01,1,1373,83,0.9990300436996312,0.2837600139121853,0.7152700297874459
0,2023-01,1,1373,84,0.9990838096883923,0.27891516980497394,0.7201686398834184
0,2023-01,1,1373,85,0.9995692649217528,0.2778372076261714,0.7217320572955814
0,2023-01,1,1373,86,0.9982420906270276,0.3028090570573573,0.6954330335696703
0,2023-01,1,1373,87,0.9995585950808441,0.27144978757898275,0.7281088075018614
0,2023-01,1,1373,88,0.9997456221180688,0.2764480582671157,0.7232975638509531
0,2023-01,1,1373,89,0.9986775762951173,0.29311119449468215,0.7055663818004352
0,2023-01,1,1373,90,0.9992125934954508,0.27006782017903275,0.729144773316418
0,2023-01,1,1373,91,0.9997591728952681,0.2841612931194882,0.7155978797757798
0,2023-01,1,1373,92,0.9993226165684819,0.2765395763616674,0.7227830402068145
0,2023-01,1,1373,93,0.999374248801957,0.28022686217024795,0.7191473866317091
0,2023-01,1,1373,94,0.9987383017116082,0.27382638404100856,0.7249119176705996
0,2023-01,1,1373,95,0.9997189439411668,0.2702820272492781,0.7294369166918887
0,2023-01,1,1373,96,0.9992559615549783,0.28463895507781983,0.7146170064771584
0,2023-01,1,1373,97,0.9992713361845263,0.28069818067321034,0.718573155511316
0,2023-01,1,1373,98,0.9997162858839642,0.2728020884288396,0.7269141974551246
0,2023-01,1,1373,99,0.9985141135241365,0.28078607655782756,0.717728036966309
0,2023-01,1,1373,100,0.9988579176886686,0.2810277296312669,0.7178301880574017
0,2023-01,1,1373,101,0.9991953166072836,0.2762723985060471,0.7229229181012364
0,2023-01,1,1373,102,0.9993464293843165,0.28230926397961065,0.7170371654047059
0,2023-01,1,1373,103,0.9987635210647114,0.27294310577292014,0.7258204152917913
0,2023-01,1,1373,104,0.9995285966655515,0.2838608875311343,0.7156677091344172
0,2023-01,1,1373,105,0.9993056955883625,0.2912577630478261,0.7080479325405364
0,2023-01,1,1373,106,0.9996598937391801,0.28488318828009696,0.7147767054590831
0,2023-01,1,1373,107,0.999339411769686,0.27418097518125617,0.7251584365884298
0,2023-01,1,1373,108,0.9990050608391282,0.2783381710358174,0.7206668898033108
0,2023-01,1,1373,109,0.9997186821136371,0.2850903600598998,0.7146283220537373
0,2023-01,1,1373,110,0.9994417861167635,0.2898315866282494,0.709610199488514
0,2023-01,1,1373,111,0.998717912132065,0.26652888084216714,0.7321890312898978
0,2023-01,1,1373,112,0.9994735447916725,0.2779386651543744,0.7215348796372981
0,2023-01,1,1373,113,0.9993079279823138,0.2794975784961343,0.7198103494861795
0,2023-01,1,1373,114,0.9992606287845585,0.2723463619650366,0.7269142668195219
0,2023-01,1,1373,115,0.9995030019214358,0.2870678502465106,0.7124351516749252
0,2023-01,1,1373,116,0.9999040743493548,0.2813074295665504,0.7185966447828044
0,2023-01,1,1373,117,0.9990792459500569,0.29130887776462505,0.7077703681854319
0,2023-01,1,1373,118,0.9991122197990143,0.28186082398101947,0.7172513958179949
0,2023-01,1,1373,119,0.9993639680561556,0.290360745823585,0.7090032222325706
0,2023-01,1,1373,120,0.9998304652155738,0.28182252944217523,0.7180079357733986
0,2023-01,1,1373,121,0.9993293293019372,0.27147802181786707,0.7278513074840701
0,2023-01,1,1373,122,0.9997945600636972,0.2761075761396293,0.7236869839240678
0,2023-01,1,1373,123,0.9999099318218998,0.28012551684548725,0.7197844149764125
0,2023-01,1,1373,124,0.9992743788611341,0.27779172735037816,0.721482651510756
0,2023-01,1,1373,125,0.9996256803263267,0.2763012124080949,0.7233244679182318
0,2023-01,1,1373,126,0.9998817094233196,0.2756003968758158,0.7242813125475038
0,2023-01,1,1373,127,0.9997125610271034,0.28156231187264724,0.7181502491544561
0,2023-01,1,1373,128,0.9991837337527486,0.27146273773837715,0.7277209960143715
0,2023-01,1,1373,129,0.9992163982314174,0.27975183740449694,0.7194645608269205
0,2023-01,1,1373,130,0.9997838603684326,0.27755323253960346,0.7222306278288291
0,2023-01,1,1373,131,0.9997995188150315,0.2748273698391664,0.7249721489758651
0,2023-01,1,1373,132,0.9995327181528464,0.2821718931914988,0.7173608249613476
0,2023-01,1,1373,133,0.9997282750532775,0.2793558533050936,0.7203724217481839
0,2023-01,1,1373,134,0.9997235317683703,0.27614894960017583,0.7235745821681945
0,2023-01,1,1373,135,0.9999085838049259,0.27589198930426295,0.7240165945006629
0,2023-01,1,1373,136,0.999682419738879,0.27557566973246733,0.7241067500064116
0,2023-01,1,1373,137,0.999705970165224,0.27097983709342066,0.7287261330718033
0,2023-01,1,1373,138,0.999064614161819,0.28278344008424705,0.716281174077572
0,2023-01,1,1373,139,0.9991311067493399,0.2879880183085627,0.7111430884407772
0,2023-01,1,1373,140,0.9994591753014269,0.2785474946314869,0.72091168066994
0,2023-01,1,1373,141,0.9998119211283879,0.278406964482004,0.7214049566463838
0,2023-01,1,1373,142,0.9993439825122417,0.2848775104598819,0.7144664720523597
0,2023-01,1,1373,143,0.9984683187969612,0.27722397072069327,0.7212443480762679
0,2023-01,1,1373,144,0.9988220332147215,0.2753913395340698,0.7234306936806517
0,2023-01,1,1373,145,0.9993554313027136,0.2814978385635345,0.7178575927391792
0,2023-01,1,1373,146,0.9995797451271269,0.28258658208890775,0.7169931630382191
0,2023-01,1,1373,147,0.9997445861467142,0.2824524473052085,0.7172921388415057
0,2023-01,1,1373,148,0.999840087648609,0.27799274938142765,0.7218473382671813
0,2023-01,1,1373,149,0.9995468757495818,0.284176865493142,0.7153700102564398
0,2023-01,1,1373,150,0.9998186685667054,0.2762082943724976,0.7236103741942078
0,2023-01,1,1373,151,0.9999486197079267,0.2794486024963617,0.720500017211565
0,2023-01,1,1373,152,0.9995322661010706,0.27940060014636336,0.7201316659547072
0,2023-01,1,1373,153,0.9983733647926031,0.2645312299745492,0.7338421348180539
0,2023-01,1,1373,154,0.999096664424668,0.2902452897749501,0.7088513746497179
0,2023-01,1,1373,155,0.999936367061713,0.28000184071122,0.719934526350493
0,2023-01,1,1373,156,0.9991345268469326,0.2851222018580042,0.7140123249889284
0,2023-01,1,1373,157,0.9997306351591576,0.2812874230293113,0.7184432121298463
0,2023-01,1,1373,158,0.9990838645486592,0.2802006294431955,0.7188832351054637
0,2023-01,1,1373,159,0.9989485181982098,0.2933319941868149,0.705616524011395
0,2023-01,1,1373,160,0.9997493899643871,0.2826062680457671,0.71714312191862
0,2023-01,1,1373,161,0.9993555334151428,0.27438277387118193,0.7249727595439609
0,2023-01,1,1373,162,0.9994019252823515,0.2696925207042946,0.7297094045780569
0,2023-01,1,1373,163,0.9991829512189951,0.27562503648121006,0.7235579147377851
0,2023-01,1,1373,164,0.9993396929762708,0.2771206840652119,0.722219008911059
0,2023-01,1,1373,165,0.9995636682416242,0.2710421981123244,0.7285214701292999
0,2023-01,1,1373,166,0.9990902830474666,0.2882596329203928,0.7108306501270738
0,2023-01,1,1373,167,0.9993523975166471,0.2680501850567413,0.7313022124599058
0,2023-01,1,1373,168,0.9994593048975542,0.27161767691135974,0.7278416279861945
0,2023-01,1,1373,169,0.9991837442861141,0.27419175991302264,0.7249919843730914
0,2023-01,1,1373,170,0.9990951235702817,0.28249988949529026,0.7165952340749915
0,2023-01,1,1373,171,0.9994085419482621,0.28008336989705257,0.7193251720512095
0,2023-01,1,1373,172,0.9998771391990317,0.27688688314587984,0.7229902560531518
0,2023-01,1,1373,173,0.9996018680698393,0.27531255207567995,0.7242893159941594
0,2023-01,1,1373,174,0.9987435883452681,0.2839811377577631,0.714762450587505
0,2023-01,1,1373,175,0.9993368580331768,0.27638465193109707,0.7229522061020798
0,2023-01,1,1373,176,0.9995748297398124,0.27765362039897395,0.7219212093408385
0,2023-01,1,1373,177,0.9994833942716765,0.26783943159316176,0.7316439626785147
0,2023-01,1,1373,178,0.9994539519651765,0.2779799800939869,0.7214739718711896
0,2023-01,1,1373,179,0.9993429095362857,0.28168050652023174,0.7176624030160539
0,2023-01,1,1373,180,0.9996858584220009,0.27192156692368863,0.7277642914983122
0,2023-01,1,1373,181,0.9987599712088985,0.2731345500496132,0.7256254211592853
0,2023-01,1,1373,182,0.9992240451091383,0.27123056274333307,0.7279934823658052
0,2023-01,1,1373,183,0.9994374028589146,0.27641527654356407,0.7230221263153505
0,2023-01,1,1373,184,0.9991743419558586,0.28585788040655974,0.7133164615492988
0,2023-01,1,1373,185,0.9992400490419739,0.27410797483217186,0.7251320742098021
0,2023-01,1,1373,186,0.999787763750185,0.2709981941543124,0.7287895695958726
0,2023-01,1,1373,187,0.9993991725018707,0.2811103441102327,0.718288828391638
0,2023-01,1,1373,188,0.9998150898873739,0.2846050312043482,0.7152100586830257
0,2023-01,1,1373,189,0.9992113407504025,0.2821436235897567,0.7170677171606459
0,2023-01,1,1373,190,0.9971939460477474,0.2981753643535951,0.6990185816941523
0,2023-01,1,1373,191,0.9988094535419639,0.2631039049782169,0.735705548563747
0,2023-01,1,1373,192,0.999760195708489,0.28155387487041245,0.7182063208380765
0,2023-01,1,1373,193,0.999807202509632,0.2738164869750198,0.7259907155346121
0,2023-01,1,1373,194,0.9997367580425365,0.27342919069246635,0.7263075673500701
0,2023-01,1,1373,195,0.9996931848877653,0.2856026788964149,0.7140905059913504
0,2023-01,1,1373,196,0.9984822128889208,0.2779164537024223,0.7205657591864985
0,2023-01,1,1373,197,0.9997005391682091,0.28004621559724546,0.7196543235709636
0,2023-01,1,1373,198,0.9998652150508005,0.27923355057697213,0.7206316644738284
0,2023-01,1,1373,199,0.9991631329698603,0.284262365314209,0.7149007676556512
1,2023-02,0,1423,0,0.999300306345275,0.2534757640608583,0.7458245422844167
1,2023-02,0,1423,1,0.9991504889702311,0.2533145935547083,0.7458358954155228
1,2023-02,0,1423,2,0.999839115406074,0.2585760693738081,0.7412630460322658
1,2023-02,0,1423,3,0.9986768102411003,0.25420508897098326,0.7444717212701171
1,2023-02,0,1423,4,0.9985835703952762,0.26364170326406133,0.7349418671312149
1,2023-02,0,1423,5,0.9993154592433999,0.25673994633918856,0.7425755129042113
1,2023-02,0,1423,6,0.9991391762755331,0.25696573908286846,0.7421734371926646
1,2023-02,0,1423,7,0.9987145027573309,0.2543179948383924,0.7443965079189385
1,2023-02,0,1423,8,0.999804170778199,0.25949639907412714,0.7403077717040719
1,2023-02,0,1423,9,0.9991976127973203,0.2590124828516262,0.7401851299456941
1,2023-02,0,1423,10,0.9998174571871363,0.2622748727624831,0.7375425844246533
1,2023-02,0,1423,11,0.9993067724340117,0.24628974124847539,0.7530170311855363
1,2023-02,0,1423,12,0.9999375405444864,0.25975965879085455,0.7401778817536318
1,2023-02,0,1423,13,0.9990576873403306,0.2647803845562978,0.7342773027840328
1,2023-02,0,1423,14,0.9995722364786653,0.25190818772658385,0.7476640487520815
1,2023-02,0,1423,15,0.999623018331601,0.2621753007490503,0.7374477175825507
1,2023-02,0,1423,16,0.9993894298657876,0.25785308726615414,0.7415363425996335
1,2023-02,0,1423,17,0.9996310842613839,0.26784900968811914,0.7317820745732648
1,2023-02,0,1423,18,0.9990232459186966,0.26385767683939754,0.7351655690792991
1,2023-02,0,1423,19,0.9983744044239455,0.2692632657101233,0.7291111387138223
1,2023-02,0,1423,20,0.9995195201451671,0.24877609366533965,0.7507434264798274
1,2023-02,0,1423,21,0.9992456097665562,0.25159266711889455,0.7476529426476617
1,2023-02,0,1423,22,0.9997749744836262,0.2608751869654737,0.7388997875181524
1,2023-02,0,1423,23,0.9993842058101531,0.2585659323487017,0.7408182734614515
1,2023-02,0,1423,24,0.9984710488908627,0.2568748138397788,0.7415962350510839
1,2023-02,0,1423,25,0.9995428132716588,0.25593918205691907,0.7436036312147398
1,2023-02,0,1423,26,0.9988393016232334,0.2537728168955751,0.7450664847276582
1,2023-02,0,1423,27,0.9996430560772828,0.24949279896809434,0.7501502571091885
1,2023-02,0,1423,28,0.9996638932224117,0.2557372538105755,0.7439266394118362
1,2023-02,0,1423,29,0.9998032462725304,0.2611255229302818,0.7386777233422486
1,2023-02,0,1423,30,0.9991599571386561,0.24785662708428333,0.7513033300543728
1,2023-02,0,1423,31,0.999630928326342,0.2600865663880148,0.7395443619383273
1,2023-02,0,1423,32,0.9992682125250243,0.272623478910707,0.7266447336143174
1,2023-02,0,1423,33,0.999718556665921,0.24829849079156457,0.7514200658743564
1,2023-02,0,1423,34,0.9997908679449828,0.26398024471052756,0.7358106232344552
1,2023-02,0,1423,35,0.9996718741868875,0.26683495286371595,0.7328369213231716
1,2023-02,0,1423,36,0.9996848601511874,0.25327371068894344,0.746411149462244
1,2023-02,0,1423,37,0.9991943021836608,0.24719083865070252,0.7520034635329582
1,2023-02,0,1423,38,0.9994858870942269,0.24756713074897865,0.7519187563452483
1,2023-02,0,1423,39,0.9991796836530645,0.24916261835141307,0.7500170653016515
1,2023-02,0,1423,40,0.9995258198333983,0.26334516281484915,0.7361806570185492
1,2023-02,0,1423,41,0.9995035350086907,0.24434039800606808,0.7551631370026226
1,2023-02,0,1423,42,0.9989764442415098,0.2543035755937538,0.744672868647756
1,2023-02,0,1423,43,0.9988585248725257,0.25972708891755875,0.739131435954967
1,2023-02,0,1423,44,0.9995103623184783,0.258440604268115,0.7410697580503633
1,2023-02,0,1423,45,0.9996810463593714,0.26253151292703075,0.7371495334323406
1,2023-02,0,1423,46,0.9985416766858658,0.26061137790695155,0.7379302987789143
1,2023-02,0,1423,47,0.9989313892275418,0.2638383503555798,0.735093038871962
1,2023-02,0,1423,48,0.9998191841885053,0.25254263635808505,0.7472765478304203
1,2023-02,0,1423,49,0.9996298425939273,0.2507525033737072,0.7488773392202202
1,2023-02,0,1423,50,0.9990105987115303,0.2580353737606821,0.7409752249508482
1,2023-02,0,1423,51,0.9996143485979724,0.2557917437427443,0.7438226048552281
1,2023-02,0,1423,52,0.9998000950988124,0.25604092634176895,0.7437591687570435
1,2023-02,0,1423,53,0.9998068407242593,0.25731056933224344,0.7424962713920158
1,2023-02,0,1423,54,0.9991553426910894,0.25707830142029026,0.7420770412707991
1,2023-02,0,1423,55,0.9989091332361567,0.24857476223998481,0.7503343709961718
1,2023-02,0,1423,56,0.9993321240845533,0.2489368111812035,0.7503953129033498
1,2023-02,0,1423,57,0.9994458069024826,0.2544202207083107,0.7450255861941719
1,2023-02,0,1423,58,0.9992944887217065,0.25970586302636617,0.7395886256953403
1,2023-02,0,1423,59,0.999653458637534,0.2614124583125788,0.7382410003249551
1,2023-02,0,1423,60,0.9998137863758183,0.25887361285005617,0.7409401735257621
1,2023-02,0,1423,61,0.9997657885328819,0.2563623155821466,0.7434034729507353
1,2023-02,0,1423,62,0.9994868016410051,0.25278270201851194,0.7467040996224932
1,2023-02,0,1423,63,0.9992838475286978,0.25303389731854675,0.7462499502101511
1,2023-02,0,1423,64,0.9992232904652839,0.25016411350173967,0.7490591769635442
1,2023-02,0,1423,65,0.9986362542664554,0.2597297099607194,0.738906544305736
1,2023-02,0,1423,66,0.9998446661447419,0.25864599083298623,0.7411986753117557
1,2023-02,0,1423,67,0.9990907888875826,0.24571959581479474,0.7533711930727879
1,2023-02,0,1423,68,0.9992788957220847,0.26007242216600635,0.7392064735560784
1,2023-02,0,1423,69,0.999631024014709,0.2553644298151464,0.7442665941995626
1,2023-02,0,1423,70,0.9993593786848879,0.25447889749206104,0.7448804811928269
1,2023-02,0,1423,71,0.9997048245463765,0.26392695524754667,0.7357778692988299
1,2023-02,0,1423,72,0.999628522048579,0.2638943935483055,0.7357341285002734
1,2023-02,0,1423,73,0.999042909722923,0.2629253016134634,0.7361176081094596
1,2023-02,0,1423,74,0.9982334307303726,0.2629563534985811,0.7352770772317916
1,2023-02,0,1423,75,0.9997740120043704,0.2641741330332027,0.7355998789711677
1,2023-02,0,1423,76,0.9992211706366027,0.2653383997302579,0.7338827709063447
1,2023-02,0,1423,77,0.9996809200511997,0.25445640088388805,0.7452245191673117
1,2023-02,0,1423,78,0.9991855682853018,0.2503262200422194,0.7488593482430824
1,2023-02,0,1423,79,0.998015630895996,0.26226668444084844,0.7357489464551475
1,2023-02,0,1423,80,0.9995160806273672,0.25929937814213805,0.7402167024852291
1,2023-02,0,1423,81,0.9989339178036944,0.264655891570846,0.7342780262328484
1,2023-02,0,1423,82,0.9997458778308096,0.26552936735414917,0.7342165104766605
1,2023-02,0,1423,83,0.999769738042722,0.2583588561443772,0.7414108818983447
1,2023-02,0,1423,84,0.9997039187303028,0.2560122392569705,0.7436916794733324
1,2023-02,0,1423,85,0.9988547709945388,0.24952594733879782,0.7493288236557409
1,2023-02,0,1423,86,0.9994109491519187,0.24668974300217436,0.7527212061497444
1,2023-02,0,1423,87,0.999891425348113,0.2565327737773483,0.7433586515707648
1,2023-02,0,1423,88,0.9991075248786969,0.2535207885996386,0.7455867362790582
1,2023-02,0,1423,89,0.9988125908803569,0.26513838142401513,0.7336742094563418
1,2023-02,0,1423,90,0.9988188507810293,0.2588833489937507,0.7399355017872786
1,2023-02,0,1423,91,0.9992854735315851,0.24960774794684967,0.7496777255847354
1,2023-02,0,1423,92,0.9989929504591419,0.24895888243326403,0.7500340680258779
1,2023-02,0,1423,93,0.9989125440901814,0.2684429850396356,0.7304695590505458
1,2023-02,0,1423,94,0.9994718165011235,0.2601459051885179,0.7393259113126056
1,2023-02,0,1423,95,0.998655979549856,0.26832827358339806,0.7303277059664579
1,2023-02,0,1423,96,0.9996472459687771,0.2507547822323092,0.7488924637364679
1,2023-02,0,1423,97,0.9996668797245185,0.2475673230825919,0.7520995566419266
1,2023-02,0,1423,98,0.999928922526781,0.25679588105079526,0.7431330414759858
1,2023-02,0,1423,99,0.9996320614046059,0.26248547994188637,0.7371465814627196
1,2023-02,0,1423,100,0.9997101702447801,0.25572329386440507,0.7439868763803751
1,2023-02,0,1423,101,0.9983981731501652,0.26539426771321256,0.7330039054369526
1,2023-02,0,1423,102,0.9994945658185044,0.24640142810801235,0.753093137710492
1,2023-02,0,1423,103,0.9996410739623981,0.25688435036966906,0.742756723592729
1,2023-02,0,1423,104,0.9996638568984545,0.26877859294200734,0.7308852639564472
1,2023-02,0,1423,105,0.9995196618747181,0.2526154237675745,0.7469042381071436
1,2023-02,0,1423,106,0.9992447204081445,0.2579547397197082,0.7412899806884363
1,2023-02,0,1423,107,0.9997435451480502,0.2550797175495966,0.7446638275984536
1,2023-02,0,1423,108,0.9992984658115979,0.2567867025709999,0.742511763240598
1,2023-02,0,1423,109,0.9996982736980677,0.25638337599581695,0.7433148977022508
1,2023-02,0,1423,110,0.9995676234087533,0.2566772235627043,0.742890399846049
1,2023-02,0,1423,111,0.9989017888628138,0.24676446153047696,0.7521373273323368
1,2023-02,0,1423,112,0.9995330913192452,0.26383994902806684,0.7356931422911783
1,2023-02,0,1423,113,0.9983250913065769,0.2662448476937503,0.7320802436128266
1,2023-02,0,1423,114,0.999063090662181,0.24396868157375282,0.7550944090884282
1,2023-02,0,1423,115,0.9996010775159838,0.2515437465397085,0.7480573309762752
1,2023-02,0,1423,116,0.99964659517158,0.25276696949717975,0.7468796256744004
1,2023-02,0,1423,117,0.9992757880050986,0.2636215605612961,0.7356542274438025
1,2023-02,0,1423,118,0.9980265953854432,0.27026955912563805,0.7277570362598051
1,2023-02,0,1423,119,0.999244822512035,0.24466581618274658,0.7545790063292883
1,2023-02,0,1423,120,0.9993202744107241,0.2620279692358242,0.7372923051748999
1,2023-02,0,1423,121,0.9996691244502173,0.2532941462886942,0.7463749781615231
1,2023-02,0,1423,122,0.9996456369505903,0.26361596697880996,0.7360296699717803
1,2023-02,0,1423,123,0.9992353931042884,0.25274422278746045,0.746491170316828
1,2023-02,0,1423,124,0.9995104744753543,0.25660977747030267,0.7429006970050517
1,2023-02,0,1423,125,0.9998831935524655,0.25936062124441145,0.740522572308054
1,2023-02,0,1423,126,0.9996478966730944,0.256125096788399,0.7435227998846954
1,2023-02,0,1423,127,0.9988791421733031,0.24979265749318452,0.7490864846801186
1,2023-02,0,1423,128,0.9990367806881076,0.2689244604910849,0.7301123201970228
1,2023-02,0,1423,129,0.999480362535439,0.24840235010867723,0.7510780124267618
1,2023-02,0,1423,130,0.9986583871534067,0.2480634012489526,0.7505949859044541
1,2023-02,0,1423,131,0.9996089165814583,0.24910738697272117,0.7505015296087372
1,2023-02,0,1423,132,0.9984587870595638,0.2669777925974376,0.7314809944621262
1,2023-02,0,1423,133,0.9986136356998563,0.2500707055787927,0.7485429301210635
1,2023-02,0,1423,134,0.9991644543884582,0.2488477810321074,0.7503166733563509
1,2023-02,0,1423,135,0.9995500095305762,0.24868908540039286,0.7508609241301833
1,2023-02,0,1423,136,0.9986234628119985,0.2614916459912221,0.7371318168207764
1,2023-02,0,1423,137,0.9995447899559445,0.2541850820426529,0.7453597079132916
1,2023-02,0,1423,138,0.9994432290761339,0.2645375379006864,0.7349056911754475
1,2023-02,0,1423,139,0.9995594167421966,0.26170369066825355,0.7378557260739431
1,2023-02,0,1423,140,0.9995819911343927,0.26268153261500654,0.7369004585193861
1,2023-02,0,1423,141,0.9995010329275316,0.25021995435174677,0.7492810785757849
1,2023-02,0,1423,142,0.999504566134028,0.26360778180306504,0.735896784330963
1,2023-02,0,1423,143,0.9992666538913817,0.2597310500588961,0.7395356038324856
1,2023-02,0,1423,144,0.9994059607303943,0.2558059921150983,0.7435999686152961
1,2023-02,0,1423,145,0.9998374116292646,0.25811758053171585,0.7417198310975488
1,2023-02,0,1423,146,0.9996886181561859,0.2532228022161175,0.7464658159400684
1,2023-02,0,1423,147,0.9988371842981164,0.2521762197250366,0.7466609645730797
1,2023-02,0,1423,148,0.9993517925124774,0.2663815407070535,0.732970251805424
1,2023-02,0,1423,149,0.9994921442578071,0.2580089444029548,0.7414831998548523
1,2023-02,0,1423,150,0.9992485032970403,0.26301442771772343,0.7362340755793169
1,2023-02,0,1423,151,0.9990634817726641,0.26917378417826193,0.7298896975944023
1,2023-02,0,1423,152,0.9987951304708884,0.2596969584360345,0.739098172034854
1,2023-02,0,1423,153,0.9993203169135768,0.258997512637543,0.7403228042760338
1,2023-02,0,1423,154,0.9990684233804663,0.2671542808134151,0.7319141425670512
1,2023-02,0,1423,155,0.9998851554341557,0.25240184708388846,0.7474833083502672
1,2023-02,0,1423,156,0.9994508294497653,0.26050002982147136,0.7389507996282939
1,2023-02,0,1423,157,0.9993811342612011,0.26104196466269136,0.7383391695985098
1,2023-02,0,1423,158,0.9971992776122788,0.2671561715270831,0.7300431060851957
1,2023-02,0,1423,159,0.9996626381266227,0.2561420162493096,0.7435206218773132
1,2023-02,0,1423,160,0.9996761997769433,0.2582648820101644,0.7414113177667789
1,2023-02,0,1423,161,0.9999062516641959,0.26218950387537815,0.7377167477888178
1,2023-02,0,1423,162,0.999003932102696,0.2494406965798247,0.7495632355228713
1,2023-02,0,1423,163,0.999812434890413,0.2506413024558068,0.7491711324346062
1,2023-02,0,1423,164,0.99947810089455,0.2525449726349953,0.7469331282595547
1,2023-02,0,1423,165,0.9994548357797677,0.2555739673365611,0.7438808684432066
1,2023-02,0,1423,166,0.9997819062119725,0.2637520560813423,0.7360298501306302
1,2023-02,0,1423,167,0.9996314473358792,0.25754172924413854,0.7420897180917406
1,2023-02,0,1423,168,0.9998419302946939,0.2609884632896351,0.7388534670050588
1,2023-02,0,1423,169,0.9992119559499092,0.2519321607280742,0.7472797952218351
1,2023-02,0,1423,170,0.9988493583225159,0.2573386860136107,0.7415106723089051
1,2023-02,0,1423,171,0.9996747096631503,0.25148650834848996,0.7481882013146604
1,2023-02,0,1423,172,0.9996739898153133,0.26364807567898424,0.736025914136329
1,2023-02,0,1423,173,0.9997692179450315,0.2493393688654696,0.7504298490795619
1,2023-02,0,1423,174,0.999011758730383,0.2564219918207299,0.7425897669096531
1,2023-02,0,1423,175,0.9995086598120357,0.2491216625948676,0.7503869972171682
1,2023-02,0,1423,176,0.9997727106550638,0.2569460338860558,0.7428266767690079
1,2023-02,0,1423,177,0.9991198258768582,0.25821626233851347,0.7409035635383447
1,2023-02,0,1423,178,0.9984129373577176,0.2510671031620713,0.7473458341956463
1,2023-02,0,1423,179,0.9998470903498169,0.2538511135175573,0.7459959768322596
1,2023-02,0,1423,180,0.9997989086893063,0.2630861550854081,0.7367127536038982
1,2023-02,0,1423,181,0.9990087236126288,0.25464073074469085,0.744367992867938
1,2023-02,0,1423,182,0.9997255184454094,0.2601009573674934,0.739624561077916
1,2023-02,0,1423,183,0.9987086828118745,0.2498036851260791,0.7489049976857954
1,2023-02,0,1423,184,0.9997847637054652,0.25374145761899636,0.7460433060864688
1,2023-02,0,1423,185,0.9998117171759859,0.2568762583698028,0.7429354588061832
1,2023-02,0,1423,186,0.9996651119242725,0.2514851788192591,0.7481799331050134
1,2023-02,0,1423,187,0.9985109511625961,0.2524400236349803,0.7460709275276158
1,2023-02,0,1423,188,0.9997281444722128,0.26301884351001475,0.7367093009621981
1,2023-02,0,1423,189,0.9996682238301492,0.25300689194510684,0.7466613318850424
1,2023-02,0,1423,190,0.999584125783089,0.2623623391016396,0.7372217866814494
1,2023-02,0,1423,191,0.9998779016322182,0.2579982457570898,0.7418796558751284
1,2023-02,0,1423,192,0.9987784383044395,0.2664245332331231,0.7323539050713164
1,2023-02,0,1423,193,0.9980973093134817,0.2551805901217512,0.7429167191917305
1,2023-02,0,1423,194,0.9993427473351217,0.24729886566344164,0.7520438816716801
1,2023-02,0,1423,195,0.9994968816857126,0.24863448776652897,0.7508623939191836
1,2023-02,0,1423,196,0.9985311566606929,0.2536398851470551,0.7448912715136378
1,2023-02,0,1423,197,0.9988090521805547,0.261102781323842,0.7377062708567127
1,2023-02,0,1423,198,0.9995999653370277,0.24936606961261784,0.7502338957244098
1,2023-02,0,1423,199,0.9994485872099704,0.2633890645450912,0.7360595226648792
1,2023-02,1,473,0,0.9992957796616,0.24693292909669867,0.7523628505649014
1,2023-02,1,473,1,0.9974012501476237,0.24209324890040054,0.7553080012472232
1,2023-02,1,473,2,0.9994973392362465,0.2552825690767682,0.7442147701594783
1,2023-02,1,473,3,0.995634863904654,0.23303171430150865,0.7626031496031453
1,2023-02,1,473,4,0.9994669187999683,0.25406915443145867,0.7453977643685097
1,2023-02,1,473,5,0.9932878542235987,0.2819818800510735,0.7113059741725252
1,2023-02,1,473,6,0.9979729462747268,0.27006316117079127,0.7279097851039356
1,2023-02,1,473,7,0.9983834658331048,0.24375645745780644,0.7546270083752984
1,2023-02,1,473,8,0.9971758502929453,0.2687005374598325,0.7284753128331127
1,2023-02,1,473,9,0.9981010042834904,0.25989333947256527,0.738207664810925
1,2023-02,1,473,10,0.9961284162773922,0.2260775940869531,0.7700508221904392
1,2023-02,1,473,11,0.9960884315095333,0.2728881553385289,0.7232002761710044
1,2023-02,1,473,12,0.9951966557430932,0.23649343570435724,0.758703220038736
1,2023-02,1,473,13,0.9914406887783713,0.26570118571736173,0.7257395030610096
1,2023-02,1,473,14,0.9972789008540254,0.24042799042275395,0.7568509104312714
1,2023-02,1,473,15,0.9988909596535692,0.2622791972966224,0.7366117623569468
1,2023-02,1,473,16,0.9984001482425073,0.24700519379892036,0.751394954443587
1,2023-02,1,473,17,0.9955548550446636,0.24756200354490246,0.7479928514997611
1,2023-02,1,473,18,0.9982003928659507,0.23686437581718678,0.761336017048764
1,2023-02,1,473,19,0.9996938765991042,0.26517960843861726,0.734514268160487
1,2023-02,1,473,20,0.9988921863908112,0.26685497655318063,0.7320372098376307
1,2023-02,1,473,21,0.9981096644086059,0.24785977179972477,0.7502498926088812
1,2023-02,1,473,22,0.9986497122556767,0.2478963786307941,0.7507533336248826
1,2023-02,1,473,23,0.9976853051391613,0.2703064795182344,0.7273788256209269
1,2023-02,1,473,24,0.9990707340833838,0.24900004793890587,0.7500706861444779
1,2023-02,1,473,25,0.9992085902389893,0.2607488017870891,0.7384597884519002
1,2023-02,1,473,26,0.9981931281481444,0.2645814105949345,0.73361171755321
1,2023-02,1,473,27,0.9991746474056183,0.2690672793189689,0.7301073680866494
1,2023-02,1,473,28,0.9942722823213359,0.23721695929978526,0.7570553230215507
1,2023-02,1,473,29,0.9981178282017539,0.25983032427398833,0.7382875039277655
1,2023-02,1,473,30,0.9934244096300164,0.2627065503812323,0.7307178592487842
1,2023-02,1,473,31,0.9961331418084376,0.28367968951998307,0.7124534522884545
1,2023-02,1,473,32,0.9974168406159417,0.25121176220103825,0.7462050784149035
1,2023-02,1,473,33,0.9984420335580378,0.24293908704088849,0.7555029465171493
1,2023-02,1,473,34,0.9992240807891869,0.2555434265355814,0.7436806542536055
1,2023-02,1,473,35,0.9991176820869883,0.24988557640825548,0.7492321056787328
1,2023-02,1,473,36,0.996793387189447,0.27704236371022894,0.719751023479218
1,2023-02,1,473,37,0.9963739704601495,0.27277266469495604,0.7236013057651935
1,2023-02,1,473,38,0.9969179236342054,0.2653113571959587,0.7316065664382467
1,2023-02,1,473,39,0.9980626121438827,0.27141261941360595,0.7266499927302768
1,2023-02,1,473,40,0.9977061527798646,0.2646765367835158,0.7330296159963487
1,2023-02,1,473,41,0.996455121069311,0.23011880442728933,0.7663363166420216
1,2023-02,1,473,42,0.9972203287171831,0.2661363842336695,0.7310839444835137
1,2023-02,1,473,43,0.9979968147946477,0.2644450774957316,0.7335517372989162
1,2023-02,1,473,44,0.9975942291224869,0.22971111493139634,0.7678831141910905
1,2023-02,1,473,45,0.9927195303133569,0.24199278361425208,0.7507267466991048
1,2023-02,1,473,46,0.999013713555871,0.24593675472570833,0.7530769588301627
1,2023-02,1,473,47,0.9982916444780094,0.23460940353507587,0.7636822409429336
1,2023-02,1,473,48,0.9979495137333474,0.2552803597445473,0.7426691539888001
1,2023-02,1,473,49,0.9985496502453703,0.2644549129033283,0.7340947373420421
1,2023-02,1,473,50,0.9984355173796595,0.2693968270465535,0.7290386903331061
1,2023-02,1,473,51,0.9996909265324091,0.25947245706191524,0.7402184694704939
1,2023-02,1,473,52,0.9974475123202524,0.2448233714951455,0.7526241408251069
1,2023-02,1,473,53,0.9983933837237665,0.26887190968201824,0.7295214740417483
1,2023-02,1,473,54,0.9991922426457589,0.274181417271223,0.7250108253745359
1,2023-02,1,473,55,0.9974114308189177,0.23879641289357964,0.758615017925338
1,2023-02,1,473,56,0.9982233052669143,0.2531986569843438,0.7450246482825704
1,2023-02,1,473,57,0.9988831306908884,0.2588226035093752,0.7400605271815133
1,2023-02,1,473,58,0.9988944731849951,0.2505766960764686,0.7483177771085265
1,2023-02,1,473,59,0.9926925523136887,0.28640624537016585,0.7062863069435228
1,2023-02,1,473,60,0.999111343848292,0.2518450064182136,0.7472663374300784
1,2023-02,1,473,61,0.9974952761560645,0.2723249977752049,0.7251702783808596
1,2023-02,1,473,62,0.9977776650686457,0.2730807495369313,0.7246969155317144
1,2023-02,1,473,63,0.9932888889972805,0.2249424050219897,0.7683464839752908
1,2023-02,1,473,64,0.9988221908397928,0.26715639797021057,0.7316657928695822
1,2023-02,1,473,65,0.9987568703980043,0.24079337894378683,0.7579634914542175
1,2023-02,1,473,66,0.9980917844856602,0.2650759519770248,0.7330158325086353
1,2023-02,1,473,67,0.9974564992906836,0.2608747426117317,0.7365817566789519
1,2023-02,1,473,68,0.9929197733119809,0.2868234262500112,0.7060963470619697
1,2023-02,1,473,69,0.9929261452490761,0.27498290375567447,0.7179432414934016
1,2023-02,1,473,70,0.9959373511851821,0.2556843546495563,0.7402529965356258
1,2023-02,1,473,71,0.9987208562751854,0.2486122549287352,0.7501086013464502
1,2023-02,1,473,72,0.9994276924698238,0.26547344173424253,0.7339542507355812
1,2023-02,1,473,73,0.9977204002200898,0.2697250882955997,0.7279953119244901
1,2023-02,1,473,74,0.9983208783287543,0.23700779987046985,0.7613130784582844
1,2023-02,1,473,75,0.9985211286111196,0.26753974819065895,0.7309813804204607
1,2023-02,1,473,76,0.9994583669437103,0.263700648685317,0.7357577182583932
1,2023-02,1,473,77,0.9969677927286513,0.23482997664538136,0.7621378160832699
1,2023-02,1,473,78,0.9985365220172059,0.2666025902580016,0.7319339317592043
1,2023-02,1,473,79,0.9987675744015968,0.25960033300863017,0.7391672413929666
1,2023-02,1,473,80,0.9993896549329484,0.25479817089102963,0.7445914840419188
1,2023-02,1,473,81,0.9978387790353691,0.2873833499268077,0.7104554291085614
1,2023-02,1,473,82,0.9952327793740605,0.27783417282352235,0.7173986065505382
1,2023-02,1,473,83,0.9910508164249807,0.23300023507951081,0.7580505813454699
1,2023-02,1,473,84,0.9996740695516219,0.256680542813225,0.7429935267383969
1,2023-02,1,473,85,0.9923706596172589,0.2738194179471368,0.7185512416701221
1,2023-02,1,473,86,0.9984531959576998,0.2633259223617684,0.7351272735959313
1,2023-02,1,473,87,0.9968579280349682,0.2684378309425071,0.728420097092461
1,2023-02,1,473,88,0.9913029121899581,0.222507555148208,0.7687953570417502
1,2023-02,1,473,89,0.994870627410676,0.2737983170700716,0.7210723103406045
1,2023-02,1,473,90,0.9988901583551828,0.2744217249100845,0.7244684334450984
1,2023-02,1,473,91,0.9983146874999022,0.24388662901192207,0.7544280584879801
1,2023-02,1,473,92,0.9977930364716667,0.2639277861999295,0.7338652502717372
1,2023-02,1,473,93,0.9973904731960143,0.2366482477236311,0.7607422254723831
1,2023-02,1,473,94,0.9911628755807816,0.27541962600677705,0.7157432495740046
1,2023-02,1,473,95,0.9957434157580953,0.2235945224133599,0.7721488933447355
1,2023-02,1,473,96,0.9973866690256842,0.24262569955110716,0.754760969474577
1,2023-02,1,473,97,0.9988770147630389,0.2570764521073713,0.7418005626556676
1,2023-02,1,473,98,0.9981013493136801,0.24725050985425637,0.7508508394594238
1,2023-02,1,473,99,0.998626149605333,0.2487215614580664,0.7499045881472666
1,2023-02,1,473,100,0.9986036770994176,0.2587307444722854,0.7398729326271322
1,2023-02,1,473,101,0.9978122905532909,0.2580289092387519,0.739783381314539
1,2023-02,1,473,102,0.9975295489746231,0.27031917213746354,0.7272103768371596
1,2023-02,1,473,103,0.999425221379507,0.2626467326086005,0.7367784887709065
1,2023-02,1,473,104,0.9986970128690632,0.2573992120515162,0.741297800817547
1,2023-02,1,473,105,0.9983006411475489,0.2485305175446947,0.7497701236028542
1,2023-02,1,473,106,0.9945279692381366,0.29550628406170604,0.6990216851764306
1,2023-02,1,473,107,0.9947142732255451,0.2504987115442565,0.7442155616812886
1,2023-02,1,473,108,0.9969742337692798,0.2618029189749587,0.7351713147943211
1,2023-02,1,473,109,0.9970825114822944,0.2387860367822423,0.7582964747000521
1,2023-02,1,473,110,0.9957520518710136,0.2724380402557225,0.7233140116152911
1,2023-02,1,473,111,0.9982273494315785,0.25283996335863945,0.7453873860729391
1,2023-02,1,473,112,0.9998649293592206,0.25636671578408227,0.7434982135751382
1,2023-02,1,473,113,0.9990004308067667,0.25341728960651055,0.7455831412002561
1,2023-02,1,473,114,0.9949474041567183,0.2349477590132425,0.7599996451434758
1,2023-02,1,473,115,0.9976830897108209,0.2387175281207848,0.758965561590036
1,2023-02,1,473,116,0.9989681693246442,0.2725793182359011,0.7263888510887431
1,2023-02,1,473,117,0.995363610968603,0.24598012149830334,0.7493834894702998
1,2023-02,1,473,118,0.9979751102392127,0.26767365226854184,0.7303014579706708
1,2023-02,1,473,119,0.9990306259757737,0.26710243921097987,0.7319281867647939
1,2023-02,1,473,120,0.998413923058484,0.264698833590965,0.733715089467519
1,2023-02,1,473,121,0.9993628186313621,0.27155096195710243,0.7278118566742597
1,2023-02,1,473,122,0.998710066677181,0.25440450197575337,0.7443055647014276
1,2023-02,1,473,123,0.995128000363367,0.2718251133044593,0.7233028870589078
1,2023-02,1,473,124,0.9975338594151593,0.23886402586394778,0.7586698335512114
1,2023-02,1,473,125,0.9988649894302081,0.23900304759707278,0.7598619418331353
1,2023-02,1,473,126,0.994496774530037,0.243454231327266,0.751042543202771
1,2023-02,1,473,127,0.9954325860810764,0.24710314160094096,0.7483294444801355
1,2023-02,1,473,128,0.9992598007680712,0.258591713687679,0.7406680870803921
1,2023-02,1,473,129,0.9973419196572955,0.26433048364788597,0.7330114360094095
1,2023-02,1,473,130,0.9950930267031425,0.23253484987358575,0.7625581768295567
1,2023-02,1,473,131,0.9954905346443581,0.27880715166993086,0.7166833829744272
1,2023-02,1,473,132,0.9893433859994686,0.2837069406412311,0.7056364453582376
1,2023-02,1,473,133,0.9984307662191539,0.27919525642036536,0.7192355097987886
1,2023-02,1,473,134,0.9989700284121993,0.2706872133977491,0.7282828150144502
1,2023-02,1,473,135,0.9946720400978166,0.28915850871978616,0.7055135313780305
1,2023-02,1,473,136,0.9973254502873232,0.25966952627776896,0.7376559240095543
1,2023-02,1,473,137,0.998674002687788,0.24613687902101225,0.7525371236667758
1,2023-02,1,473,138,0.9980102186719535,0.27954627691320655,0.718463941758747
1,2023-02,1,473,139,0.9960167472522051,0.2441372469771153,0.7518795002750898
1,2023-02,1,473,140,0.9985712354608527,0.23793511910506893,0.7606361163557838
1,2023-02,1,473,141,0.9992681547211146,0.24374301056981057,0.755525144151304
1,2023-02,1,473,142,0.9983073766346523,0.23940658553597555,0.7589007910986767
1,2023-02,1,473,143,0.9991054744542796,0.26605477765778945,0.73305069679649
1,2023-02,1,473,144,0.9984447574321561,0.25911904070567376,0.7393257167264824
1,2023-02,1,473,145,0.9989014325847642,0.264208623546917,0.7346928090378472
1,2023-02,1,473,146,0.9995778580260078,0.2679550878784639,0.731622770147544
1,2023-02,1,473,147,0.9973880333475177,0.24655645938417356,0.7508315739633441
1,2023-02,1,473,148,0.9989346111654831,0.261044990899794,0.737889620265689
1,2023-02,1,473,149,0.9960760817277289,0.2348955718113516,0.7611805099163773
1,2023-02,1,473,150,0.9985353630577378,0.2523630635761141,0.7461722994816238
1,2023-02,1,473,151,0.9984860720809928,0.23538212634459876,0.7631039457363941
1,2023-02,1,473,152,0.9985758536919601,0.24052442192906665,0.7580514317628935
1,2023-02,1,473,153,0.9971120850061226,0.23560109931353834,0.7615109856925842
1,2023-02,1,473,154,0.9965555096438665,0.2621766603251564,0.7343788493187101
1,2023-02,1,473,155,0.9971426330282541,0.23783778707794462,0.7593048459503096
1,2023-02,1,473,156,0.9972882976582916,0.24996250098717065,0.747325796671121
1,2023-02,1,473,157,0.9992520471483108,0.24430952933529135,0.7549425178130195
1,2023-02,1,473,158,0.9966686711883578,0.23178376803688272,0.7648849031514751
1,2023-02,1,473,159,0.997704375168762,0.26193496434088365,0.7357694108278783
1,2023-02,1,473,160,0.997731084925219,0.2823717505933036,0.7153593343319153
1,2023-02,1,473,161,0.9987383886125532,0.26842979828950053,0.7303085903230526
1,2023-02,1,473,162,0.9975409084586743,0.23227398684798242,0.7652669216106919
1,2023-02,1,473,163,0.9976854491448767,0.28160949522608825,0.7160759539187884
1,2023-02,1,473,164,0.9969337580725253,0.265527612724353,0.7314061453481723
1,2023-02,1,473,165,0.9984604569595837,0.24142469931550442,0.7570357576440794
1,2023-02,1,473,166,0.9924247162301594,0.21998915139256758,0.7724355648375918
1,2023-02,1,473,167,0.9963209516688832,0.2786613363022639,0.7176596153666193
1,2023-02,1,473,168,0.9985007393660095,0.25829253781418693,0.7402082015518225
1,2023-02,1,473,169,0.9870221437151554,0.26156866145571783,0.7254534822594376
1,2023-02,1,473,170,0.998739358578379,0.26704102789782125,0.7316983306805578
1,2023-02,1,473,171,0.9982445904027873,0.25495863481789366,0.7432859555848936
1,2023-02,1,473,172,0.9957175466261335,0.28309588856926887,0.7126216580568647
1,2023-02,1,473,173,0.9971474743390624,0.27221532177047014,0.7249321525685922
1,2023-02,1,473,174,0.9963115344295488,0.25332468504786754,0.7429868493816812
1,2023-02,1,473,175,0.9974355104024001,0.23734648371926081,0.7600890266831393
1,2023-02,1,473,176,0.9965864152749536,0.2586748080363273,0.7379116072386263
1,2023-02,1,473,177,0.9990223581366666,0.25934593209725426,0.7396764260394124
1,2023-02,1,473,178,0.9987649459420187,0.26004775716346695,0.7387171887785517
1,2023-02,1,473,179,0.9971957339912197,0.23556047221915669,0.7616352617720631
1,2023-02,1,473,180,0.9981506248045158,0.24330570538879623,0.7548449194157195
1,2023-02,1,473,181,0.9987076863608094,0.27682579714476496,0.7218818892160445
1,2023-02,1,473,182,0.9979746612815581,0.25605826175340624,0.7419163995281519
1,2023-02,1,473,183,0.9954644725863454,0.26838950203074163,0.7270749705556038
1,2023-02,1,473,184,0.9990293210067053,0.26730353365444176,0.7317257873522636
1,2023-02,1,473,185,0.9968177660069497,0.23115189492972676,0.765665871077223
1,2023-02,1,473,186,0.9982472993847535,0.242655123191732,0.7555921761930215
1,2023-02,1,473,187,0.9971607545760567,0.2646003237964386,0.7325604307796181
1,2023-02,1,473,188,0.9965996818790824,0.2895223585400288,0.7070773233390537
1,2023-02,1,473,189,0.9980900312009038,0.26631212054140885,0.7317779106594949
1,2023-02,1,473,190,0.9953697935613349,0.28401664445844393,0.711353149102891
1,2023-02,1,473,191,0.9985267229453745,0.25576290761156656,0.7427638153338079
1,2023-02,1,473,192,0.9984469697965186,0.26020387477150475,0.7382430950250138
1,2023-02,1,473,193,0.9978452596045735,0.27882570547893026,0.7190195541256432
1,2023-02,1,473,194,0.9987349693222372,0.2752443005366804,0.7234906687855567
1,2023-02,1,473,195,0.9993207474802711,0.24512048583929905,0.7542002616409721
1,2023-02,1,473,196,0.9912948080966033,0.2134570477519029,0.7778377603447004
1,2023-02,1,473,197,0.9989783100568946,0.24853204633669704,0.7504462637201976
1,2023-02,1,473,198,0.999059464210831,0.2462465288268621,0.752812935383969
1,2023-02,1,473,199,0.9969147576913816,0.251134597109925,0.7457801605814567
2,2023-03,0,1430,0,0.9998429776585384,0.21890643153454312,0.7809365461239952
2,2023-03,0,1430,1,0.9996642835434807,0.22564844182257818,0.7740158417209025
2,2023-03,0,1430,2,0.9998646322557085,0.21680652805134032,0.7830581042043683
2,2023-03,0,1430,3,0.9996013765882034,0.2169355720416486,0.7826658045465548
2,2023-03,0,1430,4,0.9991587511415074,0.21087193965959353,0.7882868114819139
2,2023-03,0,1430,5,0.9992364681584989,0.22277478236270676,0.7764616857957921
2,2023-03,0,1430,6,0.9996239434690125,0.2142279668283873,0.7853959766406252
2,2023-03,0,1430,7,0.9994920591236854,0.22114426199214604,0.7783477971315393
2,2023-03,0,1430,8,0.9994818999231442,0.22227132157442647,0.7772105783487178
2,2023-03,0,1430,9,0.9998959881819962,0.21965962085739107,0.7802363673246051
2,2023-03,0,1430,10,0.9994788192091157,0.2257097972110568,0.773769021998059
2,2023-03,0,1430,11,0.999877561352027,0.2209359771398983,0.7789415842121287
2,2023-03,0,1430,12,0.9988100441125863,0.23132589284396285,0.7674841512686235
2,2023-03,0,1430,13,0.9996734920279796,0.21747307412730374,0.7822004179006758
2,2023-03,0,1430,14,0.9998101109901502,0.22093447532589564,0.7788756356642546
2,2023-03,0,1430,15,0.9991390720310518,0.21768408806875653,0.7814549839622953
2,2023-03,0,1430,16,0.9997317145085438,0.21291770396983373,0.78681401053871
2,2023-03,0,1430,17,0.9993646142982261,0.2319320405646013,0.7674325737336248
2,2023-03,0,1430,18,0.99864816593276,0.20950403189677766,0.7891441340359823
2,2023-03,0,1430,19,0.9995681753860642,0.21785560686050304,0.7817125685255613
2,2023-03,0,1430,20,0.9991089599540659,0.22299390113797807,0.7761150588160879
2,2023-03,0,1430,21,0.9989988088301648,0.21558515003457643,0.7834136587955883
2,2023-03,0,1430,22,0.9979839418225852,0.21507288922464032,0.7829110525979449
2,2023-03,0,1430,23,0.9996724953818461,0.22555427655905458,0.7741182188227915
2,2023-03,0,1430,24,0.9997985694781162,0.2170464677922393,0.7827521016858769
2,2023-03,0,1430,25,0.9997564984056101,0.22352369621156,0.7762328021940501
2,2023-03,0,1430,26,0.9994302618666494,0.2292641115189274,0.770166150347722
2,2023-03,0,1430,27,0.9991905262214225,0.2083985925188735,0.790791933702549
2,2023-03,0,1430,28,0.9994100285128803,0.22195183945402333,0.777458189058857
2,2023-03,0,1430,29,0.9984517980839659,0.21599415636337105,0.7824576417205948
2,2023-03,0,1430,30,0.9990608189938397,0.22133026347787402,0.7777305555159657
2,2023-03,0,1430,31,0.9995735946352602,0.22413405557924138,0.7754395390560188
2,2023-03,0,1430,32,0.9995176823939012,0.22334395375924823,0.776173728634653
2,2023-03,0,1430,33,0.9996796021116977,0.22669591165054948,0.7729836904611482
2,2023-03,0,1430,34,0.9994135937125375,0.23075790924493225,0.7686556844676052
2,2023-03,0,1430,35,0.9993003848409797,0.21403535881753807,0.7852650260234416
2,2023-03,0,1430,36,0.9995639159580736,0.22235525277992252,0.7772086631781511
2,2023-03,0,1430,37,0.9994971466290838,0.2153371216809426,0.7841600249481413
2,2023-03,0,1430,38,0.9998012157655558,0.21846297098306733,0.7813382447824885
2,2023-03,0,1430,39,0.9996862381218491,0.21737711160245485,0.7823091265193942
2,2023-03,0,1430,40,0.9986299764195211,0.2157772328865315,0.7828527435329896
2,2023-03,0,1430,41,0.9987897743493079,0.22817956332655462,0.7706102110227533
2,2023-03,0,1430,42,0.999572538534438,0.22484946113272608,0.7747230774017119
2,2023-03,0,1430,43,0.9989773394097965,0.21918170315290755,0.779795636256889
2,2023-03,0,1430,44,0.9995891667094674,0.21309879314041263,0.7864903735690547
2,2023-03,0,1430,45,0.9997354025398428,0.21705090404188096,0.7826844984979618
2,2023-03,0,1430,46,0.9996077859552843,0.2284502951408848,0.7711574908143995
2,2023-03,0,1430,47,0.9994385692176136,0.22467041761228201,0.7747681516053316
2,2023-03,0,1430,48,0.9997236323309362,0.21558452243509976,0.7841391098958365
2,2023-03,0,1430,49,0.998780791511866,0.23195119362315814,0.7668295978887079
2,2023-03,0,1430,50,0.9995149124882757,0.226230644902543,0.7732842675857328
2,2023-03,0,1430,51,0.9994706033972276,0.2233873760053433,0.7760832273918843
2,2023-03,0,1430,52,0.9987137150684774,0.2166606958472026,0.7820530192212748
2,2023-03,0,1430,53,0.9998181258203407,0.22263823587701081,0.7771798899433299
2,2023-03,0,1430,54,0.9997770920904243,0.21850105423716545,0.7812760378532588
2,2023-03,0,1430,55,0.9993311673052332,0.22008934763473453,0.7792418196704987
2,2023-03,0,1430,56,0.9997610416707942,0.22520992902277887,0.7745511126480153
2,2023-03,0,1430,57,0.9994051706755489,0.23192381200004691,0.767481358675502
2,2023-03,0,1430,58,0.9995628075033133,0.23081201560549047,0.7687507918978228
2,2023-03,0,1430,59,0.9987307535832864,0.20645272341132634,0.7922780301719601
2,2023-03,0,1430,60,0.9996510249829089,0.2264360665047842,0.7732149584781247
2,2023-03,0,1430,61,0.9999099147799669,0.21902296139873384,0.780886953381233
2,2023-03,0,1430,62,0.9994416126182687,0.21326819665579852,0.7861734159624701
2,2023-03,0,1430,63,0.9994024666445316,0.21064782197568094,0.7887546446688507
2,2023-03,0,1430,64,0.999284629946194,0.22699177241685975,0.7722928575293343
2,2023-03,0,1430,65,0.9992651212963429,0.2248896747881425,0.7743754465082004
2,2023-03,0,1430,66,0.9996621518158726,0.21964219981545627,0.7800199520004163
2,2023-03,0,1430,67,0.9991245294421869,0.22752765533553193,0.771596874106655
2,2023-03,0,1430,68,0.9992806123026997,0.21992825583320902,0.7793523564694906
2,2023-03,0,1430,69,0.9984019676389184,0.22122615108005006,0.7771758165588684
2,2023-03,0,1430,70,0.9996889102281924,0.21565613715770554,0.7840327730704868
2,2023-03,0,1430,71,0.9994691304396853,0.2209744806539618,0.7784946497857235
2,2023-03,0,1430,72,0.9999018960077595,0.21847907306539757,0.7814228229423619
2,2023-03,0,1430,73,0.9996112517673971,0.2195365924207596,0.7800746593466374
2,2023-03,0,1430,74,0.999457226504602,0.22137253538450555,0.7780846911200965
2,2023-03,0,1430,75,0.9993844297544909,0.2140338088591732,0.7853506208953177
2,2023-03,0,1430,76,0.9990611955574813,0.22497404630223108,0.7740871492552502
2,2023-03,0,1430,77,0.9997458748913256,0.22274329971718057,0.7770025751741451
2,2023-03,0,1430,78,0.9998076754275319,0.21683041074249454,0.7829772646850374
2,2023-03,0,1430,79,0.999629924642585,0.2196826346504799,0.7799472899921052
2,2023-03,0,1430,80,0.9987269145002277,0.2107349705904099,0.7879919439098177
2,2023-03,0,1430,81,0.9994708126725019,0.22592880493921105,0.7735420077332908
2,2023-03,0,1430,82,0.9997593032314772,0.2156215214585713,0.7841377817729059
2,2023-03,0,1430,83,0.9996070993602403,0.22806355511156554,0.7715435442486748
2,2023-03,0,1430,84,0.9977915489154562,0.21744409738284856,0.7803474515326076
2,2023-03,0,1430,85,0.999619717331382,0.22742481280608073,0.7721949045253013
2,2023-03,0,1430,86,0.999636578203845,0.22702064585923715,0.7726159323446078
2,2023-03,0,1430,87,0.9994872282226017,0.22439874953226058,0.7750884786903411
2,2023-03,0,1430,88,0.9995683195935955,0.22316499135842777,0.7764033282351677
2,2023-03,0,1430,89,0.9996134800673097,0.21536670813160952,0.7842467719357001
2,2023-03,0,1430,90,0.9994082330959935,0.23414973517542526,0.7652584979205682
2,2023-03,0,1430,91,0.9994503600189331,0.23000407041458118,0.7694462896043519
2,2023-03,0,1430,92,0.9999314234738279,0.22340174451113096,0.776529678962697
2,2023-03,0,1430,93,0.9997393882544884,0.22291139500617063,0.7768279932483177
2,2023-03,0,1430,94,0.999666075430675,0.22288875445319395,0.7767773209774811
2,2023-03,0,1430,95,0.9996862944059289,0.2143056661374211,0.7853806282685079
2,2023-03,0,1430,96,0.9994944237721548,0.21174408950068863,0.7877503342714662
2,2023-03,0,1430,97,0.9986603186211435,0.23431763363755104,0.7643426849835924
2,2023-03,0,1430,98,0.9997590254523937,0.21919681405107502,0.7805622114013187
2,2023-03,0,1430,99,0.9994060867933909,0.2223312624941559,0.777074824299235
2,2023-03,0,1430,100,0.9997297993901082,0.22242770688471508,0.7773020925053931
2,2023-03,0,1430,101,0.9997639349943852,0.21483256155624617,0.784931373438139
2,2023-03,0,1430,102,0.9997110163028583,0.21844693682768235,0.781264079475176
2,2023-03,0,1430,103,0.9994903112191792,0.22719816866336232,0.7722921425558169
2,2023-03,0,1430,104,0.9998051703224539,0.219995509390131,0.7798096609323228
2,2023-03,0,1430,105,0.9995452191750792,0.22049624446960867,0.7790489747054705
2,2023-03,0,1430,106,0.9994434599515827,0.21349663577570793,0.7859468241758747
2,2023-03,0,1430,107,0.9997152823043665,0.21643538798281325,0.7832798943215532
2,2023-03,0,1430,108,0.9980967074356,0.2183535634211785,0.7797431440144215
2,2023-03,0,1430,109,0.9995606915351142,0.23155597106405224,0.7680047204710619
2,2023-03,0,1430,110,0.9996681603059105,0.22165981932577117,0.7780083409801394
2,2023-03,0,1430,111,0.999392897409566,0.22567492449456006,0.773717972915006
2,2023-03,0,1430,112,0.9994062190305122,0.22310022327251744,0.7763059957579947
2,2023-03,0,1430,113,0.9996628960414711,0.2205191826417098,0.7791437133997613
2,2023-03,0,1430,114,0.9992945422345673,0.2223751098576104,0.7769194323769568
2,2023-03,0,1430,115,0.9979372200783475,0.23253501761108078,0.7654022024672668
2,2023-03,0,1430,116,0.9994305878399122,0.23110509724607375,0.7683254905938385
2,2023-03,0,1430,117,0.9992465676653633,0.21997366800915555,0.7792728996562078
2,2023-03,0,1430,118,0.9995902431253466,0.22158180639132738,0.7780084367340192
2,2023-03,0,1430,119,0.9996276846232617,0.22398758718561954,0.7756400974376422
2,2023-03,0,1430,120,0.9989794409098955,0.2164882238693646,0.7824912170405309
2,2023-03,0,1430,121,0.9992191224676136,0.23104537999974886,0.7681737424678647
2,2023-03,0,1430,122,0.9998947554973682,0.2252039875396394,0.7746907679577287
2,2023-03,0,1430,123,0.9987132299485325,0.21452248896888426,0.7841907409796482
2,2023-03,0,1430,124,0.9992803713253792,0.2229882895432887,0.7762920817820904
2,2023-03,0,1430,125,0.9996619364227999,0.22119850112203324,0.7784634353007667
2,2023-03,0,1430,126,0.9991563674319568,0.21517043295837393,0.7839859344735829
2,2023-03,0,1430,127,0.9993769910470116,0.22002715506315593,0.7793498359838557
2,2023-03,0,1430,128,0.9999163082677797,0.2193440181066499,0.7805722901611297
2,2023-03,0,1430,129,0.998905684874918,0.22747064094494682,0.7714350439299712
2,2023-03,0,1430,130,0.9993172403084559,0.2132251760094511,0.7860920642990048
2,2023-03,0,1430,131,0.9994793045013859,0.22240339402470422,0.7770759104766817
2,2023-03,0,1430,132,0.9994828057446898,0.22005357939125944,0.7794292263534304
2,2023-03,0,1430,133,0.9993203024339646,0.2311997993742084,0.7681205030597562
2,2023-03,0,1430,134,0.9993146627679571,0.22934612246010902,0.7699685403078481
2,2023-03,0,1430,135,0.999424928051727,0.22067555901229569,0.7787493690394314
2,2023-03,0,1430,136,0.9995318152375966,0.22614907538077114,0.7733827398568255
2,2023-03,0,1430,137,0.999854136171294,0.22179417831293816,0.7780599578583559
2,2023-03,0,1430,138,0.9993335712835888,0.22773744594397208,0.7715961253396167
2,2023-03,0,1430,139,0.9987728884907893,0.22600177116520012,0.7727711173255891
2,2023-03,0,1430,140,0.9993620481686595,0.21764691226727514,0.7817151359013843
2,2023-03,0,1430,141,0.9991007709573354,0.2176440396464403,0.7814567313108951
2,2023-03,0,1430,142,0.9995579814321912,0.22150898236843736,0.7780489990637538
2,2023-03,0,1430,143,0.9998844535375023,0.2204617652145369,0.7794226883229655
2,2023-03,0,1430,144,0.9996606272195444,0.2180685406291915,0.781592086590353
2,2023-03,0,1430,145,0.999322627181216,0.22017308889548387,0.7791495382857321
2,2023-03,0,1430,146,0.9996690297959443,0.22222302141951342,0.7774460083764309
2,2023-03,0,1430,147,0.9998279479636982,0.2199847734828678,0.7798431744808304
2,2023-03,0,1430,148,0.9992620395696726,0.22240412151741215,0.7768579180522605
2,2023-03,0,1430,149,0.9997290392148862,0.21934886585576854,0.7803801733591177
2,2023-03,0,1430,150,0.9998000069990371,0.22391989943073753,0.7758801075682996
2,2023-03,0,1430,151,0.9995611101105897,0.22302551684672178,0.7765355932638679
2,2023-03,0,1430,152,0.9995902195447729,0.21949300983452857,0.7800972097102443
2,2023-03,0,1430,153,0.999918432951834,0.22141936439372148,0.7784990685581126
2,2023-03,0,1430,154,0.9995310271466407,0.21908840113041905,0.7804426260162216
2,2023-03,0,1430,155,0.9993938010180697,0.22489121666071135,0.7745025843573584
2,2023-03,0,1430,156,0.9996097870459719,0.22308651668559804,0.7765232703603739
2,2023-03,0,1430,157,0.999665513117284,0.22147584284861196,0.778189670268672
2,2023-03,0,1430,158,0.9997737284729771,0.22387493508572032,0.7758987933872568
2,2023-03,0,1430,159,0.9997010552272405,0.22465908769156984,0.7750419675356707
2,2023-03,0,1430,160,0.999106528106648,0.21127082629571067,0.7878357018109373
2,2023-03,0,1430,161,0.9994579859466368,0.210567063421158,0.7888909225254788
2,2023-03,0,1430,162,0.9994242154562993,0.22726877981908658,0.7721554356372128
2,2023-03,0,1430,163,0.9982734118342019,0.2308641119711292,0.7674092998630727
2,2023-03,0,1430,164,0.9992793067736443,0.22714210337215518,0.7721372034014891
2,2023-03,0,1430,165,0.99874233712168,0.21108514005386783,0.7876571970678122
2,2023-03,0,1430,166,0.9993565989757197,0.2275963982698512,0.7717602007058685
2,2023-03,0,1430,167,0.9990527880948379,0.21439137016104035,0.7846614179337975
2,2023-03,0,1430,168,0.9995650226466938,0.21873329833301314,0.7808317243136806
2,2023-03,0,1430,169,0.9988874039057937,0.21926130890145745,0.7796260950043362
2,2023-03,0,1430,170,0.9989350104842697,0.21764618752740075,0.781288822956869
2,2023-03,0,1430,171,0.9998694864556055,0.2218023220947345,0.778067164360871
2,2023-03,0,1430,172,0.9996326739658669,0.22271112644961083,0.7769215475162561
2,2023-03,0,1430,173,0.9993539577949047,0.21497461217071276,0.7843793456241919
2,2023-03,0,1430,174,0.9991759551954974,0.22332389016167958,0.7758520650338179
2,2023-03,0,1430,175,0.9996356125002751,0.21273447299012252,0.7869011395101526
2,2023-03,0,1430,176,0.9992281820406473,0.21453206906185157,0.7846961129787957
2,2023-03,0,1430,177,0.9990269247007154,0.22709604247609183,0.7719308822246236
2,2023-03,0,1430,178,0.9993548480351769,0.22667047431601337,0.7726843737191635
2,2023-03,0,1430,179,0.9998311532315376,0.21574020406316124,0.7840909491683763
2,2023-03,0,1430,180,0.9998687477466989,0.22267718854384827,0.7771915592028507
2,2023-03,0,1430,181,0.9995358821979791,0.22197333777870903,0.77756254441927
2,2023-03,0,1430,182,0.99979640018748,0.22144865634062494,0.778347743846855
2,2023-03,0,1430,183,0.9993477821193577,0.20982155521242513,0.7895262269069325
2,2023-03,0,1430,184,0.9995370016023241,0.226210400658701,0.773326600943623
2,2023-03,0,1430,185,0.9996993220864443,0.22229706107539132,0.7774022610110529
2,2023-03,0,1430,186,0.9999241978725171,0.2234732249909946,0.7764509728815225
2,2023-03,0,1430,187,0.9993112534668014,0.2172979583671874,0.7820132950996139
2,2023-03,0,1430,188,0.9990359620902232,0.21179343586100802,0.7872425262292151
2,2023-03,0,1430,189,0.9989316860944158,0.2185234014833903,0.7804082846110255
2,2023-03,0,1430,190,0.9995982407770483,0.21771151851037324,0.781886722266675
2,2023-03,0,1430,191,0.999436395548142,0.21661705648365664,0.7828193390644853
2,2023-03,0,1430,192,0.9995856011254041,0.22005882999653842,0.7795267711288656
2,2023-03,0,1430,193,0.999953266581336,0.21888762575674944,0.7810656408245865
2,2023-03,0,1430,194,0.9996182730208076,0.22358659311278817,0.7760316799080195
2,2023-03,0,1430,195,0.9991457563934788,0.23663610877729188,0.7625096476161869
2,2023-03,0,1430,196,0.9996490863081224,0.22639404487593767,0.7732550414321848
2,2023-03,0,1430,197,0.999495815102126,0.22099953550264478,0.7784962795994812
2,2023-03,0,1430,198,0.9991650201015632,0.21792285895688812,0.781242161144675
2,2023-03,0,1430,199,0.9992595274184957,0.22459098583545728,0.7746685415830383
2,2023-03,1,466,0,0.9946053340144281,0.2343641595339368,0.7602411744804913
2,2023-03,1,466,1,0.9984396872955518,0.2017662868241771,0.7966734004713747
2,2023-03,1,466,2,0.9944848143922829,0.21356203718381517,0.7809227772084677
2,2023-03,1,466,3,0.9987621350174644,0.22545104029504534,0.773311094722419
2,2023-03,1,466,4,0.9973574462577088,0.21446522942283877,0.7828922168348701
2,2023-03,1,466,5,0.9967418564904176,0.2501053479456489,0.7466365085447686
2,2023-03,1,466,6,0.9978984988333635,0.2417793635832456,0.7561191352501179
2,2023-03,1,466,7,0.9968293216558171,0.21939117657061954,0.7774381450851975
2,2023-03,1,466,8,0.9989001188039646,0.21861415688735814,0.7802859619166065
2,2023-03,1,466,9,0.9968602342031756,0.2516342136853585,0.7452260205178172
2,2023-03,1,466,10,0.9991714090739413,0.23312707494345933,0.766044334130482
2,2023-03,1,466,11,0.9972197918092522,0.2132603108491333,0.7839594809601189
2,2023-03,1,466,12,0.9985008785986508,0.2142701607861551,0.7842307178124956
2,2023-03,1,466,13,0.9977893767950441,0.2227365805170866,0.7750527962779574
2,2023-03,1,466,14,0.9978813560258303,0.23120308731443154,0.7666782687113988
2,2023-03,1,466,15,0.9979650512351331,0.21692343168205713,0.781041619553076
2,2023-03,1,466,16,0.9991788416953619,0.21926468043791836,0.7799141612574435
2,2023-03,1,466,17,0.9945908901057149,0.19366195482682277,0.8009289352788921
2,2023-03,1,466,18,0.994710284446343,0.24185765066710524,0.7528526337792378
2,2023-03,1,466,19,0.9976500814338266,0.21925936861908057,0.778390712814746
2,2023-03,1,466,20,0.9990073456107982,0.21178675545921039,0.7872205901515879
2,2023-03,1,466,21,0.9924208586142739,0.25984256263572353,0.7325782959785503
2,2023-03,1,466,22,0.9994402590766907,0.23169985221242725,0.7677404068642634
2,2023-03,1,466,23,0.9987525224384326,0.22702235553096947,0.7717301669074631
2,2023-03,1,466,24,0.9992227188885069,0.22872887604200243,0.7704938428465045
2,2023-03,1,466,25,0.995570228205003,0.22487228372664356,0.7706979444783594
2,2023-03,1,466,26,0.9961206627276233,0.19510772646300253,0.8010129362646208
2,2023-03,1,466,27,0.9990738208475418,0.23031959291033305,0.7687542279372088
2,2023-03,1,466,28,0.9976708016823211,0.24942674668235207,0.748244054999969
2,2023-03,1,466,29,0.9971483615892065,0.2258645740962127,0.7712837874929939
2,2023-03,1,466,30,0.9973519516529427,0.20728860669854263,0.7900633449544
2,2023-03,1,466,31,0.9981674685850757,0.22568458848507555,0.7724828801000001
2,2023-03,1,466,32,0.9995086800471195,0.21630487555733074,0.7832038044897887
2,2023-03,1,466,33,0.9989465794315291,0.232942250993479,0.7660043284380501
2,2023-03,1,466,34,0.9967236534835083,0.19257971843183153,0.8041439350516768
2,2023-03,1,466,35,0.9984954065299166,0.21830216033759078,0.7801932461923259
2,2023-03,1,466,36,0.9991968446373392,0.2276007839077529,0.7715960607295862
2,2023-03,1,466,37,0.9983988070582904,0.21190452015779127,0.7864942869004992
2,2023-03,1,466,38,0.9988929299066635,0.21100719572766674,0.7878857341789967
2,2023-03,1,466,39,0.9992003908461439,0.20924746193174587,0.7899529289143981
2,2023-03,1,466,40,0.9995920136079504,0.22578625818367273,0.7738057554242777
2,2023-03,1,466,41,0.9985727465431001,0.22572268932467524,0.7728500572184249
2,2023-03,1,466,42,0.9995998889456661,0.23101606396543387,0.7685838249802323
2,2023-03,1,466,43,0.9996496236280664,0.215711695752634,0.7839379278754324
2,2023-03,1,466,44,0.9954577759223497,0.1903108600703642,0.8051469158519855
2,2023-03,1,466,45,0.9987081511121992,0.23109802734706758,0.7676101237651316
2,2023-03,1,466,46,0.9985581221300465,0.22479096936989812,0.7737671527601484
2,2023-03,1,466,47,0.9988599943487176,0.22185285528217166,0.777007139066546
2,2023-03,1,466,48,0.9970510339516782,0.20260947758807377,0.7944415563636044
2,2023-03,1,466,49,0.999286023073512,0.2106570355438735,0.7886289875296385
2,2023-03,1,466,50,0.9993714859950457,0.22227683027380027,0.7770946557212454
2,2023-03,1,466,51,0.9988296766296079,0.20424246696039092,0.7945872096692169
2,2023-03,1,466,52,0.9981603123908253,0.2244675414242451,0.7736927709665802
2,2023-03,1,466,53,0.9993195551167257,0.2257255883713278,0.7735939667453978
2,2023-03,1,466,54,0.9988035476967715,0.20191105457682618,0.7968924931199453
2,2023-03,1,466,55,0.9991773054757265,0.23373593750483254,0.7654413679708939
2,2023-03,1,466,56,0.9979660142186577,0.21645799698796586,0.7815080172306919
2,2023-03,1,466,57,0.9991548882339131,0.22437518392505018,0.7747797043088629
2,2023-03,1,466,58,0.9981553219380266,0.21671098921645462,0.781444332721572
2,2023-03,1,466,59,0.996703289525603,0.22631474485125613,0.7703885446743469
2,2023-03,1,466,60,0.9963247145828228,0.19968360867357166,0.7966411059092511
2,2023-03,1,466,61,0.9969658597425927,0.22032529091115133,0.7766405688314413
2,2023-03,1,466,62,0.9992548707347532,0.22002540838322732,0.7792294623515259
2,2023-03,1,466,63,0.9977563558403207,0.21616561149251917,0.7815907443478016
2,2023-03,1,466,64,0.99763411638012,0.2017886783933774,0.7958454379867426
2,2023-03,1,466,65,0.999163293344171,0.22235506124000787,0.7768082321041632
2,2023-03,1,466,66,0.9984136368578251,0.2288373191880778,0.7695763176697473
2,2023-03,1,466,67,0.9989440414712298,0.22239301136164732,0.7765510301095825
2,2023-03,1,466,68,0.9978661153523313,0.20301962568673707,0.7948464896655942
2,2023-03,1,466,69,0.9949959534205702,0.25961465485777824,0.735381298562792
2,2023-03,1,466,70,0.996782856808025,0.20246073594412045,0.7943221208639046
2,2023-03,1,466,71,0.9985449210412775,0.22504776367453486,0.7734971573667426
2,2023-03,1,466,72,0.9968182544522803,0.23804096481694745,0.7587772896353329
2,2023-03,1,466,73,0.999083773200311,0.2168372084527334,0.7822465647475776
2,2023-03,1,466,74,0.9980866742709581,0.21472772034817098,0.7833589539227871
2,2023-03,1,466,75,0.9988905162272397,0.21610174582312475,0.782788770404115
2,2023-03,1,466,76,0.9984870164588473,0.23402486121655958,0.7644621552422877
2,2023-03,1,466,77,0.9992325409052739,0.2358002446172565,0.7634322962880175
2,2023-03,1,466,78,0.996196422839364,0.23528443867205137,0.7609119841673126
2,2023-03,1,466,79,0.9995940692122289,0.22388125442324303,0.7757128147889859
2,2023-03,1,466,80,0.9994875935696803,0.2299307381589194,0.7695568554107609
2,2023-03,1,466,81,0.9994846557024002,0.23058350629736943,0.7689011494050307
2,2023-03,1,466,82,0.9975581950861326,0.21497526329815977,0.7825829317879729
2,2023-03,1,466,83,0.9981766559173488,0.2136645052855556,0.7845121506317932
2,2023-03,1,466,84,0.9984187595764566,0.22157830644458248,0.7768404531318742
2,2023-03,1,466,85,0.9973661353616271,0.22264372569644297,0.7747224096651841
2,2023-03,1,466,86,0.9985442521421962,0.21191181812305224,0.786632434019144
2,2023-03,1,466,87,0.9976479101278158,0.2151398698344321,0.7825080402933837
2,2023-03,1,466,88,0.9989918740748093,0.2097960892827058,0.7891957847921035
2,2023-03,1,466,89,0.9972471284742589,0.1946364928219943,0.8026106356522646
2,2023-03,1,466,90,0.9994201039845613,0.21126782476396985,0.7881522792205914
2,2023-03,1,466,91,0.9988625906922568,0.21913033888340375,0.7797322518088531
2,2023-03,1,466,92,0.998758476998426,0.23279251850318192,0.7659659584952441
2,2023-03,1,466,93,0.9992247677031084,0.2185518156780156,0.7806729520250928
2,2023-03,1,466,94,0.9991495940556486,0.21982074343324176,0.7793288506224069
2,2023-03,1,466,95,0.997955620560276,0.20712180461046434,0.7908338159498116
2,2023-03,1,466,96,0.999220987589797,0.23704117848520534,0.7621798091045917
2,2023-03,1,466,97,0.9961191430130949,0.22996606258577543,0.7661530804273194
2,2023-03,1,466,98,0.9990937739396276,0.2161362607642229,0.7829575131754047
2,2023-03,1,466,99,0.9995083773253554,0.21917636602152804,0.7803320113038273
2,2023-03,1,466,100,0.9969682934390566,0.236175166820354,0.7607931266187026
2,2023-03,1,466,101,0.9983950916414888,0.2228982165472018,0.775496875094287
2,2023-03,1,466,102,0.9975252273314256,0.21991137359818413,0.7776138537332414
2,2023-03,1,466,103,0.9980568263779044,0.2205906106854689,0.7774662156924355
2,2023-03,1,466,104,0.9980250962266644,0.20344833659782713,0.7945767596288372
2,2023-03,1,466,105,0.9975565495476865,0.23825787484637706,0.7592986747013094
2,2023-03,1,466,106,0.9953711777305799,0.2278715944660019,0.767499583264578
2,2023-03,1,466,107,0.9981131088625859,0.23669046753885456,0.7614226413237313
2,2023-03,1,466,108,0.9983444512029442,0.2107092065825308,0.7876352446204135
2,2023-03,1,466,109,0.9974464869626994,0.22568175560352777,0.7717647313591717
2,2023-03,1,466,110,0.9968502534038929,0.22765922074720404,0.7691910326566889
2,2023-03,1,466,111,0.9987521862855353,0.21664709046022365,0.7821050958253116
2,2023-03,1,466,112,0.998505516397658,0.2394033939688723,0.7591021224287857
2,2023-03,1,466,113,0.9969179078735515,0.23012734449217426,0.7667905633813772
2,2023-03,1,466,114,0.9980672586344331,0.21012918207995274,0.7879380765544803
2,2023-03,1,466,115,0.9982015543371481,0.24279264808458076,0.7554089062525673
2,2023-03,1,466,116,0.9979994039634249,0.22992877424785071,0.7680706297155742
2,2023-03,1,466,117,0.9992205525824529,0.21053677725257414,0.7886837753298788
2,2023-03,1,466,118,0.9997272698311813,0.2209151733881579,0.7788120964430234
2,2023-03,1,466,119,0.9972948001576857,0.23070326010347392,0.7665915400542118
2,2023-03,1,466,120,0.9981696521119111,0.2176584431819899,0.7805112089299212
2,2023-03,1,466,121,0.9972639746532947,0.2040178192600244,0.7932461553932704
2,2023-03,1,466,122,0.9969181366116207,0.23505503920635998,0.7618630974052607
2,2023-03,1,466,123,0.9971055631655091,0.2536645856263239,0.7434409775391853
2,2023-03,1,466,124,0.9988662430790616,0.231859890360051,0.7670063527190105
2,2023-03,1,466,125,0.9941690160995833,0.23776033956447779,0.7564086765351055
2,2023-03,1,466,126,0.9994404835314028,0.22576174847525696,0.7736787350561458
2,2023-03,1,466,127,0.9958196316587005,0.2176411234389162,0.7781785082197843
2,2023-03,1,466,128,0.9956670206023213,0.20550475482321737,0.7901622657791039
2,2023-03,1,466,129,0.9976201601518668,0.22613443171198605,0.7714857284398808
2,2023-03,1,466,130,0.999125454250427,0.21980845053775921,0.7793170037126678
2,2023-03,1,466,131,0.9977537857385889,0.2319883587044692,0.7657654270341197
2,2023-03,1,466,132,0.9996754841908381,0.217902268793162,0.7817732153976761
2,2023-03,1,466,133,0.9994162078012875,0.23494695538400495,0.7644692524172825
2,2023-03,1,466,134,0.9985269475871045,0.20177946989732926,0.7967474776897752
2,2023-03,1,466,135,0.9994997296737576,0.21785783980068582,0.7816418898730717
2,2023-03,1,466,136,0.9989603244203868,0.2237337747194887,0.7752265497008981
2,2023-03,1,466,137,0.9980275267513864,0.21044296157819845,0.787584565173188
2,2023-03,1,466,138,0.9979660695764558,0.23118168820162055,0.7667843813748353
2,2023-03,1,466,139,0.9987378215234619,0.20351641689570976,0.7952214046277521
2,2023-03,1,466,140,0.9969392180622668,0.2439490440165496,0.7529901740457172
2,2023-03,1,466,141,0.9988804413015712,0.21183086708855292,0.7870495742130182
2,2023-03,1,466,142,0.9963088026376063,0.2183862759670686,0.7779225266705377
2,2023-03,1,466,143,0.9964527768865223,0.22763380734196612,0.7688189695445562
2,2023-03,1,466,144,0.9960235540999305,0.23981035100880718,0.7562132030911233
2,2023-03,1,466,145,0.999376825949869,0.21687616094124912,0.7825006650086199
2,2023-03,1,466,146,0.9993812892098044,0.22570702747606786,0.7736742617337365
2,2023-03,1,466,147,0.9964112513194627,0.2440060518145077,0.752405199504955
2,2023-03,1,466,148,0.9991835917972219,0.2110336349526912,0.7881499568445307
2,2023-03,1,466,149,0.9993753793201678,0.2279321219188793,0.7714432574012886
2,2023-03,1,466,150,0.9987638604404524,0.2196142287391683,0.779149631701284
2,2023-03,1,466,151,0.998978984628559,0.21849029582437632,0.7804886888041828
2,2023-03,1,466,152,0.9982107831600174,0.2397653596612586,0.7584454234987589
2,2023-03,1,466,153,0.9997066436538162,0.21991522312315193,0.7797914205306643
2,2023-03,1,466,154,0.9985310258309239,0.21308432568363675,0.7854467001472871
2,2023-03,1,466,155,0.9987725923899562,0.2166402713849055,0.7821323210050507
2,2023-03,1,466,156,0.9961986068897161,0.23736669289733595,0.7588319139923801
2,2023-03,1,466,157,0.9963859701466307,0.20580985487596218,0.7905761152706685
2,2023-03,1,466,158,0.9979802874033964,0.23703960464058563,0.7609406827628108
2,2023-03,1,466,159,0.9992029059767564,0.20964660399462748,0.789556301982129
2,2023-03,1,466,160,0.9986203407676115,0.23730695410042574,0.7613133866671857
2,2023-03,1,466,161,0.9981891668098305,0.20382742077407484,0.7943617460357557
2,2023-03,1,466,162,0.9982544360581326,0.2317363527859344,0.7665180832721982
2,2023-03,1,466,163,0.9987241083615069,0.23405694832452556,0.7646671600369814
2,2023-03,1,466,164,0.997247131131379,0.20895058063249589,0.788296550498883
2,2023-03,1,466,165,0.9976431405752798,0.24201309134021845,0.7556300492350614
2,2023-03,1,466,166,0.9969381646114354,0.2368601948574576,0.7600779697539778
2,2023-03,1,466,167,0.9962787683475881,0.20866910935984925,0.7876096589877388
2,2023-03,1,466,168,0.9980854754240609,0.21631778873914637,0.7817676866849146
2,2023-03,1,466,169,0.9971604762907711,0.21928631450453892,0.7778741617862321
2,2023-03,1,466,170,0.9973831216165135,0.2363812363268679,0.7610018852896456
2,2023-03,1,466,171,0.9983162353962755,0.21585137703929816,0.7824648583569773
2,2023-03,1,466,172,0.9984372348581175,0.2407034030102752,0.7577338318478424
2,2023-03,1,466,173,0.9988666986861269,0.23026758236887138,0.7685991163172555
2,2023-03,1,466,174,0.9952905537423584,0.21238700371784408,0.7829035500245143
2,2023-03,1,466,175,0.9974391773843057,0.20493948726611125,0.7924996901181944
2,2023-03,1,466,176,0.9997114141896999,0.21739476228867824,0.7823166519010216
2,2023-03,1,466,177,0.9963894656557799,0.23627847810132202,0.7601109875544578
2,2023-03,1,466,178,0.9997417058304956,0.2200551181429899,0.7796865876875057
2,2023-03,1,466,179,0.9973595403076017,0.23177015442366466,0.765589385883937
2,2023-03,1,466,180,0.9993543225589205,0.2181165184479823,0.7812378041109382
2,2023-03,1,466,181,0.9976410484988157,0.22228227835851128,0.7753587701403044
2,2023-03,1,466,182,0.9995553169816832,0.22417836894383203,0.7753769480378512
2,2023-03,1,466,183,0.9966805674153836,0.1919105629016537,0.8047700045137298
2,2023-03,1,466,184,0.9986921056689325,0.23037719943922175,0.7683149062297108
2,2023-03,1,466,185,0.9983708409353861,0.22257383877295348,0.7757970021624326
2,2023-03,1,466,186,0.996591568940684,0.23888208516037268,0.7577094837803113
2,2023-03,1,466,187,0.9922391486908517,0.23926789966968737,0.7529712490211644
2,2023-03,1,466,188,0.997642945809453,0.2154250474256225,0.7822178983838305
2,2023-03,1,466,189,0.993335633806639,0.24669211256134585,0.7466435212452932
2,2023-03,1,466,190,0.9984783187121764,0.21191271548029397,0.7865656032318824
2,2023-03,1,466,191,0.9990854228555132,0.22663480137292094,0.7724506214825922
2,2023-03,1,466,192,0.9968407861909527,0.2369411536576089,0.7598996325333438
2,2023-03,1,466,193,0.997527012123818,0.22182342429681196,0.775703587827006
2,2023-03,1,466,194,0.9982828161650925,0.2240499758617579,0.7742328403033346
2,2023-03,1,466,195,0.996167582008395,0.22636077892976555,0.7698068030786294
2,2023-03,1,466,196,0.9955373895789771,0.21145676828753074,0.7840806212914464
2,2023-03,1,466,197,0.9910907667352883,0.20721260264969987,0.7838781640855884
2,2023-03,1,466,198,0.9993503408093347,0.22064941211767483,0.7787009286916599
2,2023-03,1,466,199,0.9992191899256253,0.2213698085273774,0.7778493813982479
3,2023-04,0,448,0,0.9974216431682417,0.1309676810120789,0.8664539621561628
3,2023-04,0,448,1,0.9961957313145565,0.12397634641618101,0.8722193848983755
3,2023-04,0,448,2,0.9987033065825118,0.13404734248816527,0.8646559640943465
3,2023-04,0,448,3,0.9984478744404376,0.11570323456451001,0.8827446398759276
3,2023-04,0,448,4,0.9974437390656673,0.10791670350720983,0.8895270355584575
3,2023-04,0,448,5,0.9993951190328764,0.129058881099915,0.8703362379329613
3,2023-04,0,448,6,0.9961722294473797,0.10495416223577243,0.8912180672116072
3,2023-04,0,448,7,0.9991401167899348,0.12803076952469447,0.8711093472652403
3,2023-04,0,448,8,0.998120956159064,0.140231834603393,0.857889121555671
3,2023-04,0,448,9,0.9964665198086464,0.13691726760265954,0.8595492522059869
3,2023-04,0,448,10,0.9958627072847986,0.1057000272453871,0.8901626800394116
3,2023-04,0,448,11,0.998726882362282,0.1205639652611968,0.8781629171010852
3,2023-04,0,448,12,0.9964385410215711,0.11902683588179074,0.8774117051397804
3,2023-04,0,448,13,0.9975846730914975,0.12303549090417726,0.8745491821873201
3,2023-04,0,448,14,0.9981235463224843,0.12769020187039626,0.8704333444520881
3,2023-04,0,448,15,0.996968217255354,0.11858503359924288,0.8783831836561111
3,2023-04,0,448,16,0.9993627556554728,0.12262368245029899,0.8767390732051739
3,2023-04,0,448,17,0.9979585675367877,0.11282416054361828,0.8851344069931694
3,2023-04,0,448,18,0.9994028152495367,0.12343349995058303,0.8759693152989536
3,2023-04,0,448,19,0.9927872513371404,0.09749010858772476,0.8952971427494156
3,2023-04,0,448,20,0.998577190066562,0.1257961869094501,0.8727810031571119
3,2023-04,0,448,21,0.990369765137458,0.12222966390653722,0.8681401012309208
3,2023-04,0,448,22,0.9991441092466857,0.11915987772395796,0.8799842315227278
3,2023-04,0,448,23,0.9953629309182848,0.10151511895257034,0.8938478119657144
3,2023-04,0,448,24,0.9983038346869653,0.14019498654000007,0.8581088481469652
3,2023-04,0,448,25,0.9982876515860009,0.13506619215304372,0.8632214594329571
3,2023-04,0,448,26,0.9983190445809309,0.13448687011719104,0.8638321744637398
3,2023-04,0,448,27,0.9969297879726587,0.14391110601230836,0.8530186819603504
3,2023-04,0,448,28,0.998757122071372,0.12933408000323296,0.869423042068139
3,2023-04,0,448,29,0.99957356078094,0.12510781612408883,0.8744657446568511
3,2023-04,0,448,30,0.9974797141433296,0.14087019501788703,0.8566095191254426
3,2023-04,0,448,31,0.9989498437242209,0.11410868680648867,0.8848411569177322
3,2023-04,0,448,32,0.9983182482925962,0.11655984529409015,0.881758402998506
3,2023-04,0,448,33,0.9978720113721925,0.11758292409099724,0.8802890872811953
3,2023-04,0,448,34,0.9977082454773109,0.13663662281157313,0.8610716226657378
3,2023-04,0,448,35,0.9993576569839949,0.1289809147126898,0.8703767422713051
3,2023-04,0,448,36,0.9956411637841074,0.10307172276816946,0.8925694410159379
3,2023-04,0,448,37,0.9946241641201398,0.10253543599529938,0.8920887281248404
3,2023-04,0,448,38,0.9995213528860616,0.11991393796684253,0.879607414919219
3,2023-04,0,448,39,0.9937704042696103,0.15359590333392784,0.8401745009356825
3,2023-04,0,448,40,0.9946632231921314,0.11532241369062965,0.8793408095015017
3,2023-04,0,448,41,0.9989871038131101,0.12469159341984039,0.8742955103932697
3,2023-04,0,448,42,0.997389927680638,0.12019500613131738,0.8771949215493207
3,2023-04,0,448,43,0.9993832434073664,0.1225530644727611,0.8768301789346054
3,2023-04,0,448,44,0.9990412911978445,0.11709585085894872,0.8819454403388958
3,2023-04,0,448,45,0.9987110423144157,0.13370156616696016,0.8650094761474555
3,2023-04,0,448,46,0.9972501504762623,0.1481143467936365,0.8491358036826258
3,2023-04,0,448,47,0.9986004742739062,0.11657232715004257,0.8820281471238636
3,2023-04,0,448,48,0.9990488241707113,0.12142775136375336,0.8776210728069579
3,2023-04,0,448,49,0.9966473877887639,0.12061277303358346,0.8760346147551805
3,2023-04,0,448,50,0.9984117052450601,0.13885191666749697,0.8595597885775631
3,2023-04,0,448,51,0.9936069476717727,0.10685180564507307,0.8867551420266997
3,2023-04,0,448,52,0.9957732203616788,0.13999735412139205,0.8557758662402868
3,2023-04,0,448,53,0.9981668215368537,0.1223442824332201,0.8758225391036336
3,2023-04,0,448,54,0.9996599518900913,0.12848519471714384,0.8711747571729475
3,2023-04,0,448,55,0.9986604562022262,0.11466613191915356,0.8839943242830727
3,2023-04,0,448,56,0.9978155293620016,0.13485465181496722,0.8629608775470343
3,2023-04,0,448,57,0.9969398292938954,0.10787488105824128,0.8890649482356541
3,2023-04,0,448,58,0.9990786900709283,0.132712708832466,0.8663659812384623
3,2023-04,0,448,59,0.9995762594869898,0.12396667470779771,0.875609584779192
3,2023-04,0,448,60,0.9985883242792652,0.1204071961105125,0.8781811281687527
3,2023-04,0,448,61,0.9981467222694671,0.11309118193256962,0.8850555403368975
3,2023-04,0,448,62,0.9967045497847407,0.1400592720483663,0.8566452777363743
3,2023-04,0,448,63,0.9978684318188241,0.1353940341782801,0.862474397640544
3,2023-04,0,448,64,0.9982817832563643,0.1235656156893306,0.8747161675670337
3,2023-04,0,448,65,0.9967093139180524,0.13717948007938197,0.8595298338386704
3,2023-04,0,448,66,0.9985268930074931,0.12471694710507336,0.8738099459024198
3,2023-04,0,448,67,0.9980682582138393,0.1333809357391131,0.8646873224747261
3,2023-04,0,448,68,0.9993767874410002,0.13379295831767168,0.8655838291233285
3,2023-04,0,448,69,0.9979525816909925,0.1341751709210113,0.8637774107699813
3,2023-04,0,448,70,0.9964973499879511,0.14178714836943934,0.8547102016185117
3,2023-04,0,448,71,0.9980338230350172,0.11153573261837393,0.8864980904166433
3,2023-04,0,448,72,0.9973681521326742,0.14530788649081702,0.8520602656418571
3,2023-04,0,448,73,0.9992504594346251,0.1178509878817279,0.8813994715528972
3,2023-04,0,448,74,0.9994195998477773,0.12811893095874283,0.8713006688890345
3,2023-04,0,448,75,0.9990853708615705,0.12003127921075687,0.8790540916508136
3,2023-04,0,448,76,0.9986768874518465,0.13715964134940495,0.8615172461024415
3,2023-04,0,448,77,0.9986106515468296,0.1232894473162041,0.8753212042306255
3,2023-04,0,448,78,0.9989789408134736,0.12287502514457088,0.8761039156689028
3,2023-04,0,448,79,0.9989114116968459,0.13196735944497992,0.866944052251866
3,2023-04,0,448,80,0.9991040420962071,0.12589114931696013,0.873212892779247
3,2023-04,0,448,81,0.9983243560261078,0.14324191739931139,0.8550824386267964
3,2023-04,0,448,82,0.9981770663205686,0.1418476646986329,0.8563294016219356
3,2023-04,0,448,83,0.9984673390422659,0.13421868944622414,0.8642486495960418
3,2023-04,0,448,84,0.9945622505782509,0.10318297653563453,0.8913792740426163
3,2023-04,0,448,85,0.9993705196026308,0.11839813588129769,0.8809723837213331
3,2023-04,0,448,86,0.9961797414662249,0.11165066136834657,0.8845290800978783
3,2023-04,0,448,87,0.9991884054529222,0.13218871759070278,0.8669996878622195
3,2023-04,0,448,88,0.9991139629450673,0.11901457828312784,0.8800993846619394
3,2023-04,0,448,89,0.9987176862843699,0.13040096744374563,0.8683167188406242
3,2023-04,0,448,90,0.9966215031720458,0.13115782853400687,0.8654636746380389
3,2023-04,0,448,91,0.9985898218185602,0.12366191170535888,0.8749279101132013
3,2023-04,0,448,92,0.9954558942457894,0.12072699056102512,0.8747289036847643
3,2023-04,0,448,93,0.9994486303054099,0.11916408929339296,0.8802845410120169
3,2023-04,0,448,94,0.9994754098094936,0.1300593039458115,0.869416105863682
3,2023-04,0,448,95,0.9970608905837677,0.13767144090259487,0.8593894496811728
3,2023-04,0,448,96,0.9988794249066865,0.1336125347295387,0.8652668901771478
3,2023-04,0,448,97,0.9978295791758962,0.13032168008005016,0.867507899095846
3,2023-04,0,448,98,0.9991942311414383,0.12534378598737625,0.8738504451540621
3,2023-04,0,448,99,0.9978072482790302,0.14269030051051332,0.8551169477685169
3,2023-04,0,448,100,0.9965441336093068,0.147981815569574,0.8485623180397328
3,2023-04,0,448,101,0.9948183258701319,0.14018573741741858,0.8546325884527133
3,2023-04,0,448,102,0.9978009932589793,0.12254286218836126,0.875258131070618
3,2023-04,0,448,103,0.9992004672911793,0.1263131432395293,0.8728873240516499
3,2023-04,0,448,104,0.9992726053611463,0.12784672702793637,0.8714258783332098
3,2023-04,0,448,105,0.9990691765806249,0.1356436515239106,0.8634255250567142
3,2023-04,0,448,106,0.9989745905394064,0.12560496076480365,0.8733696297746028
3,2023-04,0,448,107,0.9977851022310142,0.13467136686110973,0.8631137353699045
3,2023-04,0,448,108,0.9970690966719598,0.13666570892720303,0.8604033877447568
3,2023-04,0,448,109,0.9972841116852805,0.12878081950981898,0.8685032921754615
3,2023-04,0,448,110,0.9988739310927243,0.11779832501043257,0.8810756060822917
3,2023-04,0,448,111,0.9986711933186837,0.11537963790371618,0.8832915554149675
3,2023-04,0,448,112,0.9985749167030255,0.12585032599284948,0.8727245907101759
3,2023-04,0,448,113,0.9970410463747568,0.1368671854585511,0.8601738609162057
3,2023-04,0,448,114,0.9993002453957338,0.12981225646258945,0.8694879889331444
3,2023-04,0,448,115,0.9979681592785776,0.1079969695524299,0.8899711897261477
3,2023-04,0,448,116,0.9995429118052499,0.12240782341518466,0.8771350883900653
3,2023-04,0,448,117,0.9995622459478382,0.11713153165019455,0.8824307142976436
3,2023-04,0,448,118,0.9982000482416242,0.12937701184636688,0.8688230363952574
3,2023-04,0,448,119,0.9986363739799986,0.12716100074500145,0.8714753732349971
3,2023-04,0,448,120,0.9994606783951924,0.11632542405487888,0.8831352543403135
3,2023-04,0,448,121,0.9985116686806659,0.13784584305614755,0.8606658256245183
3,2023-04,0,448,122,0.9971826375829329,0.10788145792444456,0.8893011796584883
3,2023-04,0,448,123,0.9987955678683162,0.11469225646493708,0.8841033114033792
3,2023-04,0,448,124,0.9989355831108795,0.13116962138803726,0.8677659617228423
3,2023-04,0,448,125,0.9951931998642558,0.10646316194773803,0.8887300379165177
3,2023-04,0,448,126,0.998599906533236,0.12896011457852666,0.8696397919547094
3,2023-04,0,448,127,0.9994627643826532,0.1288287500977488,0.8706340142849045
3,2023-04,0,448,128,0.9992510584256492,0.12994309946854044,0.8693079589571088
3,2023-04,0,448,129,0.998451711363358,0.11405467592726963,0.8843970354360884
3,2023-04,0,448,130,0.9976769537712982,0.11256329802817536,0.8851136557431228
3,2023-04,0,448,131,0.9970393659103546,0.11278202616371293,0.8842573397466417
3,2023-04,0,448,132,0.9996538385712215,0.12328321599200454,0.8763706225792169
3,2023-04,0,448,133,0.9939774199593712,0.1135087585567661,0.880468661402605
3,2023-04,0,448,134,0.9934943013490936,0.14256624175088117,0.8509280595982124
3,2023-04,0,448,135,0.9991022865983358,0.11766239291640782,0.881439893681928
3,2023-04,0,448,136,0.9988780562032316,0.1131270006093849,0.8857510555938467
3,2023-04,0,448,137,0.9986407765204819,0.13441653280149568,0.8642242437189862
3,2023-04,0,448,138,0.998183866420596,0.1269400414510169,0.8712438249695791
3,2023-04,0,448,139,0.998922387081018,0.1340435500586569,0.8648788370223611
3,2023-04,0,448,140,0.9975400010776562,0.1460298052484686,0.8515101958291875
3,2023-04,0,448,141,0.9988354781499241,0.1322068753553799,0.8666286027945442
3,2023-04,0,448,142,0.9984967914403492,0.12854932275682165,0.8699474686835276
3,2023-04,0,448,143,0.9970509968086754,0.10695977950654671,0.8900912173021287
3,2023-04,0,448,144,0.9976041958800707,0.1328451951215532,0.8647590007585174
3,2023-04,0,448,145,0.9968712481035107,0.1091404738235505,0.8877307742799602
3,2023-04,0,448,146,0.9989290137380146,0.13776365965881532,0.8611653540791993
3,2023-04,0,448,147,0.9980189277099523,0.11393804781082964,0.8840808798991227
3,2023-04,0,448,148,0.9984226445228239,0.12944291965050664,0.8689797248723172
3,2023-04,0,448,149,0.9996213933719527,0.12699436800725572,0.8726270253646969
3,2023-04,0,448,150,0.9977231645045227,0.11550240064717077,0.8822207638573519
3,2023-04,0,448,151,0.9926374426093213,0.16366758760312644,0.8289698550061948
3,2023-04,0,448,152,0.9994858327052454,0.1249884442979245,0.8744973884073208
3,2023-04,0,448,153,0.997562363653975,0.1378448422170243,0.8597175214369507
3,2023-04,0,448,154,0.997862029914111,0.11555141337547009,0.882310616538641
3,2023-04,0,448,155,0.9972351686721034,0.11522403967287068,0.8820111289992327
3,2023-04,0,448,156,0.9990140250777422,0.11675459192580083,0.8822594331519413
3,2023-04,0,448,157,0.9966444829860911,0.11748603080506677,0.8791584521810243
3,2023-04,0,448,158,0.9958200359521042,0.1269310040847478,0.8688890318673564
3,2023-04,0,448,159,0.9981981084502443,0.12100085384475343,0.8771972546054908
3,2023-04,0,448,160,0.9985499584665526,0.1288145902818893,0.8697353681846633
3,2023-04,0,448,161,0.9969279168576797,0.10669643975685321,0.8902314771008265
3,2023-04,0,448,162,0.9970945157367703,0.12302190024568718,0.8740726154910832
3,2023-04,0,448,163,0.9994734043378072,0.12609800298758395,0.8733754013502233
3,2023-04,0,448,164,0.999357193951532,0.13177483555618932,0.8675823583953427
3,2023-04,0,448,165,0.9933632211424225,0.1017479460459064,0.8916152750965161
3,2023-04,0,448,166,0.9991896903163672,0.12121707721890265,0.8779726130974645
3,2023-04,0,448,167,0.9973476331333839,0.12675830284349943,0.8705893302898845
3,2023-04,0,448,168,0.9996954302302591,0.11885938816873849,0.8808360420615206
3,2023-04,0,448,169,0.9991313699198193,0.13014346181340972,0.8689879081064096
3,2023-04,0,448,170,0.998861922773415,0.13392171703315262,0.8649402057402624
3,2023-04,0,448,171,0.9985718178165621,0.12540906724398207,0.8731627505725801
3,2023-04,0,448,172,0.9977691703145869,0.12241175633375917,0.8753574139808278
3,2023-04,0,448,173,0.9966728679341458,0.11709166061366054,0.8795812073204853
3,2023-04,0,448,174,0.9990167848411914,0.12529246247904696,0.8737243223621445
3,2023-04,0,448,175,0.9993601796334751,0.12660229074656662,0.8727578888869085
3,2023-04,0,448,176,0.9992087494030749,0.12022411309446654,0.8789846363086083
3,2023-04,0,448,177,0.9989297623259648,0.13711057629033907,0.8618191860356257
3,2023-04,0,448,178,0.9983776532900873,0.11498116187266541,0.8833964914174219
3,2023-04,0,448,179,0.9983504100026442,0.1110580085506951,0.8872924014519491
3,2023-04,0,448,180,0.9904646492701904,0.16292421506992655,0.8275404342002639
3,2023-04,0,448,181,0.9971757222449642,0.11375365159466323,0.883422070650301
3,2023-04,0,448,182,0.9983542865971637,0.11240103120267061,0.8859532553944931
3,2023-04,0,448,183,0.9969563993939732,0.14578524412471752,0.8511711552692557
3,2023-04,0,448,184,0.9984740907570822,0.12289898739919257,0.8755751033578896
3,2023-04,0,448,185,0.9980794400595796,0.1368760018756534,0.8612034381839262
3,2023-04,0,448,186,0.9993137031629656,0.12806929264703207,0.8712444105159336
3,2023-04,0,448,187,0.9993620688319454,0.11814228466678683,0.8812197841651586
3,2023-04,0,448,188,0.9974421578773839,0.1465636234939717,0.8508785343834122
3,2023-04,0,448,189,0.9990310507612171,0.1287742913481402,0.8702567594130769
3,2023-04,0,448,190,0.9969289182940361,0.11662217877743823,0.8803067395165979
3,2023-04,0,448,191,0.9977468739737753,0.13341910542416474,0.8643277685496105
3,2023-04,0,448,192,0.9994432671438567,0.11753595823264851,0.8819073089112082
3,2023-04,0,448,193,0.9988519590151517,0.12758093533461135,0.8712710236805403
3,2023-04,0,448,194,0.998784026689805,0.1240052105619023,0.8747788161279028
3,2023-04,0,448,195,0.9993618621096262,0.11952285587133439,0.8798390062382918
3,2023-04,0,448,196,0.9989565925598226,0.12361500981975158,0.875341582740071
3,2023-04,0,448,197,0.9983910291404856,0.12531575435629577,0.8730752747841899
3,2023-04,0,448,198,0.9968955790403558,0.11138741847741532,0.8855081605629405
3,2023-04,0,448,199,0.9973328984880548,0.1364224566710197,0.8609104418170351
3,2023-04,1,1448,0,0.999406511017737,0.1249085180461875,0.8744979929715495
3,2023-04,1,1448,1,0.9988022815342016,0.12688961136081706,0.8719126701733846
3,2023-04,1,1448,2,0.9997982748691209,0.12567703469150732,0.8741212401776135
3,2023-04,1,1448,3,0.9997047373285661,0.12433780104195759,0.8753669362866086
3,2023-04,1,1448,4,0.9996605782665728,0.1259429769200675,0.8737176013465053
3,2023-04,1,1448,5,0.9988809870370969,0.11745976392195542,0.8814212231151415
3,2023-04,1,1448,6,0.9996543178466392,0.12051991076912744,0.8791344070775118
3,2023-04,1,1448,7,0.9992629802220724,0.1266650523443609,0.8725979278777115
3,2023-04,1,1448,8,0.9993670883462333,0.12455001063691445,0.8748170777093189
3,2023-04,1,1448,9,0.9978830897961557,0.1169203110622568,0.8809627787338989
3,2023-04,1,1448,10,0.9991397783817869,0.12185538825688534,0.8772843901249016
3,2023-04,1,1448,11,0.9992846584450621,0.12933296769330047,0.8699516907517616
3,2023-04,1,1448,12,0.9991548422161681,0.11598463440914551,0.8831702078070226
3,2023-04,1,1448,13,0.9998474044071589,0.12857045889948457,0.8712769455076743
3,2023-04,1,1448,14,0.9995715350307598,0.1209604558699865,0.8786110791607733
3,2023-04,1,1448,15,0.9991638524236224,0.12852221959724436,0.870641632826378
3,2023-04,1,1448,16,0.9991423618183549,0.12079476853046181,0.8783475932878931
3,2023-04,1,1448,17,0.9993457058627956,0.12837185253047467,0.8709738533323209
3,2023-04,1,1448,18,0.999852740923632,0.1233902015041187,0.8764625394195132
3,2023-04,1,1448,19,0.999691028432898,0.12774838230254557,0.8719426461303524
3,2023-04,1,1448,20,0.9991424216580981,0.12744868978887292,0.8716937318692252
3,2023-04,1,1448,21,0.9996346931577229,0.120051397839287,0.8795832953184359
3,2023-04,1,1448,22,0.9989857023217068,0.132125705044047,0.8668599972776598
3,2023-04,1,1448,23,0.9996622649785618,0.12759123098145933,0.8720710339971025
3,2023-04,1,1448,24,0.9993659192656881,0.12363458303096693,0.8757313362347211
3,2023-04,1,1448,25,0.9996055934153499,0.12615206524553196,0.8734535281698179
3,2023-04,1,1448,26,0.999433721734934,0.12903602251664267,0.8703976992182914
3,2023-04,1,1448,27,0.9997280309343801,0.1281015260711568,0.8716265048632234
3,2023-04,1,1448,28,0.9991864673092977,0.13452778098758264,0.864658686321715
3,2023-04,1,1448,29,0.9997324174015877,0.12922000229788122,0.8705124151037065
3,2023-04,1,1448,30,0.9992370528752053,0.12234137425599857,0.8768956786192067
3,2023-04,1,1448,31,0.999546638932754,0.12107081371507361,0.8784758252176803
3,2023-04,1,1448,32,0.9997119497235767,0.1242269986716511,0.8754849510519256
3,2023-04,1,1448,33,0.9994171306673608,0.1218735771225019,0.8775435535448589
3,2023-04,1,1448,34,0.9996274190596143,0.12788525078230328,0.871742168277311
3,2023-04,1,1448,35,0.9992862311899487,0.13125462162425455,0.8680316095656941
3,2023-04,1,1448,36,0.9994167095333191,0.12907826992225566,0.8703384396110634
3,2023-04,1,1448,37,0.9989346729038572,0.12227983520454222,0.876654837699315
3,2023-04,1,1448,38,0.9999375977239932,0.12566943091418115,0.874268166809812
3,2023-04,1,1448,39,0.9996983968304873,0.12541169713270986,0.8742866996977775
3,2023-04,1,1448,40,0.9987080784990849,0.12684484303005797,0.871863235469027
3,2023-04,1,1448,41,0.9989127175814602,0.1284327932619945,0.8704799243194656
3,2023-04,1,1448,42,0.9994111029856564,0.12233117260313602,0.8770799303825204
3,2023-04,1,1448,43,0.9996024402359026,0.1248795912722615,0.8747228489636412
3,2023-04,1,1448,44,0.9991396871330525,0.12567079203767068,0.8734688950953817
3,2023-04,1,1448,45,0.999846442098285,0.1249621663283049,0.8748842757699801
3,2023-04,1,1448,46,0.9997773663193528,0.12050587230583899,0.8792714940135138
3,2023-04,1,1448,47,0.9995813580100471,0.12449664276006685,0.8750847152499802
3,2023-04,1,1448,48,0.9979895929720646,0.1312459945764618,0.8667435983956028
3,2023-04,1,1448,49,0.9997958543334717,0.12778491900457914,0.8720109353288926
3,2023-04,1,1448,50,0.9996497701684034,0.12856069881739327,0.8710890713510101
3,2023-04,1,1448,51,0.9992389974169439,0.1232341711456256,0.8760048262713183
3,2023-04,1,1448,52,0.9995376811248057,0.1252379743913713,0.8742997067334344
3,2023-04,1,1448,53,0.9994790337846667,0.12900580281473145,0.8704732309699352
3,2023-04,1,1448,54,0.9995477433423229,0.12012166779660939,0.8794260755457135
3,2023-04,1,1448,55,0.9997829884019341,0.13031697699850261,0.8694660114034315
3,2023-04,1,1448,56,0.9997119084837112,0.12287194351904747,0.8768399649646637
3,2023-04,1,1448,57,0.9990922021125436,0.12519546848944973,0.8738967336230938
3,2023-04,1,1448,58,0.998846819896653,0.1256542505084177,0.8731925693882353
3,2023-04,1,1448,59,0.9994792869137371,0.12189840248690338,0.8775808844268337
3,2023-04,1,1448,60,0.9986472028215236,0.13012027110243812,0.8685269317190856
3,2023-04,1,1448,61,0.9995597669472973,0.1305852081906193,0.868974558756678
3,2023-04,1,1448,62,0.9997610359903044,0.12469148363219684,0.8750695523581076
3,2023-04,1,1448,63,0.9998111728424495,0.12483769694922285,0.8749734758932266
3,2023-04,1,1448,64,0.9996372769220583,0.12768510941368497,0.8719521675083733
3,2023-04,1,1448,65,0.9985483983110865,0.13558986911555845,0.8629585291955281
3,2023-04,1,1448,66,0.9995776640561143,0.1303953346157882,0.869182329440326
3,2023-04,1,1448,67,0.9997968889137461,0.1287282599830114,0.8710686289307347
3,2023-04,1,1448,68,0.9995575756322548,0.1248373456904451,0.8747202299418096
3,2023-04,1,1448,69,0.9995179132522323,0.12288571853232257,0.8766321947199097
3,2023-04,1,1448,70,0.9992886714585685,0.13008163463033234,0.8692070368282361
3,2023-04,1,1448,71,0.999813177445131,0.12652635978666874,0.8732868176584623
3,2023-04,1,1448,72,0.9997581328294349,0.12261693924525537,0.8771411935841795
3,2023-04,1,1448,73,0.9993936952871156,0.1291425992551268,0.8702510960319888
3,2023-04,1,1448,74,0.9997654702011035,0.1248681128830495,0.8748973573180541
3,2023-04,1,1448,75,0.9987829987404819,0.1337489337583824,0.8650340649820996
3,2023-04,1,1448,76,0.9992724332146945,0.12512017388340171,0.8741522593312928
3,2023-04,1,1448,77,0.9994902291435536,0.12627192561233905,0.8732183035312145
3,2023-04,1,1448,78,0.9991928813006569,0.12328705393216073,0.8759058273684961
3,2023-04,1,1448,79,0.9999154792486714,0.12494007205374162,0.8749754071949298
3,2023-04,1,1448,80,0.9995176462682264,0.1294021328797552,0.8701155133884712
3,2023-04,1,1448,81,0.9996503624221565,0.13303666996209224,0.8666136924600643
3,2023-04,1,1448,82,0.9994659903244995,0.11692259383400969,0.8825433964904897
3,2023-04,1,1448,83,0.9997546190784721,0.12259882449064706,0.877155794587825
3,2023-04,1,1448,84,0.9996334972367178,0.1274071645226274,0.8722263327140904
3,2023-04,1,1448,85,0.9986599069106138,0.13668592856511314,0.8619739783455007
3,2023-04,1,1448,86,0.999033247599171,0.12958592817029363,0.8694473194288774
3,2023-04,1,1448,87,0.9993129633606175,0.13410530820522557,0.8652076551553919
3,2023-04,1,1448,88,0.9998379382810099,0.12376157957658858,0.8760763587044212
3,2023-04,1,1448,89,0.9996788433700076,0.12695968178726966,0.8727191615827379
3,2023-04,1,1448,90,0.9995534795071118,0.12750479784129787,0.872048681665814
3,2023-04,1,1448,91,0.9996922283284428,0.13045821141482142,0.8692340169136215
3,2023-04,1,1448,92,0.9996838559330277,0.1287057058988966,0.870978150034131
3,2023-04,1,1448,93,0.9994498642873875,0.12852216383570395,0.8709277004516836
3,2023-04,1,1448,94,0.9990076857200479,0.12888933464218336,0.8701183510778646
3,2023-04,1,1448,95,0.9994578045281443,0.12981039580186376,0.8696474087262804
3,2023-04,1,1448,96,0.9994221055109965,0.11856116647087055,0.880860939040126
3,2023-04,1,1448,97,0.999539030435782,0.1310904409602782,0.8684485894755037
3,2023-04,1,1448,98,0.9995373506390287,0.1235667063451492,0.8759706442938795
3,2023-04,1,1448,99,0.9990725607194955,0.12642269893723285,0.8726498617822627
3,2023-04,1,1448,100,0.9997710845314054,0.1261549198115194,0.873616164719886
3,2023-04,1,1448,101,0.9997494425020083,0.12176347989002241,0.8779859626119858
3,2023-04,1,1448,102,0.9996937444496613,0.12785602473219795,0.8718377197174634
3,2023-04,1,1448,103,0.9992858482992681,0.13258502952292503,0.8667008187763431
3,2023-04,1,1448,104,0.999668115529373,0.13023772567040784,0.8694303898589651
3,2023-04,1,1448,105,0.9992988764665633,0.131347443408561,0.8679514330580024
3,2023-04,1,1448,106,0.9998922976470911,0.12518675264970047,0.8747055449973906
3,2023-04,1,1448,107,0.999297470877095,0.12517365912932832,0.8741238117477667
3,2023-04,1,1448,108,0.9996516077356298,0.12565358253774517,0.8739980251978846
3,2023-04,1,1448,109,0.9992602502891792,0.12477931202732762,0.8744809382618516
3,2023-04,1,1448,110,0.998998640600163,0.12706336171977217,0.8719352788803908
3,2023-04,1,1448,111,0.9995318213215595,0.12026951860584445,0.879262302715715
3,2023-04,1,1448,112,0.9989858248223592,0.11980775031121861,0.8791780745111406
3,2023-04,1,1448,113,0.9995219245073586,0.12341524986035875,0.8761066746469998
3,2023-04,1,1448,114,0.9996653215394392,0.12673022119045124,0.872935100348988
3,2023-04,1,1448,115,0.9998572861917381,0.12305884212772693,0.8767984440640112
3,2023-04,1,1448,116,0.9995346105839144,0.1271378735774335,0.8723967370064809
3,2023-04,1,1448,117,0.9984604429621823,0.11708258946943692,0.8813778534927453
3,2023-04,1,1448,118,0.9983516065441902,0.11937807660823492,0.8789735299359552
3,2023-04,1,1448,119,0.998157238447437,0.13465210450678192,0.8635051339406551
3,2023-04,1,1448,120,0.9996211567732574,0.1235278294966363,0.876093327276621
3,2023-04,1,1448,121,0.9994993097787195,0.12504423702814474,0.8744550727505748
3,2023-04,1,1448,122,0.999511015095994,0.13136367644812655,0.8681473386478675
3,2023-04,1,1448,123,0.9995794679155903,0.13062762833332595,0.8689518395822643
3,2023-04,1,1448,124,0.9994449828401107,0.13013791754433732,0.8693070652957734
3,2023-04,1,1448,125,0.9989064147901697,0.13130717873590358,0.8675992360542661
3,2023-04,1,1448,126,0.9993284521885442,0.11855107834281689,0.8807773738457273
3,2023-04,1,1448,127,0.9995373968893955,0.12509932388901324,0.8744380730003822
3,2023-04,1,1448,128,0.9993013956362499,0.12229901487358132,0.8770023807626686
3,2023-04,1,1448,129,0.9998812413729617,0.1259058179451951,0.8739754234277667
3,2023-04,1,1448,130,0.9987774606667299,0.13512709825500882,0.8636503624117211
3,2023-04,1,1448,131,0.9995523730152732,0.12148741775048369,0.8780649552647896
3,2023-04,1,1448,132,0.9994177435571268,0.1294928332607607,0.8699249102963661
3,2023-04,1,1448,133,0.9994722307679024,0.12295342925682502,0.8765188015110773
3,2023-04,1,1448,134,0.9994142066976156,0.12545269645961835,0.8739615102379973
3,2023-04,1,1448,135,0.9994715649363073,0.11911690540887516,0.8803546595274321
3,2023-04,1,1448,136,0.9995480251500405,0.12388303862432633,0.8756649865257141
3,2023-04,1,1448,137,0.9998511666859325,0.12498459261262726,0.8748665740733053
3,2023-04,1,1448,138,0.999282407640576,0.11887692315502144,0.8804054844855546
3,2023-04,1,1448,139,0.9993927943963085,0.11833059786312909,0.8810621965331794
3,2023-04,1,1448,140,0.9996698739894979,0.12049231221443282,0.8791775617750651
3,2023-04,1,1448,141,0.9993994041963357,0.12696737624568016,0.8724320279506554
3,2023-04,1,1448,142,0.9994523482611058,0.13267511841573273,0.8667772298453731
3,2023-04,1,1448,143,0.9992617842831741,0.12979537693035106,0.8694664073528231
3,2023-04,1,1448,144,0.9993262206961464,0.11701940736342957,0.8823068133327169
3,2023-04,1,1448,145,0.9993626638802275,0.11675231877967125,0.8826103451005562
3,2023-04,1,1448,146,0.9998933078623313,0.12537043098984557,0.8745228768724858
3,2023-04,1,1448,147,0.999260502530917,0.11872178905492765,0.8805387134759893
3,2023-04,1,1448,148,0.9996715481997485,0.13084695928029505,0.8688245889194535
3,2023-04,1,1448,149,0.999413449840965,0.12342866991605109,0.875984779924914
3,2023-04,1,1448,150,0.9992603635315863,0.12964176800089852,0.8696185955306878
3,2023-04,1,1448,151,0.9996366351832838,0.12256462987388528,0.8770720053093986
3,2023-04,1,1448,152,0.9993939528490849,0.12613132089605555,0.8732626319530294
3,2023-04,1,1448,153,0.9996145788711328,0.13233867495649373,0.867275903914639
3,2023-04,1,1448,154,0.999531001302809,0.12335586159676376,0.8761751397060453
3,2023-04,1,1448,155,0.9993622577746576,0.12159559344444787,0.8777666643302098
3,2023-04,1,1448,156,0.9995410961781714,0.1265473575144681,0.8729937386637033
3,2023-04,1,1448,157,0.9995381470896947,0.12913199299118905,0.8704061540985056
3,2023-04,1,1448,158,0.9992691264407574,0.11621506283347827,0.8830540636072791
3,2023-04,1,1448,159,0.9994325213123036,0.12431970787855853,0.8751128134337451
3,2023-04,1,1448,160,0.9995520930652433,0.12425655605527683,0.8752955370099664
3,2023-04,1,1448,161,0.9995347936599376,0.11918455921763334,0.8803502344423042
3,2023-04,1,1448,162,0.9994467545537463,0.13074193573211626,0.8687048188216301
3,2023-04,1,1448,163,0.9995984344135365,0.1261592456898133,0.8734391887237232
3,2023-04,1,1448,164,0.999818502708461,0.12280726391642686,0.8770112387920341
3,2023-04,1,1448,165,0.9994680871833262,0.12884307374090986,0.8706250134424164
3,2023-04,1,1448,166,0.9995065632539183,0.12417151187637004,0.8753350513775482
3,2023-04,1,1448,167,0.9993123115616702,0.11968284703642232,0.8796294645252479
3,2023-04,1,1448,168,0.9993002163331415,0.12790704498616107,0.8713931713469805
3,2023-04,1,1448,169,0.9989902334118809,0.12276696097942619,0.8762232724324547
3,2023-04,1,1448,170,0.9998984853567311,0.12637364385074337,0.8735248415059877
3,2023-04,1,1448,171,0.9998287458641331,0.1255280577576266,0.8743006881065065
3,2023-04,1,1448,172,0.9998157055254702,0.1206763454933914,0.8791393600320787
3,2023-04,1,1448,173,0.9993099326456514,0.12701345880941378,0.8722964738362375
3,2023-04,1,1448,174,0.9994290472682816,0.1258686164407925,0.8735604308274891
3,2023-04,1,1448,175,0.9991917793757964,0.12675878175342267,0.8724329976223737
3,2023-04,1,1448,176,0.9997295518932159,0.12851519276420342,0.8712143591290125
3,2023-04,1,1448,177,0.9996669387739114,0.12036086588101401,0.8793060728928974
3,2023-04,1,1448,178,0.9996294274174432,0.1216108033392912,0.878018624078152
3,2023-04,1,1448,179,0.998779482556678,0.11771081841066174,0.8810686641460163
3,2023-04,1,1448,180,0.9998378294777338,0.12661175980895195,0.8732260696687819
3,2023-04,1,1448,181,0.999230605926882,0.12592892611350737,0.8733016798133746
3,2023-04,1,1448,182,0.9993753389038441,0.11907370823642827,0.8803016306674158
3,2023-04,1,1448,183,0.9998364587790712,0.12386239072821592,0.8759740680508553
3,2023-04,1,1448,184,0.9996924391895567,0.12761759235979492,0.8720748468297619
3,2023-04,1,1448,185,0.9996744906708401,0.1316803966513168,0.8679940940195233
3,2023-04,1,1448,186,0.9963506094632957,0.12740723751447827,0.8689433719488174
3,2023-04,1,1448,187,0.9988608693351161,0.12797600205431742,0.8708848672807987
3,2023-04,1,1448,188,0.9992331969477846,0.131899341313666,0.8673338556341186
3,2023-04,1,1448,189,0.9997039723644524,0.12592305545847274,0.8737809169059797
3,2023-04,1,1448,190,0.9999285589746353,0.12779971615572158,0.8721288428189137
3,2023-04,1,1448,191,0.999418409402003,0.12134914020353292,0.8780692691984701
3,2023-04,1,1448,192,0.9992352064483672,0.11730961694088654,0.8819255895074807
3,2023-04,1,1448,193,0.9993876444931383,0.1318790413520645,0.8675086031410738
3,2023-04,1,1448,194,0.9996495704375835,0.12836302921815415,0.8712865412194294
3,2023-04,1,1448,195,0.9996246937400701,0.11861268073784015,0.88101201300223
3,2023-04,1,1448,196,0.9998253922601998,0.1247380629879978,0.875087329272202
3,2023-04,1,1448,197,0.9996552716145978,0.12395398389497544,0.8757012877196223
3,2023-04,1,1448,198,0.9981288765479956,0.12230747317335218,0.8758214033746434
3,2023-04,1,1448,199,0.9996590699213096,0.12375264191926752,0.8759064280020421
4,2023-05,0,1446,0,0.9995496854895447,0.11948940539926123,0.8800602800902835
4,2023-05,0,1446,1,0.9990624144335354,0.1208911664841904,0.878171247949345
4,2023-05,0,1446,2,0.999658292054873,0.12364553462296601,0.876012757431907
4,2023-05,0,1446,3,0.9989995702894835,0.12706273077150257,0.871936839517981
4,2023-05,0,1446,4,0.9993216932397239,0.11946906046027027,0.8798526327794536
4,2023-05,0,1446,5,0.9996693447565095,0.12023572013537126,0.8794336246211383
4,2023-05,0,1446,6,0.9988429306744118,0.12212899213447338,0.8767139385399384
4,2023-05,0,1446,7,0.9995854644350814,0.12046948964690973,0.8791159747881717
4,2023-05,0,1446,8,0.999481754726481,0.1175264891690748,0.8819552655574062
4,2023-05,0,1446,9,0.999006353140658,0.12293939311160017,0.8760669600290578
4,2023-05,0,1446,10,0.9995373734532064,0.11387018629611038,0.885667187157096
4,2023-05,0,1446,11,0.999300209945695,0.1125364569080076,0.8867637530376874
4,2023-05,0,1446,12,0.9989835159890962,0.12041781091121452,0.8785657050778817
4,2023-05,0,1446,13,0.9992320300586827,0.12066040949082478,0.8785716205678579
4,2023-05,0,1446,14,0.9998907669333191,0.12035976839987582,0.8795309985334433
4,2023-05,0,1446,15,0.9994012498957741,0.12859602002668036,0.8708052298690937
4,2023-05,0,1446,16,0.9998158991652457,0.12147319648900363,0.878342702676242
4,2023-05,0,1446,17,0.9992610713847143,0.1219523586521046,0.8773087127326097
4,2023-05,0,1446,18,0.9996967876563164,0.12179579028823002,0.8779009973680864
4,2023-05,0,1446,19,0.9992642053170298,0.1154940989400594,0.8837701063769704
4,2023-05,0,1446,20,0.9998228375039293,0.12094598602835546,0.8788768514755738
4,2023-05,0,1446,21,0.9994695447912285,0.11450727787789924,0.8849622669133292
4,2023-05,0,1446,22,0.9988122069707233,0.11796854996960748,0.8808436570011158
4,2023-05,0,1446,23,0.9991180084096549,0.11499155537663994,0.884126453033015
4,2023-05,0,1446,24,0.9998090766452618,0.11914601123729184,0.8806630654079699
4,2023-05,0,1446,25,0.9990382228740029,0.12290924157103826,0.8761289813029647
4,2023-05,0,1446,26,0.9999371482558777,0.1212489995987216,0.878688148657156
4,2023-05,0,1446,27,0.9998120630849971,0.1198792370397181,0.879932826045279
4,2023-05,0,1446,28,0.9997547219767281,0.12250160242979533,0.8772531195469327
4,2023-05,0,1446,29,0.9989503476436574,0.11967716150831727,0.8792731861353401
4,2023-05,0,1446,30,0.9996488837503829,0.1229054848983987,0.8767433988519842
4,2023-05,0,1446,31,0.9997079509501068,0.11779427393660276,0.881913677013504
4,2023-05,0,1446,32,0.999457403248997,0.12453323856827275,0.8749241646807242
4,2023-05,0,1446,33,0.9989119812255108,0.1298634355314033,0.8690485456941075
4,2023-05,0,1446,34,0.9992746894509947,0.11362016484138071,0.885654524609614
4,2023-05,0,1446,35,0.9989777746233496,0.1283781986892856,0.870599575934064
4,2023-05,0,1446,36,0.9997382131210332,0.12314668474450415,0.876591528376529
4,2023-05,0,1446,37,0.9994567965653679,0.12530325135541426,0.8741535452099536
4,2023-05,0,1446,38,0.9992510883444442,0.12618115724328918,0.873069931101155
4,2023-05,0,1446,39,0.9993321302744997,0.1173897464648537,0.8819423838096461
4,2023-05,0,1446,40,0.9996106467055262,0.1265239262546046,0.8730867204509216
4,2023-05,0,1446,41,0.9993050009697821,0.1165519667573619,0.8827530342124202
4,2023-05,0,1446,42,0.999204425891902,0.12286530663712789,0.876339119254774
4,2023-05,0,1446,43,0.9996006137055188,0.12008315706981755,0.8795174566357012
4,2023-05,0,1446,44,0.9992101246892947,0.12022784519106779,0.8789822794982269
4,2023-05,0,1446,45,0.9995017225907268,0.12901976864217735,0.8704819539485494
4,2023-05,0,1446,46,0.9995252851095212,0.11727421324190238,0.8822510718676189
4,2023-05,0,1446,47,0.9993202879779535,0.12893856265755638,0.8703817253203971
4,2023-05,0,1446,48,0.9995586091702363,0.12802859566936767,0.8715300135008687
4,2023-05,0,1446,49,0.9996643784829846,0.12467713140150671,0.8749872470814779
4,2023-05,0,1446,50,0.9996471118257729,0.11981875058041196,0.879828361245361
4,2023-05,0,1446,51,0.9998054494820338,0.118545585983288,0.8812598634987457
4,2023-05,0,1446,52,0.9996824127320881,0.12306860709642475,0.8766138056356634
4,2023-05,0,1446,53,0.9995965359219907,0.12876831492245652,0.8708282209995342
4,2023-05,0,1446,54,0.99926377839565,0.11983351052621238,0.8794302678694376
4,2023-05,0,1446,55,0.9993924388565745,0.11772851270065102,0.8816639261559235
4,2023-05,0,1446,56,0.9992673684443533,0.12115222944264929,0.878115139001704
4,2023-05,0,1446,57,0.9996854421656368,0.12447131764117404,0.8752141245244628
4,2023-05,0,1446,58,0.9991939280820712,0.11893844429579814,0.880255483786273
4,2023-05,0,1446,59,0.9996537434771592,0.11879061452900137,0.8808631289481578
4,2023-05,0,1446,60,0.9984367103305177,0.11495442197880838,0.8834822883517094
4,2023-05,0,1446,61,0.9989294344309876,0.11943355903045905,0.8794958754005285
4,2023-05,0,1446,62,0.9997774190846022,0.1270320759292704,0.8727453431553318
4,2023-05,0,1446,63,0.9995958410108103,0.12398892571766226,0.875606915293148
4,2023-05,0,1446,64,0.9993930184027543,0.1212942731284673,0.878098745274287
4,2023-05,0,1446,65,0.9995166621170134,0.11683018472392623,0.8826864773930871
4,2023-05,0,1446,66,0.9992118698169489,0.13089738979593935,0.8683144800210095
4,2023-05,0,1446,67,0.9998036566462071,0.12097237488026591,0.8788312817659412
4,2023-05,0,1446,68,0.9987341906662116,0.12100943114997094,0.8777247595162406
4,2023-05,0,1446,69,0.9989648999391361,0.12801831964148208,0.8709465802976539
4,2023-05,0,1446,70,0.9996983734854666,0.12185381589052091,0.8778445575949457
4,2023-05,0,1446,71,0.9992723425087646,0.1259885924192808,0.8732837500894839
4,2023-05,0,1446,72,0.9997202285068028,0.11793303142956107,0.8817871970772417
4,2023-05,0,1446,73,0.9990989200222907,0.12906064962586042,0.8700382703964303
4,2023-05,0,1446,74,0.9991991756012388,0.12474908307953156,0.8744500925217072
4,2023-05,0,1446,75,0.9993204193886649,0.11595150490451345,0.8833689144841514
4,2023-05,0,1446,76,0.9997073674993625,0.12118806839621425,0.8785192991031483
4,2023-05,0,1446,77,0.9993590785417314,0.1271748703709101,0.8721842081708213
4,2023-05,0,1446,78,0.9994801750861843,0.12642516677317092,0.8730550083130133
4,2023-05,0,1446,79,0.9987184162146202,0.12442369536551745,0.8742947208491028
4,2023-05,0,1446,80,0.9994530020710329,0.11723803060765747,0.8822149714633755
4,2023-05,0,1446,81,0.9995622606714258,0.12709275093294545,0.8724695097384804
4,2023-05,0,1446,82,0.999827570092064,0.12151381645272974,0.8783137536393343
4,2023-05,0,1446,83,0.9992700059152823,0.11719807107879411,0.8820719348364882
4,2023-05,0,1446,84,0.9997561803750854,0.11806796635718107,0.8816882140179043
4,2023-05,0,1446,85,0.9998369692788788,0.12495752904663837,0.8748794402322404
4,2023-05,0,1446,86,0.9994637178234116,0.1298191105656978,0.8696446072577138
4,2023-05,0,1446,87,0.9993857129515205,0.12207222991953227,0.8773134830319882
4,2023-05,0,1446,88,0.9993304986102989,0.12833320785156202,0.8709972907587369
4,2023-05,0,1446,89,0.9989477746206608,0.12575814720102935,0.8731896274196314
4,2023-05,0,1446,90,0.9991754095709406,0.1197085318049854,0.8794668777659552
4,2023-05,0,1446,91,0.9990193191567494,0.1242113158208462,0.8748080033359031
4,2023-05,0,1446,92,0.9996986904469444,0.12384320328011458,0.8758554871668298
4,2023-05,0,1446,93,0.999287653827133,0.11585336808390817,0.8834342857432249
4,2023-05,0,1446,94,0.9989041705432746,0.12893575078832492,0.8699684197549498
4,2023-05,0,1446,95,0.9993092422729002,0.12940956439971002,0.8698996778731902
4,2023-05,0,1446,96,0.9995211485351425,0.12414139870737324,0.8753797498277692
4,2023-05,0,1446,97,0.9990892897366191,0.11127187214221965,0.8878174175943995
4,2023-05,0,1446,98,0.9998426486114352,0.12163186541633562,0.8782107831950996
4,2023-05,0,1446,99,0.9996870777311446,0.11994451701275775,0.8797425607183869
4,2023-05,0,1446,100,0.9988516809359305,0.12294288638977051,0.87590879454616
4,2023-05,0,1446,101,0.999865897171444,0.12527701719514975,0.8745888799762943
4,2023-05,0,1446,102,0.9992722182528258,0.13288326347338644,0.8663889547794393
4,2023-05,0,1446,103,0.9991057352306664,0.12331954004455216,0.8757861951861142
4,2023-05,0,1446,104,0.9994450963139868,0.12364011890933403,0.8758049774046528
4,2023-05,0,1446,105,0.999792503830135,0.12278247541958522,0.8770100284105498
4,2023-05,0,1446,106,0.9992735471388611,0.11948421316881347,0.8797893339700475
4,2023-05,0,1446,107,0.9996671123294398,0.11885185014271746,0.8808152621867223
4,2023-05,0,1446,108,0.998117551623141,0.13154319508522158,0.8665743565379194
4,2023-05,0,1446,109,0.9998329348150591,0.11971132999446948,0.8801216048205895
4,2023-05,0,1446,110,0.9991219821727525,0.1123097561340593,0.8868122260386933
4,2023-05,0,1446,111,0.9997303374591603,0.11708227939369739,0.8826480580654629
4,2023-05,0,1446,112,0.9992961514214899,0.12230886945268113,0.8769872819688087
4,2023-05,0,1446,113,0.9998690269289711,0.12479598866288659,0.8750730382660845
4,2023-05,0,1446,114,0.9998337352981637,0.12281996426731874,0.8770137710308449
4,2023-05,0,1446,115,0.9993939791584949,0.12979061062444452,0.8696033685340504
4,2023-05,0,1446,116,0.9997244095505478,0.1172980545771986,0.8824263549733492
4,2023-05,0,1446,117,0.9999448526756426,0.12391332593016223,0.8760315267454803
4,2023-05,0,1446,118,0.9994840521918655,0.12145259317350508,0.8780314590183604
4,2023-05,0,1446,119,0.9993632050061735,0.12369914372766859,0.8756640612785049
4,2023-05,0,1446,120,0.9989666166693569,0.12648975489855552,0.8724768617708014
4,2023-05,0,1446,121,0.9990577106279614,0.12865016484295236,0.8704075457850091
4,2023-05,0,1446,122,0.9997950551646207,0.123001124336167,0.8767939308284538
4,2023-05,0,1446,123,0.9988862475348335,0.12424940112775085,0.8746368464070826
4,2023-05,0,1446,124,0.9997812518375031,0.12419621841772434,0.8755850334197788
4,2023-05,0,1446,125,0.9998924791216753,0.12380105457223332,0.876091424549442
4,2023-05,0,1446,126,0.9997706321426412,0.12142488690407376,0.8783457452385675
4,2023-05,0,1446,127,0.9999696729864528,0.12292058307843573,0.877049089908017
4,2023-05,0,1446,128,0.9996261623092828,0.11942825614556184,0.880197906163721
4,2023-05,0,1446,129,0.9992267087255261,0.12259996277582343,0.8766267459497027
4,2023-05,0,1446,130,0.9998121014851358,0.12385397120579347,0.8759581302793423
4,2023-05,0,1446,131,0.998350481747915,0.11279821576150417,0.8855522659864108
4,2023-05,0,1446,132,0.9997018305946831,0.12021210009323725,0.8794897305014459
4,2023-05,0,1446,133,0.9995417077706581,0.12154068964175409,0.878001018128904
4,2023-05,0,1446,134,0.9990604737991294,0.12825645960967866,0.8708040141894507
4,2023-05,0,1446,135,0.9994730888676197,0.12692232280297336,0.8725507660646463
4,2023-05,0,1446,136,0.9997144891497008,0.11795953565399687,0.881754953495704
4,2023-05,0,1446,137,0.9995342462276573,0.116709563815712,0.8828246824119453
4,2023-05,0,1446,138,0.9998210131782875,0.11969597959778935,0.8801250335804982
4,2023-05,0,1446,139,0.9999215731680252,0.12172617424991168,0.8781953989181135
4,2023-05,0,1446,140,0.9996289421904765,0.1252585140170671,0.8743704281734094
4,2023-05,0,1446,141,0.9998747218797875,0.11889376435076371,0.8809809575290238
4,2023-05,0,1446,142,0.9987907718199044,0.12215875869929774,0.8766320131206067
4,2023-05,0,1446,143,0.9993737220297794,0.11789221433722441,0.881481507692555
4,2023-05,0,1446,144,0.9997694034096717,0.12067732966438614,0.8790920737452855
4,2023-05,0,1446,145,0.9997626549941225,0.12333868411007187,0.8764239708840507
4,2023-05,0,1446,146,0.9988087296457955,0.11367454204611534,0.8851341875996801
4,2023-05,0,1446,147,0.9989811669472513,0.11974557383989688,0.8792355931073543
4,2023-05,0,1446,148,0.9988595228995608,0.12281514803351806,0.8760443748660427
4,2023-05,0,1446,149,0.9998989019271222,0.12105880411454072,0.8788400978125814
4,2023-05,0,1446,150,0.9995244014285688,0.12399718506762014,0.8755272163609487
4,2023-05,0,1446,151,0.9996261003731836,0.12320946295770892,0.8764166374154746
4,2023-05,0,1446,152,0.9990487307671791,0.1246687497219044,0.8743799810452747
4,2023-05,0,1446,153,0.9990988532322392,0.13360981351221207,0.8654890397200272
4,2023-05,0,1446,154,0.9996624701265281,0.12283017037278846,0.8768322997537397
4,2023-05,0,1446,155,0.9993216492297122,0.1189138991060463,0.8804077501236659
4,2023-05,0,1446,156,0.9984889216419852,0.11702136292709411,0.8814675587148911
4,2023-05,0,1446,157,0.9987549501694319,0.12435604985139208,0.8743989003180399
4,2023-05,0,1446,158,0.9995685506848027,0.12359758181382002,0.8759709688709827
4,2023-05,0,1446,159,0.9992737409844334,0.11982678547293715,0.8794469555114963
4,2023-05,0,1446,160,0.999007873781256,0.11511304513966976,0.8838948286415862
4,2023-05,0,1446,161,0.999700220910965,0.12561077234821347,0.8740894485627515
4,2023-05,0,1446,162,0.9996598475005704,0.12191527149655187,0.8777445760040185
4,2023-05,0,1446,163,0.9994020937168027,0.12945913084925778,0.8699429628675449
4,2023-05,0,1446,164,0.9992871732397988,0.11715896637019703,0.8821282068696017
4,2023-05,0,1446,165,0.9996033683597823,0.12380421873066037,0.8757991496291219
4,2023-05,0,1446,166,0.999731372660123,0.12054972700515905,0.8791816456549639
4,2023-05,0,1446,167,0.9988228390811752,0.12629932057118434,0.8725235185099909
4,2023-05,0,1446,168,0.9993196996396063,0.11275808604256385,0.8865616135970424
4,2023-05,0,1446,169,0.9996153946276599,0.11746236585668358,0.8821530287709763
4,2023-05,0,1446,170,0.9991427254355433,0.12869855322812884,0.8704441722074144
4,2023-05,0,1446,171,0.9968824713303854,0.12041360109459859,0.8764688702357868
4,2023-05,0,1446,172,0.9994051642935079,0.12463136361862275,0.8747738006748852
4,2023-05,0,1446,173,0.9980865144012917,0.13466613040773934,0.8634203839935524
4,2023-05,0,1446,174,0.9998876070353044,0.11837798379052941,0.881509623244775
4,2023-05,0,1446,175,0.9999175154408946,0.1241226612971432,0.8757948541437514
4,2023-05,0,1446,176,0.9997654938649756,0.12072945575796647,0.8790360381070091
4,2023-05,0,1446,177,0.9994904709664293,0.12294988221280244,0.8765405887536268
4,2023-05,0,1446,178,0.9995140063713623,0.12777452152590607,0.8717394848454563
4,2023-05,0,1446,179,0.999702460488937,0.12469582402189236,0.8750066364670446
4,2023-05,0,1446,180,0.9994899860039268,0.1207503107485441,0.8787396752553827
4,2023-05,0,1446,181,0.9995011992925884,0.11774538113329884,0.8817558181592896
4,2023-05,0,1446,182,0.9981532960208759,0.12611513265115346,0.8720381633697224
4,2023-05,0,1446,183,0.9986416943421503,0.1267115881159019,0.8719301062262484
4,2023-05,0,1446,184,0.9997204063810912,0.12010412253919346,0.8796162838418977
4,2023-05,0,1446,185,0.9994159377186811,0.1217223996550387,0.8776935380636424
4,2023-05,0,1446,186,0.9995791240715457,0.1192272143640917,0.880351909707454
4,2023-05,0,1446,187,0.9985219662242256,0.11252506109153826,0.8859969051326874
4,2023-05,0,1446,188,0.9996196282383433,0.11622097192548381,0.8833986563128595
4,2023-05,0,1446,189,0.999687487102565,0.12647367958664704,0.873213807515918
4,2023-05,0,1446,190,0.9994854408800924,0.12444545632859866,0.8750399845514938
4,2023-05,0,1446,191,0.9993732213693539,0.11869069365244393,0.88068252771691
4,2023-05,0,1446,192,0.9997028669232646,0.12008393018729759,0.879618936735967
4,2023-05,0,1446,193,0.9993900211120802,0.11782381438797017,0.88156620672411
4,2023-05,0,1446,194,0.9985946542755705,0.12094331564214995,0.8776513386334205
4,2023-05,0,1446,195,0.9994920408864724,0.1254828594337638,0.8740091814527086
4,2023-05,0,1446,196,0.9992768220899859,0.11385689730875935,0.8854199247812266
4,2023-05,0,1446,197,0.9999056654276003,0.12434895339801523,0.8755567120295851
4,2023-05,0,1446,198,0.9999112771637267,0.1217819428474252,0.8781293343163016
4,2023-05,0,1446,199,0.9995603766116731,0.11867174967638619,0.8808886269352869
4,2023-05,1,450,0,0.9982480006343871,0.13584302117544572,0.8624049794589415
4,2023-05,1,450,1,0.9976237092339358,0.12529667304330308,0.8723270361906328
4,2023-05,1,450,2,0.9934929898278453,0.10901958942356413,0.8844734004042811
4,2023-05,1,450,3,0.9965607658719785,0.10581981260511468,0.8907409532668639
4,2023-05,1,450,4,0.996998498563836,0.13247654584618623,0.8645219527176498
4,2023-05,1,450,5,0.9977022052527886,0.10496714896397465,0.892735056288814
4,2023-05,1,450,6,0.9993889185007016,0.11727257042806179,0.8821163480726397
4,2023-05,1,450,7,0.9994326453637323,0.12600556039644295,0.8734270849672894
4,2023-05,1,450,8,0.9987257264596028,0.1291072367296361,0.8696184897299667
4,2023-05,1,450,9,0.9935401179086271,0.13524746958637507,0.8582926483222519
4,2023-05,1,450,10,0.999593788165062,0.12792858361471576,0.8716652045503461
4,2023-05,1,450,11,0.9980892367081823,0.13135555336579793,0.8667336833423843
4,2023-05,1,450,12,0.9977619756942329,0.11591185696592164,0.8818501187283112
4,2023-05,1,450,13,0.9994490887203852,0.11827036441608087,0.8811787243043043
4,2023-05,1,450,14,0.9979437475293229,0.11688094120068598,0.881062806328637
4,2023-05,1,450,15,0.9971391799532194,0.10630757579762584,0.8908316041555936
4,2023-05,1,450,16,0.9986217132221256,0.12238403086652119,0.8762376823556044
4,2023-05,1,450,17,0.9950777557423373,0.12682586574294555,0.8682518899993917
4,2023-05,1,450,18,0.9966065756731893,0.1185785669597256,0.8780280087134638
4,2023-05,1,450,19,0.9992537489194904,0.12539391630198868,0.8738598326175017
4,2023-05,1,450,20,0.997649706815064,0.1165006024632898,0.8811491043517743
4,2023-05,1,450,21,0.9951090910265936,0.11739019360144663,0.877718897425147
4,2023-05,1,450,22,0.9979740285108568,0.12456321639209732,0.8734108121187595
4,2023-05,1,450,23,0.9967433551782612,0.11921087531134278,0.8775324798669184
4,2023-05,1,450,24,0.9982375875264148,0.1215884788028537,0.876649108723561
4,2023-05,1,450,25,0.9995645694187789,0.12373928279177611,0.8758252866270028
4,2023-05,1,450,26,0.9983488573989395,0.1359856906617745,0.8623631667371651
4,2023-05,1,450,27,0.9985209711963654,0.12771084010442005,0.8708101310919454
4,2023-05,1,450,28,0.9979136165013457,0.13418930079681954,0.8637243157045261
4,2023-05,1,450,29,0.9988201455625504,0.1262951030903969,0.8725250424721535
4,2023-05,1,450,30,0.994532902931456,0.11561091903953957,0.8789219838919164
4,2023-05,1,450,31,0.9988595155060805,0.12244484316603287,0.8764146723400477
4,2023-05,1,450,32,0.9978669548718229,0.12360143080197666,0.8742655240698463
4,2023-05,1,450,33,0.9946720160586588,0.12047652115751871,0.8741954949011401
4,2023-05,1,450,34,0.9968118345294795,0.11971621457689417,0.8770956199525853
4,2023-05,1,450,35,0.9991554510996542,0.11725720752648384,0.8818982435731704
4,2023-05,1,450,36,0.9949480226488538,0.13007302246389846,0.8648750001849554
4,2023-05,1,450,37,0.9979769025749987,0.12550634960230536,0.8724705529726934
4,2023-05,1,450,38,0.9991073985655423,0.12103096563823647,0.8780764329273059
4,2023-05,1,450,39,0.9975118339455235,0.11201423401495933,0.8854975999305641
4,2023-05,1,450,40,0.9990994258627847,0.12078128932672849,0.8783181365360562
4,2023-05,1,450,41,0.9977180865617552,0.13484162333671443,0.8628764632250407
4,2023-05,1,450,42,0.9966813995703097,0.14018227553332516,0.8564991240369845
4,2023-05,1,450,43,0.998927687896457,0.12621441942779957,0.8727132684686575
4,2023-05,1,450,44,0.9956765055172289,0.11368342027740122,0.8819930852398277
4,2023-05,1,450,45,0.9984194842610322,0.1131143838667847,0.8853051003942475
4,2023-05,1,450,46,0.9983591504896157,0.10851386649014294,0.8898452839994727
4,2023-05,1,450,47,0.9993902923768858,0.121165575603293,0.8782247167735928
4,2023-05,1,450,48,0.9999752341654252,0.12212861326280526,0.87784662090262
4,2023-05,1,450,49,0.9962874809337185,0.11147142459294586,0.8848160563407726
4,2023-05,1,450,50,0.9959515599270311,0.14053570574751095,0.8554158541795202
4,2023-05,1,450,51,0.9982922626401693,0.12414820328265799,0.8741440593575114
4,2023-05,1,450,52,0.9995262015565215,0.12073140489945591,0.8787947966570656
4,2023-05,1,450,53,0.9990513934080408,0.11674869004210738,0.8823027033659334
4,2023-05,1,450,54,0.9996384121386722,0.12868035128473518,0.870958060853937
4,2023-05,1,450,55,0.996788466160651,0.10440191989919233,0.8923865462614586
4,2023-05,1,450,56,0.9982106765964337,0.12496545252585793,0.8732452240705758
4,2023-05,1,450,57,0.9975036096283998,0.1258077068432527,0.8716959027851471
4,2023-05,1,450,58,0.9941883315318644,0.1359713498784842,0.8582169816533802
4,2023-05,1,450,59,0.998122463509665,0.1147966621822072,0.8833258013274579
4,2023-05,1,450,60,0.9978183742003467,0.12726846441127126,0.8705499097890754
4,2023-05,1,450,61,0.996355624610809,0.14580358298232776,0.8505520416284812
4,2023-05,1,450,62,0.9955913546764509,0.11723226630112867,0.8783590883753222
4,2023-05,1,450,63,0.9985339822647311,0.12708719250603603,0.871446789758695
4,2023-05,1,450,64,0.9963146457448997,0.12578543671986206,0.8705292090250376
4,2023-05,1,450,65,0.9975377009071553,0.1142197736608203,0.8833179272463351
4,2023-05,1,450,66,0.9968222102120063,0.12715465369019469,0.8696675565218117
4,2023-05,1,450,67,0.9988131260737598,0.12176786154083051,0.8770452645329293
4,2023-05,1,450,68,0.998392699059561,0.11907535858599957,0.8793173404735614
4,2023-05,1,450,69,0.9989010229738112,0.1222248363959014,0.8766761865779098
4,2023-05,1,450,70,0.9986136149779771,0.13145147658306036,0.8671621383949167
4,2023-05,1,450,71,0.9968219080560111,0.12393727076069877,0.8728846372953123
4,2023-05,1,450,72,0.9960980503783957,0.11392701321665831,0.8821710371617374
4,2023-05,1,450,73,0.9989640316902687,0.1240623377431545,0.8749016939471141
4,2023-05,1,450,74,0.9989058211783606,0.11633565702735728,0.8825701641510033
4,2023-05,1,450,75,0.9991391732595132,0.11920744713858865,0.8799317261209245
4,2023-05,1,450,76,0.9942026936855822,0.13423237803050647,0.8599703156550758
4,2023-05,1,450,77,0.9982935036235553,0.11998113957291781,0.8783123640506375
4,2023-05,1,450,78,0.9965550297412383,0.1064916641840931,0.8900633655571453
4,2023-05,1,450,79,0.9989191859849493,0.11135468379347412,0.8875645021914752
4,2023-05,1,450,80,0.9936177188441276,0.10929109076305416,0.8843266280810735
4,2023-05,1,450,81,0.99607136549321,0.1112664311785577,0.8848049343146522
4,2023-05,1,450,82,0.9982027723183057,0.11796396362759691,0.8802388086907088
4,2023-05,1,450,83,0.9992575276259361,0.11877579492268704,0.880481732703249
4,2023-05,1,450,84,0.9982776131136537,0.1127840690660706,0.8854935440475831
4,2023-05,1,450,85,0.9988451848955527,0.12145922108205864,0.8773859638134941
4,2023-05,1,450,86,0.9993980974654496,0.11710816375270643,0.8822899337127432
4,2023-05,1,450,87,0.9985366311507957,0.1327845181627271,0.8657521129880686
4,2023-05,1,450,88,0.9985263938827766,0.12960689507983658,0.8689194988029401
4,2023-05,1,450,89,0.9987098269480895,0.11031094923456909,0.8883988777135204
4,2023-05,1,450,90,0.9965803443989095,0.12760071810430365,0.8689796262946059
4,2023-05,1,450,91,0.9977903553255718,0.12744940664461418,0.8703409486809577
4,2023-05,1,450,92,0.9977259549959342,0.1240304114506787,0.8736955435452555
4,2023-05,1,450,93,0.9992925281867764,0.12542364912964937,0.873868879057127
4,2023-05,1,450,94,0.997977255295565,0.11709683439221381,0.8808804209033512
4,2023-05,1,450,95,0.9991509456696636,0.12704677588678476,0.8721041697828789
4,2023-05,1,450,96,0.9971558456116063,0.1377514975699116,0.8594043480416947
4,2023-05,1,450,97,0.998846012532664,0.11838954592205482,0.8804564666106092
4,2023-05,1,450,98,0.9931888308661664,0.10209788315932788,0.8910909477068385
4,2023-05,1,450,99,0.9969796361699037,0.10973128783547957,0.8872483483344241
4,2023-05,1,450,100,0.9965997583026243,0.109138876630243,0.8874608816723812
4,2023-05,1,450,101,0.9987595093991992,0.12966616246928597,0.8690933469299132
4,2023-05,1,450,102,0.9994434540860666,0.12225018353917176,0.8771932705468949
4,2023-05,1,450,103,0.998983810817446,0.12718481092813316,0.8717989998893129
4,2023-05,1,450,104,0.9992860940449918,0.1128373461742312,0.8864487478707606
4,2023-05,1,450,105,0.9981235553762469,0.10990233257596518,0.8882212228002817
4,2023-05,1,450,106,0.9985350557623133,0.11862565559187781,0.8799094001704355
4,2023-05,1,450,107,0.9955242814987875,0.13967790160615082,0.8558463798926367
4,2023-05,1,450,108,0.9975435401826049,0.13866041012076857,0.8588831300618364
4,2023-05,1,450,109,0.9958635795022763,0.10056815796680746,0.8952954215354689
4,2023-05,1,450,110,0.9994787971655875,0.11931955582020655,0.8801592413453809
4,2023-05,1,450,111,0.9980454139244954,0.12586481810287092,0.8721805958216244
4,2023-05,1,450,112,0.9984747093655101,0.13859738485075623,0.8598773245147538
4,2023-05,1,450,113,0.9978156623746395,0.12455851960080168,0.8732571427738378
4,2023-05,1,450,114,0.9986745901786381,0.11230401855413523,0.886370571624503
4,2023-05,1,450,115,0.9938194455292906,0.09483074779043979,0.8989886977388508
4,2023-05,1,450,116,0.9992180600397028,0.11801798049036842,0.8812000795493344
4,2023-05,1,450,117,0.9983865939071201,0.12229351274872688,0.8760930811583932
4,2023-05,1,450,118,0.994622311248313,0.10601729340165889,0.8886050178466541
4,2023-05,1,450,119,0.9989355203671004,0.11901023589631171,0.8799252844707888
4,2023-05,1,450,120,0.9944395560988821,0.10957458549315033,0.8848649706057318
4,2023-05,1,450,121,0.9968643825510768,0.11434614935658961,0.8825182331944872
4,2023-05,1,450,122,0.9971978171468303,0.1392371479970246,0.8579606691498057
4,2023-05,1,450,123,0.998077429444025,0.1252475124762697,0.8728299169677554
4,2023-05,1,450,124,0.9986231866058756,0.11729934697226731,0.8813238396336083
4,2023-05,1,450,125,0.9997208644291422,0.12425855522809603,0.8754623092010462
4,2023-05,1,450,126,0.9974076374711283,0.14095339319490674,0.8564542442762215
4,2023-05,1,450,127,0.9997009360243757,0.12413058462907645,0.8755703513952993
4,2023-05,1,450,128,0.9969349691727826,0.13470460064332251,0.8622303685294601
4,2023-05,1,450,129,0.9980969847233288,0.11932755204699554,0.8787694326763332
4,2023-05,1,450,130,0.9990150319260771,0.11746643482801225,0.8815485970980649
4,2023-05,1,450,131,0.997276639915352,0.13170681314028668,0.8655698267750653
4,2023-05,1,450,132,0.9982537650432788,0.13036779810513444,0.8678859669381443
4,2023-05,1,450,133,0.9987646528041412,0.1088312279921056,0.8899334248120356
4,2023-05,1,450,134,0.9980525733752873,0.13328226967668907,0.8647703036985982
4,2023-05,1,450,135,0.9987051017749555,0.11598881518165916,0.8827162865932964
4,2023-05,1,450,136,0.999543622144654,0.11756602534966279,0.8819775967949912
4,2023-05,1,450,137,0.9978743936792159,0.13040657860596966,0.8674678150732462
4,2023-05,1,450,138,0.9987907169292257,0.11727742548516949,0.8815132914440562
4,2023-05,1,450,139,0.9984166452276381,0.1227285192921466,0.8756881259354915
4,2023-05,1,450,140,0.9998426450444509,0.1236382425120633,0.8762044025323875
4,2023-05,1,450,141,0.9970063051908283,0.11930097996404312,0.8777053252267852
4,2023-05,1,450,142,0.9968666050037163,0.11941790990720376,0.8774486950965125
4,2023-05,1,450,143,0.9990607586649526,0.1264497214025413,0.8726110372624113
4,2023-05,1,450,144,0.9928714622219852,0.1388302417840626,0.8540412204379226
4,2023-05,1,450,145,0.9989239759574927,0.1098915263256598,0.8890324496318329
4,2023-05,1,450,146,0.9961461720864325,0.10371468507378692,0.8924314870126456
4,2023-05,1,450,147,0.9986812612407899,0.11773871260896814,0.8809425486318218
4,2023-05,1,450,148,0.9988097867948732,0.1320473567788376,0.8667624300160356
4,2023-05,1,450,149,0.9917735304329773,0.11650953859085794,0.8752639918421194
4,2023-05,1,450,150,0.9973249916833278,0.10469038200722999,0.8926346096760978
4,2023-05,1,450,151,0.9982075592740297,0.11067866948359033,0.8875288897904394
4,2023-05,1,450,152,0.9997211022524161,0.11980902411432305,0.879912078138093
4,2023-05,1,450,153,0.9944116866614475,0.12452320238432972,0.8698884842771178
4,2023-05,1,450,154,0.9994952036574658,0.12397597385453266,0.8755192298029332
4,2023-05,1,450,155,0.9989486566859814,0.13105221140090742,0.867896445285074
4,2023-05,1,450,156,0.998338004424989,0.12881033148819795,0.869527672936791
4,2023-05,1,450,157,0.9945710449702543,0.12262409838900029,0.8719469465812539
4,2023-05,1,450,158,0.9989220756545969,0.10959422651416034,0.8893278491404366
4,2023-05,1,450,159,0.9979443645347931,0.12637855214908433,0.8715658123857087
4,2023-05,1,450,160,0.9978333307397278,0.12307330025820974,0.8747600304815181
4,2023-05,1,450,161,0.9996587365355417,0.12199466676925359,0.8776640697662881
4,2023-05,1,450,162,0.9958094088238658,0.12141849377441484,0.874390915049451
4,2023-05,1,450,163,0.9961344176923578,0.1075282221102988,0.888606195582059
4,2023-05,1,450,164,0.9957443207566296,0.1316248201979924,0.8641195005586372
4,2023-05,1,450,165,0.9950150028645666,0.1028007773134225,0.892214225551144
4,2023-05,1,450,166,0.9956229607405683,0.126117525426334,0.8695054353142343
4,2023-05,1,450,167,0.9983983805675545,0.12431186691627605,0.8740865136512784
4,2023-05,1,450,168,0.9979712646560225,0.11131928581518312,0.8866519788408393
4,2023-05,1,450,169,0.999915096031268,0.12448719079746852,0.8754279052337995
4,2023-05,1,450,170,0.9978766866201542,0.10841843850214743,0.8894582481180068
4,2023-05,1,450,171,0.9996469224728637,0.12552077660048327,0.8741261458723804
4,2023-05,1,450,172,0.9983107670524146,0.12465070531997831,0.8736600617324363
4,2023-05,1,450,173,0.999651565298709,0.11549033968789385,0.8841612256108151
4,2023-05,1,450,174,0.9978684000124224,0.12907718453704375,0.8687912154753786
4,2023-05,1,450,175,0.9969911718495742,0.12932790012379475,0.8676632717257795
4,2023-05,1,450,176,0.9985426936136901,0.11143546337120466,0.8871072302424854
4,2023-05,1,450,177,0.9992177553110393,0.12016333521954048,0.8790544200914988
4,2023-05,1,450,178,0.9991158346576333,0.11669557156365805,0.8824202630939753
4,2023-05,1,450,179,0.9973208419675933,0.10657340399588926,0.8907474379717041
4,2023-05,1,450,180,0.9961252437065741,0.12405712498502194,0.8720681187215521
4,2023-05,1,450,181,0.9995287371505331,0.12228690452294616,0.877241832627587
4,2023-05,1,450,182,0.9977558795966278,0.11659524425213838,0.8811606353444894
4,2023-05,1,450,183,0.9974842080374821,0.1244932982235827,0.8729909098138994
4,2023-05,1,450,184,0.996795077534745,0.10690344164783235,0.8898916358869127
4,2023-05,1,450,185,0.9966012708324514,0.1270792739829261,0.8695219968495254
4,2023-05,1,450,186,0.9997813808497483,0.12170429985194249,0.8780770809978058
4,2023-05,1,450,187,0.9955360192227618,0.12338011696243474,0.872155902260327
4,2023-05,1,450,188,0.9982951248601616,0.11723860135396154,0.8810565235062
4,2023-05,1,450,189,0.9995365333990588,0.1282982997805833,0.8712382336184755
4,2023-05,1,450,190,0.998218625560475,0.1101090712903043,0.8881095542701707
4,2023-05,1,450,191,0.9990757000352825,0.1345189778817013,0.8645567221535811
4,2023-05,1,450,192,0.9991327991002127,0.1212817407405068,0.8778510583597059
4,2023-05,1,450,193,0.9956444683640328,0.10999530749062614,0.8856491608734066
4,2023-05,1,450,194,0.9983207678700983,0.12356267247106219,0.874758095399036
4,2023-05,1,450,195,0.9974023096217977,0.12788867386572955,0.8695136357560681
4,2023-05,1,450,196,0.9944622060271464,0.13564675880626342,0.858815447220883
4,2023-05,1,450,197,0.9996531605864384,0.12726388480560924,0.8723892757808291
4,2023-05,1,450,198,0.9982882444016062,0.1253854370174023,0.872902807384204
4,2023-05,1,450,199,0.9972773822673621,0.14405911269342225,0.8532182695739399
5,2023-06,0,1404,0,0.9993895188324858,0.1294265130916439,0.869963005740842
5,2023-06,0,1404,1,0.9998231716829163,0.1205322770987282,0.8792908945841882
5,2023-06,0,1404,2,0.9981515380755298,0.12065208426086603,0.8774994538146638
5,2023-06,0,1404,3,0.9992941481467316,0.11573275600928194,0.8835613921374497
5,2023-06,0,1404,4,0.999812373598052,0.12503767980944636,0.8747746937886056
5,2023-06,0,1404,5,0.9993322901094954,0.12739978276017938,0.871932507349316
5,2023-06,0,1404,6,0.9996426428666266,0.1270902828759045,0.8725523599907221
5,2023-06,0,1404,7,0.999676534811981,0.12949463644707315,0.8701818983649079
5,2023-06,0,1404,8,0.9986637615230977,0.11737903098390161,0.8812847305391961
5,2023-06,0,1404,9,0.9996321549633788,0.12118942128509962,0.8784427336782792
5,2023-06,0,1404,10,0.9998989959165022,0.12117450234856901,0.8787244935679333
5,2023-06,0,1404,11,0.9993775207982541,0.11577068095176425,0.8836068398464899
5,2023-06,0,1404,12,0.9980906055048988,0.11226640861001246,0.8858241968948863
5,2023-06,0,1404,13,0.9997638363311282,0.12303523695820863,0.8767285993729196
5,2023-06,0,1404,14,0.999567177506057,0.1207185631020767,0.8788486144039802
5,2023-06,0,1404,15,0.9991184899659693,0.12147108442112924,0.8776474055448401
5,2023-06,0,1404,16,0.999044496355876,0.12701468480661404,0.872029811549262
5,2023-06,0,1404,17,0.9993822819034982,0.11924678481697618,0.8801354970865221
5,2023-06,0,1404,18,0.9995492209165522,0.1231318180177219,0.8764174028988303
5,2023-06,0,1404,19,0.9997780289145154,0.12121342246796561,0.8785646064465498
5,2023-06,0,1404,20,0.9996631408984415,0.12364332305528108,0.8760198178431604
5,2023-06,0,1404,21,0.9993704151965209,0.1193125323739822,0.8800578828225387
5,2023-06,0,1404,22,0.9998643091978267,0.12343262124344373,0.876431687954383
5,2023-06,0,1404,23,0.9995492080694107,0.1274466028394299,0.8721026052299808
5,2023-06,0,1404,24,0.9993602522970962,0.13114022766146383,0.8682200246356324
5,2023-06,0,1404,25,0.9991095534837031,0.12046715668993528,0.8786423967937679
5,2023-06,0,1404,26,0.9990819217834039,0.12735062064237332,0.8717313011410306
5,2023-06,0,1404,27,0.9993607823349073,0.11982730468339428,0.879533477651513
5,2023-06,0,1404,28,0.9990980793931059,0.13378109736421073,0.8653169820288952
5,2023-06,0,1404,29,0.9994511655694743,0.12786212228404828,0.8715890432854261
5,2023-06,0,1404,30,0.9998266034180493,0.12598540362198746,0.8738411997960618
5,2023-06,0,1404,31,0.9998921398614597,0.12195335746613593,0.8779387823953239
5,2023-06,0,1404,32,0.9983665440454063,0.12648369152541664,0.8718828525199896
5,2023-06,0,1404,33,0.9996803142902888,0.12181408170170349,0.8778662325885853
5,2023-06,0,1404,34,0.9996861963270763,0.12396578192274159,0.8757204144043348
5,2023-06,0,1404,35,0.9994834640207104,0.12702046981833165,0.8724629942023787
5,2023-06,0,1404,36,0.9994495411125737,0.12432398280108584,0.8751255583114879
5,2023-06,0,1404,37,0.9987522007202,0.13372094576889904,0.865031254951301
5,2023-06,0,1404,38,0.9993607137199076,0.1310617976368311,0.8682989160830765
5,2023-06,0,1404,39,0.9996931225105428,0.12431881815168891,0.8753743043588539
5,2023-06,0,1404,40,0.9990946365289066,0.12838993102047874,0.8707047055084278
5,2023-06,0,1404,41,0.9992278809770633,0.12001154735856527,0.879216333618498
5,2023-06,0,1404,42,0.9995086747666653,0.11991912094038382,0.8795895538262815
5,2023-06,0,1404,43,0.9986817832602688,0.1297099015953121,0.8689718816649568
5,2023-06,0,1404,44,0.9997566987915093,0.12668739721273634,0.8730693015787729
5,2023-06,0,1404,45,0.9994529621548451,0.1278242630241558,0.8716286991306893
5,2023-06,0,1404,46,0.9993482189707878,0.12755629620636147,0.8717919227644264
5,2023-06,0,1404,47,0.999257965164225,0.12794408943613753,0.8713138757280875
5,2023-06,0,1404,48,0.9988964664397145,0.11756204615857706,0.8813344202811375
5,2023-06,0,1404,49,0.9995113860012943,0.12966015555249932,0.869851230448795
5,2023-06,0,1404,50,0.9987947103922905,0.11919603515422077,0.8795986752380698
5,2023-06,0,1404,51,0.9987010860743222,0.12463630515240985,0.8740647809219123
5,2023-06,0,1404,52,0.9996567222045879,0.12670260246266254,0.8729541197419254
5,2023-06,0,1404,53,0.9997484479021734,0.1221993490748475,0.8775490988273259
5,2023-06,0,1404,54,0.9997607895978778,0.129124181119737,0.8706366084781408
5,2023-06,0,1404,55,0.9992250161533153,0.1185049883028414,0.8807200278504739
5,2023-06,0,1404,56,0.9993786153223789,0.11618453978609945,0.8831940755362795
5,2023-06,0,1404,57,0.9988584267566565,0.13007710242266782,0.8687813243339887
5,2023-06,0,1404,58,0.9991797513607801,0.12221203277210223,0.8769677185886778
5,2023-06,0,1404,59,0.9989134458574951,0.11385335134031754,0.8850600945171776
5,2023-06,0,1404,60,0.9993239502099391,0.13041954820956175,0.8689044020003773
5,2023-06,0,1404,61,0.9997818825084961,0.12353522050580139,0.8762466620026947
5,2023-06,0,1404,62,0.9994286485947858,0.1283915578281921,0.8710370907665936
5,2023-06,0,1404,63,0.9993879192780566,0.11488140307121468,0.884506516206842
5,2023-06,0,1404,64,0.9998529518331188,0.12759997311211904,0.8722529787209998
5,2023-06,0,1404,65,0.9989634669724106,0.11893429663675,0.8800291703356605
5,2023-06,0,1404,66,0.9992057157477673,0.12412794530872494,0.8750777704390423
5,2023-06,0,1404,67,0.999945584023965,0.12559637180541064,0.8743492122185544
5,2023-06,0,1404,68,0.9994474457835693,0.12555773542839455,0.8738897103551747
5,2023-06,0,1404,69,0.9994112300774622,0.12334386732220215,0.8760673627552601
5,2023-06,0,1404,70,0.9995144655507774,0.12545153121480657,0.8740629343359708
5,2023-06,0,1404,71,0.999433487594545,0.12531850519945892,0.874114982395086
5,2023-06,0,1404,72,0.99931389877052,0.12828527349001653,0.8710286252805035
5,2023-06,0,1404,73,0.9984424300623091,0.12614858144090832,0.8722938486214008
5,2023-06,0,1404,74,0.9994557868317694,0.12923023966715014,0.8702255471646192
5,2023-06,0,1404,75,0.999723411288357,0.12122660835470436,0.8784968029336526
5,2023-06,0,1404,76,0.9996370810058602,0.12206697813334204,0.8775701028725182
5,2023-06,0,1404,77,0.9991624623790087,0.13083319383099287,0.8683292685480158
5,2023-06,0,1404,78,0.9998419088981643,0.12573061122947646,0.8741112976686878
5,2023-06,0,1404,79,0.9988286952263927,0.1366307225273505,0.8621979726990422
5,2023-06,0,1404,80,0.9998502600112268,0.12177111618109866,0.8780791438301281
5,2023-06,0,1404,81,0.9996263607745711,0.12940220934219443,0.8702241514323767
5,2023-06,0,1404,82,0.9996457962113764,0.11954437820829089,0.8801014180030855
5,2023-06,0,1404,83,0.9993449379810642,0.13098201757333583,0.8683629204077283
5,2023-06,0,1404,84,0.9995189750774351,0.11730593739645873,0.8822130376809765
5,2023-06,0,1404,85,0.9988664352455967,0.13072125887880381,0.8681451763667929
5,2023-06,0,1404,86,0.9990747658028906,0.11970888164800837,0.8793658841548821
5,2023-06,0,1404,87,0.999452495689776,0.12027810086884538,0.8791743948209306
5,2023-06,0,1404,88,0.9993574608966808,0.1323308652888834,0.8670265956077974
5,2023-06,0,1404,89,0.9997440213664688,0.12527088830364225,0.8744731330628266
5,2023-06,0,1404,90,0.999899846098537,0.12370707712933822,0.8761927689691987
5,2023-06,0,1404,91,0.9997793358578265,0.12137877363672774,0.8784005622210987
5,2023-06,0,1404,92,0.9989704693435746,0.13479993123280046,0.8641705381107742
5,2023-06,0,1404,93,0.9993816656254648,0.11977606271686486,0.8796056029085999
5,2023-06,0,1404,94,0.9997276168041969,0.12206803399603403,0.8776595828081628
5,2023-06,0,1404,95,0.9996631599238256,0.12551849849073138,0.8741446614330942
5,2023-06,0,1404,96,0.9997873248838822,0.125161672291921,0.8746256525919612
5,2023-06,0,1404,97,0.9990615441572978,0.12044473844925603,0.8786168057080417
5,2023-06,0,1404,98,0.999800274167109,0.12567361835575844,0.8741266558113506
5,2023-06,0,1404,99,0.9997613483065608,0.1252299237811572,0.8745314245254037
5,2023-06,0,1404,100,0.9995776479183612,0.12185224089617208,0.8777254070221892
5,2023-06,0,1404,101,0.9996809699800925,0.12238644862471793,0.8772945213553746
5,2023-06,0,1404,102,0.9998625353481432,0.1255346585532234,0.8743278767949197
5,2023-06,0,1404,103,0.9997486459462728,0.12752283369443476,0.872225812251838
5,2023-06,0,1404,104,0.9989559819074527,0.12526790768506044,0.8736880742223923
5,2023-06,0,1404,105,0.999645032320079,0.12118693183232015,0.8784581004877587
5,2023-06,0,1404,106,0.9994450298818198,0.11889186071280432,0.8805531691690155
5,2023-06,0,1404,107,0.9997449398431705,0.11984968279853395,0.8798952570446366
5,2023-06,0,1404,108,0.9991138970407422,0.13140052426182855,0.8677133727789136
5,2023-06,0,1404,109,0.9996025423552988,0.11672733835681873,0.8828752039984801
5,2023-06,0,1404,110,0.9998260721829244,0.12763187091513936,0.872194201267785
5,2023-06,0,1404,111,0.9996888035584542,0.13011758282443478,0.8695712207340195
5,2023-06,0,1404,112,0.9997327728214396,0.1289858397673128,0.8707469330541268
5,2023-06,0,1404,113,0.9988795048906944,0.13054492670105977,0.8683345781896347
5,2023-06,0,1404,114,0.9999191693929889,0.12385802984055842,0.8760611395524305
5,2023-06,0,1404,115,0.9990374401435023,0.11929163791337541,0.8797458022301269
5,2023-06,0,1404,116,0.9991917950974418,0.12419593626572052,0.8749958588317213
5,2023-06,0,1404,117,0.9998608671399137,0.12645179772678736,0.8734090694131263
5,2023-06,0,1404,118,0.9992386386774883,0.12187418188309283,0.8773644567943955
5,2023-06,0,1404,119,0.9993149251144502,0.12454321622212064,0.8747717088923296
5,2023-06,0,1404,120,0.9994873673956441,0.11645252711339936,0.8830348402822448
5,2023-06,0,1404,121,0.9996304645992771,0.12948915301118163,0.8701413115880954
5,2023-06,0,1404,122,0.9995339904461072,0.11796786988450624,0.881566120561601
5,2023-06,0,1404,123,0.999802272641516,0.12489544809185978,0.8749068245496562
5,2023-06,0,1404,124,0.999640886209033,0.12692737026231302,0.87271351594672
5,2023-06,0,1404,125,0.9993685023399324,0.11803806076819526,0.8813304415717371
5,2023-06,0,1404,126,0.9993590995016416,0.12660078519993767,0.8727583143017039
5,2023-06,0,1404,127,0.9996845853653573,0.1254508482067252,0.8742337371586322
5,2023-06,0,1404,128,0.9994599616647637,0.12098658500394126,0.8784733766608225
5,2023-06,0,1404,129,0.9993414449316366,0.11933557690557278,0.8800058680260638
5,2023-06,0,1404,130,0.9994255823515542,0.11961346920797933,0.8798121131435749
5,2023-06,0,1404,131,0.9990705223730026,0.11643229583394905,0.8826382265390535
5,2023-06,0,1404,132,0.9987767525919196,0.12972398644018635,0.8690527661517332
5,2023-06,0,1404,133,0.9991567450435638,0.12186175006554983,0.877294994978014
5,2023-06,0,1404,134,0.9997813244669531,0.12627125686289728,0.8735100676040558
5,2023-06,0,1404,135,0.9995950682950516,0.12141031226571343,0.8781847560293382
5,2023-06,0,1404,136,0.999439617730286,0.12488284995197738,0.8745567677783086
5,2023-06,0,1404,137,0.9994133014400323,0.12051614481581437,0.8788971566242179
5,2023-06,0,1404,138,0.9996420032719029,0.12618208553976135,0.8734599177321416
5,2023-06,0,1404,139,0.9988069574629715,0.12161991730550323,0.8771870401574683
5,2023-06,0,1404,140,0.999547130883941,0.11959940320444627,0.8799477276794947
5,2023-06,0,1404,141,0.9991466392023213,0.13186741941667576,0.8672792197856455
5,2023-06,0,1404,142,0.9994123787537539,0.1174432230857767,0.8819691556679772
5,2023-06,0,1404,143,0.9997147494649813,0.1200174105111358,0.8796973389538455
5,2023-06,0,1404,144,0.9994525686305681,0.12244882673510828,0.8770037418954598
5,2023-06,0,1404,145,0.9997765453344684,0.12134166939983333,0.878434875934635
5,2023-06,0,1404,146,0.99950560328451,0.12143829965019097,0.8780673036343191
5,2023-06,0,1404,147,0.9997851824096259,0.12387606913969106,0.8759091132699348
5,2023-06,0,1404,148,0.9997187625748474,0.12411928727172171,0.8755994753031257
5,2023-06,0,1404,149,0.9996454702766975,0.1258156750657801,0.8738297952109174
5,2023-06,0,1404,150,0.9996390102192432,0.12084621773493898,0.8787927924843042
5,2023-06,0,1404,151,0.9995182436419571,0.11907472017320296,0.8804435234687541
5,2023-06,0,1404,152,0.9996052699564013,0.12108300963683176,0.8785222603195696
5,2023-06,0,1404,153,0.9997506838586652,0.12455551199117529,0.8751951718674899
5,2023-06,0,1404,154,0.9992060740649802,0.1179667631167328,0.8812393109482474
5,2023-06,0,1404,155,0.9992588013291895,0.12389827877732532,0.8753605225518643
5,2023-06,0,1404,156,0.9994856523489623,0.121156257718368,0.8783293946305942
5,2023-06,0,1404,157,0.9992240158465561,0.11670147671468233,0.8825225391318737
5,2023-06,0,1404,158,0.9996197916631733,0.1224169351409251,0.8772028565222482
5,2023-06,0,1404,159,0.9994084887600094,0.12438413981181308,0.8750243489481964
5,2023-06,0,1404,160,0.999504711634527,0.1283588872062164,0.8711458244283106
5,2023-06,0,1404,161,0.9995379048432191,0.11638222068284956,0.8831556841603696
5,2023-06,0,1404,162,0.9991934720559069,0.11789529143192728,0.8812981806239797
5,2023-06,0,1404,163,0.9994883303617714,0.1276479795943754,0.871840350767396
5,2023-06,0,1404,164,0.9989404529154688,0.13121089228062097,0.8677295606348479
5,2023-06,0,1404,165,0.9993778082805811,0.12461593950434162,0.8747618687762395
5,2023-06,0,1404,166,0.9995862689746993,0.1222404546812121,0.8773458142934871
5,2023-06,0,1404,167,0.9998238855109901,0.12478229070793277,0.8750415948030573
5,2023-06,0,1404,168,0.9994174580409645,0.12712817704794224,0.8722892809930223
5,2023-06,0,1404,169,0.99959595323346,0.12539764413359109,0.8741983090998688
5,2023-06,0,1404,170,0.9996187951957057,0.12147931102009797,0.8781394841756077
5,2023-06,0,1404,171,0.9994957891966855,0.12786423977910774,0.8716315494175777
5,2023-06,0,1404,172,0.9987461321605029,0.12861587443846226,0.8701302577220407
5,2023-06,0,1404,173,0.999578236057627,0.12419204687392041,0.8753861891837066
5,2023-06,0,1404,174,0.9998317724873688,0.12425411247906942,0.8755776600082994
5,2023-06,0,1404,175,0.9993101690055173,0.12093815069596808,0.8783720183095491
5,2023-06,0,1404,176,0.9995280344017337,0.12868172567448058,0.8708463087272531
5,2023-06,0,1404,177,0.9996086517980196,0.12167953386600769,0.8779291179320119
5,2023-06,0,1404,178,0.9996211581130814,0.12289079099281044,0.876730367120271
5,2023-06,0,1404,179,0.9990421146595813,0.12373064838466212,0.8753114662749192
5,2023-06,0,1404,180,0.999263397997276,0.11833649727569451,0.8809269007215815
5,2023-06,0,1404,181,0.9986205704368474,0.13285649916836784,0.8657640712684795
5,2023-06,0,1404,182,0.9996997908668309,0.11989723048953543,0.8798025603772954
5,2023-06,0,1404,183,0.9982612694211076,0.12302162206159503,0.8752396473595125
5,2023-06,0,1404,184,0.9990237821430514,0.13480215071734522,0.8642216314257062
5,2023-06,0,1404,185,0.9996005356986608,0.12655073528025418,0.8730498004184066
5,2023-06,0,1404,186,0.9991195840269385,0.11918329016293727,0.8799362938640012
5,2023-06,0,1404,187,0.999898086409685,0.12319396466492853,0.8767041217447565
5,2023-06,0,1404,188,0.9997452615007482,0.12251187923086652,0.8772333822698817
5,2023-06,0,1404,189,0.9997848807976913,0.1254749428745414,0.8743099379231499
5,2023-06,0,1404,190,0.9994411827003425,0.12427715949563166,0.8751640232047109
5,2023-06,0,1404,191,0.9996461646431894,0.12433141967570478,0.8753147449674846
5,2023-06,0,1404,192,0.9995262436328447,0.12236468491239524,0.8771615587204494
5,2023-06,0,1404,193,0.9987411688698976,0.12268252813244061,0.876058640737457
5,2023-06,0,1404,194,0.9995689792755728,0.12747320179207633,0.8720957774834964
5,2023-06,0,1404,195,0.9995721249399675,0.1303866199011641,0.8691855050388034
5,2023-06,0,1404,196,0.9995265825672067,0.12675511164252154,0.8727714709246852
5,2023-06,0,1404,197,0.9998972891223006,0.1259661199757672,0.8739311691465333
5,2023-06,0,1404,198,0.9994733890286407,0.12551666199768327,0.8739567270309574
5,2023-06,0,1404,199,0.9996383829162145,0.1272414599631784,0.8723969229530362
5,2023-06,1,492,0,0.9989019632559332,0.11846351638620665,0.8804384468697265
5,2023-06,1,492,1,0.9995605829449121,0.12712455670185288,0.8724360262430593
5,2023-06,1,492,2,0.9969459104207299,0.10836233508719943,0.8885835753335305
5,2023-06,1,492,3,0.9971675498141369,0.1424319959162645,0.8547355538978725
5,2023-06,1,492,4,0.9975972711934671,0.13496082672656684,0.8626364444669002
5,2023-06,1,492,5,0.9984594812951153,0.11540566060763335,0.883053820687482
5,2023-06,1,492,6,0.9995328145795737,0.12604049334612286,0.8734923212334508
5,2023-06,1,492,7,0.9984593275448042,0.11219802967206555,0.8862612978727387
5,2023-06,1,492,8,0.9994587608232368,0.12273102900748165,0.8767277318157551
5,2023-06,1,492,9,0.9976234476880854,0.1290887931164099,0.8685346545716756
5,2023-06,1,492,10,0.9982164494773994,0.11137262659647401,0.8868438228809254
5,2023-06,1,492,11,0.9953134236086135,0.14498210817649215,0.8503313154321214
5,2023-06,1,492,12,0.9940738753825636,0.10912947636384158,0.884944399018722
5,2023-06,1,492,13,0.9989843502605505,0.1245144988075719,0.8744698514529786
5,2023-06,1,492,14,0.998325022104935,0.11013184741055945,0.8881931746943755
5,2023-06,1,492,15,0.9983098291045833,0.11481533850546277,0.8834944905991206
5,2023-06,1,492,16,0.9976051411805869,0.1195718806846156,0.8780332604959713
5,2023-06,1,492,17,0.9994256002529247,0.12543060648653487,0.8739949937663898
5,2023-06,1,492,18,0.9989303129066763,0.11905576342400662,0.8798745494826697
5,2023-06,1,492,19,0.9965224617286548,0.126456401671679,0.8700660600569758
5,2023-06,1,492,20,0.9984714031715973,0.11168072950921243,0.886790673662385
5,2023-06,1,492,21,0.998623304784613,0.13815241307198362,0.8604708917126294
5,2023-06,1,492,22,0.9962441375694178,0.11084614728202553,0.8853979902873922
5,2023-06,1,492,23,0.9977192780779217,0.14215933399156308,0.8555599440863586
5,2023-06,1,492,24,0.9982924964136627,0.11912832666575048,0.8791641697479122
5,2023-06,1,492,25,0.9986975983936216,0.1256182062879841,0.8730793921056375
5,2023-06,1,492,26,0.9923495766066377,0.09778299081746672,0.8945665857891709
5,2023-06,1,492,27,0.9997055768169548,0.12146144037629977,0.878244136440655
5,2023-06,1,492,28,0.9981480635212329,0.126701323903943,0.8714467396172898
5,2023-06,1,492,29,0.9978213333305463,0.12961492159039087,0.8682064117401554
5,2023-06,1,492,30,0.9977729317002099,0.1335741200196809,0.864198811680529
5,2023-06,1,492,31,0.9993334072389023,0.12791228530475932,0.871421121934143
5,2023-06,1,492,32,0.9985288458702034,0.12264421396636549,0.8758846319038379
5,2023-06,1,492,33,0.997823392778602,0.12692795789687317,0.8708954348817288
5,2023-06,1,492,34,0.9983938183821921,0.12259404037880178,0.8757997780033904
5,2023-06,1,492,35,0.9987265213350146,0.12497146878804735,0.8737550525469673
5,2023-06,1,492,36,0.9972031099784688,0.10687619590934155,0.8903269140691272
5,2023-06,1,492,37,0.997704357431022,0.12019081333036218,0.8775135441006598
5,2023-06,1,492,38,0.9993686949818326,0.12473348070653058,0.874635214275302
5,2023-06,1,492,39,0.9992207608657837,0.11984386626628288,0.8793768945995009
5,2023-06,1,492,40,0.9985741587581721,0.1261756962196597,0.8723984625385124
5,2023-06,1,492,41,0.9983498429026704,0.13303991016306338,0.865309932739607
5,2023-06,1,492,42,0.9964139534698315,0.12742942179690459,0.868984531672927
5,2023-06,1,492,43,0.9969817967303961,0.13081269674876234,0.8661690999816338
5,2023-06,1,492,44,0.9995092035087755,0.12788576304733087,0.8716234404614446
5,2023-06,1,492,45,0.9979543201812445,0.11114709858160542,0.8868072215996391
5,2023-06,1,492,46,0.9984055347831309,0.1266946319177113,0.8717109028654195
5,2023-06,1,492,47,0.9990497903205013,0.1277908298289676,0.8712589604915337
5,2023-06,1,492,48,0.9989368446027747,0.12286473515382595,0.8760721094489488
5,2023-06,1,492,49,0.9994251159989697,0.11672958641012118,0.8826955295888484
5,2023-06,1,492,50,0.9994158984101571,0.12847544323485502,0.870940455175302
5,2023-06,1,492,51,0.9960932482446065,0.1087774556639855,0.887315792580621
5,2023-06,1,492,52,0.9988117547457901,0.1324344046510714,0.8663773500947187
5,2023-06,1,492,53,0.9972725683559628,0.11310434199264247,0.8841682263633204
5,2023-06,1,492,54,0.9973951739365444,0.11143835477527189,0.8859568191612726
5,2023-06,1,492,55,0.9974271520045402,0.13216676733434257,0.8652603846701976
5,2023-06,1,492,56,0.9983861663897639,0.12165237459049347,0.8767337917992704
5,2023-06,1,492,57,0.9980947953852587,0.12610146952320167,0.871993325862057
5,2023-06,1,492,58,0.9975989899016287,0.1351442781593251,0.8624547117423036
5,2023-06,1,492,59,0.9989626872667976,0.1267867307567284,0.8721759565100692
5,2023-06,1,492,60,0.9950860885441831,0.12082301931892438,0.8742630692252588
5,2023-06,1,492,61,0.9938999973286934,0.1089448111488754,0.8849551861798179
5,2023-06,1,492,62,0.9994344759936828,0.11627598420116235,0.8831584917925205
5,2023-06,1,492,63,0.9980206905350606,0.11444569093422077,0.8835749996008398
5,2023-06,1,492,64,0.9999178169739595,0.12626677561860872,0.8736510413553509
5,2023-06,1,492,65,0.9990281967143118,0.1264205131022186,0.8726076836120932
5,2023-06,1,492,66,0.9977757502852705,0.11100045634138209,0.8867752939438884
5,2023-06,1,492,67,0.9970890635130253,0.12170161151908607,0.8753874519939392
5,2023-06,1,492,68,0.9988343628999348,0.13108568041235377,0.867748682487581
5,2023-06,1,492,69,0.9987087496016183,0.12100813187564363,0.8777006177259746
5,2023-06,1,492,70,0.9971312748440966,0.11186082160915112,0.8852704532349455
5,2023-06,1,492,71,0.9986640210103475,0.12944463184637553,0.8692193891639719
5,2023-06,1,492,72,0.996426429007565,0.109657250100667,0.886769178906898
5,2023-06,1,492,73,0.998769221863035,0.13630520301860874,0.8624640188444263
5,2023-06,1,492,74,0.9990168820277722,0.11573310736660214,0.88328377466117
5,2023-06,1,492,75,0.9995034679726191,0.12047895762420556,0.8790245103484136
5,2023-06,1,492,76,0.9976547211565074,0.1380634745969945,0.8595912465595129
5,2023-06,1,492,77,0.9992066008284552,0.1298913507869784,0.8693152500414769
5,2023-06,1,492,78,0.9990727082182298,0.11789872578561739,0.8811739824326124
5,2023-06,1,492,79,0.9959051210263752,0.10272865214499302,0.8931764688813821
5,2023-06,1,492,80,0.9994031901578847,0.11599458165504264,0.8834086085028421
5,2023-06,1,492,81,0.9934051088407782,0.1020975333683962,0.8913075754723819
5,2023-06,1,492,82,0.996205286122139,0.116390707504005,0.879814578618134
5,2023-06,1,492,83,0.9996576629434577,0.116740772511813,0.8829168904316447
5,2023-06,1,492,84,0.997509328464299,0.12016143283268983,0.8773478956316091
5,2023-06,1,492,85,0.9979971363321889,0.12494224922820403,0.8730548871039848
5,2023-06,1,492,86,0.999116530373821,0.13232189044125559,0.8667946399325654
5,2023-06,1,492,87,0.9986960984213356,0.12631802682214915,0.8723780715991865
5,2023-06,1,492,88,0.9987809769429811,0.12590163756215847,0.8728793393808226
5,2023-06,1,492,89,0.9969459199439507,0.1391412491898652,0.8578046707540854
5,2023-06,1,492,90,0.9987409346562581,0.124963822495117,0.8737771121611411
5,2023-06,1,492,91,0.9975051497209565,0.12039437793902256,0.877110771781934
5,2023-06,1,492,92,0.997530457929227,0.11375990193578928,0.8837705559934377
5,2023-06,1,492,93,0.9981308102806763,0.1172733634185602,0.8808574468621161
5,2023-06,1,492,94,0.997677570346218,0.1268505498523353,0.8708270204938826
5,2023-06,1,492,95,0.9938498873684337,0.13751660922551873,0.8563332781429149
5,2023-06,1,492,96,0.9986309393042115,0.11512075738937415,0.8835101819148374
5,2023-06,1,492,97,0.9964300616806447,0.12506992310382792,0.8713601385768168
5,2023-06,1,492,98,0.9980399646437658,0.13676407487769945,0.8612758897660663
5,2023-06,1,492,99,0.996754253346193,0.1192406308588823,0.8775136224873108
5,2023-06,1,492,100,0.9997010254072033,0.12979940486431324,0.86990162054289
5,2023-06,1,492,101,0.9987719868847537,0.12840494879930825,0.8703670380854454
5,2023-06,1,492,102,0.9996256486750035,0.12880460103810296,0.8708210476369005
5,2023-06,1,492,103,0.9985779722975328,0.12252301470413636,0.8760549575933964
5,2023-06,1,492,104,0.9972665207209673,0.1434606561785734,0.8538058645423939
5,2023-06,1,492,105,0.9993212217831859,0.11573105199335706,0.8835901697898288
5,2023-06,1,492,106,0.9983175682988369,0.12913734611644298,0.8691802221823939
5,2023-06,1,492,107,0.9991159438484258,0.12564799250316003,0.8734679513452658
5,2023-06,1,492,108,0.9977981506198138,0.1144440526717734,0.8833540979480404
5,2023-06,1,492,109,0.9982861575763433,0.13138954341563425,0.8668966141607091
5,2023-06,1,492,110,0.99929588730303,0.13374441592697012,0.8655514713760599
5,2023-06,1,492,111,0.9978969308377117,0.13812483677007853,0.8597720940676332
5,2023-06,1,492,112,0.9973850314973334,0.12406336048861925,0.8733216710087142
5,2023-06,1,492,113,0.9982354778521727,0.11899972368708704,0.8792357541650857
5,2023-06,1,492,114,0.9991565360003787,0.11694140848185271,0.8822151275185259
5,2023-06,1,492,115,0.9950994838473549,0.1277133498404886,0.8673861340068663
5,2023-06,1,492,116,0.9982524336688217,0.13074114896414699,0.8675112847046746
5,2023-06,1,492,117,0.9993860991958655,0.12175628349549165,0.8776298157003739
5,2023-06,1,492,118,0.9995102759925739,0.12669199674291864,0.8728182792496553
5,2023-06,1,492,119,0.99848256126093,0.11689084418684574,0.8815917170740843
5,2023-06,1,492,120,0.9982586802218958,0.12304005650022191,0.8752186237216739
5,2023-06,1,492,121,0.9976183674511072,0.14177138968787464,0.8558469777632326
5,2023-06,1,492,122,0.9958192429984877,0.13856118044779633,0.8572580625506914
5,2023-06,1,492,123,0.9995033906663373,0.11886911215365542,0.880634278512682
5,2023-06,1,492,124,0.9984376909302584,0.13894369033123832,0.85949400059902
5,2023-06,1,492,125,0.998978976631453,0.11391118183990623,0.8850677947915467
5,2023-06,1,492,126,0.9993745941217359,0.12290975303359981,0.876464841088136
5,2023-06,1,492,127,0.9978256618223083,0.11261622103673494,0.8852094407855733
5,2023-06,1,492,128,0.9933058512704244,0.10712713637803735,0.886178714892387
5,2023-06,1,492,129,0.997009659045622,0.13599051899521508,0.8610191400504069
5,2023-06,1,492,130,0.9975017499315328,0.10906043509118059,0.8884413148403523
5,2023-06,1,492,131,0.9976669451404646,0.110585537014146,0.8870814081263186
5,2023-06,1,492,132,0.9993280937494313,0.11525506912111448,0.8840730246283168
5,2023-06,1,492,133,0.9981461658183607,0.1225729677454879,0.8755731980728728
5,2023-06,1,492,134,0.9983379551505452,0.1375889871792921,0.8607489679712531
5,2023-06,1,492,135,0.9947102136627035,0.09917032932551918,0.8955398843371843
5,2023-06,1,492,136,0.9986125326730475,0.13550422268209736,0.8631083099909501
5,2023-06,1,492,137,0.9991733001286944,0.12078666221089379,0.8783866379178007
5,2023-06,1,492,138,0.9989266360504583,0.11496131190805177,0.8839653241424065
5,2023-06,1,492,139,0.9979260387434814,0.11301610476990773,0.8849099339735736
5,2023-06,1,492,140,0.9956057623718658,0.14317303270067935,0.8524327296711864
5,2023-06,1,492,141,0.9963899045957915,0.12710323820726446,0.869286666388527
5,2023-06,1,492,142,0.9982713807339144,0.11362899991855002,0.8846423808153644
5,2023-06,1,492,143,0.999695911742009,0.12609287719845189,0.8736030345435571
5,2023-06,1,492,144,0.9975166403762542,0.14183349216039962,0.8556831482158546
5,2023-06,1,492,145,0.9982115301911342,0.11806717118995985,0.8801443590011744
5,2023-06,1,492,146,0.9989557697920212,0.13400487590471638,0.8649508938873047
5,2023-06,1,492,147,0.9982183229988749,0.13760730605380164,0.8606110169450732
5,2023-06,1,492,148,0.9980191344165602,0.11997278466522468,0.8780463497513356
5,2023-06,1,492,149,0.9979162058221528,0.11954032725393104,0.8783758785682217
5,2023-06,1,492,150,0.9962158209488798,0.14286628915763536,0.8533495317912445
5,2023-06,1,492,151,0.9991017533521731,0.12113334652158349,0.8779684068305896
5,2023-06,1,492,152,0.9984346083604249,0.11240689606356764,0.8860277122968572
5,2023-06,1,492,153,0.9945778115404402,0.1458933885510868,0.8486844229893534
5,2023-06,1,492,154,0.998834227108331,0.12233990014677538,0.8764943269615556
5,2023-06,1,492,155,0.9988732247440124,0.11509176984848665,0.8837814548955257
5,2023-06,1,492,156,0.9984152489551797,0.11606476655820029,0.8823504823969794
5,2023-06,1,492,157,0.9968186149632727,0.11008517683537271,0.8867334381279001
5,2023-06,1,492,158,0.9995523442591581,0.12424313012493553,0.8753092141342226
5,2023-06,1,492,159,0.994313715779428,0.1411753528118563,0.8531383629675716
5,2023-06,1,492,160,0.9995358944686418,0.12951068660124262,0.8700252078673991
5,2023-06,1,492,161,0.9984511916434738,0.1304863087167026,0.8679648829267712
5,2023-06,1,492,162,0.9953465702079171,0.14038071156292986,0.8549658586449872
5,2023-06,1,492,163,0.9981149555619946,0.13516752470079432,0.8629474308612003
5,2023-06,1,492,164,0.999215156572235,0.11831332142768179,0.8809018351445532
5,2023-06,1,492,165,0.9989172500812681,0.12157500698190556,0.8773422430993625
5,2023-06,1,492,166,0.9990296307762004,0.12141077310699534,0.8776188576692051
5,2023-06,1,492,167,0.9989435969355427,0.12165128285531833,0.8772923140802243
5,2023-06,1,492,168,0.9932675978015039,0.14044047996401715,0.8528271178374867
5,2023-06,1,492,169,0.999153592907935,0.11565503462693066,0.8834985582810044
5,2023-06,1,492,170,0.9989483219229075,0.12582460250041574,0.8731237194224918
5,2023-06,1,492,171,0.9974461718976005,0.13458076800956673,0.8628654038880338
5,2023-06,1,492,172,0.9954791607703473,0.11778000863522985,0.8776991521351174
5,2023-06,1,492,173,0.9960519004529143,0.14941901085976358,0.8466328895931506
5,2023-06,1,492,174,0.9976804087344376,0.11782414946970464,0.879856259264733
5,2023-06,1,492,175,0.9981796070595439,0.12397265983892837,0.8742069472206155
5,2023-06,1,492,176,0.9957032389906553,0.14981869320457955,0.8458845457860757
5,2023-06,1,492,177,0.9984361528989625,0.13243519162609402,0.8660009612728685
5,2023-06,1,492,178,0.9977293131289027,0.10803369662263902,0.8896956165062636
5,2023-06,1,492,179,0.9962343478241582,0.11585521851260987,0.8803791293115484
5,2023-06,1,492,180,0.9972593115187565,0.1387330844720427,0.8585262270467138
5,2023-06,1,492,181,0.9994955638679813,0.1235253552076541,0.8759702086603273
5,2023-06,1,492,182,0.9971668242787759,0.1260011908374951,0.8711656334412808
5,2023-06,1,492,183,0.9965707514803365,0.12445447352884152,0.8721162779514949
5,2023-06,1,492,184,0.9995153664305574,0.11622716805169586,0.8832881983788615
5,2023-06,1,492,185,0.9971273744222977,0.12079177385923881,0.8763356005630589
5,2023-06,1,492,186,0.9969563172314926,0.13484472841565656,0.862111588815836
5,2023-06,1,492,187,0.9991207972356118,0.12374208516081377,0.875378712074798
5,2023-06,1,492,188,0.9976068734726792,0.1398063957272537,0.8578004777454254
5,2023-06,1,492,189,0.9993118066143469,0.11846666986534281,0.8808451367490041
5,2023-06,1,492,190,0.9977161973192594,0.12030652079682887,0.8774096765224305
5,2023-06,1,492,191,0.996957888858423,0.11306611642279388,0.8838917724356291
5,2023-06,1,492,192,0.9982284366718435,0.12636532957851554,0.8718631070933279
5,2023-06,1,492,193,0.9974423272981385,0.12190124570679564,0.8755410815913429
5,2023-06,1,492,194,0.9959620308892768,0.10408203865402525,0.8918799922352516
5,2023-06,1,492,195,0.9976311503427229,0.10929776410795343,0.8883333862347694
5,2023-06,1,492,196,0.9991607577689904,0.12995551259157267,0.8692052451774177
5,2023-06,1,492,197,0.999046023552245,0.12903160689929533,0.8700144166529498
5,2023-06,1,492,198,0.9981361298854845,0.13049120882299298,0.8676449210624915
5,2023-06,1,492,199,0.998872686298658,0.12881015646317934,0.8700625298354787
6,2023-07,0,550,0,0.9992600417710809,0.15134965684954788,0.847910384921533
6,2023-07,0,550,1,0.9977922034149966,0.14157005144653148,0.8562221519684652
6,2023-07,0,550,2,0.9996536873694845,0.14320250483003175,0.8564511825394527
6,2023-07,0,550,3,0.9975682887957386,0.14227690397664547,0.8552913848190931
6,2023-07,0,550,4,0.9992734912873132,0.13715523512011768,0.8621182561671956
6,2023-07,0,550,5,0.9987508963657797,0.1349827552521087,0.8637681411136711
6,2023-07,0,550,6,0.9992176532298795,0.14644743285685702,0.8527702203730225
6,2023-07,0,550,7,0.9990029105372534,0.14942895999475117,0.8495739505425023
6,2023-07,0,550,8,0.9947287570780559,0.12082134885912656,0.8739074082189293
6,2023-07,0,550,9,0.9979415809454619,0.1468486909018666,0.8510928900435953
6,2023-07,0,550,10,0.997792709751525,0.1492405023450487,0.8485522074064763
6,2023-07,0,550,11,0.9969724881064772,0.14891688533210498,0.8480556027743722
6,2023-07,0,550,12,0.9990970727196373,0.13438434643598846,0.8647127262836489
6,2023-07,0,550,13,0.9976549250621699,0.14455037161985287,0.8531045534423171
6,2023-07,0,550,14,0.9989114461956632,0.1317806612013446,0.8671307849943186
6,2023-07,0,550,15,0.9988894965438359,0.14661629813376337,0.8522731984100724
6,2023-07,0,550,16,0.9983924247188642,0.1479752777132982,0.850417147005566
6,2023-07,0,550,17,0.9987394814067292,0.13531127771492849,0.8634282036918007
6,2023-07,0,550,18,0.9995413084706549,0.14428277798765335,0.8552585304830016
6,2023-07,0,550,19,0.9987928763837118,0.12831806973569485,0.870474806648017
6,2023-07,0,550,20,0.9974655334542135,0.1391252987453735,0.85834023470884
6,2023-07,0,550,21,0.9996591192826929,0.14680861770610312,0.8528505015765898
6,2023-07,0,550,22,0.9987095753685029,0.13588882783803632,0.8628207475304666
6,2023-07,0,550,23,0.9987993830163339,0.1268754838566971,0.8719238991596368
6,2023-07,0,550,24,0.9995930495196129,0.1389630621081513,0.8606299874114616
6,2023-07,0,550,25,0.9965927233072545,0.11875295814128065,0.8778397651659738
6,2023-07,0,550,26,0.9982962209076552,0.14313714184886442,0.8551590790587908
6,2023-07,0,550,27,0.9984671942964632,0.14383525652729373,0.8546319377691696
6,2023-07,0,550,28,0.9995253503848603,0.13346696951129988,0.8660583808735605
6,2023-07,0,550,29,0.9981020687537022,0.13076789861272453,0.8673341701409777
6,2023-07,0,550,30,0.9969608404516623,0.15889296593475694,0.8380678745169055
6,2023-07,0,550,31,0.9986608828091547,0.14483702244102417,0.8538238603681305
6,2023-07,0,550,32,0.9959959698371825,0.15991051582188578,0.8360854540152968
6,2023-07,0,550,33,0.9990745389595277,0.13135156047635277,0.8677229784831749
6,2023-07,0,550,34,0.9962947812073804,0.15909425039702466,0.8372005308103557
6,2023-07,0,550,35,0.999320784740412,0.13715172657339406,0.8621690581670179
6,2023-07,0,550,36,0.9996625147267916,0.14061772029878902,0.8590447944280025
6,2023-07,0,550,37,0.9974187185990503,0.15312676610128842,0.8442919524977619
6,2023-07,0,550,38,0.9996766464368131,0.1343754952609272,0.8653011511758859
6,2023-07,0,550,39,0.9972780082272494,0.15667560546596532,0.8406024027612842
6,2023-07,0,550,40,0.9979977083768549,0.1285800267044591,0.8694176816723957
6,2023-07,0,550,41,0.9973862058719145,0.1412670863966014,0.856119119475313
6,2023-07,0,550,42,0.9990929799287733,0.13786631574253158,0.8612266641862417
6,2023-07,0,550,43,0.9995186232557444,0.14076166018981873,0.8587569630659256
6,2023-07,0,550,44,0.9988691175501525,0.13941163745856458,0.859457480091588
6,2023-07,0,550,45,0.999224140545929,0.1344536607694537,0.8647704797764753
6,2023-07,0,550,46,0.9985058825934672,0.14482555486510787,0.8536803277283593
6,2023-07,0,550,47,0.9972335588734182,0.15943004526637902,0.8378035136070392
6,2023-07,0,550,48,0.9992732685478514,0.13914702387732825,0.8601262446705231
6,2023-07,0,550,49,0.9990032414702876,0.14405691735543671,0.8549463241148509
6,2023-07,0,550,50,0.9994504875643361,0.14101448416870882,0.8584360033956273
6,2023-07,0,550,51,0.999049605328352,0.14358329891772134,0.8554663064106306
6,2023-07,0,550,52,0.9997762243894247,0.13933144274609519,0.8604447816433295
6,2023-07,0,550,53,0.9980154252002575,0.1545683744292532,0.8434470507710043
6,2023-07,0,550,54,0.9982854447390886,0.14807838342738355,0.8502070613117051
6,2023-07,0,550,55,0.9975127568928462,0.13126714320712965,0.8662456136857166
6,2023-07,0,550,56,0.999511405988911,0.13878811427837223,0.8607232917105387
6,2023-07,0,550,57,0.995907787878809,0.14714381644007452,0.8487639714387345
6,2023-07,0,550,58,0.9972172767101012,0.15697991562604985,0.8402373610840513
6,2023-07,0,550,59,0.9992251700882637,0.13646497938651456,0.8627601907017491
6,2023-07,0,550,60,0.9982447600200163,0.15160442616715117,0.8466403338528651
6,2023-07,0,550,61,0.9973467750812811,0.13889262093566887,0.8584541541456122
6,2023-07,0,550,62,0.994374080212051,0.13210365228706422,0.8622704279249868
6,2023-07,0,550,63,0.9953337804965866,0.1713492530633667,0.8239845274332199
6,2023-07,0,550,64,0.9996611374733915,0.13760853867831674,0.8620525987950747
6,2023-07,0,550,65,0.9994701219987252,0.13864401016586664,0.8608261118328586
6,2023-07,0,550,66,0.9986500121632897,0.13301354895085288,0.8656364632124369
6,2023-07,0,550,67,0.9992562212281219,0.138168495982766,0.8610877252453558
6,2023-07,0,550,68,0.9982474908670032,0.12534853208308808,0.8728989587839151
6,2023-07,0,550,69,0.991887018393997,0.15874451805892684,0.8331425003350701
6,2023-07,0,550,70,0.9980744101511242,0.12646889842907505,0.8716055117220491
6,2023-07,0,550,71,0.9979872718386311,0.12553163329190775,0.8724556385467234
6,2023-07,0,550,72,0.9996748283451871,0.1469272548129444,0.8527475735322426
6,2023-07,0,550,73,0.9984881163017311,0.1420201005243217,0.8564680157774094
6,2023-07,0,550,74,0.9989983952399506,0.13823545150442312,0.8607629437355275
6,2023-07,0,550,75,0.9986793271088035,0.15767137862567907,0.8410079484831244
6,2023-07,0,550,76,0.9995102622839853,0.13817105566903892,0.8613392066149463
6,2023-07,0,550,77,0.9993192877764497,0.14832600849632188,0.8509932792801278
6,2023-07,0,550,78,0.998140308302128,0.14072664321125558,0.8574136650908724
6,2023-07,0,550,79,0.995698559270697,0.14599848664282522,0.8497000726278717
6,2023-07,0,550,80,0.9992884689169064,0.13753952394554694,0.8617489449713595
6,2023-07,0,550,81,0.9987506545596505,0.13509885238823466,0.8636518021714159
6,2023-07,0,550,82,0.998865854271338,0.13001889102634084,0.8688469632449971
6,2023-07,0,550,83,0.997429003629344,0.13930603340146153,0.8581229702278824
6,2023-07,0,550,84,0.9973126585815537,0.1283351387422266,0.8689775198393271
6,2023-07,0,550,85,0.9957574395796887,0.15477131549647857,0.84098612408321
6,2023-07,0,550,86,0.9992091310532822,0.14631599796076347,0.8528931330925188
6,2023-07,0,550,87,0.9980771894774486,0.14635080314641136,0.8517263863310373
6,2023-07,0,550,88,0.999167056836975,0.1504686792486026,0.8486983775883724
6,2023-07,0,550,89,0.999090227623643,0.14758293446515575,0.8515072931584873
6,2023-07,0,550,90,0.9973880341954936,0.11985974374385906,0.8775282904516345
6,2023-07,0,550,91,0.9946765382754211,0.12574235144165788,0.8689341868337632
6,2023-07,0,550,92,0.9979061533732422,0.13854699143304594,0.8593591619401962
6,2023-07,0,550,93,0.9987974773406093,0.14620350445424432,0.852593972886365
6,2023-07,0,550,94,0.9917561610567841,0.13338635062358853,0.8583698104331956
6,2023-07,0,550,95,0.9979079560571228,0.15698167573414262,0.8409262803229802
6,2023-07,0,550,96,0.9989857582158844,0.15118421992910025,0.8478015382867842
6,2023-07,0,550,97,0.9977749663076324,0.13958794982542333,0.8581870164822091
6,2023-07,0,550,98,0.9988891439655241,0.13479135353976932,0.8640977904257547
6,2023-07,0,550,99,0.9994774431271288,0.13381849390044917,0.8656589492266796
6,2023-07,0,550,100,0.9973446817620628,0.14684885169178155,0.8504958300702813
6,2023-07,0,550,101,0.9986867426745651,0.15161324609982835,0.8470734965747369
6,2023-07,0,550,102,0.9989097569222436,0.13953003769935424,0.8593797192228894
6,2023-07,0,550,103,0.9982613853750408,0.15087684562140505,0.8473845397536358
6,2023-07,0,550,104,0.9968782983313198,0.1281436851310188,0.868734613200301
6,2023-07,0,550,105,0.9977816513919645,0.14354265707633315,0.8542389943156313
6,2023-07,0,550,106,0.996787487141725,0.11930842889219422,0.8774790582495309
6,2023-07,0,550,107,0.9979975303894821,0.13020648974037188,0.8677910406491103
6,2023-07,0,550,108,0.9977727742754129,0.12493034718265686,0.8728424270927561
6,2023-07,0,550,109,0.9995475311933625,0.13702003207637134,0.8625274991169911
6,2023-07,0,550,110,0.9992384897901158,0.13031170564497704,0.8689267841451387
6,2023-07,0,550,111,0.9988729683334906,0.14968118774867023,0.8491917805848204
6,2023-07,0,550,112,0.9961180619310723,0.14177781430503308,0.8543402476260392
6,2023-07,0,550,113,0.9992077618175642,0.13418600403651135,0.8650217577810528
6,2023-07,0,550,114,0.9964657292550144,0.17014692342031695,0.8263188058346975
6,2023-07,0,550,115,0.9994187724873335,0.13602757771425633,0.8633911947730771
6,2023-07,0,550,116,0.9973732860286324,0.14488521793104578,0.8524880680975866
6,2023-07,0,550,117,0.999194334100066,0.13648727216270023,0.8627070619373658
6,2023-07,0,550,118,0.9984441695859697,0.13326256228091451,0.8651816073050552
6,2023-07,0,550,119,0.9986740092721226,0.1376223435648531,0.8610516657072695
6,2023-07,0,550,120,0.997434148273779,0.15925670485617224,0.8381774434176067
6,2023-07,0,550,121,0.9981348651586417,0.15658674087506017,0.8415481242835815
6,2023-07,0,550,122,0.9980192264194426,0.14578981068098898,0.8522294157384537
6,2023-07,0,550,123,0.9971802423496309,0.13189351629142626,0.8652867260582047
6,2023-07,0,550,124,0.9993674918916333,0.15147290507052222,0.8478945868211111
6,2023-07,0,550,125,0.9985685230555892,0.13489695191628867,0.8636715711393005
6,2023-07,0,550,126,0.9991091078369012,0.15392883257573373,0.8451802752611675
6,2023-07,0,550,127,0.9979859490424241,0.13718158158364935,0.8608043674587748
6,2023-07,0,550,128,0.999612815087098,0.14199524499478938,0.8576175700923085
6,2023-07,0,550,129,0.998613247772739,0.12999730655164815,0.8686159412210908
6,2023-07,0,550,130,0.9997714000921709,0.14370246686506383,0.8560689332271071
6,2023-07,0,550,131,0.9983073295691961,0.14502674669365034,0.8532805828755458
6,2023-07,0,550,132,0.9992269322891058,0.13772539478600465,0.8615015375031011
6,2023-07,0,550,133,0.9984241955660171,0.13019930251998077,0.8682248930460363
6,2023-07,0,550,134,0.9974988931337403,0.14416892911765505,0.8533299640160852
6,2023-07,0,550,135,0.9990694738992737,0.13242003921659462,0.8666494346826791
6,2023-07,0,550,136,0.9987048455342963,0.14369581204178852,0.8550090334925078
6,2023-07,0,550,137,0.9991162905730787,0.14907829556490862,0.8500379950081701
6,2023-07,0,550,138,0.9967681829810432,0.13427390607772832,0.8624942769033148
6,2023-07,0,550,139,0.9991857176464528,0.14384952688381705,0.8553361907626358
6,2023-07,0,550,140,0.9969759183883342,0.12179903858945791,0.8751768797988763
6,2023-07,0,550,141,0.9996579268299237,0.14193068264682598,0.8577272441830978
6,2023-07,0,550,142,0.9968306101029415,0.12677481485953024,0.8700557952434113
6,2023-07,0,550,143,0.9996016556445511,0.144156367835785,0.855445287808766
6,2023-07,0,550,144,0.9989389364726411,0.13398281295261177,0.8649561235200294
6,2023-07,0,550,145,0.99842745185207,0.1353674780229187,0.8630599738291513
6,2023-07,0,550,146,0.998636810561177,0.1370373595421027,0.8615994510190743
6,2023-07,0,550,147,0.9991389060512085,0.13261638365125902,0.8665225223999494
6,2023-07,0,550,148,0.9984682263824843,0.14904194797327106,0.8494262784092133
6,2023-07,0,550,149,0.9992805584943902,0.1358732901337891,0.8634072683606011
6,2023-07,0,550,150,0.99789507192888,0.14720259336758823,0.8506924785612918
6,2023-07,0,550,151,0.9987179811156237,0.1270500506237043,0.8716679304919194
6,2023-07,0,550,152,0.9977196422309409,0.13848738202147481,0.8592322602094661
6,2023-07,0,550,153,0.9986367655953332,0.14278935245128585,0.8558474131440473
6,2023-07,0,550,154,0.999578638939684,0.14382591702572975,0.8557527219139542
6,2023-07,0,550,155,0.9982466956980474,0.15840793288617075,0.8398387628118766
6,2023-07,0,550,156,0.9993362401277766,0.14304608210683056,0.856290158020946
6,2023-07,0,550,157,0.9986845715442025,0.12708574246676804,0.8715988290774345
6,2023-07,0,550,158,0.9982734512260394,0.12395312811607409,0.8743203231099653
6,2023-07,0,550,159,0.9976412347722449,0.13482468875951426,0.8628165460127306
6,2023-07,0,550,160,0.9989344126797058,0.13275477888451614,0.8661796337951897
6,2023-07,0,550,161,0.9987336095168409,0.13857386291189128,0.8601597466049495
6,2023-07,0,550,162,0.9975199520053314,0.14428107625228817,0.8532388757530432
6,2023-07,0,550,163,0.9981125209865359,0.15518491943549287,0.8429276015510431
6,2023-07,0,550,164,0.9987915745474829,0.15344124265844192,0.845350331889041
6,2023-07,0,550,165,0.9977822958067204,0.1516915589835786,0.8460907368231418
6,2023-07,0,550,166,0.9993439301515139,0.14576714391500936,0.8535767862365046
6,2023-07,0,550,167,0.9996912049811346,0.1433902661199463,0.8563009388611883
6,2023-07,0,550,168,0.9984917494238102,0.13466504202266416,0.8638267074011461
6,2023-07,0,550,169,0.999377772668921,0.1340959722200079,0.8652818004489131
6,2023-07,0,550,170,0.9988095648548184,0.1372238329444824,0.861585731910336
6,2023-07,0,550,171,0.9957697421418014,0.14523861978849048,0.8505311223533109
6,2023-07,0,550,172,0.9992653776589734,0.1322834704249949,0.8669819072339785
6,2023-07,0,550,173,0.9954187848899507,0.16012245221589014,0.8352963326740606
6,2023-07,0,550,174,0.998295107121728,0.15473259401279224,0.8435625131089357
6,2023-07,0,550,175,0.9984367572367022,0.12545762626948448,0.8729791309672177
6,2023-07,0,550,176,0.9997274194561515,0.1406340993204441,0.8590933201357074
6,2023-07,0,550,177,0.9967737433103577,0.11918653074144907,0.8775872125689087
6,2023-07,0,550,178,0.9973815404346981,0.14256295957640475,0.8548185808582933
6,2023-07,0,550,179,0.9999351043301342,0.14173900245147086,0.8581961018786634
6,2023-07,0,550,180,0.9987524809393636,0.149541173826896,0.8492113071124676
6,2023-07,0,550,181,0.9975052177096223,0.15408466389949316,0.8434205538101291
6,2023-07,0,550,182,0.9995550766573694,0.14448009630045033,0.8550749803569191
6,2023-07,0,550,183,0.9947542846021077,0.15182437269224525,0.8429299119098624
6,2023-07,0,550,184,0.9979080650348717,0.13582772698269463,0.8620803380521771
6,2023-07,0,550,185,0.9986303753394139,0.13045124030126154,0.8681791350381524
6,2023-07,0,550,186,0.9970069609369213,0.12081230242056773,0.8761946585163536
6,2023-07,0,550,187,0.9992161845770187,0.1362889636816796,0.8629272208953391
6,2023-07,0,550,188,0.998540381294991,0.1325133571990314,0.8660270240959596
6,2023-07,0,550,189,0.9990066526063496,0.14123024430525746,0.8577764083010921
6,2023-07,0,550,190,0.998911712387914,0.1301115357137114,0.8688001766742026
6,2023-07,0,550,191,0.9987217447255424,0.14367052238177086,0.8550512223437716
6,2023-07,0,550,192,0.9983649687866358,0.15175233317105707,0.8466126356155788
6,2023-07,0,550,193,0.998717709358714,0.13617198889557014,0.8625457204631438
6,2023-07,0,550,194,0.9988266530960044,0.1435456737380762,0.8552809793579281
6,2023-07,0,550,195,0.9969405137687433,0.15588321060683735,0.841057303161906
6,2023-07,0,550,196,0.9988422343950406,0.148324730841968,0.8505175035530725
6,2023-07,0,550,197,0.9992006907543929,0.13702212848856052,0.8621785622658323
6,2023-07,0,550,198,0.9982057252867907,0.12645863177888908,0.8717470935079017
6,2023-07,0,550,199,0.9974473908036353,0.14535051753094308,0.8520968732726922
6,2023-07,1,1346,0,0.9983306951916253,0.1366272045127349,0.8617034906788904
6,2023-07,1,1346,1,0.9994038196709768,0.14616125829871277,0.8532425613722641
6,2023-07,1,1346,2,0.999653790580877,0.14485698569684177,0.8547968048840352
6,2023-07,1,1346,3,0.9991330445894521,0.14756301155289314,0.851570033036559
6,2023-07,1,1346,4,0.9995452092284398,0.14177877708783662,0.8577664321406032
6,2023-07,1,1346,5,0.9982819006709469,0.15599702205000032,0.8422848786209466
6,2023-07,1,1346,6,0.9996620375725249,0.13716542212624372,0.8624966154462812
6,2023-07,1,1346,7,0.9995021229913282,0.1396358990526915,0.8598662239386368
6,2023-07,1,1346,8,0.9998811335997291,0.13864507808049778,0.8612360555192313
6,2023-07,1,1346,9,0.9994790881370323,0.1470895877764006,0.8523895003606318
6,2023-07,1,1346,10,0.9997678499926643,0.1405332453840322,0.8592346046086321
6,2023-07,1,1346,11,0.9995887874672659,0.14144965559877606,0.8581391318684898
6,2023-07,1,1346,12,0.9992328558296556,0.1407187274469849,0.8585141283826707
6,2023-07,1,1346,13,0.9992783792945038,0.14990893447013628,0.8493694448243675
6,2023-07,1,1346,14,0.999525680533566,0.14480445678035328,0.8547212237532128
6,2023-07,1,1346,15,0.9998393414603791,0.1405321948176711,0.859307146642708
6,2023-07,1,1346,16,0.9998842339704123,0.1420447507702816,0.8578394832001306
6,2023-07,1,1346,17,0.9994768945694814,0.141025696769321,0.8584511978001604
6,2023-07,1,1346,18,0.9995650390791903,0.1421951090255509,0.8573699300536394
6,2023-07,1,1346,19,0.9997716053238523,0.14088556709775202,0.8588860382261003
6,2023-07,1,1346,20,0.9984659979084356,0.14074815697507517,0.8577178409333605
6,2023-07,1,1346,21,0.9995905515090621,0.13509265439830323,0.8644978971107589
6,2023-07,1,1346,22,0.9991051520568945,0.14936776011973413,0.8497373919371605
6,2023-07,1,1346,23,0.9997283031941736,0.1408958954722082,0.8588324077219653
6,2023-07,1,1346,24,0.9991482443163104,0.13539913537228834,0.8637491089440221
6,2023-07,1,1346,25,0.9996699729069668,0.14511376827598668,0.8545562046309801
6,2023-07,1,1346,26,0.9995169272773865,0.14062224750875255,0.858894679768634
6,2023-07,1,1346,27,0.9995103168376803,0.13491978691078826,0.8645905299268921
6,2023-07,1,1346,28,0.9985015824294757,0.13220155509044584,0.8663000273390299
6,2023-07,1,1346,29,0.9995393092824426,0.13499914572136767,0.864540163561075
6,2023-07,1,1346,30,0.9985132159478937,0.13791549227443087,0.8605977236734628
6,2023-07,1,1346,31,0.9998285267912596,0.14352097253230373,0.8563075542589558
6,2023-07,1,1346,32,0.9991381670437491,0.1446341359533586,0.8545040310903905
6,2023-07,1,1346,33,0.9997095861173061,0.13500151983995945,0.8647080662773466
6,2023-07,1,1346,34,0.9989734050327926,0.13130473187583216,0.8676686731569605
6,2023-07,1,1346,35,0.9990380468341359,0.13017191159248206,0.8688661352416538
6,2023-07,1,1346,36,0.9994373790352048,0.13941469020270225,0.8600226888325025
6,2023-07,1,1346,37,0.9990147429166906,0.1350381318344883,0.8639766110822023
6,2023-07,1,1346,38,0.9993817549009547,0.14034222266590665,0.859039532235048
6,2023-07,1,1346,39,0.9995093540571011,0.14589060221326328,0.8536187518438378
6,2023-07,1,1346,40,0.999360412756414,0.14408717120726078,0.8552732415491532
6,2023-07,1,1346,41,0.9994070887844342,0.14377047287001635,0.8556366159144179
6,2023-07,1,1346,42,0.9995551866816498,0.14546787610725678,0.854087310574393
6,2023-07,1,1346,43,0.9986933468583389,0.14983970844349687,0.848853638414842
6,2023-07,1,1346,44,0.9996471890688587,0.1376011577442706,0.8620460313245881
6,2023-07,1,1346,45,0.9995901285078052,0.1387418846783707,0.8608482438294345
6,2023-07,1,1346,46,0.9989473901840468,0.13594716235570856,0.8630002278283382
6,2023-07,1,1346,47,0.9993008002457427,0.13519600943671456,0.8641047908090282
6,2023-07,1,1346,48,0.9993719261032139,0.13887555585950645,0.8604963702437074
6,2023-07,1,1346,49,0.9992763577863927,0.13521612439529687,0.8640602333910958
6,2023-07,1,1346,50,0.999707608210871,0.13622088200898422,0.8634867262018868
6,2023-07,1,1346,51,0.9995236901471295,0.1368045273109419,0.8627191628361877
6,2023-07,1,1346,52,0.9982139917806079,0.13073171306692508,0.8674822787136828
6,2023-07,1,1346,53,0.9996365304800382,0.1342438535227165,0.8653926769573217
6,2023-07,1,1346,54,0.9997924169077368,0.14099309458578502,0.8587993223219518
6,2023-07,1,1346,55,0.9998504306934529,0.13693750316417516,0.8629129275292777
6,2023-07,1,1346,56,0.9995753273202621,0.13655724645923134,0.8630180808610308
6,2023-07,1,1346,57,0.9996644345575889,0.14698984710915136,0.8526745874484376
6,2023-07,1,1346,58,0.9998113517760296,0.1394246026192864,0.8603867491567432
6,2023-07,1,1346,59,0.9992566778932287,0.14375726283134713,0.8554994150618815
6,2023-07,1,1346,60,0.9990303082523359,0.1369812294796389,0.862049078772697
6,2023-07,1,1346,61,0.9996143494714249,0.1435856575176426,0.8560286919537823
6,2023-07,1,1346,62,0.9994482108761548,0.14900352233885206,0.8504446885373027
6,2023-07,1,1346,63,0.9996857535184792,0.13627756734245208,0.8634081861760271
6,2023-07,1,1346,64,0.999012425484729,0.1412183961461655,0.8577940293385635
6,2023-07,1,1346,65,0.9995270288234906,0.1379701124038206,0.86155691641967
6,2023-07,1,1346,66,0.9997381830024731,0.13599741249197417,0.8637407705104989
6,2023-07,1,1346,67,0.999499356409899,0.14172611107765679,0.8577732453322422
6,2023-07,1,1346,68,0.9995829836047839,0.14187204248496163,0.8577109411198223
6,2023-07,1,1346,69,0.9994767381223242,0.1430719105785476,0.8564048275437766
6,2023-07,1,1346,70,0.9992981697052572,0.13675643748836763,0.8625417322168896
6,2023-07,1,1346,71,0.9991466885707699,0.14467098578898827,0.8544757027817816
6,2023-07,1,1346,72,0.9995823640313792,0.14415033704606042,0.8554320269853188
6,2023-07,1,1346,73,0.9998200099329904,0.1432151877659046,0.8566048221670858
6,2023-07,1,1346,74,0.9996346577414675,0.14440553842357004,0.8552291193178975
6,2023-07,1,1346,75,0.9998018983057884,0.13982687229555363,0.8599750260102348
6,2023-07,1,1346,76,0.9994857969952166,0.1441183738069991,0.8553674231882175
6,2023-07,1,1346,77,0.9990154137652949,0.14385456420524353,0.8551608495600513
6,2023-07,1,1346,78,0.9994274262535209,0.1362865094047303,0.8631409168487906
6,2023-07,1,1346,79,0.9991046262391784,0.14478067142345372,0.8543239548157247
6,2023-07,1,1346,80,0.999312565548759,0.1375133260832703,0.8617992394654888
6,2023-07,1,1346,81,0.9992961305245428,0.14284457238571754,0.8564515581388252
6,2023-07,1,1346,82,0.9988698500802167,0.1344852566344413,0.8643845934457753
6,2023-07,1,1346,83,0.9998233390297393,0.13899637600330939,0.8608269630264299
6,2023-07,1,1346,84,0.9999140234488797,0.14336026852409423,0.8565537549247855
6,2023-07,1,1346,85,0.9993239265967734,0.14129603164713747,0.8580278949496359
6,2023-07,1,1346,86,0.9993998925554008,0.13465079015967837,0.8647491023957224
6,2023-07,1,1346,87,0.9995957366287599,0.14312017953313316,0.8564755570956267
6,2023-07,1,1346,88,0.9993617544054334,0.13366052092404165,0.8657012334813917
6,2023-07,1,1346,89,0.9992131402916519,0.14544756648857998,0.8537655738030718
6,2023-07,1,1346,90,0.9994187625582471,0.13396205228755304,0.865456710270694
6,2023-07,1,1346,91,0.9990648604195645,0.1361183308759947,0.8629465295435699
6,2023-07,1,1346,92,0.9985326086742224,0.14019633608328722,0.8583362725909353
6,2023-07,1,1346,93,0.9991511879573591,0.1524194607088846,0.8467317272484746
6,2023-07,1,1346,94,0.9998477063053018,0.14447668886933723,0.8553710174359646
6,2023-07,1,1346,95,0.9995755463021848,0.14415326979218132,0.8554222765100035
6,2023-07,1,1346,96,0.999473495943316,0.13363458673203182,0.8658389092112841
6,2023-07,1,1346,97,0.9996176143162934,0.14324003140935218,0.8563775829069412
6,2023-07,1,1346,98,0.9998483858171135,0.14334833370720723,0.8565000521099063
6,2023-07,1,1346,99,0.9993428980924118,0.13287614105113132,0.8664667570412805
6,2023-07,1,1346,100,0.9998132080140799,0.14240661359074178,0.8574065944233381
6,2023-07,1,1346,101,0.9994283621275594,0.14194610783235606,0.8574822542952033
6,2023-07,1,1346,102,0.9988291346925219,0.13798046098938677,0.8608486737031351
6,2023-07,1,1346,103,0.9994014790343981,0.15034947997996673,0.8490519990544314
6,2023-07,1,1346,104,0.9991140666900165,0.13808002917499312,0.8610340375150234
6,2023-07,1,1346,105,0.9986163777051393,0.14496943794234224,0.853646939762797
6,2023-07,1,1346,106,0.9992011576300528,0.14390172337428633,0.8552994342557665
6,2023-07,1,1346,107,0.9990629113961053,0.13496530174028198,0.8640976096558233
6,2023-07,1,1346,108,0.9993761260006974,0.13654909397073944,0.8628270320299579
6,2023-07,1,1346,109,0.9994897356679419,0.1437686221511901,0.8557211135167517
6,2023-07,1,1346,110,0.9997996072788672,0.138132094963096,0.8616675123157712
6,2023-07,1,1346,111,0.9981615463093633,0.13971645260621068,0.8584450937031526
6,2023-07,1,1346,112,0.9983280957740892,0.1523993532501259,0.8459287425239633
6,2023-07,1,1346,113,0.9992627557561228,0.13919757410827086,0.860065181647852
6,2023-07,1,1346,114,0.998724500025344,0.1429184900710672,0.8558060099542768
6,2023-07,1,1346,115,0.9991700736318253,0.13508233451260762,0.8640877391192177
6,2023-07,1,1346,116,0.9995746334057816,0.14003809022330468,0.8595365431824769
6,2023-07,1,1346,117,0.9991923937955833,0.13484248802428003,0.8643499057713033
6,2023-07,1,1346,118,0.9993840808498359,0.1444333060980667,0.8549507747517692
6,2023-07,1,1346,119,0.9989153578130557,0.14256681661933943,0.8563485411937163
6,2023-07,1,1346,120,0.9981571645683744,0.14947241686423063,0.8486847477041438
6,2023-07,1,1346,121,0.9994344522658878,0.13594175053988256,0.8634927017260052
6,2023-07,1,1346,122,0.999253822401495,0.1403033304569575,0.8589504919445374
6,2023-07,1,1346,123,0.999463313503771,0.14205379594523382,0.8574095175585372
6,2023-07,1,1346,124,0.9995768381162843,0.13863625286794384,0.8609405852483405
6,2023-07,1,1346,125,0.9993355959784349,0.1472334248648013,0.8521021711136336
6,2023-07,1,1346,126,0.9998291508353248,0.141878165426075,0.8579509854092497
6,2023-07,1,1346,127,0.9992315459684492,0.13877107566879043,0.8604604702996588
6,2023-07,1,1346,128,0.9983742839474241,0.13706876407631288,0.8613055198711113
6,2023-07,1,1346,129,0.9989566438189813,0.13462686714165722,0.8643297766773241
6,2023-07,1,1346,130,0.9998441356535965,0.13750127238688217,0.8623428632667144
6,2023-07,1,1346,131,0.9990567948676401,0.15073012278966483,0.8483266720779753
6,2023-07,1,1346,132,0.9994054434846149,0.13821602681744685,0.8611894166671681
6,2023-07,1,1346,133,0.9998656672187483,0.14146386413031067,0.8584018030884376
6,2023-07,1,1346,134,0.9996271078615294,0.1411850000254202,0.8584421078361092
6,2023-07,1,1346,135,0.9993025959522654,0.1338640601981098,0.8654385357541556
6,2023-07,1,1346,136,0.9988666569071608,0.1351831495020106,0.8636835074051502
6,2023-07,1,1346,137,0.9994745639667711,0.13502298290095366,0.8644515810658175
6,2023-07,1,1346,138,0.9994098892634585,0.14211936786722074,0.8572905213962378
6,2023-07,1,1346,139,0.9998069591962607,0.13893696715204573,0.860869992044215
6,2023-07,1,1346,140,0.9994056673277433,0.14247957856414933,0.8569260887635939
6,2023-07,1,1346,141,0.9994067092449438,0.14625933493549728,0.8531473743094465
6,2023-07,1,1346,142,0.9979532869047855,0.1513499410851452,0.8466033458196403
6,2023-07,1,1346,143,0.999311227383372,0.14667830246330493,0.852632924920067
6,2023-07,1,1346,144,0.9992366647931287,0.1467607930421097,0.852475871751019
6,2023-07,1,1346,145,0.9982069865539889,0.15269263391273197,0.845514352641257
6,2023-07,1,1346,146,0.9996718913703118,0.14648869794688266,0.8531831934234291
6,2023-07,1,1346,147,0.9993289154948151,0.1389161397850594,0.8604127757097557
6,2023-07,1,1346,148,0.9989701271781272,0.15208079114637701,0.8468893360317502
6,2023-07,1,1346,149,0.9988945608349716,0.1401033372958705,0.8587912235391011
6,2023-07,1,1346,150,0.9985655955397222,0.14227111571525572,0.8562944798244665
6,2023-07,1,1346,151,0.9996155200202298,0.1416128499386926,0.8580026700815372
6,2023-07,1,1346,152,0.9991274858481382,0.14387062884052962,0.8552568570076086
6,2023-07,1,1346,153,0.9998174139824528,0.1427188370381492,0.8570985769443036
6,2023-07,1,1346,154,0.9984496228285483,0.14391743056825468,0.8545321922602936
6,2023-07,1,1346,155,0.999586388234798,0.13989073751291903,0.8596956507218789
6,2023-07,1,1346,156,0.9992819045005225,0.14260484294321857,0.8566770615573038
6,2023-07,1,1346,157,0.9995572368997415,0.1340053441090344,0.8655518927907071
6,2023-07,1,1346,158,0.9996653865766002,0.14263183240185603,0.8570335541747441
6,2023-07,1,1346,159,0.999537077451056,0.14745764639019057,0.8520794310608655
6,2023-07,1,1346,160,0.9997208864613402,0.14229722765855096,0.8574236588027893
6,2023-07,1,1346,161,0.9991572804194289,0.14625164221580628,0.8529056382036226
6,2023-07,1,1346,162,0.9996191207995571,0.13870304726876417,0.8609160735307929
6,2023-07,1,1346,163,0.9994636830145022,0.1378948452135346,0.8615688378009676
6,2023-07,1,1346,164,0.9993624058936738,0.1328768538146978,0.8664855520789759
6,2023-07,1,1346,165,0.9995589664794512,0.14139774392664997,0.8581612225528013
6,2023-07,1,1346,166,0.9997032855048007,0.1366318268411103,0.8630714586636904
6,2023-07,1,1346,167,0.9995658440896831,0.14812747979029103,0.851438364299392
6,2023-07,1,1346,168,0.9982032041140804,0.13424887501028065,0.8639543291037997
6,2023-07,1,1346,169,0.9992931520826512,0.14669991656011944,0.8525932355225319
6,2023-07,1,1346,170,0.9995146603903126,0.13499492681980116,0.8645197335705114
6,2023-07,1,1346,171,0.9996920776165173,0.1458969565421772,0.8537951210743402
6,2023-07,1,1346,172,0.9991884024415529,0.13248038138172816,0.8667080210598248
6,2023-07,1,1346,173,0.9994953719953718,0.13906659231452667,0.8604287796808451
6,2023-07,1,1346,174,0.9992770459056135,0.13862147053922474,0.8606555753663887
6,2023-07,1,1346,175,0.9994112740738968,0.1458503803384869,0.85356089373541
6,2023-07,1,1346,176,0.9998564875092,0.1411491147981767,0.8587073727110233
6,2023-07,1,1346,177,0.9994339644100166,0.14567521035632083,0.8537587540536958
6,2023-07,1,1346,178,0.999106522777386,0.13201342547604644,0.8670930973013395
6,2023-07,1,1346,179,0.9992447259680566,0.14068155692669532,0.8585631690413613
6,2023-07,1,1346,180,0.9990623484292922,0.13702083849601612,0.8620415099332761
6,2023-07,1,1346,181,0.999503934993601,0.1391067481513786,0.8603971868422224
6,2023-07,1,1346,182,0.9994585314117299,0.14288816894698692,0.8565703624647429
6,2023-07,1,1346,183,0.9994085781150541,0.14061071794976093,0.8587978601652932
6,2023-07,1,1346,184,0.9993987332744417,0.14315035467268228,0.8562483786017594
6,2023-07,1,1346,185,0.9994718263155038,0.13375160141178738,0.8657202249037164
6,2023-07,1,1346,186,0.998815936163807,0.14407053874533216,0.8547453974184749
6,2023-07,1,1346,187,0.999761623702469,0.14230434928210375,0.8574572744203652
6,2023-07,1,1346,188,0.9992977539133968,0.13890599845044987,0.860391755462947
6,2023-07,1,1346,189,0.9997357808369601,0.139661330103209,0.8600744507337511
6,2023-07,1,1346,190,0.9996273206261527,0.14869970411375844,0.8509276165123942
6,2023-07,1,1346,191,0.9996569349732024,0.14864243793617898,0.8510144970370235
6,2023-07,1,1346,192,0.9995129643409323,0.13671342966681416,0.8627995346741182
6,2023-07,1,1346,193,0.9988688712876903,0.15088993064898812,0.8479789406387022
6,2023-07,1,1346,194,0.9995004534651223,0.1457258084027766,0.8537746450623457
6,2023-07,1,1346,195,0.9997998252316015,0.14556047200995934,0.8542393532216421
6,2023-07,1,1346,196,0.9995464956679471,0.139543093528281,0.8600034021396661
6,2023-07,1,1346,197,0.9998256791867987,0.14532017002155628,0.8545055091652424
6,2023-07,1,1346,198,0.999375006967327,0.1446387325697679,0.8547362743975591
6,2023-07,1,1346,199,0.9997914843780875,0.14076080248165548,0.8590306818964321
7,2023-08,0,553,0,0.9990189428818281,0.1530382835141036,0.8459806593677246
7,2023-08,0,553,1,0.998698579068122,0.15789902054527444,0.8407995585228476
7,2023-08,0,553,2,0.9988199631153917,0.14470276178104735,0.8541172013343443
7,2023-08,0,553,3,0.9989208159302991,0.16192655012523657,0.8369942658050625
7,2023-08,0,553,4,0.9988354954781861,0.16197958973664386,0.8368559057415422
7,2023-08,0,553,5,0.9974405949399034,0.13252955076106607,0.8649110441788374
7,2023-08,0,553,6,0.9983626595741087,0.16392264151491542,0.8344400180591933
7,2023-08,0,553,7,0.9923782125319206,0.13732280091781152,0.8550554116141091
7,2023-08,0,553,8,0.9985763688714053,0.15520745932903585,0.8433689095423695
7,2023-08,0,553,9,0.996603309606546,0.14622652507854356,0.8503767845280024
7,2023-08,0,553,10,0.9990236564630887,0.14374861727624155,0.8552750391868471
7,2023-08,0,553,11,0.9970779569300829,0.1404112920784902,0.8566666648515927
7,2023-08,0,553,12,0.9978565318844794,0.14499479710321056,0.8528617347812688
7,2023-08,0,553,13,0.9983197163426213,0.14999737853435363,0.8483223378082676
7,2023-08,0,553,14,0.9955007595669849,0.1279295916692199,0.867571167897765
7,2023-08,0,553,15,0.9993770112545278,0.14391722114759203,0.8554597901069358
7,2023-08,0,553,16,0.9974250053241536,0.1720672054868964,0.8253577998372572
7,2023-08,0,553,17,0.9971820947138313,0.1371769571115128,0.8600051376023186
7,2023-08,0,553,18,0.99972463480861,0.15424743962423437,0.8454771951843756
7,2023-08,0,553,19,0.9960725790014232,0.15939942049276437,0.8366731585086589
7,2023-08,0,553,20,0.9982996173643208,0.14213253345032878,0.8561670839139921
7,2023-08,0,553,21,0.9990060133054848,0.152338068481112,0.8466679448243728
7,2023-08,0,553,22,0.9952163269168428,0.14406544662974094,0.8511508802871018
7,2023-08,0,553,23,0.999580998970291,0.15228043423864418,0.8473005647316467
7,2023-08,0,553,24,0.9976755394860949,0.13671191655226825,0.8609636229338267
7,2023-08,0,553,25,0.9990682249412521,0.14230154432980438,0.8567666806114478
7,2023-08,0,553,26,0.9990594994500729,0.1542825270461725,0.8447769724039004
7,2023-08,0,553,27,0.9978270213925731,0.141704655027421,0.856122366365152
7,2023-08,0,553,28,0.9991470475567799,0.14214104779810666,0.8570059997586732
7,2023-08,0,553,29,0.9980985045525322,0.15834192899357977,0.8397565755589524
7,2023-08,0,553,30,0.9981405362868887,0.15348202372915193,0.8446585125577368
7,2023-08,0,553,31,0.9988262390504966,0.16219808123244508,0.8366281578180516
7,2023-08,0,553,32,0.9994898923607292,0.15028335356142242,0.8492065387993067
7,2023-08,0,553,33,0.9989938747488616,0.15603612160499078,0.8429577531438708
7,2023-08,0,553,34,0.9990012955537412,0.14018868812313884,0.8588126074306024
7,2023-08,0,553,35,0.9984705646877509,0.15945515916262165,0.8390154055251292
7,2023-08,0,553,36,0.9975498298711828,0.14225309222184543,0.8552967376493373
7,2023-08,0,553,37,0.9961813441895007,0.12565217308064636,0.8705291711088543
7,2023-08,0,553,38,0.9991848256262382,0.15970113792403476,0.8394836877022035
7,2023-08,0,553,39,0.9996677127051965,0.14400621234050898,0.8556615003646875
7,2023-08,0,553,40,0.9976533159188009,0.13582825117327138,0.8618250647455296
7,2023-08,0,553,41,0.9965645347633585,0.17466759244262914,0.8218969423207294
7,2023-08,0,553,42,0.999065947930117,0.1536095884969364,0.8454563594331806
7,2023-08,0,553,43,0.9994284929531522,0.14681712332185406,0.8526113696312981
7,2023-08,0,553,44,0.998511374062751,0.14456483216633595,0.8539465418964151
7,2023-08,0,553,45,0.9972612448467149,0.16451809389695307,0.8327431509497618
7,2023-08,0,553,46,0.9983347722987197,0.15616370224996265,0.842171070048757
7,2023-08,0,553,47,0.9985705083836248,0.15522516316390725,0.8433453452197176
7,2023-08,0,553,48,0.9982584136742185,0.14007795481089197,0.8581804588633266
7,2023-08,0,553,49,0.9955277144545155,0.1767868531809315,0.818740861273584
7,2023-08,0,553,50,0.999722553032471,0.14881994804719514,0.8509026049852759
7,2023-08,0,553,51,0.9996208662845016,0.15225180650208445,0.8473690597824172
7,2023-08,0,553,52,0.9981425863537469,0.14908223504911106,0.8490603513046358
7,2023-08,0,553,53,0.9978881167543786,0.1372105141596871,0.8606776025946915
7,2023-08,0,553,54,0.9991001527243878,0.14731333424833312,0.8517868184760546
7,2023-08,0,553,55,0.9991178711853669,0.16071281906389973,0.8384050521214672
7,2023-08,0,553,56,0.9978165735763814,0.14227086852650664,0.8555457050498748
7,2023-08,0,553,57,0.9991922523707917,0.15330893664858644,0.8458833157222052
7,2023-08,0,553,58,0.9961868018869311,0.13367418643859183,0.8625126154483392
7,2023-08,0,553,59,0.9992643058315938,0.14420258736581654,0.8550617184657772
7,2023-08,0,553,60,0.9982084530759566,0.1504688785939061,0.8477395744820505
7,2023-08,0,553,61,0.9973248767150713,0.15998008079963955,0.8373447959154318
7,2023-08,0,553,62,0.9977075739990856,0.1714619289964058,0.8262456450026798
7,2023-08,0,553,63,0.9958803912238279,0.16638201893931925,0.8294983722845086
7,2023-08,0,553,64,0.9975446958353382,0.13467925257470573,0.8628654432606325
7,2023-08,0,553,65,0.9947496772343085,0.12801273379200523,0.8667369434423033
7,2023-08,0,553,66,0.9967361083186006,0.16363330074200466,0.8331028075765959
7,2023-08,0,553,67,0.9977856986281035,0.13705206205751666,0.8607336365705869
7,2023-08,0,553,68,0.9992439888127913,0.1600911426984678,0.8391528461143235
7,2023-08,0,553,69,0.9997010480964125,0.14587470010787296,0.8538263479885395
7,2023-08,0,553,70,0.9988367271268888,0.16572931653585474,0.833107410591034
7,2023-08,0,553,71,0.9967878595589662,0.15359571928874963,0.8431921402702166
7,2023-08,0,553,72,0.9992240096299837,0.15747039192106743,0.8417536177089162
7,2023-08,0,553,73,0.9980799772228341,0.16533087603067484,0.8327491011921593
7,2023-08,0,553,74,0.9992005424810259,0.15032363851808372,0.8488769039629421
7,2023-08,0,553,75,0.9978543359724746,0.15491005754875797,0.8429442784237167
7,2023-08,0,553,76,0.9993403256817502,0.15413481204795224,0.845205513633798
7,2023-08,0,553,77,0.9978169328822406,0.1293321285354517,0.8684848043467889
7,2023-08,0,553,78,0.9985248764919139,0.16267034710737846,0.8358545293845354
7,2023-08,0,553,79,0.9987416467830854,0.14255952364803842,0.856182123135047
7,2023-08,0,553,80,0.9964446589599912,0.16163826039160453,0.8348063985683867
7,2023-08,0,553,81,0.9982599287195422,0.14219696846488944,0.8560629602546528
7,2023-08,0,553,82,0.9994083025201431,0.15771991505197996,0.8416883874681631
7,2023-08,0,553,83,0.9995172052165477,0.1414091007625073,0.8581081044540404
7,2023-08,0,553,84,0.9992724102251205,0.15184603089085622,0.8474263793342642
7,2023-08,0,553,85,0.9985912422832681,0.15030199887643858,0.8482892434068295
7,2023-08,0,553,86,0.9977182595439452,0.1582578510399258,0.8394604085040194
7,2023-08,0,553,87,0.9970921897625432,0.13933143520070707,0.8577607545618362
7,2023-08,0,553,88,0.9973094620848723,0.14180648091736556,0.8555029811675067
7,2023-08,0,553,89,0.9966521059172,0.15554525278532655,0.8411068531318735
7,2023-08,0,553,90,0.9986134449978472,0.1426383609200789,0.8559750840777683
7,2023-08,0,553,91,0.9989183623752098,0.1533404950275021,0.8455778673477077
7,2023-08,0,553,92,0.9987245288528479,0.14987287064860666,0.8488516582042412
7,2023-08,0,553,93,0.9995187618936565,0.14428666859060396,0.8552320933030526
7,2023-08,0,553,94,0.998112581307734,0.15081595033220918,0.8472966309755248
7,2023-08,0,553,95,0.9980209591452558,0.14272260431693046,0.8552983548283253
7,2023-08,0,553,96,0.9980468333528063,0.1398970688204422,0.8581497645323641
7,2023-08,0,553,97,0.9989005375527807,0.15519262309723594,0.8437079144555448
7,2023-08,0,553,98,0.9980630554501017,0.13617589447574258,0.861887160974359
7,2023-08,0,553,99,0.997238716008329,0.1640982146451213,0.8331405013632077
7,2023-08,0,553,100,0.9992261674093016,0.14952450557892774,0.8497016618303739
7,2023-08,0,553,101,0.9973396109399723,0.16456306499821308,0.8327765459417592
7,2023-08,0,553,102,0.9990020655385611,0.14824924245249604,0.850752823086065
7,2023-08,0,553,103,0.9985601520478821,0.1613730736524602,0.8371870783954218
7,2023-08,0,553,104,0.9986080402465773,0.16819846800984983,0.8304095722367275
7,2023-08,0,553,105,0.9966021951812815,0.15108060206188062,0.8455215931194009
7,2023-08,0,553,106,0.9993142567937422,0.15565028756564855,0.8436639692280936
7,2023-08,0,553,107,0.9974961849745082,0.13885872365454155,0.8586374613199667
7,2023-08,0,553,108,0.9993605031589705,0.15676702196435197,0.8425934811946185
7,2023-08,0,553,109,0.999652752502955,0.14762096833890923,0.8520317841640458
7,2023-08,0,553,110,0.9978342865591281,0.14339193322542468,0.8544423533337034
7,2023-08,0,553,111,0.9945394310748829,0.13395339234967063,0.8605860387252122
7,2023-08,0,553,112,0.9964582361692782,0.15519641275662477,0.8412618234126534
7,2023-08,0,553,113,0.9998522632494791,0.14686589799059954,0.8529863652588795
7,2023-08,0,553,114,0.9950523147322476,0.13879985890947,0.8562524558227776
7,2023-08,0,553,115,0.9987765856354043,0.1576268768506789,0.8411497087847254
7,2023-08,0,553,116,0.9957417140332977,0.14752119436023747,0.8482205196730602
7,2023-08,0,553,117,0.9997252927069933,0.145206640727712,0.8545186519792813
7,2023-08,0,553,118,0.9968837239261785,0.15177956623250075,0.8451041576936777
7,2023-08,0,553,119,0.9984247348390868,0.16805581396722283,0.830368920871864
7,2023-08,0,553,120,0.9994709452983616,0.15204776437041423,0.8474231809279473
7,2023-08,0,553,121,0.9981558381133956,0.14788774560847606,0.8502680925049195
7,2023-08,0,553,122,0.9985945077022923,0.16334339337022236,0.83525111433207
7,2023-08,0,553,123,0.9942030001407925,0.1421334984510088,0.8520695016897837
7,2023-08,0,553,124,0.9981678061388601,0.1453785595243466,0.8527892466145135
7,2023-08,0,553,125,0.997463141276732,0.16262486622613526,0.8348382750505967
7,2023-08,0,553,126,0.9979759628456215,0.14856660773368144,0.84940935511194
7,2023-08,0,553,127,0.9996534846722357,0.14630383821402523,0.8533496464582104
7,2023-08,0,553,128,0.9996427955857847,0.15038138235076842,0.8492614132350162
7,2023-08,0,553,129,0.998109547225939,0.14986800930507235,0.8482415379208667
7,2023-08,0,553,130,0.9990107470897627,0.14290820072544624,0.8561025463643164
7,2023-08,0,553,131,0.9978260848966792,0.13605803031003483,0.8617680545866444
7,2023-08,0,553,132,0.9973429226533805,0.1305318519109463,0.8668110707424342
7,2023-08,0,553,133,0.9993484288200712,0.14024247630099773,0.8591059525190735
7,2023-08,0,553,134,0.9976413051068175,0.13443820226707412,0.8632031028397433
7,2023-08,0,553,135,0.9973216850649727,0.15166822155388415,0.8456534635110885
7,2023-08,0,553,136,0.9911610606647111,0.1507218602892189,0.8404392003754921
7,2023-08,0,553,137,0.9988810496514761,0.15610628384430036,0.8427747658071757
7,2023-08,0,553,138,0.9987031174042533,0.15654282742335285,0.8421602899809004
7,2023-08,0,553,139,0.9987859795874401,0.15925195377671805,0.839534025810722
7,2023-08,0,553,140,0.9978225600641061,0.17355512948819093,0.8242674305759151
7,2023-08,0,553,141,0.9992018197542093,0.15434423813111983,0.8448575816230894
7,2023-08,0,553,142,0.9965663073015055,0.14300535069413697,0.8535609566073685
7,2023-08,0,553,143,0.9990147277050228,0.15043651485602227,0.8485782128490005
7,2023-08,0,553,144,0.9989920508497885,0.1475608370010298,0.8514312138487588
7,2023-08,0,553,145,0.9997942918818724,0.14971589547858022,0.8500783964032922
7,2023-08,0,553,146,0.9985439974548227,0.14252507652728255,0.8560189209275402
7,2023-08,0,553,147,0.999513333358871,0.16157795480829396,0.8379353785505771
7,2023-08,0,553,148,0.9983192696460373,0.1566371628103491,0.8416821068356882
7,2023-08,0,553,149,0.9991516890928972,0.14605117310591906,0.8531005159869781
7,2023-08,0,553,150,0.9980725495048972,0.15679304761398408,0.8412795018909132
7,2023-08,0,553,151,0.9986486842105836,0.156410080674538,0.8422386035360456
7,2023-08,0,553,152,0.9967635109889907,0.15046012022700525,0.8463033907619855
7,2023-08,0,553,153,0.9982595960607155,0.1577171218160639,0.8405424742446516
7,2023-08,0,553,154,0.9994540936714222,0.16249578571770965,0.8369583079537126
7,2023-08,0,553,155,0.9987506239332471,0.15095316416085394,0.8477974597723932
7,2023-08,0,553,156,0.9980721968370655,0.14601996168314496,0.8520522351539206
7,2023-08,0,553,157,0.9998263330781113,0.15429402933527767,0.8455323037428336
7,2023-08,0,553,158,0.9992427737611065,0.1497616592501347,0.8494811145109717
7,2023-08,0,553,159,0.9990901769136753,0.15551461096633012,0.8435755659473452
7,2023-08,0,553,160,0.997779401927427,0.1381115088893696,0.8596678930380574
7,2023-08,0,553,161,0.999210481596323,0.147775504817986,0.851434976778337
7,2023-08,0,553,162,0.9978660697748865,0.15365250099715372,0.8442135687777328
7,2023-08,0,553,163,0.9971319089788806,0.1316775500109563,0.8654543589679243
7,2023-08,0,553,164,0.9977514253519562,0.1354558192097024,0.8622956061422538
7,2023-08,0,553,165,0.9988637953554468,0.1387637005852535,0.8601000947701933
7,2023-08,0,553,166,0.9990152095478249,0.16367987288392177,0.8353353366639031
7,2023-08,0,553,167,0.9963830554860633,0.14547081713891696,0.8509122383471464
7,2023-08,0,553,168,0.9976725061369027,0.13464485723632522,0.8630276489005775
7,2023-08,0,553,169,0.9987658238941224,0.14056319855941005,0.8582026253347124
7,2023-08,0,553,170,0.999284230624545,0.16067499553529901,0.838609235089246
7,2023-08,0,553,171,0.9982966171212646,0.14316136931677553,0.8551352478044891
7,2023-08,0,553,172,0.9986989398848287,0.1384325510259732,0.8602663888588555
7,2023-08,0,553,173,0.9988121289774878,0.14212918826558935,0.8566829407118985
7,2023-08,0,553,174,0.9997010430162568,0.14966042259797824,0.8500406204182787
7,2023-08,0,553,175,0.9993369618648971,0.15981987020946445,0.8395170916554326
7,2023-08,0,553,176,0.997336622593219,0.14475298131788206,0.8525836412753369
7,2023-08,0,553,177,0.9987801752556157,0.14890424255630133,0.8498759326993144
7,2023-08,0,553,178,0.9977498474255388,0.16426580747785954,0.8334840399476793
7,2023-08,0,553,179,0.9996413322812924,0.15453617008143994,0.8451051621998524
7,2023-08,0,553,180,0.9976899535505176,0.14848768746688754,0.84920226608363
7,2023-08,0,553,181,0.9971511261095901,0.15654479339713995,0.8406063327124502
7,2023-08,0,553,182,0.9991096414751718,0.14722571347985466,0.8518839279953171
7,2023-08,0,553,183,0.9989009408679417,0.14804180383126675,0.8508591370366749
7,2023-08,0,553,184,0.9983129048888438,0.15965149934813513,0.8386614055407087
7,2023-08,0,553,185,0.9982946641634798,0.13778296905196374,0.860511695111516
7,2023-08,0,553,186,0.9987172252964664,0.15451574503226212,0.8442014802642044
7,2023-08,0,553,187,0.9980836462419185,0.14926807129747996,0.8488155749444385
7,2023-08,0,553,188,0.9975117181402404,0.15348687171895745,0.844024846421283
7,2023-08,0,553,189,0.9996024284829319,0.14887679998157108,0.8507256285013608
7,2023-08,0,553,190,0.9992128035922044,0.15398219661564583,0.8452306069765586
7,2023-08,0,553,191,0.9995939520828664,0.14784483662078868,0.8517491154620778
7,2023-08,0,553,192,0.9993341446437498,0.14078921720276266,0.8585449274409871
7,2023-08,0,553,193,0.997525815513691,0.13839267959158524,0.8591331359221057
7,2023-08,0,553,194,0.9982628252264413,0.1443185549756835,0.8539442702507578
7,2023-08,0,553,195,0.9990254789950789,0.1559984209234439,0.843027058071635
7,2023-08,0,553,196,0.998287161975017,0.15433565949904735,0.8439515024759696
7,2023-08,0,553,197,0.9955136940905163,0.15580584848764786,0.8397078456028684
7,2023-08,0,553,198,0.9993239336829315,0.14227148443494791,0.8570524492479836
7,2023-08,0,553,199,0.9978280402996357,0.16010362067831202,0.8377244196213236
7,2023-08,1,1343,0,0.9994419180142176,0.15091626565995866,0.8485256523542589
7,2023-08,1,1343,1,0.9998239359811409,0.1514517505215891,0.8483721854595518
7,2023-08,1,1343,2,0.9991641039593476,0.14464144725074568,0.854522656708602
7,2023-08,1,1343,3,0.9987043797336068,0.15027809210095366,0.8484262876326532
7,2023-08,1,1343,4,0.9996337162518515,0.15497604609637988,0.8446576701554716
7,2023-08,1,1343,5,0.9996214039440049,0.1557771237634314,0.8438442801805734
7,2023-08,1,1343,6,0.9984849233058367,0.15756220134106413,0.8409227219647726
7,2023-08,1,1343,7,0.9986587079278201,0.14645782439343238,0.8522008835343877
7,2023-08,1,1343,8,0.9995989430558876,0.15633325834561196,0.8432656847102756
7,2023-08,1,1343,9,0.9996968570524012,0.1528410154877668,0.8468558415646343
7,2023-08,1,1343,10,0.9996043485648147,0.14959158215765467,0.8500127664071601
7,2023-08,1,1343,11,0.9994931569400676,0.1548725797251147,0.8446205772149529
7,2023-08,1,1343,12,0.9994502432426977,0.1560826654220378,0.84336757782066
7,2023-08,1,1343,13,0.999520603479115,0.1578778746704015,0.8416427288087135
7,2023-08,1,1343,14,0.9996589443814674,0.15666339816605723,0.8429955462154102
7,2023-08,1,1343,15,0.999329303701073,0.15613357706138828,0.8431957266396847
7,2023-08,1,1343,16,0.99936638872557,0.14054924875633584,0.8588171399692341
7,2023-08,1,1343,17,0.9999095722898171,0.1479656144543639,0.8519439578354533
7,2023-08,1,1343,18,0.9978290749083989,0.14240488407952076,0.8554241908288781
7,2023-08,1,1343,19,0.9993556009382449,0.14965477440354694,0.849700826534698
7,2023-08,1,1343,20,0.9997251158489391,0.15094122839234123,0.8487838874565978
7,2023-08,1,1343,21,0.9994857466967264,0.1579543015126906,0.8415314451840358
7,2023-08,1,1343,22,0.9994049016890368,0.1467409110462714,0.8526639906427654
7,2023-08,1,1343,23,0.9996733102096287,0.15477341232276207,0.8448998978868666
7,2023-08,1,1343,24,0.998562152427791,0.14098939660599902,0.857572755821792
7,2023-08,1,1343,25,0.9995315757641042,0.15430059400473758,0.8452309817593666
7,2023-08,1,1343,26,0.9991928527086225,0.13900289795181378,0.8601899547568087
7,2023-08,1,1343,27,0.9992022290690342,0.15111666498426826,0.848085564084766
7,2023-08,1,1343,28,0.999461458472769,0.14814111544911449,0.8513203430236546
7,2023-08,1,1343,29,0.9990828940291878,0.15004365650958304,0.8490392375196048
7,2023-08,1,1343,30,0.9998850992158808,0.14929129364603055,0.8505938055698502
7,2023-08,1,1343,31,0.9997343099173199,0.15452558639320177,0.8452087235241181
7,2023-08,1,1343,32,0.9990658066341068,0.14095414530781714,0.8581116613262897
7,2023-08,1,1343,33,0.999033641446863,0.15396102126782799,0.8450726201790351
7,2023-08,1,1343,34,0.9993275544853099,0.14557312721730525,0.8537544272680047
7,2023-08,1,1343,35,0.9995484097639326,0.15118430149537956,0.848364108268553
7,2023-08,1,1343,36,0.9999159611252307,0.15283759423536541,0.8470783668898654
7,2023-08,1,1343,37,0.9987034286441901,0.1525637106554366,0.8461397179887535
7,2023-08,1,1343,38,0.9993930898652402,0.15714818958465482,0.8422449002805854
7,2023-08,1,1343,39,0.9992872267457034,0.15700831711286775,0.8422789096328356
7,2023-08,1,1343,40,0.999013819266559,0.1530321568220208,0.8459816624445382
7,2023-08,1,1343,41,0.9996713687210929,0.1541906208670633,0.8454807478540296
7,2023-08,1,1343,42,0.9996007229250731,0.14728263294746538,0.8523180899776077
7,2023-08,1,1343,43,0.9992893746320812,0.15297438627136414,0.8463149883607171
7,2023-08,1,1343,44,0.9995287169147555,0.15066086109308202,0.8488678558216736
7,2023-08,1,1343,45,0.9996510760308397,0.15658898126488174,0.843062094765958
7,2023-08,1,1343,46,0.999060610612111,0.1541604305067143,0.8449001801053968
7,2023-08,1,1343,47,0.9992627598569591,0.146219109564249,0.8530436502927101
7,2023-08,1,1343,48,0.9990500086807841,0.14125781086009995,0.8577921978206842
7,2023-08,1,1343,49,0.9991616019358774,0.1460455514842063,0.8531160504516712
7,2023-08,1,1343,50,0.9996505612868907,0.14896737284120362,0.850683188445687
7,2023-08,1,1343,51,0.9995241426080046,0.15270913857461987,0.8468150040333847
7,2023-08,1,1343,52,0.9994456792813838,0.15104764558939768,0.8483980336919862
7,2023-08,1,1343,53,0.9988827762658063,0.143662706140934,0.8552200701248723
7,2023-08,1,1343,54,0.9992204343211686,0.1604776468173341,0.8387427875038345
7,2023-08,1,1343,55,0.9996893389624362,0.1465391494494645,0.8531501895129716
7,2023-08,1,1343,56,0.9997691579686796,0.14996097788000215,0.8498081800886774
7,2023-08,1,1343,57,0.9993660483161361,0.15675562840802215,0.8426104199081139
7,2023-08,1,1343,58,0.9995380672508999,0.15119598277726254,0.8483420844736373
7,2023-08,1,1343,59,0.9995030062449488,0.15105915452087268,0.8484438517240761
7,2023-08,1,1343,60,0.9996773369163742,0.15046852616653494,0.8492088107498392
7,2023-08,1,1343,61,0.9992447215849802,0.151364876842914,0.8478798447420662
7,2023-08,1,1343,62,0.9990308112799529,0.14599104557234302,0.8530397657076099
7,2023-08,1,1343,63,0.9995306325411331,0.15851939051015632,0.8410112420309768
7,2023-08,1,1343,64,0.9991334473949596,0.15589477200909752,0.8432386753858621
7,2023-08,1,1343,65,0.9992102623671766,0.15854165576590112,0.8406686066012754
7,2023-08,1,1343,66,0.9988240078879975,0.1438420045345282,0.8549820033534693
7,2023-08,1,1343,67,0.9995184741682416,0.1507784917284463,0.8487399824397953
7,2023-08,1,1343,68,0.9990030135015933,0.14212981519321782,0.8568731983083755
7,2023-08,1,1343,69,0.9988704325965497,0.15919018742954233,0.8396802451670073
7,2023-08,1,1343,70,0.9997666687625194,0.14929860430650985,0.8504680644560095
7,2023-08,1,1343,71,0.9989799144275286,0.15328572083829917,0.8456941935892295
7,2023-08,1,1343,72,0.9997927720340914,0.1469193546774811,0.8528734173566104
7,2023-08,1,1343,73,0.9990317657977212,0.1465891295594519,0.8524426362382693
7,2023-08,1,1343,74,0.9994797908754631,0.1573346993003322,0.842145091575131
7,2023-08,1,1343,75,0.9983800580306406,0.16497750815858275,0.8334025498720579
7,2023-08,1,1343,76,0.9995320700009788,0.15777710457413271,0.841754965426846
7,2023-08,1,1343,77,0.9997122877395827,0.1495018111947643,0.8502104765448184
7,2023-08,1,1343,78,0.9998736399710081,0.15361266815323926,0.8462609718177688
7,2023-08,1,1343,79,0.9993104790471012,0.1513489315063421,0.8479615475407591
7,2023-08,1,1343,80,0.9995583044866552,0.14894363172431127,0.8506146727623439
7,2023-08,1,1343,81,0.9994383827978717,0.14725931858661306,0.8521790642112586
7,2023-08,1,1343,82,0.9982758732522519,0.1432329481528483,0.8550429250994036
7,2023-08,1,1343,83,0.9995414856635754,0.15691333363608972,0.8426281520274856
7,2023-08,1,1343,84,0.9993765963918342,0.14276664882389278,0.8566099475679414
7,2023-08,1,1343,85,0.9993186590853859,0.15265925987623719,0.8466593992091487
7,2023-08,1,1343,86,0.9998155902690012,0.14947422800379806,0.8503413622652032
7,2023-08,1,1343,87,0.9988793022417347,0.15966174021678076,0.839217562024954
7,2023-08,1,1343,88,0.999702114190903,0.152730166282413,0.8469719479084901
7,2023-08,1,1343,89,0.9998012897935717,0.15043743258543446,0.8493638572081372
7,2023-08,1,1343,90,0.9995727952598077,0.1530537277627009,0.8465190674971068
7,2023-08,1,1343,91,0.9996937056922215,0.15074912294751505,0.8489445827447064
7,2023-08,1,1343,92,0.9994169342346646,0.15412112627287683,0.8452958079617878
7,2023-08,1,1343,93,0.9998742693564896,0.1535584199329758,0.8463158494235138
7,2023-08,1,1343,94,0.9988443116090953,0.15807403770727074,0.8407702739018246
7,2023-08,1,1343,95,0.9997962484138824,0.1538234863228363,0.8459727620910461
7,2023-08,1,1343,96,0.9998284767054619,0.1541625248218112,0.8456659518836507
7,2023-08,1,1343,97,0.9988405451120039,0.1482712559159353,0.8505692891960687
7,2023-08,1,1343,98,0.9993745482104939,0.16093542133197677,0.8384391268785171
7,2023-08,1,1343,99,0.9994674359984258,0.146242582464406,0.8532248535340198
7,2023-08,1,1343,100,0.9992693034341967,0.15403467152244465,0.8452346319117521
7,2023-08,1,1343,101,0.9991954322648126,0.1567174671953885,0.8424779650694241
7,2023-08,1,1343,102,0.9994667045448328,0.14739920722686944,0.8520674973179634
7,2023-08,1,1343,103,0.9989185222453757,0.1481498907197598,0.8507686315256159
7,2023-08,1,1343,104,0.9995925260417161,0.15071639563928782,0.8488761304024283
7,2023-08,1,1343,105,0.9995421293386944,0.15279347384614456,0.8467486554925499
7,2023-08,1,1343,106,0.9996141355714794,0.15486102347181252,0.8447531120996669
7,2023-08,1,1343,107,0.9994242399121287,0.15541270083534509,0.8440115390767836
7,2023-08,1,1343,108,0.999570434362512,0.1522639671916737,0.8473064671708384
7,2023-08,1,1343,109,0.9996755180643545,0.1481942033521488,0.8514813147122057
7,2023-08,1,1343,110,0.9981065952982566,0.15922485560863445,0.8388817396896222
7,2023-08,1,1343,111,0.9998281102194067,0.14764268061400387,0.8521854296054028
7,2023-08,1,1343,112,0.9996752665396126,0.14685159127758865,0.852823675262024
7,2023-08,1,1343,113,0.9995362976552423,0.15904338951203187,0.8404929081432104
7,2023-08,1,1343,114,0.9994701103998606,0.15878218775010888,0.8406879226497517
7,2023-08,1,1343,115,0.9990694670911773,0.15592851610390127,0.843140950987276
7,2023-08,1,1343,116,0.9995745313503072,0.15021546436825356,0.8493590669820537
7,2023-08,1,1343,117,0.9995155727167412,0.14807270662814753,0.8514428660885937
7,2023-08,1,1343,118,0.9990049743442133,0.145695925913323,0.8533090484308903
7,2023-08,1,1343,119,0.9983747645570892,0.14222668821919454,0.8561480763378946
7,2023-08,1,1343,120,0.9991671013849279,0.1524061530699808,0.8467609483149472
7,2023-08,1,1343,121,0.999656001893522,0.15524968676619513,0.8444063151273269
7,2023-08,1,1343,122,0.9986506835446448,0.15171957968677455,0.8469311038578703
7,2023-08,1,1343,123,0.9998464115036496,0.15044580707076582,0.8494006044328838
7,2023-08,1,1343,124,0.9994953543266595,0.15645303981086792,0.8430423145157916
7,2023-08,1,1343,125,0.9995310057059222,0.15206867438034163,0.8474623313255806
7,2023-08,1,1343,126,0.9996900471840353,0.14905822748766545,0.8506318196963698
7,2023-08,1,1343,127,0.9995771527461749,0.14501913272283987,0.854558020023335
7,2023-08,1,1343,128,0.9989794051943734,0.1500374107735342,0.8489419944208393
7,2023-08,1,1343,129,0.9989473572284077,0.14482693039972844,0.8541204268286793
7,2023-08,1,1343,130,0.9998154800032611,0.150234551226315,0.8495809287769461
7,2023-08,1,1343,131,0.999729379107801,0.15070614787159795,0.849023231236203
7,2023-08,1,1343,132,0.9994273852923177,0.1443903993647854,0.8550369859275323
7,2023-08,1,1343,133,0.9993215930144802,0.14909288387903658,0.8502287091354437
7,2023-08,1,1343,134,0.9990660661129198,0.15859386039944193,0.8404722057134779
7,2023-08,1,1343,135,0.9994280091274387,0.1481271322204762,0.8513008769069625
7,2023-08,1,1343,136,0.9997379210483215,0.14633390071161004,0.8534040203367115
7,2023-08,1,1343,137,0.9995761270385389,0.1474808520765395,0.8520952749619994
7,2023-08,1,1343,138,0.999638771769479,0.1452306207064843,0.8544081510629947
7,2023-08,1,1343,139,0.9992553406519251,0.15646233287780786,0.8427930077741173
7,2023-08,1,1343,140,0.9994177618967551,0.1577367570760294,0.8416810048207257
7,2023-08,1,1343,141,0.9995251640758751,0.14425700414561596,0.8552681599302592
7,2023-08,1,1343,142,0.9998071932767221,0.1474372705106569,0.8523699227660652
7,2023-08,1,1343,143,0.9989628051941607,0.14462138538882965,0.8543414198053311
7,2023-08,1,1343,144,0.9990712171545533,0.14960412611274376,0.8494670910418095
7,2023-08,1,1343,145,0.999530442308586,0.15142627702618938,0.8481041652823966
7,2023-08,1,1343,146,0.9983810544333187,0.14971051821708817,0.8486705362162306
7,2023-08,1,1343,147,0.9988195989739186,0.15253241847033164,0.846287180503587
7,2023-08,1,1343,148,0.9994722353678723,0.14530560293686876,0.8541666324310035
7,2023-08,1,1343,149,0.9998161065716428,0.15302408803531106,0.8467920185363317
7,2023-08,1,1343,150,0.9993991299512791,0.1466034853942608,0.8527956445570183
7,2023-08,1,1343,151,0.9993219528123378,0.15080443665434376,0.8485175161579941
7,2023-08,1,1343,152,0.999839730955495,0.15317082108403612,0.8466689098714589
7,2023-08,1,1343,153,0.9996206322689635,0.14609806271692904,0.8535225695520344
7,2023-08,1,1343,154,0.9993294166205356,0.15212113427533006,0.8472082823452056
7,2023-08,1,1343,155,0.9993649628868322,0.14189015546660227,0.8574748074202299
7,2023-08,1,1343,156,0.9993747741257408,0.1540190394625663,0.8453557346631746
7,2023-08,1,1343,157,0.9998818968899359,0.15006079967771144,0.8498210972122244
7,2023-08,1,1343,158,0.9998602305079397,0.15068416772010462,0.8491760627878351
7,2023-08,1,1343,159,0.9990337005760518,0.16007555676634053,0.8389581438097112
7,2023-08,1,1343,160,0.9997222593245748,0.1507105210079011,0.8490117383166738
7,2023-08,1,1343,161,0.9992268009591161,0.14253279030359445,0.8566940106555216
7,2023-08,1,1343,162,0.9995572665302563,0.1497656806478978,0.8497915858823586
7,2023-08,1,1343,163,0.9995191675482938,0.15637052515896496,0.8431486423893289
7,2023-08,1,1343,164,0.9986078369457401,0.1442756075996953,0.8543322293460448
7,2023-08,1,1343,165,0.9993133177046184,0.16020121675284443,0.8391121009517739
7,2023-08,1,1343,166,0.9989574142018645,0.14087827724942398,0.8580791369524405
7,2023-08,1,1343,167,0.9987723833233324,0.14212198912101273,0.8566503942023197
7,2023-08,1,1343,168,0.9996438693107743,0.15472454177516762,0.8449193275356067
7,2023-08,1,1343,169,0.9992530397673918,0.15966476899781343,0.8395882707695783
7,2023-08,1,1343,170,0.9991701268925424,0.1582646020323955,0.8409055248601469
7,2023-08,1,1343,171,0.9997094678363976,0.15041053665114348,0.8492989311852541
7,2023-08,1,1343,172,0.9998900938981754,0.14715049241076694,0.8527396014874085
7,2023-08,1,1343,173,0.9989407125242932,0.1502325754528641,0.8487081370714291
7,2023-08,1,1343,174,0.9995801304730806,0.1588507881318555,0.8407293423412251
7,2023-08,1,1343,175,0.9992255689461609,0.1524968492376859,0.846728719708475
7,2023-08,1,1343,176,0.9995672106618202,0.14907852192762888,0.8504886887341914
7,2023-08,1,1343,177,0.9995936158585331,0.1502171894783353,0.8493764263801978
7,2023-08,1,1343,178,0.9998103115167405,0.15389059353467077,0.8459197179820697
7,2023-08,1,1343,179,0.9995670670456617,0.15662831807236466,0.842938748973297
7,2023-08,1,1343,180,0.9998027757637438,0.15497380024810004,0.8448289755156437
7,2023-08,1,1343,181,0.9994150853047538,0.14984546372878488,0.8495696215759689
7,2023-08,1,1343,182,0.999284935670975,0.15231175462065352,0.8469731810503215
7,2023-08,1,1343,183,0.9993179160074551,0.15496210301432423,0.8443558129931309
7,2023-08,1,1343,184,0.9989715978154311,0.1570905023394603,0.8418810954759708
7,2023-08,1,1343,185,0.9996052069379611,0.15046978183379392,0.8491354251041672
7,2023-08,1,1343,186,0.9992763241630459,0.14726300634547318,0.8520133178175727
7,2023-08,1,1343,187,0.9998651864291691,0.148944548496348,0.8509206379328211
7,2023-08,1,1343,188,0.999771912693274,0.15436727704010783,0.8454046356531661
7,2023-08,1,1343,189,0.9989831919284164,0.14208376018037042,0.8568994317480461
7,2023-08,1,1343,190,0.9992680687728467,0.1448847210876924,0.8543833476851543
7,2023-08,1,1343,191,0.999433957988163,0.15939875387110683,0.8400352041170562
7,2023-08,1,1343,192,0.9995155736156434,0.1562086029233956,0.8433069706922478
7,2023-08,1,1343,193,0.9994140089089114,0.15045291005700662,0.8489610988519047
7,2023-08,1,1343,194,0.9994349686068646,0.1476691811849564,0.8517657874219082
7,2023-08,1,1343,195,0.9996837061195256,0.1490995425017583,0.8505841636177673
7,2023-08,1,1343,196,0.9990461371180228,0.15109007974737879,0.8479560573706441
7,2023-08,1,1343,197,0.9987768211565655,0.1652505331668873,0.8335262879896782
7,2023-08,1,1343,198,0.9991578259832927,0.14138472006596126,0.8577731059173315
7,2023-08,1,1343,199,0.9994611722954895,0.14792731314900118,0.8515338591464883
8,2023-09,0,1373,0,0.9994559014279107,0.15769869801497627,0.8417572034129345
8,2023-09,0,1373,1,0.999039272732132,0.1571660080292345,0.8418732647028975
8,2023-09,0,1373,2,0.9992428901417635,0.17133469248840175,0.8279081976533618
8,2023-09,0,1373,3,0.9986280752692442,0.16699063275456746,0.8316374425146768
8,2023-09,0,1373,4,0.9987017769495649,0.15362695865868475,0.84507481829088
8,2023-09,0,1373,5,0.9995565768206317,0.16119224194934972,0.8383643348712819
8,2023-09,0,1373,6,0.9989828281147746,0.1619574585116889,0.8370253696030856
8,2023-09,0,1373,7,0.9996588476164994,0.1680815429915595,0.8315773046249398
8,2023-09,0,1373,8,0.9991327117128469,0.1555919493964515,0.8435407623163954
8,2023-09,0,1373,9,0.9985502713709932,0.17349083895844852,0.8250594324125446
8,2023-09,0,1373,10,0.9999095308157974,0.16479492974270118,0.8351146010730962
8,2023-09,0,1373,11,0.9998250471165292,0.16730709885044748,0.8325179482660817
8,2023-09,0,1373,12,0.9997617461932112,0.15986615059588596,0.8398955955973253
8,2023-09,0,1373,13,0.998354596113317,0.16876029741887166,0.8295942986944453
8,2023-09,0,1373,14,0.9997850016371904,0.15775259293222593,0.8420324087049644
8,2023-09,0,1373,15,0.9995772523336458,0.1645974586061395,0.8349797937275063
8,2023-09,0,1373,16,0.9998442658667516,0.16510126774129505,0.8347429981254565
8,2023-09,0,1373,17,0.9996346343261922,0.16592525857924714,0.833709375746945
8,2023-09,0,1373,18,0.9995940936832531,0.16240443303571622,0.8371896606475369
8,2023-09,0,1373,19,0.9997165483450023,0.16921343288070356,0.8305031154642988
8,2023-09,0,1373,20,0.9988924619811935,0.16916188050741937,0.8297305814737741
8,2023-09,0,1373,21,0.9996134900561097,0.16446649115911247,0.8351469988969972
8,2023-09,0,1373,22,0.9993985386375931,0.17202233205463596,0.8273762065829571
8,2023-09,0,1373,23,0.9997779644201161,0.1623101986335888,0.8374677657865273
8,2023-09,0,1373,24,0.9996258974827318,0.16519169729091157,0.8344342001918202
8,2023-09,0,1373,25,0.9989613026000466,0.1582015973792018,0.8407597052208448
8,2023-09,0,1373,26,0.9997516987967926,0.1569947365029892,0.8427569622938034
8,2023-09,0,1373,27,0.9997597695781055,0.16696898165610133,0.8327907879220042
8,2023-09,0,1373,28,0.9990945687313596,0.16193407977474453,0.8371604889566151
8,2023-09,0,1373,29,0.9991214934730148,0.15015505663938095,0.8489664368336338
8,2023-09,0,1373,30,0.999169340446911,0.16824136572663542,0.8309279747202756
8,2023-09,0,1373,31,0.9998987943001015,0.1622368172912712,0.8376619770088303
8,2023-09,0,1373,32,0.9992491301360046,0.1649632877243001,0.8342858424117044
8,2023-09,0,1373,33,0.9997197590086839,0.161085106092275,0.8386346529164089
8,2023-09,0,1373,34,0.9997249484003874,0.1617724270799223,0.837952521320465
8,2023-09,0,1373,35,0.9996754306962805,0.15875408366552687,0.8409213470307536
8,2023-09,0,1373,36,0.9993463156789705,0.16396987220474124,0.8353764434742292
8,2023-09,0,1373,37,0.999481725345582,0.15486860242030273,0.8446131229252792
8,2023-09,0,1373,38,0.9998341144844064,0.16297342426237033,0.8368606902220361
8,2023-09,0,1373,39,0.9992819828622471,0.16226656549477309,0.837015417367474
8,2023-09,0,1373,40,0.9990396593515924,0.16035729850398436,0.838682360847608
8,2023-09,0,1373,41,0.9991703598825006,0.15954094447056036,0.8396294154119402
8,2023-09,0,1373,42,0.9998101754278169,0.15813254441220334,0.8416776310156135
8,2023-09,0,1373,43,0.9988789718928359,0.16128746273223896,0.837591509160597
8,2023-09,0,1373,44,0.9990585645563677,0.1640031976854495,0.8350553668709182
8,2023-09,0,1373,45,0.9994494133798502,0.16734043013710528,0.8321089832427448
8,2023-09,0,1373,46,0.9995306765670737,0.16215597993506226,0.8373746966320115
8,2023-09,0,1373,47,0.999611472622507,0.1602981306490233,0.8393133419734837
8,2023-09,0,1373,48,0.9997264283953335,0.1585550605450904,0.8411713678502432
8,2023-09,0,1373,49,0.9991208081283124,0.17066761161486024,0.8284531965134522
8,2023-09,0,1373,50,0.9992435168577246,0.16732471708049637,0.8319187997772283
8,2023-09,0,1373,51,0.9993958352692175,0.16441061286478909,0.8349852224044284
8,2023-09,0,1373,52,0.999434628683863,0.16450414505910202,0.834930483624761
8,2023-09,0,1373,53,0.9995625210707066,0.16730764335838924,0.8322548777123174
8,2023-09,0,1373,54,0.9990323048536486,0.17014073031644517,0.8288915745372034
8,2023-09,0,1373,55,0.9995857729613334,0.16184321441238395,0.8377425585489495
8,2023-09,0,1373,56,0.9996800459603672,0.15997856084756812,0.8397014851127991
8,2023-09,0,1373,57,0.9999050317438151,0.16363244711016353,0.8362725846336515
8,2023-09,0,1373,58,0.9997985531007444,0.1645467904946158,0.8352517626061287
8,2023-09,0,1373,59,0.9974133585891358,0.1642244838219399,0.8331888747671959
8,2023-09,0,1373,60,0.9998187225058142,0.16048598919722598,0.8393327333085882
8,2023-09,0,1373,61,0.9991436116542367,0.156600095994019,0.8425435156602177
8,2023-09,0,1373,62,0.999374695481445,0.1634446216385471,0.8359300738428979
8,2023-09,0,1373,63,0.9993419988204522,0.16081078198168816,0.838531216838764
8,2023-09,0,1373,64,0.9996069579313136,0.16586541700138335,0.8337415409299302
8,2023-09,0,1373,65,0.9998507670546743,0.16645666643135804,0.8333941006233163
8,2023-09,0,1373,66,0.9990422002863508,0.16297467100803928,0.8360675292783115
8,2023-09,0,1373,67,0.9995021020491247,0.16632699144444563,0.8331751106046791
8,2023-09,0,1373,68,0.9998867853105581,0.1617830110188711,0.838103774291687
8,2023-09,0,1373,69,0.9996929487747895,0.16238833497874497,0.8373046137960446
8,2023-09,0,1373,70,0.9994622116829356,0.16891879449501354,0.830543417187922
8,2023-09,0,1373,71,0.9998040245195011,0.16244363956094537,0.8373603849585558
8,2023-09,0,1373,72,0.9995548874070493,0.1568091605735876,0.8427457268334617
8,2023-09,0,1373,73,0.9989990653109945,0.15444105018917464,0.8445580151218198
8,2023-09,0,1373,74,0.9992711864801677,0.16048306063141593,0.8387881258487517
8,2023-09,0,1373,75,0.9992445713998199,0.16274596675399472,0.8364986046458252
8,2023-09,0,1373,76,0.9994428191119312,0.1575726105054787,0.8418702086064526
8,2023-09,0,1373,77,0.9995004963518554,0.15838011243908787,0.8411203839127676
8,2023-09,0,1373,78,0.9993205572343014,0.16227278865977873,0.8370477685745226
8,2023-09,0,1373,79,0.999665342637408,0.16214422417573213,0.8375211184616759
8,2023-09,0,1373,80,0.9997318748924829,0.16153226069560755,0.8381996141968754
8,2023-09,0,1373,81,0.9992328486147235,0.17011222896446762,0.8291206196502559
8,2023-09,0,1373,82,0.9991017242755192,0.15700856901801644,0.8420931552575028
8,2023-09,0,1373,83,0.9994036352648,0.1687345677595664,0.8306690675052336
8,2023-09,0,1373,84,0.9994980635642546,0.16192511575135587,0.8375729478128988
8,2023-09,0,1373,85,0.9992826685454942,0.15858511885267246,0.8406975496928217
8,2023-09,0,1373,86,0.99920015008699,0.1688936438666122,0.8303065062203778
8,2023-09,0,1373,87,0.9993843434120979,0.1658565739185426,0.8335277694935553
8,2023-09,0,1373,88,0.9990571425924184,0.16221672134984477,0.8368404212425736
8,2023-09,0,1373,89,0.9988130669623482,0.17129779850285745,0.8275152684594907
8,2023-09,0,1373,90,0.999404232335175,0.15586371830338872,0.8435405140317862
8,2023-09,0,1373,91,0.9993776866860252,0.16357944145133999,0.8357982452346853
8,2023-09,0,1373,92,0.9998796425345432,0.1594233715710369,0.8404562709635063
8,2023-09,0,1373,93,0.9991190157005041,0.16714715427081112,0.8319718614296929
8,2023-09,0,1373,94,0.9988531195727268,0.16580888973679142,0.8330442298359354
8,2023-09,0,1373,95,0.9992792579120274,0.15700013853196723,0.8422791193800602
8,2023-09,0,1373,96,0.9994146701481915,0.16802812776390036,0.8313865423842912
8,2023-09,0,1373,97,0.9990395577248167,0.16732419088765796,0.8317153668371587
8,2023-09,0,1373,98,0.9993255932804955,0.1591287921934174,0.8401968010870782
8,2023-09,0,1373,99,0.9985857649624597,0.15504526380777997,0.8435405011546797
8,2023-09,0,1373,100,0.9987924766463384,0.15464245504282817,0.8441500216035103
8,2023-09,0,1373,101,0.9991617856321938,0.17211536637410532,0.8270464192580885
8,2023-09,0,1373,102,0.9993758968871116,0.16828057339118654,0.8310953234959251
8,2023-09,0,1373,103,0.9997364460210637,0.16161016155922536,0.8381262844618383
8,2023-09,0,1373,104,0.9992712898092296,0.16127353956524895,0.8379977502439807
8,2023-09,0,1373,105,0.9993700221960915,0.16748062384401677,0.8318893983520748
8,2023-09,0,1373,106,0.9993664469560164,0.15682158823407716,0.8425448587219393
8,2023-09,0,1373,107,0.9994954357419504,0.1524916315327078,0.8470038042092426
8,2023-09,0,1373,108,0.9996927850608743,0.15849046916172335,0.841202315899151
8,2023-09,0,1373,109,0.9992908781550313,0.17030393367255905,0.8289869444824722
8,2023-09,0,1373,110,0.9994388424156327,0.16170935708623915,0.8377294853293936
8,2023-09,0,1373,111,0.9983530596331414,0.15926562915152456,0.8390874304816168
8,2023-09,0,1373,112,0.9991665112127623,0.17613523937899814,0.8230312718337642
8,2023-09,0,1373,113,0.9994164479045226,0.15934113804766725,0.8400753098568553
8,2023-09,0,1373,114,0.9998605221743218,0.16371572290205696,0.8361447992722648
8,2023-09,0,1373,115,0.9997758264348983,0.15949976272008534,0.8402760637148129
8,2023-09,0,1373,116,0.999467370420256,0.15879551407471956,0.8406718563455364
8,2023-09,0,1373,117,0.999724314935719,0.1592682834239617,0.8404560315117573
8,2023-09,0,1373,118,0.998731585660063,0.15492964194942282,0.8438019437106402
8,2023-09,0,1373,119,0.9990065785118512,0.15797269065373207,0.8410338878581191
8,2023-09,0,1373,120,0.9995689226764852,0.16507671333840912,0.8344922093380761
8,2023-09,0,1373,121,0.9999668618360612,0.16153957431730348,0.8384272875187577
8,2023-09,0,1373,122,0.999883069321491,0.16642911894327758,0.8334539503782133
8,2023-09,0,1373,123,0.9995269300727176,0.16053345439592312,0.8389934756767945
8,2023-09,0,1373,124,0.998765824229044,0.15464063676421694,0.8441251874648271
8,2023-09,0,1373,125,0.9996468554249373,0.16033053005549333,0.8393163253694439
8,2023-09,0,1373,126,0.9995561711433335,0.16955818425892955,0.829997986884404
8,2023-09,0,1373,127,0.9995936147432901,0.16053181351260798,0.8390618012306821
8,2023-09,0,1373,128,0.9992478171584024,0.17213272669567312,0.8271150904627292
8,2023-09,0,1373,129,0.9992530010601387,0.16455028807723046,0.8347027129829082
8,2023-09,0,1373,130,0.9995841965790467,0.16972268371043064,0.8298615128686161
8,2023-09,0,1373,131,0.9986374011656586,0.17053112007907006,0.8281062810865885
8,2023-09,0,1373,132,0.9986629015162379,0.15938745928611336,0.8392754422301245
8,2023-09,0,1373,133,0.999715738534339,0.16705995470711518,0.8326557838272238
8,2023-09,0,1373,134,0.9996017417924251,0.16315913466828588,0.8364426071241392
8,2023-09,0,1373,135,0.9987739940189675,0.15662136299672216,0.8421526310222454
8,2023-09,0,1373,136,0.9989844526960003,0.1632802912288771,0.8357041614671232
8,2023-09,0,1373,137,0.999674636380274,0.1630316432173519,0.8366429931629221
8,2023-09,0,1373,138,0.9992737774614101,0.1616803277629494,0.8375934496984607
8,2023-09,0,1373,139,0.9996241673089704,0.15454225130484683,0.8450819160041236
8,2023-09,0,1373,140,0.9995129918555272,0.16313923517262693,0.8363737566829003
8,2023-09,0,1373,141,0.9986487151122057,0.16607610384796326,0.8325726112642424
8,2023-09,0,1373,142,0.9998155632666876,0.16832286355492543,0.8314926997117622
8,2023-09,0,1373,143,0.9997493343934103,0.16636813662460234,0.8333811977688079
8,2023-09,0,1373,144,0.9995694061568282,0.16097901969318643,0.8385903864636418
8,2023-09,0,1373,145,0.9990003033641228,0.16786696314966634,0.8311333402144565
8,2023-09,0,1373,146,0.9997447265344894,0.16172494080914124,0.8380197857253482
8,2023-09,0,1373,147,0.9994508211164083,0.16445966192805964,0.8349911591883487
8,2023-09,0,1373,148,0.9993243845795685,0.16114416741006443,0.8381802171695041
8,2023-09,0,1373,149,0.9976748644280088,0.16151138482437075,0.836163479603638
8,2023-09,0,1373,150,0.9993744670195089,0.158849101957789,0.8405253650617199
8,2023-09,0,1373,151,0.9996773447090951,0.16291233905648242,0.8367650056526127
8,2023-09,0,1373,152,0.9992647167024605,0.1583398718334882,0.8409248448689723
8,2023-09,0,1373,153,0.9993143350547737,0.16831383030165092,0.8310005047531228
8,2023-09,0,1373,154,0.9990279981065271,0.1727712956045258,0.8262567025020013
8,2023-09,0,1373,155,0.9997023654417645,0.16394439437629593,0.8357579710654686
8,2023-09,0,1373,156,0.9994463298107937,0.17029885801113456,0.8291474717996592
8,2023-09,0,1373,157,0.9991148780027527,0.16179921660827742,0.8373156613944752
8,2023-09,0,1373,158,0.9996572797985351,0.16500201364091374,0.8346552661576214
8,2023-09,0,1373,159,0.9993760325998768,0.1529647593539599,0.8464112732459169
8,2023-09,0,1373,160,0.9980373651987053,0.153523926397699,0.8445134388010064
8,2023-09,0,1373,161,0.9991266948668932,0.1550204582526413,0.8441062366142519
8,2023-09,0,1373,162,0.9998408851035627,0.16461350872247374,0.835227376381089
8,2023-09,0,1373,163,0.9991780409931258,0.16209598918158544,0.8370820518115404
8,2023-09,0,1373,164,0.9982691885479192,0.1799472680916368,0.8183219204562824
8,2023-09,0,1373,165,0.9991996667196988,0.1495846436017463,0.8496150231179526
8,2023-09,0,1373,166,0.9995349553292208,0.16511699892189458,0.8344179564073262
8,2023-09,0,1373,167,0.9991838748687258,0.16950067689233886,0.829683197976387
8,2023-09,0,1373,168,0.9989589996993543,0.15583040455231714,0.8431285951470372
8,2023-09,0,1373,169,0.999198379072048,0.17212734589929485,0.8270710331727531
8,2023-09,0,1373,170,0.9991979363395013,0.16351562646026696,0.8356823098792343
8,2023-09,0,1373,171,0.9983320224027991,0.160172953049002,0.838159069353797
8,2023-09,0,1373,172,0.9991098491545659,0.16668015602896327,0.8324296931256027
8,2023-09,0,1373,173,0.9996550367465946,0.1575282088342244,0.8421268279123703
8,2023-09,0,1373,174,0.9990755386692589,0.15911944779214052,0.8399560908771184
8,2023-09,0,1373,175,0.999035559853903,0.16151968858886487,0.8375158712650381
8,2023-09,0,1373,176,0.9989637943317186,0.1614552651491992,0.8375085291825194
8,2023-09,0,1373,177,0.9995478216234741,0.15886248076150125,0.8406853408619729
8,2023-09,0,1373,178,0.9993056551838315,0.1540653476760725,0.845240307507759
8,2023-09,0,1373,179,0.9994662313802327,0.15332251587051088,0.8461437155097218
8,2023-09,0,1373,180,0.9996435717619455,0.16990253846655232,0.8297410332953932
8,2023-09,0,1373,181,0.999251114330432,0.16637293213648802,0.8328781821939439
8,2023-09,0,1373,182,0.9993679865491258,0.16181363418281058,0.8375543523663153
8,2023-09,0,1373,183,0.9997828106810417,0.16248622106519575,0.837296589615846
8,2023-09,0,1373,184,0.9989571532543923,0.16445452810687197,0.8345026251475203
8,2023-09,0,1373,185,0.9998496209188313,0.16317783697789373,0.8366717839409377
8,2023-09,0,1373,186,0.9997552377343619,0.1649514226837946,0.8348038150505673
8,2023-09,0,1373,187,0.9990372655963325,0.15298504259245704,0.8460522230038755
8,2023-09,0,1373,188,0.9996006186925511,0.16086521552469127,0.8387354031678599
8,2023-09,0,1373,189,0.9996308992762212,0.16311415281508398,0.8365167464611372
8,2023-09,0,1373,190,0.9991404323569829,0.15748771709599635,0.8416527152609865
8,2023-09,0,1373,191,0.9999199113479118,0.1631762753115521,0.8367436360363597
8,2023-09,0,1373,192,0.9990415321607367,0.16813607526633764,0.830905456894399
8,2023-09,0,1373,193,0.9992906897848949,0.155010941230133,0.8442797485547618
8,2023-09,0,1373,194,0.9994997649123553,0.1599810492444232,0.839518715667932
8,2023-09,0,1373,195,0.9994007875976019,0.16171201587892708,0.8376887717186747
8,2023-09,0,1373,196,0.999483106074965,0.15656240918339784,0.8429206968915672
8,2023-09,0,1373,197,0.9994545045706981,0.16426552900598862,0.8351889755647095
8,2023-09,0,1373,198,0.9997041701206105,0.157473903595333,0.8422302665252775
8,2023-09,0,1373,199,0.9991764691487639,0.16471705299165504,0.8344594161571088
8,2023-09,1,523,0,0.9932422279571327,0.16109402197203665,0.832148205985096
8,2023-09,1,523,1,0.997542435102726,0.1648752252902551,0.8326672098124709
8,2023-09,1,523,2,0.9989541504826454,0.16149796858572416,0.8374561818969212
8,2023-09,1,523,3,0.994799806666126,0.16035318633026657,0.8344466203358594
8,2023-09,1,523,4,0.9986378990172619,0.16040919583449434,0.8382287031827675
8,2023-09,1,523,5,0.9971564361684497,0.17424757283135037,0.8229088633370993
8,2023-09,1,523,6,0.998210436938535,0.17871767478232758,0.8194927621562074
8,2023-09,1,523,7,0.9961031678577281,0.15820796605782408,0.8378952017999041
8,2023-09,1,523,8,0.9952517177758614,0.1373349080298343,0.8579168097460271
8,2023-09,1,523,9,0.998420295904891,0.1618156702034522,0.8366046257014388
8,2023-09,1,523,10,0.9938233059305962,0.1320368969264569,0.8617864090041393
8,2023-09,1,523,11,0.9984841428436713,0.15416091921522704,0.8443232236284443
8,2023-09,1,523,12,0.9997043754936368,0.15895463332699036,0.8407497421666464
8,2023-09,1,523,13,0.9978052735090656,0.15046648329626058,0.847338790212805
8,2023-09,1,523,14,0.9975069246217539,0.15122643839876215,0.8462804862229918
8,2023-09,1,523,15,0.9982008508136719,0.15296854348818595,0.8452323073254859
8,2023-09,1,523,16,0.9949244777405856,0.1741691180109388,0.8207553597296467
8,2023-09,1,523,17,0.9984182380963901,0.16684376235030238,0.8315744757460877
8,2023-09,1,523,18,0.9993810816015524,0.1615267651547441,0.8378543164468083
8,2023-09,1,523,19,0.9981315682550748,0.16173258405200838,0.8363989842030664
8,2023-09,1,523,20,0.9991667297736692,0.16378746488861884,0.8353792648850503
8,2023-09,1,523,21,0.9965057528070829,0.1549093619899138,0.8415963908171691
8,2023-09,1,523,22,0.9989766464830013,0.16924677658139844,0.8297298699016029
8,2023-09,1,523,23,0.9928764871382402,0.18735853575139888,0.8055179513868413
8,2023-09,1,523,24,0.9991097676792556,0.1604219171956328,0.8386878504836228
8,2023-09,1,523,25,0.9998163325933092,0.16246610600155326,0.8373502265917558
8,2023-09,1,523,26,0.9988244540294317,0.15777812546080963,0.841046328568622
8,2023-09,1,523,27,0.9981394880306504,0.1727710409421802,0.8253684470884702
8,2023-09,1,523,28,0.9996195658748551,0.16832051153664243,0.8312990543382127
8,2023-09,1,523,29,0.9994264510051343,0.17025123458295296,0.8291752164221813
8,2023-09,1,523,30,0.9980401367536179,0.17043447536891795,0.8276056613846999
8,2023-09,1,523,31,0.998670063151602,0.1651752507302808,0.8334948124213212
8,2023-09,1,523,32,0.9983764773980671,0.15517041498462703,0.8432060624134401
8,2023-09,1,523,33,0.9979568430730901,0.14983024469731004,0.84812659837578
8,2023-09,1,523,34,0.9987215899682499,0.17306051833423414,0.8256610716340158
8,2023-09,1,523,35,0.9971408919750634,0.1761223334018306,0.8210185585732328
8,2023-09,1,523,36,0.9988257515490978,0.1626454197087587,0.8361803318403391
8,2023-09,1,523,37,0.9993171809929204,0.15729347942126545,0.842023701571655
8,2023-09,1,523,38,0.9972758220023252,0.14052841550037484,0.8567474065019504
8,2023-09,1,523,39,0.9993268148408119,0.1657440011978542,0.8335828136429577
8,2023-09,1,523,40,0.9980966524243605,0.1714511879813041,0.8266454644430564
8,2023-09,1,523,41,0.9981844517570868,0.17168350304020566,0.8265009487168812
8,2023-09,1,523,42,0.996599759357381,0.14164262650041393,0.8549571328569671
8,2023-09,1,523,43,0.9992181653397509,0.16278845244492768,0.8364297128948233
8,2023-09,1,523,44,0.9994234533129326,0.15622059674765715,0.8432028565652754
8,2023-09,1,523,45,0.9974523269519237,0.15547359690967688,0.8419787300422468
8,2023-09,1,523,46,0.9976193522201535,0.18422372791550723,0.8133956243046463
8,2023-09,1,523,47,0.9960056733652013,0.14393634234169997,0.8520693310235014
8,2023-09,1,523,48,0.9997960556088273,0.1608840603493241,0.8389119952595032
8,2023-09,1,523,49,0.9991127715683853,0.16431029693996857,0.8348024746284167
8,2023-09,1,523,50,0.999611564884795,0.16889324511836779,0.8307183197664272
8,2023-09,1,523,51,0.9993122039206156,0.16164971467932193,0.8376624892412936
8,2023-09,1,523,52,0.997494731214887,0.1701734595167972,0.8273212716980898
8,2023-09,1,523,53,0.9988300203528289,0.16588603430237106,0.8329439860504578
8,2023-09,1,523,54,0.9989592166500041,0.14711885362133745,0.8518403630286666
8,2023-09,1,523,55,0.9969299754364385,0.15565414755079335,0.8412758278856451
8,2023-09,1,523,56,0.9970038013378362,0.16910117000423766,0.8279026313335985
8,2023-09,1,523,57,0.9972409492376365,0.16485689073109444,0.8323840585065421
8,2023-09,1,523,58,0.9985823267581849,0.15985488223561328,0.8387274445225716
8,2023-09,1,523,59,0.9978323479440496,0.1763759259773276,0.821456421966722
8,2023-09,1,523,60,0.9992568572067612,0.16875737907269353,0.8304994781340677
8,2023-09,1,523,61,0.9978994958001185,0.14718776671617734,0.8507117290839412
8,2023-09,1,523,62,0.9976099318617977,0.1633748071291572,0.8342351247326405
8,2023-09,1,523,63,0.9940087905405207,0.14936281492495534,0.8446459756155653
8,2023-09,1,523,64,0.99552282108962,0.16746556447124267,0.8280572566183773
8,2023-09,1,523,65,0.9988158453155044,0.14985261612890008,0.8489632291866043
8,2023-09,1,523,66,0.9987387041111435,0.16074146355341085,0.8379972405577327
8,2023-09,1,523,67,0.9988310312981706,0.17166520052479045,0.8271658307733802
8,2023-09,1,523,68,0.9991297881635441,0.1596787481605838,0.8394510400029603
8,2023-09,1,523,69,0.9980749247291535,0.14725635663488695,0.8508185680942666
8,2023-09,1,523,70,0.9969981306664559,0.16255049376747122,0.8344476368989847
8,2023-09,1,523,71,0.9977273069097722,0.16501790926185328,0.832709397647919
8,2023-09,1,523,72,0.9988907925929492,0.1556025705313284,0.8432882220616208
8,2023-09,1,523,73,0.9993777129369704,0.1680062858099039,0.8313714271270665
8,2023-09,1,523,74,0.9978422016521379,0.18152359305834723,0.8163186085937907
8,2023-09,1,523,75,0.9991176072017278,0.15079945628688293,0.8483181509148449
8,2023-09,1,523,76,0.99728564071752,0.17016904591692447,0.8271165948005955
8,2023-09,1,523,77,0.9962344802983305,0.17114427972003862,0.8250902005782919
8,2023-09,1,523,78,0.9976880805271708,0.18035325432057225,0.8173348262065986
8,2023-09,1,523,79,0.9995682229909814,0.17086180047720964,0.8287064225137717
8,2023-09,1,523,80,0.9952449255918763,0.15544824130255958,0.8397966842893168
8,2023-09,1,523,81,0.9918417520792727,0.14486481829175227,0.8469769337875205
8,2023-09,1,523,82,0.9958096892440189,0.19179539462177972,0.8040142946222392
8,2023-09,1,523,83,0.9976097852412428,0.1860657654400108,0.811544019801232
8,2023-09,1,523,84,0.9982785845067775,0.16596651060187234,0.8323120739049052
8,2023-09,1,523,85,0.9973310400078027,0.15293189731212972,0.844399142695673
8,2023-09,1,523,86,0.999120672063979,0.17306768733488317,0.8260529847290958
8,2023-09,1,523,87,0.9977018278611014,0.15740053407524252,0.8403012937858589
8,2023-09,1,523,88,0.9979704834651104,0.1716066800077746,0.8263638034573358
8,2023-09,1,523,89,0.9987094927371748,0.15987501025741366,0.8388344824797611
8,2023-09,1,523,90,0.9974637847954575,0.17178282402194053,0.8256809607735169
8,2023-09,1,523,91,0.998780925632994,0.1779152409654984,0.8208656846674957
8,2023-09,1,523,92,0.9990552763517168,0.17323272198920966,0.8258225543625071
8,2023-09,1,523,93,0.9978535202765357,0.15159381202463362,0.8462597082519021
8,2023-09,1,523,94,0.9955300705113401,0.16275211441319673,0.8327779560981434
8,2023-09,1,523,95,0.9942390274545794,0.1612636361383659,0.8329753913162135
8,2023-09,1,523,96,0.9945773373325822,0.17318118341704475,0.8213961539155374
8,2023-09,1,523,97,0.997978060008816,0.14540203804666835,0.8525760219621477
8,2023-09,1,523,98,0.9987538000141223,0.15052659409760896,0.8482272059165133
8,2023-09,1,523,99,0.9986541535222011,0.14878299719412635,0.8498711563280748
8,2023-09,1,523,100,0.9935338457498066,0.18721523371309384,0.8063186120367127
8,2023-09,1,523,101,0.9964879543470898,0.1860337591058778,0.810454195241212
8,2023-09,1,523,102,0.9978049345532446,0.1688194680114407,0.8289854665418039
8,2023-09,1,523,103,0.998935346549346,0.15492325417328226,0.8440120923760638
8,2023-09,1,523,104,0.9963545041862247,0.1371934401261763,0.8591610640600484
8,2023-09,1,523,105,0.9972758724765549,0.17930817949324307,0.8179676929833118
8,2023-09,1,523,106,0.9993405731375462,0.16612805657252644,0.8332125165650197
8,2023-09,1,523,107,0.9971546598763648,0.1825351220740488,0.814619537802316
8,2023-09,1,523,108,0.9992043759341324,0.1649335874834941,0.8342707884506383
8,2023-09,1,523,109,0.9960537721920335,0.14363458523377934,0.8524191869582541
8,2023-09,1,523,110,0.9992145135009332,0.15326398182363926,0.845950531677294
8,2023-09,1,523,111,0.9997381343077442,0.159632368839712,0.8401057654680322
8,2023-09,1,523,112,0.9988983311875211,0.16137003973372815,0.8375282914537929
8,2023-09,1,523,113,0.9992027771385853,0.15047412543559502,0.8487286517029903
8,2023-09,1,523,114,0.9954920196729579,0.17476292370862423,0.8207290959643336
8,2023-09,1,523,115,0.9979085568497855,0.16315598338237955,0.834752573467406
8,2023-09,1,523,116,0.998665689821124,0.17829528321022134,0.8203704066109027
8,2023-09,1,523,117,0.9982597913179284,0.15035199099432778,0.8479078003236007
8,2023-09,1,523,118,0.9994438192820803,0.1703291152484023,0.8291147040336779
8,2023-09,1,523,119,0.9986943842317834,0.151797619916413,0.8468967643153704
8,2023-09,1,523,120,0.9991247741319436,0.17281480806926663,0.8263099660626769
8,2023-09,1,523,121,0.9987678538977431,0.1707062238342858,0.8280616300634573
8,2023-09,1,523,122,0.9984437443579842,0.173000480547674,0.8254432638103102
8,2023-09,1,523,123,0.9988905228770709,0.15384112191906635,0.8450494009580045
8,2023-09,1,523,124,0.9995353395200813,0.15921221198465604,0.8403231275354253
8,2023-09,1,523,125,0.9968794916673576,0.17001495595761318,0.8268645357097444
8,2023-09,1,523,126,0.9981548208499937,0.17930024036016345,0.8188545804898303
8,2023-09,1,523,127,0.9986947394962794,0.16081226479604666,0.8378824747002327
8,2023-09,1,523,128,0.9993465042950161,0.16625733837845993,0.8330891659165562
8,2023-09,1,523,129,0.9979048973964588,0.16439179146759458,0.8335131059288643
8,2023-09,1,523,130,0.9991699717919188,0.16812643613286862,0.8310435356590502
8,2023-09,1,523,131,0.9974917163564887,0.15370952905412663,0.8437821873023621
8,2023-09,1,523,132,0.9977037870727413,0.15199471998339886,0.8457090670893425
8,2023-09,1,523,133,0.9922541015364273,0.17152925085113924,0.8207248506852881
8,2023-09,1,523,134,0.998005026453192,0.14940561702013755,0.8485994094330545
8,2023-09,1,523,135,0.9989977058041705,0.16646844429006546,0.832529261514105
8,2023-09,1,523,136,0.9977255515354109,0.15967124472577104,0.8380543068096398
8,2023-09,1,523,137,0.9974138909648176,0.16547785413974248,0.8319360368250751
8,2023-09,1,523,138,0.9961774103532608,0.1373616169877381,0.8588157933655227
8,2023-09,1,523,139,0.9977116833176253,0.17641566449631232,0.821296018821313
8,2023-09,1,523,140,0.9979455222452702,0.17875879817297016,0.8191867240723001
8,2023-09,1,523,141,0.9991476337721814,0.15949903937100937,0.839648594401172
8,2023-09,1,523,142,0.9946003902932327,0.13154633017129683,0.8630540601219359
8,2023-09,1,523,143,0.9981632988824067,0.1806437238815331,0.8175195750008737
8,2023-09,1,523,144,0.9994427932917611,0.16929018277489194,0.8301526105168692
8,2023-09,1,523,145,0.9989584983807628,0.17336782663679784,0.8255906717439649
8,2023-09,1,523,146,0.9984854495227247,0.15354565240787924,0.8449397971148455
8,2023-09,1,523,147,0.9997268096082002,0.15890943657639736,0.8408173730318028
8,2023-09,1,523,148,0.9994646296969705,0.16498726447200784,0.8344773652249626
8,2023-09,1,523,149,0.9951155275005147,0.18368522178558386,0.8114303057149308
8,2023-09,1,523,150,0.9997974849068493,0.1687820435213347,0.8310154413855146
8,2023-09,1,523,151,0.9994828610662486,0.15818769979269426,0.8412951612735544
8,2023-09,1,523,152,0.9969694170473326,0.15724506118633666,0.8397243558609959
8,2023-09,1,523,153,0.9958396059055983,0.14780693140724474,0.8480326744983535
8,2023-09,1,523,154,0.9988457553275593,0.1676573595282708,0.8311883957992885
8,2023-09,1,523,155,0.999728457521799,0.16237735537829304,0.8373511021435059
8,2023-09,1,523,156,0.998242157174954,0.14678698301868812,0.8514551741562659
8,2023-09,1,523,157,0.996849435518122,0.15670404196608062,0.8401453935520413
8,2023-09,1,523,158,0.998273136286984,0.16137521344346412,0.8368979228435198
8,2023-09,1,523,159,0.9988125848515766,0.17270586478645095,0.8261067200651258
8,2023-09,1,523,160,0.9987823769290323,0.17421370580576592,0.8245686711232664
8,2023-09,1,523,161,0.9971203836848139,0.14964302241271266,0.8474773612721013
8,2023-09,1,523,162,0.9991390962123304,0.15659746777211841,0.8425416284402121
8,2023-09,1,523,163,0.997772669324692,0.1459121124200224,0.8518605569046696
8,2023-09,1,523,164,0.9983434282776091,0.1778162434215899,0.8205271848560193
8,2023-09,1,523,165,0.997942496981608,0.14940380494961514,0.8485386920319928
8,2023-09,1,523,166,0.9989473955823703,0.1713208207603584,0.827626574822012
8,2023-09,1,523,167,0.9989866293851926,0.16518167042249232,0.8338049589627002
8,2023-09,1,523,168,0.998277041839983,0.16373017950831878,0.8345468623316642
8,2023-09,1,523,169,0.9964510511437789,0.14722316019953877,0.8492278909442401
8,2023-09,1,523,170,0.9974275432863592,0.18395170260494748,0.8134758406814118
8,2023-09,1,523,171,0.9992733399352183,0.1535508971977036,0.8457224427375147
8,2023-09,1,523,172,0.999196695100208,0.16786338884678761,0.8313333062534204
8,2023-09,1,523,173,0.9984507516200128,0.1665945134902074,0.8318562381298055
8,2023-09,1,523,174,0.9970869584082714,0.17995327403387976,0.8171336843743917
8,2023-09,1,523,175,0.9986752514098888,0.15869712330414457,0.8399781281057442
8,2023-09,1,523,176,0.9977122585238335,0.15422113699480053,0.8434911215290329
8,2023-09,1,523,177,0.9961312420868057,0.17818667990032386,0.8179445621864818
8,2023-09,1,523,178,0.9974636518790945,0.1633861090966269,0.8340775427824676
8,2023-09,1,523,179,0.9993538990327778,0.15883411494549737,0.8405197840872805
8,2023-09,1,523,180,0.9976888401444783,0.15937196408684562,0.8383168760576327
8,2023-09,1,523,181,0.9961823521073823,0.1901239025491092,0.806058449558273
8,2023-09,1,523,182,0.9982047459054989,0.15711773446910257,0.8410870114363963
8,2023-09,1,523,183,0.9962673761059503,0.17115392600645715,0.8251134500994931
8,2023-09,1,523,184,0.9974772690840263,0.1696744053902395,0.8278028636937869
8,2023-09,1,523,185,0.9983269256633048,0.164212071605337,0.8341148540579678
8,2023-09,1,523,186,0.998773012569593,0.16261494480394287,0.8361580677656502
8,2023-09,1,523,187,0.9985766624567782,0.1625706391092322,0.836006023347546
8,2023-09,1,523,188,0.9993263500933347,0.1561636608468883,0.8431626892464464
8,2023-09,1,523,189,0.9985720233677223,0.15483181710660474,0.8437402062611176
8,2023-09,1,523,190,0.9994662808941426,0.156622103220697,0.8428441776734455
8,2023-09,1,523,191,0.9987480679193835,0.16171972751121946,0.8370283404081641
8,2023-09,1,523,192,0.9989116089624367,0.16128507747017345,0.8376265314922633
8,2023-09,1,523,193,0.9961193136787685,0.17917567026570866,0.8169436434130598
8,2023-09,1,523,194,0.9989480904220477,0.15403211049611834,0.8449159799259294
8,2023-09,1,523,195,0.9988919382617382,0.16708956857126106,0.831802369690477
8,2023-09,1,523,196,0.9987393404686757,0.16815247449062573,0.83058686597805
8,2023-09,1,523,197,0.9958702116656535,0.18189397386739356,0.8139762377982599
8,2023-09,1,523,198,0.9971750182614184,0.15158292198549866,0.8455920962759198
8,2023-09,1,523,199,0.9986663505682328,0.16686893336356204,0.8317974172046708
9,2023-10,0,544,0,0.9976349938489553,0.1730828164165855,0.8245521774323697
9,2023-10,0,544,1,0.999261016150896,0.19592596749052932,0.8033350486603668
9,2023-10,0,544,2,0.9988730868292974,0.19294067527135147,0.8059324115579459
9,2023-10,0,544,3,0.9944001818588108,0.1584452212088857,0.8359549606499251
9,2023-10,0,544,4,0.9996420835725215,0.1877525737637259,0.8118895098087956
9,2023-10,0,544,5,0.9981417933479345,0.20310954066130388,0.7950322526866307
9,2023-10,0,544,6,0.9988978886463941,0.18812902060563494,0.8107688680407591
9,2023-10,0,544,7,0.9963039835094942,0.20405370484203275,0.7922502786674614
9,2023-10,0,544,8,0.9963138992231486,0.20352406395935288,0.7927898352637958
9,2023-10,0,544,9,0.9953758833751826,0.21427038210262647,0.7811055012725561
9,2023-10,0,544,10,0.9994751125874847,0.1929547253079872,0.8065203872794975
9,2023-10,0,544,11,0.9945803425411112,0.19899232574465822,0.795588016796453
9,2023-10,0,544,12,0.9953060182018485,0.2081501107548432,0.7871559074470054
9,2023-10,0,544,13,0.9965054983907494,0.1993245231402808,0.7971809752504686
9,2023-10,0,544,14,0.9962979805606368,0.1661869762587903,0.8301110043018465
9,2023-10,0,544,15,0.9990335957539119,0.19322293468157972,0.8058106610723322
9,2023-10,0,544,16,0.9983513546291749,0.1720152118662777,0.8263361427628972
9,2023-10,0,544,17,0.9990437197480802,0.19937649363200002,0.7996672261160801
9,2023-10,0,544,18,0.9990682622157238,0.18561865470825387,0.8134496075074699
9,2023-10,0,544,19,0.993461298045936,0.20854306261541655,0.7849182354305194
9,2023-10,0,544,20,0.9977955282212613,0.17324680563860145,0.8245487225826598
9,2023-10,0,544,21,0.9992612573339993,0.18197418736698814,0.8172870699670112
9,2023-10,0,544,22,0.9959248859614392,0.17839317873561197,0.8175317072258272
9,2023-10,0,544,23,0.9968539514638497,0.20128393229306918,0.7955700191707805
9,2023-10,0,544,24,0.9985780623803776,0.1879420636919987,0.8106359986883789
9,2023-10,0,544,25,0.999421533460317,0.1770307576668065,0.8223907757935105
9,2023-10,0,544,26,0.9997366442139802,0.18303059175677666,0.8167060524572036
9,2023-10,0,544,27,0.996488164397106,0.20875857517368188,0.7877295892234241
9,2023-10,0,544,28,0.9989419766143782,0.20218813614037526,0.796753840474003
9,2023-10,0,544,29,0.9987481265187429,0.19723507483464922,0.8015130516840937
9,2023-10,0,544,30,0.9988048180256621,0.1767872495700765,0.8220175684555856
9,2023-10,0,544,31,0.9972414340175498,0.1857528594774393,0.8114885745401106
9,2023-10,0,544,32,0.9979287082660911,0.17427542928322445,0.8236532789828667
9,2023-10,0,544,33,0.9986110840227425,0.20049973543472033,0.7981113485880221
9,2023-10,0,544,34,0.9989775350937784,0.1884963936656935,0.8104811414280849
9,2023-10,0,544,35,0.9978757793908827,0.20439502076039082,0.7934807586304918
9,2023-10,0,544,36,0.9992338017122806,0.18486414675125476,0.8143696549610259
9,2023-10,0,544,37,0.999026114123432,0.19304697875845184,0.8059791353649801
9,2023-10,0,544,38,0.9983501525221898,0.18779273658588413,0.8105574159363057
9,2023-10,0,544,39,0.9988582088121475,0.18395885783133467,0.8148993509808128
9,2023-10,0,544,40,0.9983747142865335,0.19399128556423775,0.8043834287222957
9,2023-10,0,544,41,0.9995727756845999,0.19629420431361816,0.8032785713709818
9,2023-10,0,544,42,0.9971929603099862,0.20285700867502135,0.7943359516349648
9,2023-10,0,544,43,0.999249477317128,0.18132643444158714,0.8179230428755409
9,2023-10,0,544,44,0.9998355766675613,0.18966399324159589,0.8101715834259654
9,2023-10,0,544,45,0.9993180275573924,0.1794649361009911,0.8198530914564013
9,2023-10,0,544,46,0.9986764385849559,0.17530051079041384,0.823375927794542
9,2023-10,0,544,47,0.9969174038262063,0.17413657759240242,0.8227808262338039
9,2023-10,0,544,48,0.9995585609398204,0.18393846512270645,0.815620095817114
9,2023-10,0,544,49,0.9994994859410004,0.19820635141549353,0.8012931345255068
9,2023-10,0,544,50,0.9946214501043259,0.15732713599861864,0.8372943141057072
9,2023-10,0,544,51,0.9978517880189616,0.18906397783432988,0.8087878101846318
9,2023-10,0,544,52,0.9992284367548548,0.18290311652481597,0.8163253202300389
9,2023-10,0,544,53,0.9989341216600319,0.19636917408092108,0.8025649475791108
9,2023-10,0,544,54,0.999229361530865,0.18712955028295086,0.8120998112479141
9,2023-10,0,544,55,0.9984267111274147,0.18626017932839836,0.8121665317990163
9,2023-10,0,544,56,0.9987339881519155,0.20737851680268055,0.791355471349235
9,2023-10,0,544,57,0.997040627244342,0.1791593584294479,0.817881268814894
9,2023-10,0,544,58,0.9993003219070729,0.17841300928553724,0.8208873126215356
9,2023-10,0,544,59,0.99866741980884,0.19457479966700966,0.8040926201418304
9,2023-10,0,544,60,0.99988463556771,0.18482900776356445,0.8150556278041455
9,2023-10,0,544,61,0.9967593915977055,0.17752294711844938,0.8192364444792561
9,2023-10,0,544,62,0.9982289122091629,0.18869645940458252,0.8095324528045804
9,2023-10,0,544,63,0.998910976383119,0.18294720392505542,0.8159637724580635
9,2023-10,0,544,64,0.9989176227579852,0.17991548371319283,0.8190021390447924
9,2023-10,0,544,65,0.9987195271201229,0.19188066547885932,0.8068388616412636
9,2023-10,0,544,66,0.9994062663346645,0.18742007161988397,0.8119861947147805
9,2023-10,0,544,67,0.9972591544575692,0.2013271341567675,0.7959320203008017
9,2023-10,0,544,68,0.9986011742368249,0.18984206548006485,0.80875910875676
9,2023-10,0,544,69,0.9979597442619329,0.17863065023808272,0.8193290940238502
9,2023-10,0,544,70,0.9992597555790699,0.19284141843365463,0.8064183371454152
9,2023-10,0,544,71,0.9983002065754096,0.17485174093391326,0.8234484656414964
9,2023-10,0,544,72,0.9955357040642847,0.21068280323644115,0.7848529008278435
9,2023-10,0,544,73,0.9977510208856977,0.20488723481888726,0.7928637860668104
9,2023-10,0,544,74,0.9971146072768217,0.2119563839788787,0.7851582232979429
9,2023-10,0,544,75,0.998768130259502,0.18209249016882578,0.8166756400906762
9,2023-10,0,544,76,0.9985743084357764,0.1774098919533742,0.8211644164824022
9,2023-10,0,544,77,0.997689688843508,0.1911630377042793,0.8065266511392286
9,2023-10,0,544,78,0.9965005410496501,0.17433625761286659,0.8221642834367835
9,2023-10,0,544,79,0.9979978891577972,0.1876117275517665,0.8103861616060307
9,2023-10,0,544,80,0.9995802856411216,0.18368399771143332,0.8158962879296883
9,2023-10,0,544,81,0.9992091588714788,0.19782094916851944,0.8013882097029593
9,2023-10,0,544,82,0.9986470497523734,0.19005580461372001,0.8085912451386534
9,2023-10,0,544,83,0.9975928630398252,0.20156508779668447,0.7960277752431407
9,2023-10,0,544,84,0.995634558605964,0.1607084827438754,0.8349260758620886
9,2023-10,0,544,85,0.9968868471009572,0.19616841044666047,0.8007184366542968
9,2023-10,0,544,86,0.9982236087696341,0.1792171256463467,0.8190064831232874
9,2023-10,0,544,87,0.9975691346402913,0.17808694282053814,0.8194821918197531
9,2023-10,0,544,88,0.9977609119921854,0.18470184240084347,0.813059069591342
9,2023-10,0,544,89,0.9992468421518901,0.19003197301918587,0.8092148691327042
9,2023-10,0,544,90,0.9965663180041258,0.16078841808730815,0.8357778999168176
9,2023-10,0,544,91,0.9989562786817504,0.204921522648352,0.7940347560333985
9,2023-10,0,544,92,0.9988681254760908,0.1872262603197203,0.8116418651563705
9,2023-10,0,544,93,0.998132424243364,0.19280421390096045,0.8053282103424035
9,2023-10,0,544,94,0.9986500644390298,0.17403192341622248,0.8246181410228073
9,2023-10,0,544,95,0.9962156274859648,0.15717522309042878,0.8390404043955361
9,2023-10,0,544,96,0.9989990851647108,0.18874416325256532,0.8102549219121455
9,2023-10,0,544,97,0.9968772433614792,0.1677751519401878,0.8291020914212914
9,2023-10,0,544,98,0.9993936278845991,0.1868929972978161,0.812500630586783
9,2023-10,0,544,99,0.9990632980414026,0.17658137565310936,0.8224819223882932
9,2023-10,0,544,100,0.9995584085661434,0.1855587674298793,0.8139996411362641
9,2023-10,0,544,101,0.997957745053017,0.17387757098910722,0.8240801740639099
9,2023-10,0,544,102,0.9969504232596732,0.1645121630747347,0.8324382601849385
9,2023-10,0,544,103,0.9990606450767692,0.18982205077961453,0.8092385942971546
9,2023-10,0,544,104,0.9964706069071617,0.1706005094122965,0.8258700974948652
9,2023-10,0,544,105,0.9980139122260073,0.19732851747563707,0.8006853947503703
9,2023-10,0,544,106,0.9986041528862636,0.18412310852867594,0.8144810443575876
9,2023-10,0,544,107,0.9998730154065549,0.1885044612143657,0.8113685541921892
9,2023-10,0,544,108,0.999055408980465,0.19165572635366582,0.8073996826267992
9,2023-10,0,544,109,0.9961893107644145,0.17682674823321778,0.8193625625311968
9,2023-10,0,544,110,0.9978384454002113,0.20947753425714327,0.788360911143068
9,2023-10,0,544,111,0.9995006981725513,0.17955683302656583,0.8199438651459854
9,2023-10,0,544,112,0.9978182571307826,0.18505764607152222,0.8127606110592605
9,2023-10,0,544,113,0.9983457395387269,0.1919186330746894,0.8064271064640375
9,2023-10,0,544,114,0.9992977179877776,0.19074600312917614,0.8085517148586014
9,2023-10,0,544,115,0.9992266113345063,0.17753718351609496,0.8216894278184114
9,2023-10,0,544,116,0.9995361453479477,0.17915301687356724,0.8203831284743804
9,2023-10,0,544,117,0.9964162132126368,0.17048935236012794,0.8259268608525089
9,2023-10,0,544,118,0.9991049424446046,0.1954462293925046,0.8036587130521
9,2023-10,0,544,119,0.9984573081077753,0.20113108104003777,0.7973262270677376
9,2023-10,0,544,120,0.9986191343621796,0.18484384410700178,0.8137752902551778
9,2023-10,0,544,121,0.9992493945878338,0.18666124667930276,0.8125881479085311
9,2023-10,0,544,122,0.999736942665412,0.19368694565200037,0.8060499970134116
9,2023-10,0,544,123,0.9988481279969714,0.19576391135249693,0.8030842166444745
9,2023-10,0,544,124,0.9991689250435725,0.18185366701832784,0.8173152580252446
9,2023-10,0,544,125,0.9978028242653136,0.18951915394180918,0.8082836703235045
9,2023-10,0,544,126,0.9985399681834637,0.19949221634044606,0.7990477518430177
9,2023-10,0,544,127,0.9990571837486336,0.19737219307671328,0.8016849906719203
9,2023-10,0,544,128,0.9983402123881246,0.19558667601403223,0.8027535363740924
9,2023-10,0,544,129,0.998727232000948,0.2017491395539468,0.7969780924470012
9,2023-10,0,544,130,0.9982948391742237,0.1850256595501189,0.8132691796241047
9,2023-10,0,544,131,0.9976026683785316,0.1932960790795349,0.8043065892989967
9,2023-10,0,544,132,0.9984874169569165,0.18677485483153405,0.8117125621253825
9,2023-10,0,544,133,0.9996589592136071,0.190954030181033,0.8087049290325742
9,2023-10,0,544,134,0.9981258181840508,0.19037720176343903,0.8077486164206118
9,2023-10,0,544,135,0.9982471559859213,0.1766015350509857,0.8216456209349356
9,2023-10,0,544,136,0.9975789110213964,0.19577830286846032,0.8018006081529361
9,2023-10,0,544,137,0.9984586362597175,0.18801622382544958,0.810442412434268
9,2023-10,0,544,138,0.9978968285449734,0.19660968825951422,0.8012871402854592
9,2023-10,0,544,139,0.9993693336293564,0.1988869771220877,0.8004823565072687
9,2023-10,0,544,140,0.9992037094295305,0.18779778225538601,0.8114059271741445
9,2023-10,0,544,141,0.9995557036110351,0.18945542552601205,0.810100278085023
9,2023-10,0,544,142,0.9995001618713315,0.19175691401722053,0.807743247854111
9,2023-10,0,544,143,0.9976132692642116,0.17378371377317087,0.8238295554910406
9,2023-10,0,544,144,0.9968849916569189,0.20391398552996767,0.7929710061269513
9,2023-10,0,544,145,0.9993310196329124,0.17918800188824002,0.8201430177446724
9,2023-10,0,544,146,0.9955801187637716,0.18461219404354953,0.810967924720222
9,2023-10,0,544,147,0.9992657265118334,0.19079715834694094,0.8084685681648924
9,2023-10,0,544,148,0.9995585991149033,0.18770759411190427,0.811851005002999
9,2023-10,0,544,149,0.9968253784153963,0.16326025397458238,0.833565124440814
9,2023-10,0,544,150,0.9975878838184843,0.17751032133327216,0.8200775624852121
9,2023-10,0,544,151,0.9987970677517163,0.19422246887826256,0.8045745988734537
9,2023-10,0,544,152,0.9960623404201631,0.17085466760673262,0.8252076728134304
9,2023-10,0,544,153,0.9977401852571925,0.20928290800280677,0.7884572772543857
9,2023-10,0,544,154,0.9993865738050137,0.18621305976289312,0.8131735140421206
9,2023-10,0,544,155,0.997976611976353,0.1923324560765982,0.8056441558997548
9,2023-10,0,544,156,0.9996796682907245,0.18014030931735103,0.8195393589733735
9,2023-10,0,544,157,0.995917649624556,0.20519232941422966,0.7907253202103264
9,2023-10,0,544,158,0.9986236559144883,0.1986812013429469,0.7999424545715415
9,2023-10,0,544,159,0.9973093516321395,0.1985477623726445,0.798761589259495
9,2023-10,0,544,160,0.9981591568835808,0.20462062964285446,0.7935385272407264
9,2023-10,0,544,161,0.9984543708355894,0.16856644888394573,0.8298879219516437
9,2023-10,0,544,162,0.9994848487213347,0.18672859774322992,0.8127562509781048
9,2023-10,0,544,163,0.998779437688818,0.18652711737676486,0.8122523203120532
9,2023-10,0,544,164,0.998363175502593,0.18409061798533652,0.8142725575172565
9,2023-10,0,544,165,0.9993179985435449,0.1959638406062414,0.8033541579373035
9,2023-10,0,544,166,0.9985588606103659,0.20382333182411538,0.7947355287862505
9,2023-10,0,544,167,0.9992628394327258,0.17887272808682134,0.8203901113459044
9,2023-10,0,544,168,0.9991365142473135,0.17737317788311144,0.8217633363642021
9,2023-10,0,544,169,0.9979198983161433,0.16628569354495698,0.8316342047711862
9,2023-10,0,544,170,0.9992997756844715,0.19635715852010208,0.8029426171643694
9,2023-10,0,544,171,0.996190491681839,0.19389407713990245,0.8022964145419366
9,2023-10,0,544,172,0.9989629497865865,0.18677779058511523,0.8121851592014713
9,2023-10,0,544,173,0.9980361879301286,0.2056533913222008,0.7923827966079278
9,2023-10,0,544,174,0.9982345603442151,0.20156207490487213,0.796672485439343
9,2023-10,0,544,175,0.9990289856657519,0.17371206515612683,0.8253169205096251
9,2023-10,0,544,176,0.9994379741340198,0.17969074289024972,0.8197472312437701
9,2023-10,0,544,177,0.9967086358679571,0.16887306492851095,0.8278355709394462
9,2023-10,0,544,178,0.9990464848688544,0.1906528557938035,0.8083936290750509
9,2023-10,0,544,179,0.9986463439166287,0.17740113987655592,0.8212452040400727
9,2023-10,0,544,180,0.9970212484626271,0.17478555855276529,0.8222356899098617
9,2023-10,0,544,181,0.9975779801007947,0.19563276687127926,0.8019452132295154
9,2023-10,0,544,182,0.9975316323945487,0.16876487487581648,0.8287667575187322
9,2023-10,0,544,183,0.9982588870860419,0.1972921354640794,0.8009667516219625
9,2023-10,0,544,184,0.9966333930617096,0.18007517470755544,0.8165582183541542
9,2023-10,0,544,185,0.9984481613487566,0.17923266572533408,0.8192154956234226
9,2023-10,0,544,186,0.9948752409035098,0.17474852053329384,0.820126720370216
9,2023-10,0,544,187,0.9984760882111606,0.20588515638248378,0.7925909318286768
9,2023-10,0,544,188,0.9943488388295548,0.16079581091070996,0.8335530279188449
9,2023-10,0,544,189,0.9994229638300406,0.1922612069704489,0.8071617568595917
9,2023-10,0,544,190,0.9998034245085102,0.19126767411398998,0.8085357503945203
9,2023-10,0,544,191,0.9987817483991898,0.1916041732856917,0.8071775751134981
9,2023-10,0,544,192,0.9978022974352283,0.19780161844771485,0.8000006789875135
9,2023-10,0,544,193,0.9971954028497255,0.20831925127443562,0.7888761515752899
9,2023-10,0,544,194,0.9990234004039943,0.19820832522623438,0.8008150751777598
9,2023-10,0,544,195,0.9995328250014608,0.19249260096048754,0.8070402240409733
9,2023-10,0,544,196,0.9992568686957286,0.1837376995247739,0.8155191691709547
9,2023-10,0,544,197,0.9989722729585101,0.1863040152644405,0.8126682576940696
9,2023-10,0,544,198,0.9992423162429165,0.19436086904079106,0.8048814472021254
9,2023-10,0,544,199,0.9982017658434017,0.17433802632561105,0.8238637395177907
9,2023-10,1,1352,0,0.9995399376328893,0.18136889440614784,0.8181710432267415
9,2023-10,1,1352,1,0.9991206483843904,0.1767738433582279,0.8223468050261625
9,2023-10,1,1352,2,0.9994648895245664,0.1881726428832998,0.8112922466412665
9,2023-10,1,1352,3,0.999046865507456,0.19005200237031628,0.8089948631371398
9,2023-10,1,1352,4,0.9995577632147904,0.18067858382701257,0.8188791793877779
9,2023-10,1,1352,5,0.9995000882186496,0.1827315750738786,0.816768513144771
9,2023-10,1,1352,6,0.9991765103763033,0.18603104879823068,0.8131454615780727
9,2023-10,1,1352,7,0.9986516871636181,0.19046603997120015,0.8081856471924179
9,2023-10,1,1352,8,0.9990897018856846,0.18884534062308186,0.8102443612626027
9,2023-10,1,1352,9,0.9996914108109063,0.1817200687847876,0.8179713420261187
9,2023-10,1,1352,10,0.9996305793178244,0.1933775088323302,0.8062530704854942
9,2023-10,1,1352,11,0.9996533537925033,0.1909328118697996,0.8087205419227037
9,2023-10,1,1352,12,0.9992556899000259,0.17927659738240884,0.819979092517617
9,2023-10,1,1352,13,0.9996942405516358,0.18726416519906022,0.8124300753525756
9,2023-10,1,1352,14,0.9995254308379624,0.1875747900459221,0.8119506407920403
9,2023-10,1,1352,15,0.9997544425011095,0.1907862698703434,0.808968172630766
9,2023-10,1,1352,16,0.9996582113185285,0.18782234682152393,0.8118358644970045
9,2023-10,1,1352,17,0.9997814523294608,0.19195080124431488,0.807830651085146
9,2023-10,1,1352,18,0.9996588088487806,0.1832443194826497,0.8164144893661309
9,2023-10,1,1352,19,0.9982279887843238,0.19819118139862954,0.8000368073856943
9,2023-10,1,1352,20,0.9997776886802634,0.19421331847820675,0.8055643702020566
9,2023-10,1,1352,21,0.9997104428342714,0.18681404168855476,0.8128964011457166
9,2023-10,1,1352,22,0.99980825523812,0.18490652548936895,0.8149017297487511
9,2023-10,1,1352,23,0.9996093398757021,0.18326232362675282,0.8163470162489492
9,2023-10,1,1352,24,0.9991271724355085,0.1817348799331605,0.817392292502348
9,2023-10,1,1352,25,0.9995987226394303,0.18950603541948366,0.8100926872199466
9,2023-10,1,1352,26,0.9998533627971476,0.1909217413258952,0.8089316214712524
9,2023-10,1,1352,27,0.9996199148671537,0.19484456841675848,0.8047753464503953
9,2023-10,1,1352,28,0.9998305336136535,0.19096769478589962,0.8088628388277539
9,2023-10,1,1352,29,0.9999068325878389,0.18939148496934477,0.8105153476184941
9,2023-10,1,1352,30,0.9993186560887909,0.18660605532962704,0.8127126007591639
9,2023-10,1,1352,31,0.998822653947496,0.18307815742323885,0.8157444965242572
9,2023-10,1,1352,32,0.9993190593832042,0.18259435800124732,0.8167247013819569
9,2023-10,1,1352,33,0.9993396591562166,0.1800712547700353,0.8192684043861813
9,2023-10,1,1352,34,0.9993495027356198,0.18937876687407418,0.8099707358615457
9,2023-10,1,1352,35,0.9996964702454536,0.18997305650498822,0.8097234137404654
9,2023-10,1,1352,36,0.998873492201526,0.17661496397245013,0.8222585282290759
9,2023-10,1,1352,37,0.9989761300308377,0.1821669595496072,0.8168091704812306
9,2023-10,1,1352,38,0.999538112067683,0.19039991022181543,0.8091382018458675
9,2023-10,1,1352,39,0.9991458047603041,0.19526186008440516,0.803883944675899
9,2023-10,1,1352,40,0.9994094326401626,0.18061941491626352,0.818790017723899
9,2023-10,1,1352,41,0.9994018466048786,0.18903545203293498,0.8103663945719437
9,2023-10,1,1352,42,0.9988786348315717,0.18382276628127248,0.8150558685502992
9,2023-10,1,1352,43,0.9988868922839307,0.17653113851175167,0.8223557537721791
9,2023-10,1,1352,44,0.9994853439251379,0.18699035791798968,0.8124949860071482
9,2023-10,1,1352,45,0.9991780320021948,0.18963389149668142,0.8095441405055134
9,2023-10,1,1352,46,0.9996502717424343,0.18973562743277325,0.809914644309661
9,2023-10,1,1352,47,0.9984109597776537,0.17793737203770937,0.8204735877399443
9,2023-10,1,1352,48,0.9994538613584351,0.1827422133796666,0.8167116479787685
9,2023-10,1,1352,49,0.9994718717924701,0.1819892717205622,0.8174826000719079
9,2023-10,1,1352,50,0.9988863245168113,0.18791780678772052,0.8109685177290907
9,2023-10,1,1352,51,0.9999165758045537,0.18444714091640838,0.8154694348881454
9,2023-10,1,1352,52,0.9992951828985129,0.18262019181042982,0.8166749910880831
9,2023-10,1,1352,53,0.9999107430902616,0.18921016793713982,0.8107005751531218
9,2023-10,1,1352,54,0.998926858458212,0.19080830340916585,0.8081185550490462
9,2023-10,1,1352,55,0.9992110572705305,0.19954801207807676,0.7996630451924538
9,2023-10,1,1352,56,0.9996290113240712,0.18934750659023253,0.8102815047338388
9,2023-10,1,1352,57,0.9996905243500415,0.1893647191483956,0.8103258052016459
9,2023-10,1,1352,58,0.999815757124078,0.18907080532385195,0.8107449518002261
9,2023-10,1,1352,59,0.9989893926453838,0.18103958023123048,0.8179498124141533
9,2023-10,1,1352,60,0.9995383224596707,0.18771546685036067,0.81182285560931
9,2023-10,1,1352,61,0.9996165616302882,0.197233441252481,0.8023831203778072
9,2023-10,1,1352,62,0.998340243878541,0.19865804214133184,0.7996822017372092
9,2023-10,1,1352,63,0.9994888128680731,0.17936921071129786,0.8201196021567753
9,2023-10,1,1352,64,0.9997198678883499,0.19450781063363892,0.805212057254711
9,2023-10,1,1352,65,0.9993309098842053,0.18994726776835716,0.8093836421158481
9,2023-10,1,1352,66,0.9996988981201712,0.187245405051295,0.8124534930688763
9,2023-10,1,1352,67,0.9997448080081708,0.18802018581391863,0.8117246221942521
9,2023-10,1,1352,68,0.9991717016943882,0.19505942341717103,0.8041122782772172
9,2023-10,1,1352,69,0.999743398998422,0.19065904100694522,0.8090843579914768
9,2023-10,1,1352,70,0.9990937357467934,0.19681071835424874,0.8022830173925446
9,2023-10,1,1352,71,0.9994436294000857,0.18342384975925274,0.8160197796408329
9,2023-10,1,1352,72,0.9995789041502677,0.18158643121024626,0.8179924729400214
9,2023-10,1,1352,73,0.9997816430843743,0.18801959235793514,0.8117620507264391
9,2023-10,1,1352,74,0.9991564865676491,0.19643500120702764,0.8027214853606215
9,2023-10,1,1352,75,0.9993853948033976,0.19563280636664965,0.803752588436748
9,2023-10,1,1352,76,0.9974919965977561,0.1721528411308322,0.8253391554669239
9,2023-10,1,1352,77,0.9997459758010117,0.18789062850585195,0.8118553472951597
9,2023-10,1,1352,78,0.9996257464070506,0.1861719345551624,0.8134538118518881
9,2023-10,1,1352,79,0.999532241939707,0.18900173700359585,0.8105305049361111
9,2023-10,1,1352,80,0.9990106073962853,0.1753574361573732,0.8236531712389121
9,2023-10,1,1352,81,0.9991193175126294,0.18301334734120212,0.8161059701714273
9,2023-10,1,1352,82,0.9987740433639349,0.1886975604634286,0.8100764829005064
9,2023-10,1,1352,83,0.998750235701708,0.1889092571787183,0.8098409785229896
9,2023-10,1,1352,84,0.9990533036281016,0.17878935434835647,0.8202639492797452
9,2023-10,1,1352,85,0.998844875523408,0.19339777286796003,0.8054471026554479
9,2023-10,1,1352,86,0.999901922697002,0.18650665550689635,0.8133952671901056
9,2023-10,1,1352,87,0.9996415534990928,0.18386858764976555,0.8157729658493272
9,2023-10,1,1352,88,0.998085457948678,0.20098384770870664,0.7971016102399713
9,2023-10,1,1352,89,0.99934912220686,0.1918300919446214,0.8075190302622386
9,2023-10,1,1352,90,0.9992798817731421,0.18369478074750767,0.8155851010256344
9,2023-10,1,1352,91,0.9995100071569636,0.1929863633302485,0.8065236438267152
9,2023-10,1,1352,92,0.9997335872076739,0.18451319063861082,0.8152203965690631
9,2023-10,1,1352,93,0.9989048457676358,0.17742486099188193,0.8214799847757539
9,2023-10,1,1352,94,0.9997796564234628,0.18804168080364836,0.8117379756198144
9,2023-10,1,1352,95,0.9989025758365578,0.19946128319577383,0.799441292640784
9,2023-10,1,1352,96,0.9993467740053436,0.1962911801067261,0.8030555938986175
9,2023-10,1,1352,97,0.998292246887696,0.18121106518710428,0.8170811817005917
9,2023-10,1,1352,98,0.9993584313802722,0.1783911236085046,0.8209673077717676
9,2023-10,1,1352,99,0.9995916240871167,0.18492384006304174,0.8146677840240749
9,2023-10,1,1352,100,0.9996317367012745,0.19237829724721825,0.8072534394540563
9,2023-10,1,1352,101,0.9995483611981011,0.19066147758211674,0.8088868836159844
9,2023-10,1,1352,102,0.9989850649878347,0.1863653051469625,0.8126197598408722
9,2023-10,1,1352,103,0.9997310350771693,0.1851258567633677,0.8146051783138016
9,2023-10,1,1352,104,0.998293131944451,0.1888811117993512,0.8094120201450998
9,2023-10,1,1352,105,0.9991558529132308,0.18792648988525923,0.8112293630279717
9,2023-10,1,1352,106,0.9996478685955419,0.1915285650441629,0.808119303551379
9,2023-10,1,1352,107,0.9998671302430361,0.18550813549297637,0.8143589947500597
9,2023-10,1,1352,108,0.9993018248954606,0.1773813342843928,0.8219204906110678
9,2023-10,1,1352,109,0.999819372576677,0.18584875457959518,0.8139706179970818
9,2023-10,1,1352,110,0.9995880062499933,0.18496968589962826,0.8146183203503651
9,2023-10,1,1352,111,0.999443343102046,0.1905147811280707,0.8089285619739752
9,2023-10,1,1352,112,0.9997459284308855,0.1889389772297526,0.8108069512011329
9,2023-10,1,1352,113,0.9993448792197723,0.1942644037255417,0.8050804754942307
9,2023-10,1,1352,114,0.9996962048027135,0.18745500427718112,0.8122412005255324
9,2023-10,1,1352,115,0.9988772728839984,0.18186447681176107,0.8170127960722373
9,2023-10,1,1352,116,0.9996246343157494,0.18665996065987814,0.8129646736558713
9,2023-10,1,1352,117,0.9998218218151448,0.18874065486492583,0.8110811669502189
9,2023-10,1,1352,118,0.999497396754429,0.1891240328199072,0.8103733639345218
9,2023-10,1,1352,119,0.9990641285315067,0.20125367663537724,0.7978104518961295
9,2023-10,1,1352,120,0.9989261053265726,0.19908698296760924,0.7998391223589634
9,2023-10,1,1352,121,0.9992165489251821,0.19099013127250192,0.8082264176526801
9,2023-10,1,1352,122,0.9994807452950134,0.18427153005702787,0.8152092152379855
9,2023-10,1,1352,123,0.999302621188869,0.17977790428789447,0.8195247169009745
9,2023-10,1,1352,124,0.9995650675104484,0.18109415244435334,0.818470915066095
9,2023-10,1,1352,125,0.9991847985018448,0.19701875853577852,0.8021660399660663
9,2023-10,1,1352,126,0.9981405344506022,0.18051207553310258,0.8176284589174997
9,2023-10,1,1352,127,0.999751170554597,0.18967966637030131,0.8100715041842956
9,2023-10,1,1352,128,0.9994683704692914,0.18904746509199064,0.8104209053773007
9,2023-10,1,1352,129,0.9991677661176627,0.19619174439590373,0.802976021721759
9,2023-10,1,1352,130,0.9995044765700779,0.19696296171032793,0.80254151485975
9,2023-10,1,1352,131,0.9995272813832914,0.18900526204453158,0.8105220193387598
9,2023-10,1,1352,132,0.9993108934414803,0.19173982643009352,0.8075710670113867
9,2023-10,1,1352,133,0.9983174526630987,0.19275291373254644,0.8055645389305522
9,2023-10,1,1352,134,0.9994914362305525,0.19013293196284667,0.8093585042677058
9,2023-10,1,1352,135,0.9996369725126096,0.19004827128862808,0.8095887012239815
9,2023-10,1,1352,136,0.9986366531447357,0.18721357418787002,0.8114230789568657
9,2023-10,1,1352,137,0.9997942191547874,0.18838812308108946,0.811406096073698
9,2023-10,1,1352,138,0.9992685504652064,0.1884345897244032,0.8108339607408032
9,2023-10,1,1352,139,0.999174882888118,0.17661768184078258,0.8225572010473354
9,2023-10,1,1352,140,0.9986658387033641,0.19472962660047485,0.8039362121028892
9,2023-10,1,1352,141,0.99945143284261,0.18983011411206782,0.8096213187305421
9,2023-10,1,1352,142,0.9998192921248324,0.18752471159068895,0.8122945805341435
9,2023-10,1,1352,143,0.999364504291892,0.18565536248054973,0.8137091418113424
9,2023-10,1,1352,144,0.9997330659744865,0.1880215711288989,0.8117114948455877
9,2023-10,1,1352,145,0.9993247480331474,0.1973246063845232,0.8020001416486242
9,2023-10,1,1352,146,0.9995973862067452,0.18393461310529044,0.8156627731014547
9,2023-10,1,1352,147,0.9997394513539158,0.19155995972781908,0.8081794916260967
9,2023-10,1,1352,148,0.9998159602002988,0.1893161648254718,0.810499795374827
9,2023-10,1,1352,149,0.999531501356966,0.18539375705438046,0.8141377443025856
9,2023-10,1,1352,150,0.9998750112776706,0.18516043442853394,0.8147145768491367
9,2023-10,1,1352,151,0.9985743398337743,0.1736368745614253,0.824937465272349
9,2023-10,1,1352,152,0.9993164028020828,0.19452090736618957,0.8047954954358932
9,2023-10,1,1352,153,0.9997804428093968,0.19097254469092667,0.8088078981184701
9,2023-10,1,1352,154,0.9992639397708412,0.17577925002183542,0.8234846897490058
9,2023-10,1,1352,155,0.9996475513837211,0.18460609387452948,0.8150414575091915
9,2023-10,1,1352,156,0.9992374137036094,0.17503258553622955,0.8242048281673798
9,2023-10,1,1352,157,0.9992870807007203,0.18076521346073596,0.8185218672399843
9,2023-10,1,1352,158,0.9997383197192113,0.18892831769543378,0.8108100020237776
9,2023-10,1,1352,159,0.9997084974335476,0.19101800710741956,0.808690490326128
9,2023-10,1,1352,160,0.9996877654800091,0.1849359054058996,0.8147518600741095
9,2023-10,1,1352,161,0.9996148585049377,0.18623434784022236,0.8133805106647154
9,2023-10,1,1352,162,0.9992970363628272,0.18423440942336838,0.8150626269394587
9,2023-10,1,1352,163,0.999515613201436,0.18504422647709143,0.8144713867243446
9,2023-10,1,1352,164,0.9983168182597985,0.2022951222166403,0.7960216960431581
9,2023-10,1,1352,165,0.9994510507936785,0.1878995054203509,0.8115515453733275
9,2023-10,1,1352,166,0.9998484734013906,0.19002346722841865,0.8098250061729719
9,2023-10,1,1352,167,0.9992498825340822,0.18169634597460804,0.8175535365594742
9,2023-10,1,1352,168,0.9996277179610936,0.183865163415292,0.8157625545458016
9,2023-10,1,1352,169,0.9994503413139235,0.17769233958788294,0.8217580017260406
9,2023-10,1,1352,170,0.9992655243213786,0.1869806469254668,0.8122848773959118
9,2023-10,1,1352,171,0.9992880308188306,0.18328655083632978,0.8160014799825008
9,2023-10,1,1352,172,0.9988491513422677,0.189612521553273,0.8092366297889947
9,2023-10,1,1352,173,0.9994246013628512,0.1908697144344446,0.8085548869284066
9,2023-10,1,1352,174,0.9995903293493257,0.1878291663487225,0.8117611630006032
9,2023-10,1,1352,175,0.998540397208964,0.18621444449259852,0.8123259527163655
9,2023-10,1,1352,176,0.999304323388417,0.1773738494721732,0.8219304739162439
9,2023-10,1,1352,177,0.9995512937444145,0.1869536840111099,0.8125976097333046
9,2023-10,1,1352,178,0.9989640923886921,0.1865699168034892,0.8123941755852029
9,2023-10,1,1352,179,0.9985860155643329,0.18413482656732047,0.8144511889970124
9,2023-10,1,1352,180,0.999246558460283,0.18111388901722764,0.8181326694430553
9,2023-10,1,1352,181,0.9979427744384024,0.18354359519707047,0.8143991792413319
9,2023-10,1,1352,182,0.9996876261760423,0.1836751438021817,0.8160124823738606
9,2023-10,1,1352,183,0.9996003564667607,0.18745917366888726,0.8121411827978735
9,2023-10,1,1352,184,0.997940065458712,0.17734319633602577,0.8205968691226861
9,2023-10,1,1352,185,0.9995640996535317,0.19454359600740445,0.8050205036461272
9,2023-10,1,1352,186,0.9996422958915665,0.18899984126449865,0.8106424546270679
9,2023-10,1,1352,187,0.9986521389681147,0.20279981710052025,0.7958523218675944
9,2023-10,1,1352,188,0.9983803866249107,0.17534939404363195,0.8230309925812788
9,2023-10,1,1352,189,0.999175946770619,0.18737604370174835,0.8117999030688707
9,2023-10,1,1352,190,0.999759176726361,0.1846003003522309,0.8151588763741302
9,2023-10,1,1352,191,0.9996191311400412,0.19217234787644785,0.8074467832635933
9,2023-10,1,1352,192,0.9995043643146206,0.18333722507207775,0.8161671392425429
9,2023-10,1,1352,193,0.9997210554196113,0.18836564563491062,0.8113554097847007
9,2023-10,1,1352,194,0.9993925324190661,0.1938231712530768,0.8055693611659893
9,2023-10,1,1352,195,0.9996982846798277,0.19198005105131805,0.8077182336285096
9,2023-10,1,1352,196,0.9998737387334297,0.1867143839611488,0.8131593547722809
9,2023-10,1,1352,197,0.9994154188329587,0.18113475805350543,0.8182806607794533
9,2023-10,1,1352,198,0.9993670851879713,0.17988319649590329,0.8194838886920681
9,2023-10,1,1352,199,0.9995747402505487,0.19324366751822436,0.8063310727323243
10,2023-11,0,1358,0,0.9994233170027116,0.19445006820839772,0.8049732487943139
10,2023-11,0,1358,1,0.9993465726324223,0.21218888010885686,0.7871576925235655
10,2023-11,0,1358,2,0.9989453206051042,0.2161567421557483,0.7827885784493559
10,2023-11,0,1358,3,0.9994294533943332,0.20445052679187845,0.7949789266024547
10,2023-11,0,1358,4,0.9998450614268839,0.2106776388956706,0.7891674225312133
10,2023-11,0,1358,5,0.9991314425031677,0.19832462764816564,0.800806814855002
10,2023-11,0,1358,6,0.999902094231708,0.21133589650930534,0.7885661977224026
10,2023-11,0,1358,7,0.9985970360721426,0.2050488185086223,0.7935482175635202
10,2023-11,0,1358,8,0.9993395389951555,0.20343896786570723,0.7959005711294482
10,2023-11,0,1358,9,0.9982920226361588,0.21928009404544804,0.7790119285907108
10,2023-11,0,1358,10,0.9993715759412688,0.2005322002023419,0.7988393757389269
10,2023-11,0,1358,11,0.9995256788941906,0.2027456259659739,0.7967800529282167
10,2023-11,0,1358,12,0.9995189939470611,0.21572985866052072,0.7837891352865404
10,2023-11,0,1358,13,0.9989626993705731,0.21969377330235215,0.779268926068221
10,2023-11,0,1358,14,0.9993357435554099,0.20599799675126582,0.793337746804144
10,2023-11,0,1358,15,0.9989145457554856,0.21133449206843724,0.7875800536870483
10,2023-11,0,1358,16,0.9989889955755786,0.19279741127696698,0.8061915842986116
10,2023-11,0,1358,17,0.9991178336980502,0.20884011005406075,0.7902777236439894
10,2023-11,0,1358,18,0.9990638347704216,0.1937237917118265,0.8053400430585951
10,2023-11,0,1358,19,0.9994987201292396,0.21219903803476586,0.7872996820944738
10,2023-11,0,1358,20,0.999785597279807,0.2120256881202699,0.7877599091595371
10,2023-11,0,1358,21,0.9994998981741325,0.21172142403999247,0.78777847413414
10,2023-11,0,1358,22,0.9987444976333755,0.20453003512390283,0.7942144625094727
10,2023-11,0,1358,23,0.9995016518241823,0.19872476922350502,0.8007768826006773
10,2023-11,0,1358,24,0.9997429540058297,0.21029308987271872,0.7894498641331109
10,2023-11,0,1358,25,0.999466015961392,0.2079142416143826,0.7915517743470093
10,2023-11,0,1358,26,0.9994224226289092,0.21332034091017207,0.7861020817187372
10,2023-11,0,1358,27,0.9995482030281624,0.20215079970366215,0.7973974033245003
10,2023-11,0,1358,28,0.9993054081344571,0.2073795834180818,0.7919258247163753
10,2023-11,0,1358,29,0.9996367013327935,0.20902237549657776,0.7906143258362157
10,2023-11,0,1358,30,0.9989560320120733,0.21179905072465655,0.7871569812874167
10,2023-11,0,1358,31,0.9992078944619862,0.199439058224285,0.7997688362377012
10,2023-11,0,1358,32,0.998507978052767,0.22329687599355405,0.775211102059213
10,2023-11,0,1358,33,0.9996404084164805,0.21053087075747248,0.789109537659008
10,2023-11,0,1358,34,0.9998349737793903,0.20451941583401845,0.7953155579453719
10,2023-11,0,1358,35,0.9989826835782867,0.1956998044315547,0.8032828791467319
10,2023-11,0,1358,36,0.9998774234802638,0.20902899222857577,0.790848431251688
10,2023-11,0,1358,37,0.9999632258435417,0.20476410953578994,0.7951991163077518
10,2023-11,0,1358,38,0.9993082454052709,0.19680668825660952,0.8025015571486613
10,2023-11,0,1358,39,0.9994430514783683,0.21624422201089044,0.7831988294674779
10,2023-11,0,1358,40,0.9980286994193422,0.21081995272326656,0.7872087466960757
10,2023-11,0,1358,41,0.9994874282044443,0.21363739574131005,0.7858500324631342
10,2023-11,0,1358,42,0.9998120648293148,0.20638894068275612,0.7934231241465587
10,2023-11,0,1358,43,0.9989561443834094,0.21939117751661769,0.7795649668667917
10,2023-11,0,1358,44,0.9983428235347843,0.20007053421122833,0.798272289323556
10,2023-11,0,1358,45,0.999061317796132,0.19642733332538442,0.8026339844707476
10,2023-11,0,1358,46,0.9991825557926982,0.1996754419207544,0.7995071138719438
10,2023-11,0,1358,47,0.999599986624612,0.203260072377816,0.7963399142467961
10,2023-11,0,1358,48,0.9983217589994277,0.21016395641259666,0.788157802586831
10,2023-11,0,1358,49,0.999487512055748,0.20297141300395144,0.7965160990517965
10,2023-11,0,1358,50,0.9996499058664634,0.21635816465964314,0.7832917412068203
10,2023-11,0,1358,51,0.9992790712200835,0.20495004500891684,0.7943290262111666
10,2023-11,0,1358,52,0.999979118854621,0.20896721713928101,0.79101190171534
10,2023-11,0,1358,53,0.9995550719776541,0.21625427860470608,0.7833007933729481
10,2023-11,0,1358,54,0.9996858864663946,0.2032982559457211,0.7963876305206734
10,2023-11,0,1358,55,0.9998342895565303,0.21001465228481697,0.7898196372717133
10,2023-11,0,1358,56,0.9990221019076173,0.210349186837635,0.7886729150699823
10,2023-11,0,1358,57,0.9990330073233618,0.21143308317440604,0.7875999241489557
10,2023-11,0,1358,58,0.9990046050477152,0.21901696749017352,0.7799876375575416
10,2023-11,0,1358,59,0.999655980582907,0.20772740279472243,0.7919285777881845
10,2023-11,0,1358,60,0.9995109416712361,0.19910810853963143,0.8004028331316047
10,2023-11,0,1358,61,0.9980713155108389,0.19996487255931247,0.7981064429515264
10,2023-11,0,1358,62,0.9997059222109812,0.2101087906539758,0.7895971315570054
10,2023-11,0,1358,63,0.9996438683648781,0.20852439101610018,0.7911194773487779
10,2023-11,0,1358,64,0.9992953135471745,0.21737611813338,0.7819191954137945
10,2023-11,0,1358,65,0.9990408865450988,0.21475458547378193,0.7842863010713169
10,2023-11,0,1358,66,0.9998467072256101,0.20538452517204883,0.7944621820535612
10,2023-11,0,1358,67,0.9994995324770269,0.2105835575443711,0.7889159749326559
10,2023-11,0,1358,68,0.999656370043849,0.21369779921805512,0.7859585708257939
10,2023-11,0,1358,69,0.9990741744296298,0.1947889878848634,0.8042851865447663
10,2023-11,0,1358,70,0.9997295743783393,0.2047679265463044,0.7949616478320349
10,2023-11,0,1358,71,0.9987099080269984,0.2067745009949395,0.791935407032059
10,2023-11,0,1358,72,0.9994715440498761,0.21149721568631752,0.7879743283635586
10,2023-11,0,1358,73,0.9998108051255324,0.20527437542269872,0.7945364297028337
10,2023-11,0,1358,74,0.9985750833817356,0.2057020151504623,0.7928730682312733
10,2023-11,0,1358,75,0.9997232304033317,0.20961198553739335,0.7901112448659383
10,2023-11,0,1358,76,0.9996087067355562,0.20620183104163087,0.7934068756939254
10,2023-11,0,1358,77,0.9992816903339437,0.21569470927852946,0.7835869810554141
10,2023-11,0,1358,78,0.9989752958457708,0.2066071708311992,0.7923681250145717
10,2023-11,0,1358,79,0.9987265391234633,0.21378619530169587,0.7849403438217675
10,2023-11,0,1358,80,0.9991881581373692,0.2010437004775671,0.798144457659802
10,2023-11,0,1358,81,0.9998808192682893,0.2100343661778235,0.7898464530904659
10,2023-11,0,1358,82,0.9996236357737145,0.20387850543162225,0.7957451303420923
10,2023-11,0,1358,83,0.9994697448339802,0.1998298323005571,0.7996399125334231
10,2023-11,0,1358,84,0.9993842275182552,0.20933111397374068,0.7900531135445145
10,2023-11,0,1358,85,0.9997244241079307,0.21081283018477404,0.7889115939231567
10,2023-11,0,1358,86,0.9997441074608335,0.20481415633473543,0.7949299511260981
10,2023-11,0,1358,87,0.9995621578175437,0.2074041713500405,0.7921579864675031
10,2023-11,0,1358,88,0.9989238722844517,0.20593979707182467,0.792984075212627
10,2023-11,0,1358,89,0.9987505045453121,0.2177475041021229,0.7810030004431892
10,2023-11,0,1358,90,0.9996460485784252,0.2051955917817559,0.7944504567966693
10,2023-11,0,1358,91,0.9986213518288718,0.1976303711111362,0.8009909807177356
10,2023-11,0,1358,92,0.9995577454588772,0.2050095241348043,0.7945482213240729
10,2023-11,0,1358,93,0.9992176716350799,0.21530501090148774,0.7839126607335922
10,2023-11,0,1358,94,0.9998005994952994,0.20656242905538627,0.7932381704399132
10,2023-11,0,1358,95,0.9992819664719649,0.19769102245569148,0.8015909440162734
10,2023-11,0,1358,96,0.9991671420167172,0.20622986388444026,0.792937278132277
10,2023-11,0,1358,97,0.9995148402102724,0.20428243568202353,0.7952324045282488
10,2023-11,0,1358,98,0.9995866723986432,0.2042951261054156,0.7952915462932276
10,2023-11,0,1358,99,0.9996106113813616,0.21168466303800795,0.7879259483433537
10,2023-11,0,1358,100,0.9998465155231266,0.21081352656874403,0.7890329889543826
10,2023-11,0,1358,101,0.9995683384970139,0.20605314666214578,0.7935151918348681
10,2023-11,0,1358,102,0.9998167684490954,0.20741062482672387,0.7924061436223715
10,2023-11,0,1358,103,0.9997721194901097,0.20206914864280603,0.7977029708473037
10,2023-11,0,1358,104,0.9996240464311489,0.20644584404586092,0.793178202385288
10,2023-11,0,1358,105,0.9995287376644996,0.20804695647691634,0.7914817811875832
10,2023-11,0,1358,106,0.9990109673057096,0.19645731318836598,0.8025536541173436
10,2023-11,0,1358,107,0.9990859934373647,0.2035829935008464,0.7955029999365183
10,2023-11,0,1358,108,0.9998992597916988,0.20915705334088533,0.7907422064508135
10,2023-11,0,1358,109,0.999786645702072,0.2096468620985121,0.7901397836035599
10,2023-11,0,1358,110,0.999888919405476,0.20868767270252495,0.791201246702951
10,2023-11,0,1358,111,0.999355386462614,0.19624884673406373,0.8031065397285503
10,2023-11,0,1358,112,0.9989386159150812,0.20329249190537077,0.7956461240097104
10,2023-11,0,1358,113,0.9994017542092745,0.20869470974379958,0.7907070444654749
10,2023-11,0,1358,114,0.9999155100299029,0.21058916574707773,0.7893263442828251
10,2023-11,0,1358,115,0.9988485168239079,0.21574525150671878,0.7831032653171891
10,2023-11,0,1358,116,0.9968800242002559,0.19793558124733335,0.7989444429529226
10,2023-11,0,1358,117,0.9998473249425209,0.20922707597075685,0.7906202489717641
10,2023-11,0,1358,118,0.9994949590226271,0.21290350372390027,0.7865914552987268
10,2023-11,0,1358,119,0.9997394249356126,0.202903688112095,0.7968357368235176
10,2023-11,0,1358,120,0.9988334138250918,0.21939459918290785,0.779438814642184
10,2023-11,0,1358,121,0.9994049331946354,0.1997576971176691,0.7996472360769663
10,2023-11,0,1358,122,0.9995181329834543,0.21056013442817673,0.7889579985552775
10,2023-11,0,1358,123,0.9992213889489844,0.2028491655799342,0.7963722233690502
10,2023-11,0,1358,124,0.9999132107376153,0.20700714512661736,0.792906065610998
10,2023-11,0,1358,125,0.9988356554664091,0.19561429438260125,0.8032213610838078
10,2023-11,0,1358,126,0.9997405093850955,0.21176928808102286,0.7879712213040726
10,2023-11,0,1358,127,0.9998642294127551,0.20439766746509558,0.7954665619476595
10,2023-11,0,1358,128,0.9990665170245507,0.20202389534333998,0.7970426216812108
10,2023-11,0,1358,129,0.9993957880977465,0.20737797454025436,0.7920178135574922
10,2023-11,0,1358,130,0.999858585303362,0.20494350018562146,0.7949150851177406
10,2023-11,0,1358,131,0.9991677461747522,0.2164726921690035,0.7826950540057487
10,2023-11,0,1358,132,0.9991879622983036,0.2103334367764557,0.788854525521848
10,2023-11,0,1358,133,0.9988674678079723,0.19819441514254582,0.8006730526654264
10,2023-11,0,1358,134,0.9990049617813199,0.21722010945320055,0.7817848523281193
10,2023-11,0,1358,135,0.9993873917195595,0.21180018945395726,0.7875872022656022
10,2023-11,0,1358,136,0.9994544694813605,0.21592473958797478,0.7835297298933858
10,2023-11,0,1358,137,0.9997234837921486,0.20379908704221955,0.795924396749929
10,2023-11,0,1358,138,0.9988030324762742,0.2256744803116771,0.7731285521645971
10,2023-11,0,1358,139,0.999644773081763,0.20909376684926217,0.7905510062325009
10,2023-11,0,1358,140,0.9999239198294845,0.21013526189147178,0.7897886579380127
10,2023-11,0,1358,141,0.9996376964572907,0.2082928750708089,0.7913448213864818
10,2023-11,0,1358,142,0.9982198524625427,0.2000780175054519,0.7981418349570908
10,2023-11,0,1358,143,0.99941951831301,0.21098767008167277,0.7884318482313373
10,2023-11,0,1358,144,0.9987335448868894,0.20579632047047297,0.7929372244164163
10,2023-11,0,1358,145,0.9992768327351829,0.20257941692817885,0.796697415807004
10,2023-11,0,1358,146,0.9997104393409839,0.20279049152814635,0.7969199478128376
10,2023-11,0,1358,147,0.9996434183487761,0.21143559468941273,0.7882078236593634
10,2023-11,0,1358,148,0.9995685333157345,0.2055523282918295,0.794016205023905
10,2023-11,0,1358,149,0.9994416878046979,0.2057308348614883,0.7937108529432095
10,2023-11,0,1358,150,0.9991088072589472,0.2087335592011063,0.790375248057841
10,2023-11,0,1358,151,0.998767639116864,0.2061135965749613,0.7926540425419026
10,2023-11,0,1358,152,0.9985953564871005,0.20718329955074358,0.791412056936357
10,2023-11,0,1358,153,0.9994694420327829,0.20721068879988466,0.7922587532328982
10,2023-11,0,1358,154,0.9995812964524174,0.21524420669670574,0.7843370897557117
10,2023-11,0,1358,155,0.9992763802837138,0.20820256464740686,0.791073815636307
10,2023-11,0,1358,156,0.9991817095152753,0.20552023289530588,0.7936614766199694
10,2023-11,0,1358,157,0.999588837042981,0.2070748090943257,0.7925140279486552
10,2023-11,0,1358,158,0.999569788288427,0.21013438552430802,0.789435402764119
10,2023-11,0,1358,159,0.9992231555024119,0.20186126570240612,0.7973618898000058
10,2023-11,0,1358,160,0.9985513179698924,0.20480402693752361,0.7937472910323687
10,2023-11,0,1358,161,0.9998204663756031,0.20926396394462146,0.7905565024309816
10,2023-11,0,1358,162,0.9989360379524028,0.21239800440685094,0.7865380335455519
10,2023-11,0,1358,163,0.9984638857937386,0.19655538603885025,0.8019084997548883
10,2023-11,0,1358,164,0.9992425784657599,0.20114934048586663,0.7980932379798933
10,2023-11,0,1358,165,0.9989824317425635,0.2057373684539028,0.7932450632886607
10,2023-11,0,1358,166,0.9988763984661889,0.22187382252027796,0.7770025759459109
10,2023-11,0,1358,167,0.9993185317288064,0.21192453766124605,0.7873939940675603
10,2023-11,0,1358,168,0.9987713974863495,0.20875736977277895,0.7900140277135705
10,2023-11,0,1358,169,0.9997437894677226,0.21094958616267248,0.7887942033050501
10,2023-11,0,1358,170,0.9994478773215573,0.21032964659086412,0.7891182307306932
10,2023-11,0,1358,171,0.999633047757319,0.20537794264792464,0.7942551051093943
10,2023-11,0,1358,172,0.9994686630355679,0.20676718812939116,0.7927014749061767
10,2023-11,0,1358,173,0.9990950611471305,0.2055276261978199,0.7935674349493107
10,2023-11,0,1358,174,0.9989322366676435,0.22372715251497138,0.7752050841526721
10,2023-11,0,1358,175,0.9995431656531932,0.20547732405991387,0.7940658415932793
10,2023-11,0,1358,176,0.9991091157809882,0.20265326687961094,0.7964558489013772
10,2023-11,0,1358,177,0.999419160751076,0.21747017497809126,0.7819489857729847
10,2023-11,0,1358,178,0.9992606757773375,0.2012333277532594,0.798027348024078
10,2023-11,0,1358,179,0.999601774538946,0.20835921355137108,0.791242560987575
10,2023-11,0,1358,180,0.9996821117697765,0.20615463848978352,0.793527473279993
10,2023-11,0,1358,181,0.9995568357314097,0.21093430618827508,0.7886225295431346
10,2023-11,0,1358,182,0.9996337068219537,0.20565155526076676,0.793982151561187
10,2023-11,0,1358,183,0.9995149746754914,0.20728410633403915,0.7922308683414523
10,2023-11,0,1358,184,0.9992807394596809,0.20048350927641315,0.7987972301832678
10,2023-11,0,1358,185,0.9996507482705563,0.20994115634991467,0.7897095919206416
10,2023-11,0,1358,186,0.999665548409618,0.2074818422816097,0.7921837061280083
10,2023-11,0,1358,187,0.9997078512367162,0.2063033645867144,0.7934044866500019
10,2023-11,0,1358,188,0.9995822025510647,0.20446894191361456,0.7951132606374501
10,2023-11,0,1358,189,0.999639362310226,0.21008856675838533,0.7895507955518406
10,2023-11,0,1358,190,0.9992081083601699,0.2074016273844938,0.7918064809756762
10,2023-11,0,1358,191,0.9993265297568595,0.2113910602229615,0.787935469533898
10,2023-11,0,1358,192,0.9994685534348552,0.21703301313448245,0.7824355403003728
10,2023-11,0,1358,193,0.9989973331213235,0.2124871119545854,0.7865102211667382
10,2023-11,0,1358,194,0.9990601995271178,0.20097520965423024,0.7980849898728876
10,2023-11,0,1358,195,0.9991234274895356,0.20659496769630964,0.7925284597932261
10,2023-11,0,1358,196,0.9993433734615864,0.2063551381774042,0.7929882352841822
10,2023-11,0,1358,197,0.9997381898190272,0.20580695849477396,0.7939312313242533
10,2023-11,0,1358,198,0.9997261440712052,0.20790105308565637,0.7918250909855489
10,2023-11,0,1358,199,0.9991714506505043,0.20558146393453944,0.7935899867159648
10,2023-11,1,538,0,0.9979299500635651,0.2156741944248596,0.7822557556387055
10,2023-11,1,538,1,0.9989502489545947,0.21177415990230705,0.7871760890522876
10,2023-11,1,538,2,0.9977316344854579,0.2268973736540485,0.7708342608314094
10,2023-11,1,538,3,0.9986207473191824,0.20500340568577785,0.7936173416334045
10,2023-11,1,538,4,0.9965291430882652,0.187298903102129,0.8092302399861362
10,2023-11,1,538,5,0.9971649703477666,0.19085907840467548,0.8063058919430912
10,2023-11,1,538,6,0.9984758774905759,0.22394178665393955,0.7745340908366363
10,2023-11,1,538,7,0.9990127148814718,0.2051512745712318,0.79386144031024
10,2023-11,1,538,8,0.9978164562691555,0.19349051783869498,0.8043259384304605
10,2023-11,1,538,9,0.998905659830971,0.19766263470020332,0.8012430251307677
10,2023-11,1,538,10,0.9996716867853693,0.20852701598301052,0.7911446708023588
10,2023-11,1,538,11,0.9987053619834085,0.20396889650744596,0.7947364654759626
10,2023-11,1,538,12,0.9987202469568762,0.19554929108849242,0.8031709558683838
10,2023-11,1,538,13,0.9972436149738167,0.2072242517761801,0.7900193631976367
10,2023-11,1,538,14,0.9982304877000631,0.2173624349013061,0.7808680527987569
10,2023-11,1,538,15,0.99320631921646,0.21976302038451456,0.7734432988319454
10,2023-11,1,538,16,0.9981617618111817,0.20846329316235673,0.7896984686488249
10,2023-11,1,538,17,0.9979194812261349,0.1856665503707762,0.8122529308553588
10,2023-11,1,538,18,0.9994728359701895,0.20062756270116575,0.7988452732690238
10,2023-11,1,538,19,0.9995879489468473,0.20854575939649875,0.7910421895503486
10,2023-11,1,538,20,0.9987581506712429,0.22088545326988696,0.7778726974013559
10,2023-11,1,538,21,0.998632677442911,0.19865946877611287,0.7999732086667981
10,2023-11,1,538,22,0.9972457919071589,0.21466240548429225,0.7825833864228666
10,2023-11,1,538,23,0.9961570041558278,0.217614693563032,0.7785423105927958
10,2023-11,1,538,24,0.9988559949735559,0.2016503543494037,0.7972056406241522
10,2023-11,1,538,25,0.9967700459889757,0.19486611758853883,0.8019039284004368
10,2023-11,1,538,26,0.9993906987527345,0.21117647839560802,0.7882142203571264
10,2023-11,1,538,27,0.9987830214100514,0.2010133592908405,0.7977696621192109
10,2023-11,1,538,28,0.9955241355951248,0.19318246942279513,0.8023416661723296
10,2023-11,1,538,29,0.9980546028256623,0.18867738874954024,0.8093772140761221
10,2023-11,1,538,30,0.9990465602929364,0.196552463067985,0.8024940972249514
10,2023-11,1,538,31,0.9985312006720621,0.19861640871478187,0.7999147919572802
10,2023-11,1,538,32,0.998859267677749,0.19814996801661086,0.8007092996611381
10,2023-11,1,538,33,0.9975226829504235,0.1952366989840717,0.8022859839663518
10,2023-11,1,538,34,0.9992074587645516,0.2069473052062186,0.792260153558333
10,2023-11,1,538,35,0.9984979965957623,0.2093852990466727,0.7891126975490896
10,2023-11,1,538,36,0.9988614642173197,0.20841137339285937,0.7904500908244603
10,2023-11,1,538,37,0.9989845701227235,0.19889561419252494,0.8000889559301985
10,2023-11,1,538,38,0.9972784021852981,0.20505974770244134,0.7922186544828567
10,2023-11,1,538,39,0.9994142096495956,0.20945981880765904,0.7899543908419365
10,2023-11,1,538,40,0.9958977076254902,0.19316392897378143,0.8027337786517088
10,2023-11,1,538,41,0.9990496045236166,0.20148151118837712,0.7975680933352395
10,2023-11,1,538,42,0.9976215923750826,0.1879360196134712,0.8096855727616115
10,2023-11,1,538,43,0.9993209245039771,0.21056799720352365,0.7887529273004534
10,2023-11,1,538,44,0.9978129794449312,0.2162463025203427,0.7815666769245885
10,2023-11,1,538,45,0.9976072967524147,0.19742323653439472,0.8001840602180199
10,2023-11,1,538,46,0.9987207240171965,0.19441627405513648,0.80430444996206
10,2023-11,1,538,47,0.9955483517131151,0.1887598298851107,0.8067885218280044
10,2023-11,1,538,48,0.9980338006105689,0.19663201596000748,0.8014017846505614
10,2023-11,1,538,49,0.9991759120098902,0.19498833501227086,0.8041875769976193
10,2023-11,1,538,50,0.9989917822369914,0.2064244870313051,0.7925672952056863
10,2023-11,1,538,51,0.9998388438365846,0.20766168125753512,0.7921771625790495
10,2023-11,1,538,52,0.9953029961634215,0.22375643146927304,0.7715465646941485
10,2023-11,1,538,53,0.9973834959207761,0.20689958498226893,0.7904839109385072
10,2023-11,1,538,54,0.9943387227120768,0.18558044491585982,0.808758277796217
10,2023-11,1,538,55,0.9952079351877701,0.2063376304632762,0.7888703047244938
10,2023-11,1,538,56,0.9995851544255743,0.20661308346353824,0.792972070962036
10,2023-11,1,538,57,0.9985111856769507,0.20259064999982007,0.7959205356771306
10,2023-11,1,538,58,0.9969896551090798,0.21513274000453622,0.7818569151045436
10,2023-11,1,538,59,0.999412721149058,0.19955595327002923,0.7998567678790287
10,2023-11,1,538,60,0.9998559179280794,0.21431374518148527,0.7855421727465941
10,2023-11,1,538,61,0.9971254087723429,0.21792174766988484,0.7792036611024581
10,2023-11,1,538,62,0.9982723086250724,0.20468328391017926,0.7935890247148931
10,2023-11,1,538,63,0.9992413192609702,0.2078964693935816,0.7913448498673885
10,2023-11,1,538,64,0.9991662668349314,0.22072452910503884,0.7784417377298926
10,2023-11,1,538,65,0.9990553490930627,0.21338810382555698,0.7856672452675058
10,2023-11,1,538,66,0.9986297875837806,0.20586008087796093,0.7927697067058197
10,2023-11,1,538,67,0.9992046918846994,0.21629237824795242,0.782912313636747
10,2023-11,1,538,68,0.9987462862192638,0.20185756183742248,0.7968887243818412
10,2023-11,1,538,69,0.9976452868050348,0.22674522128231223,0.7709000655227226
10,2023-11,1,538,70,0.9986747708526732,0.20413998072463238,0.7945347901280408
10,2023-11,1,538,71,0.9981854876827798,0.19688342121445876,0.801302066468321
10,2023-11,1,538,72,0.9964490655007616,0.2335250294486554,0.7629240360521062
10,2023-11,1,538,73,0.9993820031361338,0.20800816796714564,0.7913738351689882
10,2023-11,1,538,74,0.996170579198616,0.21302818983374677,0.7831423893648692
10,2023-11,1,538,75,0.9995939922073255,0.20968408083634107,0.7899099113709844
10,2023-11,1,538,76,0.9979386596940321,0.18884356155389637,0.8090950981401357
10,2023-11,1,538,77,0.9988531372019019,0.2023771363318874,0.7964760008700146
10,2023-11,1,538,78,0.9977199691095274,0.20769555629460168,0.7900244128149257
10,2023-11,1,538,79,0.9974396799354731,0.18211649770077282,0.8153231822347002
10,2023-11,1,538,80,0.99861291459864,0.2226102645199431,0.776002650078697
10,2023-11,1,538,81,0.9994680946635398,0.2046006267605204,0.7948674679030194
10,2023-11,1,538,82,0.9993328785334769,0.21533964887553966,0.7839932296579372
10,2023-11,1,538,83,0.9984142775333463,0.22047058570589217,0.7779436918274542
10,2023-11,1,538,84,0.9987714633119152,0.2078794429692459,0.7908920203426694
10,2023-11,1,538,85,0.9921186073268214,0.16880654928537273,0.8233120580414487
10,2023-11,1,538,86,0.9993456193657781,0.19625924199194728,0.8030863773738308
10,2023-11,1,538,87,0.9994974751145056,0.20759303177060026,0.7919044433439053
10,2023-11,1,538,88,0.9996011068136776,0.2059593144220913,0.7936417923915864
10,2023-11,1,538,89,0.9971757547052317,0.2153199153198968,0.7818558393853349
10,2023-11,1,538,90,0.99896578188811,0.1971259625416059,0.8018398193465042
10,2023-11,1,538,91,0.9987137141694729,0.20318531898668785,0.795528395182785
10,2023-11,1,538,92,0.9991513846717728,0.20483819382777865,0.7943131908439941
10,2023-11,1,538,93,0.9989275784946945,0.2092697425158286,0.7896578359788659
10,2023-11,1,538,94,0.9943753070007134,0.1831105124317258,0.8112647945689876
10,2023-11,1,538,95,0.9986240546648251,0.22637608821758215,0.7722479664472429
10,2023-11,1,538,96,0.9986388574423013,0.21726909282009021,0.7813697646222111
10,2023-11,1,538,97,0.9989813653584683,0.19896850997833027,0.800012855380138
10,2023-11,1,538,98,0.9997446632950429,0.21251023164002525,0.7872344316550176
10,2023-11,1,538,99,0.9935568150042792,0.20184548007516884,0.7917113349291103
10,2023-11,1,538,100,0.9965018568244496,0.2143139062646869,0.7821879505597626
10,2023-11,1,538,101,0.9972689440485265,0.20977773808818842,0.7874912059603381
10,2023-11,1,538,102,0.9976967337060922,0.19151563613416459,0.8061810975719277
10,2023-11,1,538,103,0.9985203850959292,0.20145861708248208,0.7970617680134471
10,2023-11,1,538,104,0.9988556341274029,0.21442001556054965,0.7844356185668532
10,2023-11,1,538,105,0.9991264724582365,0.20003344969322787,0.7990930227650086
10,2023-11,1,538,106,0.9983531229251668,0.1941420827895902,0.8042110401355765
10,2023-11,1,538,107,0.999024765184802,0.19492649985365373,0.8040982653311483
10,2023-11,1,538,108,0.999230171151248,0.20842192580893806,0.79080824534231
10,2023-11,1,538,109,0.9982640794626668,0.21278690330427644,0.7854771761583904
10,2023-11,1,538,110,0.99870059575021,0.220257710365441,0.7784428853847689
10,2023-11,1,538,111,0.9978757211284368,0.21125894584384683,0.78661677528459
10,2023-11,1,538,112,0.9983222291270604,0.19241489043622367,0.8059073386908366
10,2023-11,1,538,113,0.9991937480239135,0.20278912490364118,0.7964046231202723
10,2023-11,1,538,114,0.9973205528420562,0.18108279783309694,0.8162377550089592
10,2023-11,1,538,115,0.9978496281744781,0.22354946277339668,0.7743001654010814
10,2023-11,1,538,116,0.9984741992627143,0.22180558897162284,0.7766686102910915
10,2023-11,1,538,117,0.9980435884674116,0.19690603374889215,0.8011375547185194
10,2023-11,1,538,118,0.9988445577767351,0.21558370652154715,0.783260851255188
10,2023-11,1,538,119,0.9994164459363645,0.21942808900997524,0.7799883569263892
10,2023-11,1,538,120,0.998622015130598,0.21671977580319093,0.7819022393274071
10,2023-11,1,538,121,0.9991988498259697,0.20026879867181346,0.7989300511541563
10,2023-11,1,538,122,0.9991071746162401,0.20923623083108,0.7898709437851601
10,2023-11,1,538,123,0.9973859772870278,0.20991426088270038,0.7874717164043274
10,2023-11,1,538,124,0.9984528659608514,0.2030810486240442,0.7953718173368072
10,2023-11,1,538,125,0.9961460678177407,0.23441696099307296,0.7617291068246678
10,2023-11,1,538,126,0.9993960943045586,0.2118578922715128,0.7875382020330457
10,2023-11,1,538,127,0.9978985579493459,0.2240791657845199,0.773819392164826
10,2023-11,1,538,128,0.9989924996793954,0.20170305872255984,0.7972894409568356
10,2023-11,1,538,129,0.9967641053136528,0.1991970237144458,0.797567081599207
10,2023-11,1,538,130,0.9986246987007206,0.19889241673695573,0.7997322819637649
10,2023-11,1,538,131,0.9992051438117415,0.21308998752664696,0.7861151562850945
10,2023-11,1,538,132,0.9997147157210919,0.20245391425057294,0.797260801470519
10,2023-11,1,538,133,0.9993758862221672,0.20410950190884164,0.7952663843133256
10,2023-11,1,538,134,0.9979655148800478,0.20965854010284318,0.7883069747772047
10,2023-11,1,538,135,0.9988264537116275,0.20010849671676678,0.7987179569948607
10,2023-11,1,538,136,0.9986015713198679,0.20586160342560467,0.7927399678942633
10,2023-11,1,538,137,0.9959914971531572,0.20034169909901953,0.7956497980541376
10,2023-11,1,538,138,0.9991167247888391,0.19854792909058902,0.80056879569825
10,2023-11,1,538,139,0.9984777705655205,0.21826254490044758,0.7802152256650728
10,2023-11,1,538,140,0.9959785349850091,0.2315290301237364,0.7644495048612727
10,2023-11,1,538,141,0.9978584848737684,0.21016447398966823,0.7876940108841002
10,2023-11,1,538,142,0.9978745292439111,0.20606842833844016,0.7918061009054709
10,2023-11,1,538,143,0.9987080403934968,0.21643443307354868,0.7822736073199481
10,2023-11,1,538,144,0.9956097846446916,0.22128211735858516,0.7743276672861065
10,2023-11,1,538,145,0.9981873948725822,0.22004273859793974,0.7781446562746425
10,2023-11,1,538,146,0.9959599201863436,0.1877651524281033,0.8081947677582403
10,2023-11,1,538,147,0.9988932537104321,0.20609627686495366,0.7927969768454785
10,2023-11,1,538,148,0.9978452406499437,0.20754845115435822,0.7902967894955855
10,2023-11,1,538,149,0.9976804822366107,0.19277543359318605,0.8049050486434246
10,2023-11,1,538,150,0.9996919997077506,0.2082474844940551,0.7914445152136955
10,2023-11,1,538,151,0.9988935685686446,0.2187145668403363,0.7801790017283083
10,2023-11,1,538,152,0.9955011690150186,0.19620530665014765,0.7992958623648709
10,2023-11,1,538,153,0.9988571456090747,0.1963952244565044,0.8024619211525703
10,2023-11,1,538,154,0.9999067639223796,0.209198762110665,0.7907080018117146
10,2023-11,1,538,155,0.9982047975215803,0.19306394835134535,0.805140849170235
10,2023-11,1,538,156,0.9963803617997307,0.1841889320294239,0.8121914297703068
10,2023-11,1,538,157,0.998878283977093,0.20660474315863614,0.7922735408184569
10,2023-11,1,538,158,0.9992478091283254,0.2131864920561865,0.7860613170721389
10,2023-11,1,538,159,0.998986704076748,0.21408694191145516,0.7848997621652929
10,2023-11,1,538,160,0.995435452165744,0.1923294215311141,0.8031060306346299
10,2023-11,1,538,161,0.9993210074969229,0.20371046062307252,0.7956105468738504
10,2023-11,1,538,162,0.9985838769944466,0.19128455610295944,0.8072993208914871
10,2023-11,1,538,163,0.9932763920967724,0.17177415524596373,0.8215022368508087
10,2023-11,1,538,164,0.9979799964941115,0.22506897335924095,0.7729110231348706
10,2023-11,1,538,165,0.9948940755270974,0.20629863831115972,0.7885954372159377
10,2023-11,1,538,166,0.9977510279248317,0.21333975972627392,0.7844112681985578
10,2023-11,1,538,167,0.9978495752419096,0.21805677375959087,0.7797928014823188
10,2023-11,1,538,168,0.9982071586781098,0.20460743562153433,0.7935997230565754
10,2023-11,1,538,169,0.9975943508330785,0.19057856598395895,0.8070157848491195
10,2023-11,1,538,170,0.9934138226521304,0.18661990149020102,0.8067939211619294
10,2023-11,1,538,171,0.9986831302268385,0.21700044761960127,0.7816826826072373
10,2023-11,1,538,172,0.9979479162577485,0.20706784305710885,0.7908800732006396
10,2023-11,1,538,173,0.9978566628367727,0.2025375612992056,0.795319101537567
10,2023-11,1,538,174,0.9962819845771699,0.1915803065668375,0.8047016780103324
10,2023-11,1,538,175,0.9989052181637545,0.22297239424849394,0.7759328239152606
10,2023-11,1,538,176,0.997512144220816,0.18993915300129083,0.8075729912195252
10,2023-11,1,538,177,0.9972627872366722,0.21777071231885142,0.7794920749178207
10,2023-11,1,538,178,0.9969757083350581,0.2120017305934986,0.7849739777415595
10,2023-11,1,538,179,0.9996478624283165,0.20349987884775558,0.7961479835805609
10,2023-11,1,538,180,0.9982332942624123,0.2092764031874404,0.7889568910749718
10,2023-11,1,538,181,0.9991008596688766,0.19745835780771726,0.8016425018611594
10,2023-11,1,538,182,0.9984431772400602,0.21293566883706985,0.7855075084029903
10,2023-11,1,538,183,0.9977129581936549,0.20092836546617837,0.7967845927274766
10,2023-11,1,538,184,0.9979351987165249,0.21259331958521224,0.7853418791313127
10,2023-11,1,538,185,0.9982621896837396,0.19963281202273836,0.7986293776610012
10,2023-11,1,538,186,0.9982212469631058,0.21191261534541367,0.7863086316176922
10,2023-11,1,538,187,0.9987083664767591,0.22085826773615622,0.7778500987406028
10,2023-11,1,538,188,0.9981871032889053,0.212296159820458,0.7858909434684472
10,2023-11,1,538,189,0.9995984665107605,0.21778484035140128,0.7818136261593591
10,2023-11,1,538,190,0.9982054404862732,0.2112551530943088,0.7869502873919645
10,2023-11,1,538,191,0.9953274296064267,0.17990340287354406,0.8154240267328827
10,2023-11,1,538,192,0.9990292748196679,0.1929777072664738,0.8060515675531941
10,2023-11,1,538,193,0.9970492441191697,0.19581254628110534,0.8012366978380644
10,2023-11,1,538,194,0.9968036862033064,0.1951007322907976,0.8017029539125088
10,2023-11,1,538,195,0.9989647305977255,0.20817069545235692,0.7907940351453686
10,2023-11,1,538,196,0.997556969610438,0.18276098821301742,0.8147959813974206
10,2023-11,1,538,197,0.992976670338666,0.17975676219893316,0.8132199081397329
10,2023-11,1,538,198,0.9984477216788002,0.2196962896277479,0.7787514320510524
10,2023-11,1,538,199,0.997995378570025,0.20281801356111967,0.7951773650089053
11,2023-12,0,1387,0,0.9998433596724975,0.19218219419529173,0.8076611654772058
11,2023-12,0,1387,1,0.999617849233912,0.1985247874259598,0.8010930618079521
11,2023-12,0,1387,2,0.9995730121790439,0.1867829266231916,0.8127900855558523
11,2023-12,0,1387,3,0.9991565689392842,0.19069594215156285,0.8084606267877213
11,2023-12,0,1387,4,0.9994934245539683,0.19951429922400254,0.7999791253299657
11,2023-12,0,1387,5,0.9992658963950437,0.19095761475502446,0.8083082816400192
11,2023-12,0,1387,6,0.9997769199299713,0.19732723519632192,0.8024496847336494
11,2023-12,0,1387,7,0.9996962127748978,0.19991375918691645,0.7997824535879814
11,2023-12,0,1387,8,0.9991848246501012,0.1907776359472557,0.8084071887028454
11,2023-12,0,1387,9,0.9983972704964943,0.1894610712117424,0.8089361992847519
11,2023-12,0,1387,10,0.9996196634733947,0.19644228197346258,0.8031773814999321
11,2023-12,0,1387,11,0.999275423356764,0.19768351756223362,0.8015919057945304
11,2023-12,0,1387,12,0.9996880678409522,0.1962682837930186,0.8034197840479336
11,2023-12,0,1387,13,0.9996588085404419,0.20043798529211854,0.7992208232483233
11,2023-12,0,1387,14,0.998677401693416,0.20737565992154688,0.7913017417718691
11,2023-12,0,1387,15,0.9989904232556663,0.18677976373672914,0.8122106595189372
11,2023-12,0,1387,16,0.9983642331333821,0.1920098667403395,0.8063543663930426
11,2023-12,0,1387,17,0.999666770116991,0.19990546526922728,0.7997613048477638
11,2023-12,0,1387,18,0.9998641341765419,0.19616153325421218,0.8037026009223297
11,2023-12,0,1387,19,0.9995380442703382,0.1897253905571348,0.8098126537132034
11,2023-12,0,1387,20,0.9998773251256067,0.19674003524003242,0.8031372898855742
11,2023-12,0,1387,21,0.999108619525028,0.20058580868979808,0.79852281083523
11,2023-12,0,1387,22,0.9996487678158247,0.19905925819158335,0.8005895096242414
11,2023-12,0,1387,23,0.9999360973784714,0.19455383075432112,0.8053822666241504
11,2023-12,0,1387,24,0.9996485378919568,0.192367057473713,0.8072814804182439
11,2023-12,0,1387,25,0.9988413787172281,0.19198761640411977,0.8068537623131083
11,2023-12,0,1387,26,0.9997383240269541,0.19504190799975038,0.8046964160272037
11,2023-12,0,1387,27,0.9996488750983463,0.1933356013039029,0.8063132737944434
11,2023-12,0,1387,28,0.9992681326222371,0.20047900046935138,0.7987891321528857
11,2023-12,0,1387,29,0.9995881740188829,0.19980907417575997,0.7997790998431229
11,2023-12,0,1387,30,0.999664802998464,0.19362378253426402,0.8060410204642
11,2023-12,0,1387,31,0.9996573055263344,0.19347356156382314,0.8061837439625112
11,2023-12,0,1387,32,0.9993891636009968,0.19550614499911836,0.8038830186018785
11,2023-12,0,1387,33,0.9992260458662601,0.19625890801123844,0.8029671378550216
11,2023-12,0,1387,34,0.9984958101477396,0.18846987232409493,0.8100259378236446
11,2023-12,0,1387,35,0.9995182475349771,0.1931271837349386,0.8063910638000384
11,2023-12,0,1387,36,0.9997702803279822,0.19482964431731126,0.804940636010671
11,2023-12,0,1387,37,0.999677006609767,0.19091786146398385,0.8087591451457832
11,2023-12,0,1387,38,0.9990415965953691,0.19761069739627488,0.8014308991990942
11,2023-12,0,1387,39,0.9995084193954684,0.1892653920205931,0.8102430273748753
11,2023-12,0,1387,40,0.9969274952459231,0.1901163137125646,0.8068111815333585
11,2023-12,0,1387,41,0.9998169168826977,0.1942093927802056,0.805607524102492
11,2023-12,0,1387,42,0.9995426625685239,0.20004434186479103,0.7994983207037328
11,2023-12,0,1387,43,0.9996912031964533,0.20103857869445896,0.7986526245019944
11,2023-12,0,1387,44,0.999167422041455,0.19526447615832845,0.8039029458831266
11,2023-12,0,1387,45,0.998752779108535,0.1946594286009651,0.8040933505075699
11,2023-12,0,1387,46,0.9993949499893336,0.19320913125290384,0.8061858187364298
11,2023-12,0,1387,47,0.9997011670404053,0.1889551293706837,0.8107460376697216
11,2023-12,0,1387,48,0.9991515826113182,0.18888220216591273,0.8102693804454055
11,2023-12,0,1387,49,0.999494453244246,0.19311274837757408,0.8063817048666719
11,2023-12,0,1387,50,0.999554532926443,0.19004976969447998,0.8095047632319631
11,2023-12,0,1387,51,0.9994139660352332,0.19517446770696706,0.8042394983282661
11,2023-12,0,1387,52,0.9996501179348329,0.19572705300888826,0.8039230649259447
11,2023-12,0,1387,53,0.9983828057896537,0.19814589446045017,0.8002369113292035
11,2023-12,0,1387,54,0.9989462752493817,0.1809358975643795,0.8180103776850023
11,2023-12,0,1387,55,0.9996235655327056,0.19574429463100027,0.8038792709017053
11,2023-12,0,1387,56,0.9991703004123361,0.18860701714699843,0.8105632832653377
11,2023-12,0,1387,57,0.999857710922577,0.19737992992233977,0.8024777810002373
11,2023-12,0,1387,58,0.9985939503741201,0.2043469392731825,0.7942470111009376
11,2023-12,0,1387,59,0.9998945702719181,0.1971992054799285,0.8026953647919896
11,2023-12,0,1387,60,0.9995262604916342,0.19425921375550936,0.8052670467361248
11,2023-12,0,1387,61,0.9994748034721438,0.19702075059902716,0.8024540528731167
11,2023-12,0,1387,62,0.9984438569006325,0.21255251233607803,0.7858913445645546
11,2023-12,0,1387,63,0.9995114074723535,0.18876851939100903,0.8107428880813444
11,2023-12,0,1387,64,0.9993286364052761,0.18595236844564367,0.8133762679596325
11,2023-12,0,1387,65,0.9993758832701329,0.19880204632186183,0.8005738369482711
11,2023-12,0,1387,66,0.9998603216024595,0.19236851979494485,0.8074918018075147
11,2023-12,0,1387,67,0.9994902993498301,0.18927208240022902,0.8102182169496011
11,2023-12,0,1387,68,0.9996766787463579,0.19105247887595134,0.8086241998704066
11,2023-12,0,1387,69,0.9990404183075894,0.18907068791092124,0.8099697303966682
11,2023-12,0,1387,70,0.9993590190048025,0.19900797695786712,0.8003510420469354
11,2023-12,0,1387,71,0.999594060880826,0.19576877620265082,0.8038252846781753
11,2023-12,0,1387,72,0.9996055310869186,0.18883852723653105,0.8107670038503876
11,2023-12,0,1387,73,0.99991510507372,0.1940361827044109,0.805878922369309
11,2023-12,0,1387,74,0.9985448176166605,0.1834840027584729,0.8150608148581876
11,2023-12,0,1387,75,0.9995285586574811,0.19529261069463802,0.8042359479628431
11,2023-12,0,1387,76,0.9963911735079524,0.2085068032796266,0.7878843702283258
11,2023-12,0,1387,77,0.9985925395991369,0.19090564401997748,0.8076868955791594
11,2023-12,0,1387,78,0.9996387225836767,0.19786693234986985,0.8017717902338068
11,2023-12,0,1387,79,0.9998525910607989,0.19303900274188232,0.8068135883189166
11,2023-12,0,1387,80,0.9996989991328592,0.20102760223021904,0.7986713969026402
11,2023-12,0,1387,81,0.9989009786518092,0.18776730534418087,0.8111336733076283
11,2023-12,0,1387,82,0.9998727008527962,0.19673503445811075,0.8031376663946854
11,2023-12,0,1387,83,0.9998302781196368,0.1906666949569101,0.8091635831627266
11,2023-12,0,1387,84,0.999784830089989,0.19116050523635572,0.8086243248536332
11,2023-12,0,1387,85,0.9991808803899916,0.19585078415217536,0.8033300962378163
11,2023-12,0,1387,86,0.9996539371538792,0.20281137247853415,0.796842564675345
11,2023-12,0,1387,87,0.9997371678061949,0.19479193988394103,0.8049452279222539
11,2023-12,0,1387,88,0.9994780747053554,0.19239956233615368,0.8070785123692017
11,2023-12,0,1387,89,0.9997573935530905,0.1948919083571086,0.8048654851959819
11,2023-12,0,1387,90,0.9994526219176219,0.2020805460425377,0.7973720758750842
11,2023-12,0,1387,91,0.9992004175611743,0.18909059342385626,0.810109824137318
11,2023-12,0,1387,92,0.9996869248702922,0.19803992600657402,0.8016469988637182
11,2023-12,0,1387,93,0.9992141072018433,0.20092062421334436,0.798293482988499
11,2023-12,0,1387,94,0.9992603722036152,0.19819538129246955,0.8010649909111456
11,2023-12,0,1387,95,0.9988129934473333,0.20720578753282928,0.7916072059145041
11,2023-12,0,1387,96,0.999583046983408,0.20103393983394666,0.7985491071494614
11,2023-12,0,1387,97,0.9996267427958848,0.19933685211442068,0.8002898906814642
11,2023-12,0,1387,98,0.9985469179647212,0.19863056372268473,0.7999163542420364
11,2023-12,0,1387,99,0.99937991288454,0.1877877019761097,0.8115922109084303
11,2023-12,0,1387,100,0.9995723084488902,0.1950430159503047,0.8045292924985855
11,2023-12,0,1387,101,0.9987577819799969,0.19169370481861348,0.8070640771613834
11,2023-12,0,1387,102,0.9995776928288767,0.19292506101312534,0.8066526318157513
11,2023-12,0,1387,103,0.999614993770309,0.19333378793475775,0.8062812058355513
11,2023-12,0,1387,104,0.9995906002343901,0.1861021822048382,0.8134884180295519
11,2023-12,0,1387,105,0.9996333873865786,0.18677085513850322,0.8128625322480754
11,2023-12,0,1387,106,0.9995758710051506,0.19598897986283945,0.8035868911423111
11,2023-12,0,1387,107,0.9992635557104629,0.198369417957627,0.8008941377528359
11,2023-12,0,1387,108,0.9998969769593209,0.19526971490285436,0.8046272620564665
11,2023-12,0,1387,109,0.9993135414348122,0.19718451638920714,0.802129025045605
11,2023-12,0,1387,110,0.9995760452641427,0.19741926263088178,0.802156782633261
11,2023-12,0,1387,111,0.9995171626192086,0.19526352940562355,0.8042536332135851
11,2023-12,0,1387,112,0.9998086888568756,0.19361809819781628,0.8061905906590593
11,2023-12,0,1387,113,0.9998028034280714,0.19334842894810053,0.8064543744799708
11,2023-12,0,1387,114,0.9995076860166864,0.20356407248816633,0.79594361352852
11,2023-12,0,1387,115,0.9989600923953319,0.18102275947684315,0.8179373329184887
11,2023-12,0,1387,116,0.9994151496151005,0.20115294651381807,0.7982622031012824
11,2023-12,0,1387,117,0.9986504853700016,0.18731942557841452,0.811331059791587
11,2023-12,0,1387,118,0.9997172229329462,0.19487092655583974,0.8048462963771065
11,2023-12,0,1387,119,0.9988289758391544,0.17918106586559027,0.8196479099735642
11,2023-12,0,1387,120,0.9994257548197879,0.2042762757941979,0.79514947902559
11,2023-12,0,1387,121,0.9993449120685118,0.19582627471930808,0.8035186373492038
11,2023-12,0,1387,122,0.9994038813003682,0.19954321281676954,0.7998606684835986
11,2023-12,0,1387,123,0.998245802031635,0.1964522163418363,0.8017935856897987
11,2023-12,0,1387,124,0.9993285756258625,0.1869803372421936,0.8123482383836689
11,2023-12,0,1387,125,0.9991723608870069,0.190664152150889,0.808508208736118
11,2023-12,0,1387,126,0.9990770402511167,0.18634127420831542,0.8127357660428012
11,2023-12,0,1387,127,0.9998203235361827,0.1975594150799411,0.8022609084562415
11,2023-12,0,1387,128,0.9989120948358675,0.1877033293783487,0.8112087654575189
11,2023-12,0,1387,129,0.9992727202942765,0.20042489238072866,0.7988478279135478
11,2023-12,0,1387,130,0.9996487502364498,0.20129493803069848,0.7983538122057514
11,2023-12,0,1387,131,0.9996653894768821,0.20472801592035828,0.7949373735565238
11,2023-12,0,1387,132,0.9998235450377216,0.19324265122350626,0.8065808938142154
11,2023-12,0,1387,133,0.9994558199562597,0.19897817744054908,0.8004776425157105
11,2023-12,0,1387,134,0.9993884288774914,0.1886489529933532,0.8107394758841382
11,2023-12,0,1387,135,0.9996466515034043,0.1964552220102364,0.8031914294931679
11,2023-12,0,1387,136,0.9990964003465451,0.19626946756935484,0.8028269327771903
11,2023-12,0,1387,137,0.9991192577366419,0.19649357951186,0.8026256782247819
11,2023-12,0,1387,138,0.9996333880487108,0.19374409797969325,0.8058892900690175
11,2023-12,0,1387,139,0.9983584757846392,0.1829631538541828,0.8153953219304564
11,2023-12,0,1387,140,0.9995163170766714,0.19336393758462728,0.8061523794920442
11,2023-12,0,1387,141,0.999185080301934,0.198380954105704,0.80080412619623
11,2023-12,0,1387,142,0.9990202246393969,0.19032915910651668,0.8086910655328802
11,2023-12,0,1387,143,0.9994023334951614,0.1929825336564068,0.8064197998387546
11,2023-12,0,1387,144,0.999812255766347,0.19992944921102745,0.7998828065553196
11,2023-12,0,1387,145,0.9996558192249718,0.19201201867016132,0.8076438005548106
11,2023-12,0,1387,146,0.999241244204289,0.19403967803196456,0.8052015661723244
11,2023-12,0,1387,147,0.9998119550751088,0.19315317570274115,0.8066587793723676
11,2023-12,0,1387,148,0.9993854592231409,0.1827681544311838,0.8166173047919572
11,2023-12,0,1387,149,0.9996367452597414,0.2015070715946714,0.79812967366507
11,2023-12,0,1387,150,0.9989597764490215,0.207739031346875,0.7912207451021465
11,2023-12,0,1387,151,0.9996173481376673,0.18887578006739836,0.810741568070269
11,2023-12,0,1387,152,0.9989487325852937,0.19024907533136012,0.8086996572539336
11,2023-12,0,1387,153,0.9993334402093187,0.1908644587051313,0.8084689815041874
11,2023-12,0,1387,154,0.999786077799767,0.19327722816876633,0.8065088496310007
11,2023-12,0,1387,155,0.9995514927899134,0.19546109807934267,0.8040903947105708
11,2023-12,0,1387,156,0.9996884452953074,0.19281797772311926,0.8068704675721882
11,2023-12,0,1387,157,0.9991842935943781,0.18333919349521968,0.8158451000991584
11,2023-12,0,1387,158,0.9991272802943558,0.1970355222380614,0.8020917580562944
11,2023-12,0,1387,159,0.9992761651773275,0.20481747476068532,0.7944586904166422
11,2023-12,0,1387,160,0.9996509966238252,0.189950687236865,0.8097003093869601
11,2023-12,0,1387,161,0.9997058539169131,0.19698999400476103,0.8027158599121521
11,2023-12,0,1387,162,0.9997042884573405,0.19390388299584793,0.8058004054614926
11,2023-12,0,1387,163,0.9997066707639445,0.19105486270769537,0.8086518080562491
11,2023-12,0,1387,164,0.9991641123523712,0.20285148143807719,0.796312630914294
11,2023-12,0,1387,165,0.9987455892704763,0.19186720396981716,0.8068783853006591
11,2023-12,0,1387,166,0.9989582697564372,0.19380322845230766,0.8051550413041295
11,2023-12,0,1387,167,0.9985378690856263,0.19608365971637348,0.8024542093692528
11,2023-12,0,1387,168,0.9997896491659355,0.19725213954911985,0.8025375096168157
11,2023-12,0,1387,169,0.999721870316433,0.19369775941484876,0.8060241109015842
11,2023-12,0,1387,170,0.9992893450821622,0.19732195300149635,0.8019673920806658
11,2023-12,0,1387,171,0.9986603025046608,0.20319328523008753,0.7954670172745733
11,2023-12,0,1387,172,0.9990351857607381,0.19133281131224503,0.8077023744484931
11,2023-12,0,1387,173,0.9984120613097451,0.18946561955704927,0.8089464417526959
11,2023-12,0,1387,174,0.9994513382697633,0.18676515903442875,0.8126861792353346
11,2023-12,0,1387,175,0.9993824047831529,0.1994520870219093,0.7999303177612436
11,2023-12,0,1387,176,0.9994334879450961,0.20303408898397318,0.7963993989611229
11,2023-12,0,1387,177,0.9994735851452957,0.19712883312385301,0.8023447520214427
11,2023-12,0,1387,178,0.9992463411861325,0.1978656973742749,0.8013806438118576
11,2023-12,0,1387,179,0.9996233279114111,0.20320609156449074,0.7964172363469203
11,2023-12,0,1387,180,0.9985866598495324,0.19075673631726742,0.807829923532265
11,2023-12,0,1387,181,0.9992122453307373,0.19476220170708033,0.8044500436236569
11,2023-12,0,1387,182,0.9997730166022333,0.1914153030129452,0.8083577135892881
11,2023-12,0,1387,183,0.9988556852253951,0.19431488078772144,0.8045408044376737
11,2023-12,0,1387,184,0.9996340869268089,0.18699313611039495,0.812640950816414
11,2023-12,0,1387,185,0.9994171814231965,0.18837736381171913,0.8110398176114774
11,2023-12,0,1387,186,0.9985295491119345,0.18924309171996442,0.80928645739197
11,2023-12,0,1387,187,0.9986714846515847,0.1962507231691144,0.8024207614824703
11,2023-12,0,1387,188,0.9991206103666318,0.1901043505501335,0.8090162598164983
11,2023-12,0,1387,189,0.9985638753886832,0.20293627905125416,0.7956275963374291
11,2023-12,0,1387,190,0.9995565755491909,0.1999701664266243,0.7995864091225666
11,2023-12,0,1387,191,0.9997447147663329,0.1938616029067981,0.8058831118595348
11,2023-12,0,1387,192,0.9992436718825919,0.19549989719334668,0.8037437746892452
11,2023-12,0,1387,193,0.9991506037199607,0.20238084382734794,0.7967697598926127
11,2023-12,0,1387,194,0.9995959246759072,0.19794812553109536,0.8016477991448119
11,2023-12,0,1387,195,0.9996144084729497,0.18784765492289146,0.8117667535500582
11,2023-12,0,1387,196,0.999382277896292,0.19247046554190772,0.8069118123543843
11,2023-12,0,1387,197,0.999822056593922,0.19974053838660305,0.8000815182073189
11,2023-12,0,1387,198,0.999486859410267,0.20216031277206845,0.7973265466381986
11,2023-12,0,1387,199,0.9995039458821698,0.1900124652662206,0.8094914806159492
11,2023-12,1,509,0,0.9994593768152717,0.19310395649098655,0.8063554203242852
11,2023-12,1,509,1,0.9990877438773279,0.20161260761326572,0.7974751362640622
11,2023-12,1,509,2,0.9988196992185122,0.1983166987574134,0.8005030004610988
11,2023-12,1,509,3,0.997566107757095,0.19303748681744767,0.8045286209396473
11,2023-12,1,509,4,0.992379042693919,0.2275168296281413,0.7648622130657776
11,2023-12,1,509,5,0.9980905626710381,0.17426616810712456,0.8238243945639135
11,2023-12,1,509,6,0.999419030553216,0.20233125704481925,0.7970877735083968
11,2023-12,1,509,7,0.9989426976002562,0.19370460406436252,0.8052380935358937
11,2023-12,1,509,8,0.9991541303703287,0.18575889792639205,0.8133952324439366
11,2023-12,1,509,9,0.9940660938717132,0.1915706983266903,0.8024953955450229
11,2023-12,1,509,10,0.998341294827494,0.17702550276981333,0.8213157920576807
11,2023-12,1,509,11,0.9992960409729897,0.20414872093754127,0.7951473200354484
11,2023-12,1,509,12,0.9986616560392975,0.1997774074595704,0.7988842485797271
11,2023-12,1,509,13,0.9986830000662309,0.19983723516380475,0.7988457649024261
11,2023-12,1,509,14,0.9992114324859099,0.1933458804123914,0.8058655520735185
11,2023-12,1,509,15,0.9984054375820403,0.18985389642474362,0.8085515411572967
11,2023-12,1,509,16,0.9995989861680018,0.19500175170472922,0.8045972344632726
11,2023-12,1,509,17,0.9984592536327902,0.2169243201570948,0.7815349334756954
11,2023-12,1,509,18,0.9965564929934784,0.19701177148140803,0.7995447215120703
11,2023-12,1,509,19,0.99709464717763,0.18158844073478608,0.8155062064428439
11,2023-12,1,509,20,0.9978130346556684,0.17162943751217805,0.8261835971434903
11,2023-12,1,509,21,0.9959533141072426,0.19926280827744322,0.7966905058297994
11,2023-12,1,509,22,0.9970682355174872,0.17638487236117406,0.8206833631563132
11,2023-12,1,509,23,0.9975149286442149,0.17934270141374503,0.8181722272304699
11,2023-12,1,509,24,0.9967840363193553,0.20311107623916122,0.7936729600801941
11,2023-12,1,509,25,0.9966600241063902,0.2097514986521298,0.7869085254542604
11,2023-12,1,509,26,0.9986849000827607,0.20039305253102593,0.7982918475517348
11,2023-12,1,509,27,0.9980473596294864,0.20424113647667522,0.7938062231528112
11,2023-12,1,509,28,0.9979557402103546,0.19149710969204148,0.8064586305183131
11,2023-12,1,509,29,0.9992429914281622,0.1947519206212908,0.8044910708068714
11,2023-12,1,509,30,0.9983185428627455,0.19998526040609718,0.7983332824566483
11,2023-12,1,509,31,0.9998958479623922,0.19492110604805832,0.8049747419143338
11,2023-12,1,509,32,0.995168499914315,0.16618175745442548,0.8289867424598896
11,2023-12,1,509,33,0.9970036091017762,0.17996034726490137,0.8170432618368748
11,2023-12,1,509,34,0.9995147719845447,0.2042633137082784,0.7952514582762663
11,2023-12,1,509,35,0.9998427911817982,0.19374750122301818,0.80609528995878
11,2023-12,1,509,36,0.9981937553341581,0.193251239688081,0.8049425156460771
11,2023-12,1,509,37,0.9947176404608269,0.1911476224076243,0.8035700180532026
11,2023-12,1,509,38,0.9997461342330509,0.19268594609545972,0.8070601881375912
11,2023-12,1,509,39,0.996618268938118,0.21123232909344922,0.7853859398446688
11,2023-12,1,509,40,0.9991769858882273,0.1839640849294304,0.815212900958797
11,2023-12,1,509,41,0.9979968307895182,0.18931775834133557,0.8086790724481826
11,2023-12,1,509,42,0.9954426586232418,0.2120765476586572,0.7833661109645846
11,2023-12,1,509,43,0.9992090063697021,0.19177765504596592,0.8074313513237362
11,2023-12,1,509,44,0.9989582708740428,0.20693755577745138,0.7920207150965914
11,2023-12,1,509,45,0.9966097754866701,0.1919629213019863,0.8046468541846837
11,2023-12,1,509,46,0.9994369587123126,0.2030062063386315,0.7964307523736811
11,2023-12,1,509,47,0.9976767231585026,0.19398044074331816,0.8036962824151845
11,2023-12,1,509,48,0.9981072767395691,0.21089630585605967,0.7872109708835094
11,2023-12,1,509,49,0.9990944043488635,0.19679272342037,0.8023016809284935
11,2023-12,1,509,50,0.9982822450907689,0.19979379518218046,0.7984884499085885
11,2023-12,1,509,51,0.9967942880768109,0.19901637711610887,0.797777910960702
11,2023-12,1,509,52,0.998865436487629,0.19400581741405928,0.8048596190735697
11,2023-12,1,509,53,0.9958725242370596,0.17778215267935543,0.8180903715577041
11,2023-12,1,509,54,0.995875415984331,0.20411610621267165,0.7917593097716594
11,2023-12,1,509,55,0.9981086594703292,0.18205661996096884,0.8160520395093604
11,2023-12,1,509,56,0.9951419852514444,0.17255499378817207,0.8225869914632723
11,2023-12,1,509,57,0.9983629795567942,0.1748451461844409,0.8235178333723533
11,2023-12,1,509,58,0.9974501002828128,0.1880229892157892,0.8094271110670236
11,2023-12,1,509,59,0.9983294262881388,0.2114630968835644,0.7868663294045743
11,2023-12,1,509,60,0.9987004772117539,0.18158444588980047,0.8171160313219534
11,2023-12,1,509,61,0.9991847344560549,0.19717928072172522,0.8020054537343297
11,2023-12,1,509,62,0.999776912972772,0.19404767412187823,0.8057292388508939
11,2023-12,1,509,63,0.9980834379126572,0.20016543333273992,0.7979180045799172
11,2023-12,1,509,64,0.9973864479089755,0.19791455498123417,0.7994718929277413
11,2023-12,1,509,65,0.9985689381141161,0.19192954597984951,0.8066393921342665
11,2023-12,1,509,66,0.9976259504364999,0.18242758340568987,0.8151983670308101
11,2023-12,1,509,67,0.9951386816147617,0.16961456874288,0.8255241128718818
11,2023-12,1,509,68,0.997596962767357,0.21625944512651502,0.7813375176408419
11,2023-12,1,509,69,0.9983024158894339,0.18930369084405962,0.8089987250453743
11,2023-12,1,509,70,0.9988555079033636,0.20657180802301706,0.7922836998803466
11,2023-12,1,509,71,0.9996701946440782,0.19604474172692177,0.8036254529171565
11,2023-12,1,509,72,0.9981987838542602,0.2107551836845222,0.787443600169738
11,2023-12,1,509,73,0.9991286779731632,0.1909439799762729,0.8081846979968903
11,2023-12,1,509,74,0.9986916697936673,0.20779502024102978,0.7908966495526375
11,2023-12,1,509,75,0.9985400854781766,0.2004704583430072,0.7980696271351695
11,2023-12,1,509,76,0.998809183353319,0.20507303895755125,0.7937361443957678
11,2023-12,1,509,77,0.9955584628523789,0.21736803240815644,0.7781904304442224
11,2023-12,1,509,78,0.9988345991309472,0.18356201365758387,0.8152725854733633
11,2023-12,1,509,79,0.9972606649222179,0.1768296490160895,0.8204310159061283
11,2023-12,1,509,80,0.9978276172631136,0.21444411565465987,0.7833835016084538
11,2023-12,1,509,81,0.9970995358130138,0.1814530288165215,0.8156465069964923
11,2023-12,1,509,82,0.9992867093306624,0.2006700275679643,0.7986166817626982
11,2023-12,1,509,83,0.998404447317177,0.18490409744531686,0.8135003498718602
11,2023-12,1,509,84,0.9991445140198366,0.1967311642710079,0.8024133497488287
11,2023-12,1,509,85,0.9993617032025639,0.19052456891879546,0.8088371342837685
11,2023-12,1,509,86,0.9976480600744354,0.1886845728971456,0.8089634871772898
11,2023-12,1,509,87,0.9976053166204156,0.2141703154542231,0.7834350011661926
11,2023-12,1,509,88,0.9996250914884446,0.19772464745536458,0.80190044403308
11,2023-12,1,509,89,0.9992175764849044,0.18749293617176035,0.8117246403131441
11,2023-12,1,509,90,0.9976485705203316,0.19830430301863972,0.799344267501692
11,2023-12,1,509,91,0.9995322811033099,0.20207644017526988,0.7974558409280401
11,2023-12,1,509,92,0.9967590764703931,0.2029426717635753,0.7938164047068178
11,2023-12,1,509,93,0.9997794623964887,0.19331733648561308,0.8064621259108756
11,2023-12,1,509,94,0.9984434969472938,0.19135442268194142,0.8070890742653525
11,2023-12,1,509,95,0.9995623693724357,0.1981587745098813,0.8014035948625544
11,2023-12,1,509,96,0.9975745209744462,0.21162096079309323,0.785953560181353
11,2023-12,1,509,97,0.9930958431371725,0.17738156917994935,0.8157142739572232
11,2023-12,1,509,98,0.9980884322614344,0.19058643208424758,0.8075020001771869
11,2023-12,1,509,99,0.9977792237629787,0.19919378503367421,0.7985854387293044
11,2023-12,1,509,100,0.9995343694360501,0.203849806842408,0.7956845625936422
11,2023-12,1,509,101,0.9985538359137888,0.18682098023373317,0.8117328556800556
11,2023-12,1,509,102,0.9986919535894163,0.21424495309735594,0.7844470004920604
11,2023-12,1,509,103,0.9985938573600881,0.20551958906247664,0.7930742682976115
11,2023-12,1,509,104,0.999582034998941,0.19806024117802284,0.8015217938209183
11,2023-12,1,509,105,0.9963935039597088,0.22296317736451382,0.773430326595195
11,2023-12,1,509,106,0.996905249683359,0.1924596466733414,0.8044456030100177
11,2023-12,1,509,107,0.9963064306108329,0.1908323858390876,0.8054740447717453
11,2023-12,1,509,108,0.9967105654085103,0.19545813192766748,0.8012524334808429
11,2023-12,1,509,109,0.994400398631701,0.1819416522357629,0.8124587463959382
11,2023-12,1,509,110,0.9988129392638851,0.19729962317406616,0.801513316089819
11,2023-12,1,509,111,0.9987554711936389,0.20727662909532832,0.7914788420983107
11,2023-12,1,509,112,0.9981838076609774,0.18535672259506583,0.8128270850659115
11,2023-12,1,509,113,0.9987342305617289,0.1837881877844824,0.8149460427772466
11,2023-12,1,509,114,0.9980634553304144,0.2048385842774718,0.7932248710529426
11,2023-12,1,509,115,0.9995302993098613,0.1918978280626899,0.8076324712471714
11,2023-12,1,509,116,0.9994987925054869,0.19755416475038065,0.8019446277551062
11,2023-12,1,509,117,0.9986636075254446,0.20123714157330586,0.7974264659521387
11,2023-12,1,509,118,0.9985890829383037,0.18708899290096195,0.8115000900373418
11,2023-12,1,509,119,0.9987028545858018,0.1905029018873096,0.8081999526984922
11,2023-12,1,509,120,0.9989838520970752,0.19524536961929462,0.8037384824777806
11,2023-12,1,509,121,0.9981081080678025,0.18168160681589057,0.8164265012519119
11,2023-12,1,509,122,0.9920708570191528,0.2389738591338864,0.7530969978852664
11,2023-12,1,509,123,0.9976094718513041,0.2054312742089827,0.7921781976423214
11,2023-12,1,509,124,0.9995368901353109,0.1895808169994737,0.8099560731358372
11,2023-12,1,509,125,0.9989352270400846,0.1919394198587148,0.8069958071813699
11,2023-12,1,509,126,0.9989103762815618,0.207076679171173,0.7918336971103888
11,2023-12,1,509,127,0.9994128637372198,0.20199510926637074,0.7974177544708491
11,2023-12,1,509,128,0.9973227919078247,0.2004219535836059,0.7969008383242188
11,2023-12,1,509,129,0.9969366459126221,0.2095844789091586,0.7873521670034636
11,2023-12,1,509,130,0.9968949221895682,0.21485590275657052,0.7820390194329977
11,2023-12,1,509,131,0.9985231549158173,0.20486932493420643,0.7936538299816109
11,2023-12,1,509,132,0.9993106620803232,0.186024538764912,0.8132861233154112
11,2023-12,1,509,133,0.9933948962911056,0.19012016103233728,0.8032747352587682
11,2023-12,1,509,134,0.9994876181088812,0.1895319663830773,0.809955651725804
11,2023-12,1,509,135,0.9956058963719823,0.20250509582136644,0.7931008005506158
11,2023-12,1,509,136,0.9987454132688144,0.190176159190298,0.8085692540785163
11,2023-12,1,509,137,0.996606238811927,0.20623849093758934,0.7903677478743376
11,2023-12,1,509,138,0.9974813054910479,0.21446400127902074,0.7830173042120271
11,2023-12,1,509,139,0.9973035089694652,0.18750382563904314,0.8097996833304221
11,2023-12,1,509,140,0.9997006205080345,0.18720798375080566,0.8124926367572289
11,2023-12,1,509,141,0.9982735291243567,0.20323891321526746,0.7950346159090893
11,2023-12,1,509,142,0.9992456953021253,0.19070207021413518,0.80854362508799
11,2023-12,1,509,143,0.9977452748946432,0.17311571576804208,0.8246295591266011
11,2023-12,1,509,144,0.9984420698763711,0.18676305908752064,0.8116790107888504
11,2023-12,1,509,145,0.9994432941947288,0.19188732800148153,0.8075559661932472
11,2023-12,1,509,146,0.9974728224236554,0.21036751939712323,0.7871053030265323
11,2023-12,1,509,147,0.9981132309477742,0.20554533620877025,0.7925678947390039
11,2023-12,1,509,148,0.9976203703277658,0.1984422589704498,0.7991781113573161
11,2023-12,1,509,149,0.9973225372391045,0.1882729270549616,0.8090496101841429
11,2023-12,1,509,150,0.9988908719888282,0.18494172965937175,0.8139491423294565
11,2023-12,1,509,151,0.9974006935948826,0.21558747446697143,0.7818132191279111
11,2023-12,1,509,152,0.9982256905010696,0.20208663322172649,0.7961390572793431
11,2023-12,1,509,153,0.9968249085992298,0.184378318553389,0.8124465900458409
11,2023-12,1,509,154,0.9969282768832772,0.1989718890186246,0.7979563878646526
11,2023-12,1,509,155,0.9987560290388844,0.1844017133741571,0.8143543156647273
11,2023-12,1,509,156,0.9983759062258023,0.18759052385346806,0.8107853823723342
11,2023-12,1,509,157,0.9958460120678007,0.21334974631233003,0.7824962657554706
11,2023-12,1,509,158,0.9994042625393399,0.20295731518956273,0.7964469473497772
11,2023-12,1,509,159,0.9992676751274918,0.18673293846113123,0.8125347366663606
11,2023-12,1,509,160,0.998149261193356,0.18117343668018784,0.8169758245131682
11,2023-12,1,509,161,0.9996524898445516,0.19163148268714647,0.8080210071574051
11,2023-12,1,509,162,0.9986103137751282,0.18380690547822326,0.8148034082969049
11,2023-12,1,509,163,0.999236091112302,0.1851969557545454,0.8140391353577566
11,2023-12,1,509,164,0.999065495039485,0.1926750762967035,0.8063904187427815
11,2023-12,1,509,165,0.998007752125602,0.20524736323547896,0.792760388890123
11,2023-12,1,509,166,0.9990150492082426,0.19811963826602544,0.8008954109422172
11,2023-12,1,509,167,0.9993877414087343,0.2067937126759647,0.7925940287327696
11,2023-12,1,509,168,0.9986109402623414,0.19071230570031047,0.8078986345620309
11,2023-12,1,509,169,0.9989766868519099,0.1815264882431177,0.8174501986087922
11,2023-12,1,509,170,0.9972638810882811,0.17234475712275432,0.8249191239655268
11,2023-12,1,509,171,0.9988532947182454,0.17702923569779494,0.8218240590204504
11,2023-12,1,509,172,0.9965362357322864,0.204625049821177,0.7919111859111094
11,2023-12,1,509,173,0.9977847514059944,0.20809650856359094,0.7896882428424035
11,2023-12,1,509,174,0.9966606556775418,0.18109181994719636,0.8155688357303454
11,2023-12,1,509,175,0.9987790647809377,0.18694855112800993,0.8118305136529278
11,2023-12,1,509,176,0.9980208358228175,0.1948321461137523,0.8031886897090652
11,2023-12,1,509,177,0.9963800774879389,0.16578080341588342,0.8305992740720555
11,2023-12,1,509,178,0.9956002069212523,0.16867567367452252,0.8269245332467298
11,2023-12,1,509,179,0.9981047282638901,0.17786790799033117,0.8202368202735589
11,2023-12,1,509,180,0.9996863413041382,0.19255173238374562,0.8071346089203926
11,2023-12,1,509,181,0.9996853045501781,0.19816922160779052,0.8015160829423876
11,2023-12,1,509,182,0.9994901244944956,0.19522923184219346,0.8042608926523022
11,2023-12,1,509,183,0.9975982025172404,0.20037685816093984,0.7972213443563005
11,2023-12,1,509,184,0.9986414887960555,0.19933697204733553,0.79930451674872
11,2023-12,1,509,185,0.9973347913065532,0.17827619004974296,0.8190586012568103
11,2023-12,1,509,186,0.9993820449796137,0.1946552089653392,0.8047268360142745
11,2023-12,1,509,187,0.9990513401980272,0.18813796390570683,0.8109133762923204
11,2023-12,1,509,188,0.9987455535260764,0.18225682429209603,0.8164887292339804
11,2023-12,1,509,189,0.9981673168146633,0.17637691527280627,0.821790401541857
11,2023-12,1,509,190,0.998101186684764,0.17748609587544306,0.8206150908093209
11,2023-12,1,509,191,0.9984204872694522,0.21043644262126296,0.7879840446481893
11,2023-12,1,509,192,0.9949310586194536,0.1783211382567805,0.8166099203626731
11,2023-12,1,509,193,0.9971129818894343,0.18135562176474257,0.8157573601246917
11,2023-12,1,509,194,0.9969072949971316,0.18402029225726768,0.8128870027398639
11,2023-12,1,509,195,0.9988132093873257,0.19601127190132706,0.8028019374859986
11,2023-12,1,509,196,0.9985842120549938,0.20310962331324917,0.7954745887417447
11,2023-12,1,509,197,0.9995568182722431,0.1982253582589272,0.8013314600133159
11,2023-12,1,509,198,0.9919122656194274,0.17891171692052119,0.8130005486989061
11,2023-12,1,509,199,0.9975724767764417,0.20749762884065479,0.7900748479357869
