territory_id,base2023_k2_s20261006,base2023_k2_s20261007,base2023_k2_s20261008,base2023_k2_s20261009,base2023_k2_s20261010,base2023_k2_s20261011,base_plus_radar_k2_s20261006,base_plus_radar_k2_s20261007,base_plus_radar_k2_s20261008,base_plus_radar_k2_s20261009,base_plus_radar_k2_s20261010,base_plus_radar_k2_s20261011,base_plus_raw_yoy_k2_s20261006,base_plus_raw_yoy_k2_s20261007,base_plus_raw_yoy_k2_s20261008,base_plus_raw_yoy_k2_s20261009,base_plus_raw_yoy_k2_s20261010,base_plus_raw_yoy_k2_s20261011,base2023_k5_s20261006,base2023_k5_s20261007,base2023_k5_s20261008,base2023_k5_s20261009,base2023_k5_s20261010,base2023_k5_s20261011,base_plus_radar_k5_s20261006,base_plus_radar_k5_s20261007,base_plus_radar_k5_s20261008,base_plus_radar_k5_s20261009,base_plus_radar_k5_s20261010,base_plus_radar_k5_s20261011,base_plus_raw_yoy_k5_s20261006,base_plus_raw_yoy_k5_s20261007,base_plus_raw_yoy_k5_s20261008,base_plus_raw_yoy_k5_s20261009,base_plus_raw_yoy_k5_s20261010,base_plus_raw_yoy_k5_s20261011
1,0,1,1,0,1,0,1,1,0,1,1,1,1,1,0,1,0,0,3,2,2,1,1,1,4,0,0,2,1,0,0,1,1,0,2,3
2,0,1,1,0,1,0,0,0,1,0,0,0,1,1,0,1,0,0,3,2,2,1,1,1,1,3,2,3,0,3,0,1,1,0,2,3
3,1,0,0,1,0,1,0,0,1,0,0,0,0,0,1,0,1,1,2,4,3,0,0,0,1,3,2,3,0,3,2,3,3,4,4,2
4,0,1,1,0,1,0,1,1,0,1,1,1,1,1,0,1,0,0,0,3,4,4,4,3,4,0,0,2,1,0,1,2,0,3,1,0
5,1,0,0,1,0,1,0,0,1,0,0,0,0,0,1,0,1,1,4,0,0,2,3,4,1,3,2,3,0,3,2,0,3,2,3,4
6,0,1,1,0,1,0,1,1,0,1,1,1,1,1,0,1,0,0,0,3,4,4,4,3,0,1,3,4,3,1,1,2,0,3,1,0
7,0,1,1,0,1,0,1,1,0,1,1,1,1,1,0,1,0,0,3,2,2,1,1,1,4,0,0,2,1,0,0,1,1,0,2,3
8,0,1,1,0,1,0,1,1,0,1,1,1,1,1,0,1,0,0,0,3,4,4,4,3,4,0,0,2,1,0,1,2,0,3,1,0
9,0,1,1,0,1,0,0,0,1,0,0,0,0,0,1,0,1,1,0,3,4,4,4,3,2,2,4,1,2,4,3,4,2,1,0,1
10,0,1,1,0,1,0,1,1,0,1,1,1,1,1,0,1,0,0,0,3,4,4,4,3,4,0,0,2,1,0,0,2,1,3,1,3
11,0,1,1,0,1,0,1,1,0,1,1,1,1,1,0,1,0,0,0,3,4,4,4,3,2,0,4,1,2,4,0,2,1,3,1,3
12,0,1,1,0,1,0,1,1,0,1,1,1,1,1,0,1,0,0,0,3,4,4,4,3,4,0,0,2,1,0,1,2,0,3,1,0
13,0,1,1,0,1,0,0,0,1,0,0,0,1,1,0,1,0,0,0,3,4,4,4,3,2,2,4,1,2,4,1,2,0,3,1,0
14,1,0,0,1,0,1,0,0,1,0,0,0,0,0,1,0,1,1,2,4,3,0,0,0,3,4,1,0,4,2,1,2,0,3,1,0
15,0,1,1,0,1,0,0,0,1,0,0,0,1,1,0,1,0,0,0,3,4,4,4,3,2,2,4,1,2,4,1,2,0,3,1,0
16,0,1,1,0,1,0,1,1,0,1,1,1,1,1,0,1,0,0,0,3,4,4,4,3,2,2,4,1,2,4,1,2,0,3,1,0
17,0,1,1,0,1,0,0,0,1,0,0,0,1,1,0,1,0,0,0,3,4,4,4,3,2,2,4,1,2,4,1,2,0,3,1,0
18,1,0,0,1,0,1,0,0,1,0,0,0,0,0,1,0,1,1,0,3,4,4,4,3,2,2,4,1,2,4,1,2,0,3,1,0
19,1,0,0,1,0,1,0,0,1,0,0,0,0,0,1,0,1,1,2,4,3,0,0,0,3,4,1,0,4,2,4,0,4,2,3,2
20,1,0,0,1,0,1,0,0,1,0,0,0,0,0,1,0,1,1,0,3,4,4,4,3,2,2,4,1,2,4,1,2,0,3,1,0
21,0,1,1,0,1,0,1,1,0,1,1,1,1,1,0,1,0,0,3,2,2,1,1,1,4,0,0,2,1,0,0,1,1,0,2,3
22,1,0,0,1,0,1,0,0,1,0,0,0,0,0,1,0,1,1,1,1,1,3,2,2,3,4,1,0,4,2,4,4,2,1,0,1
23,0,1,1,0,1,0,1,1,0,1,1,1,1,1,0,1,0,0,0,3,4,4,4,3,4,0,0,2,1,0,1,2,0,3,1,0
25,0,1,1,0,1,0,1,1,0,1,1,1,1,1,0,1,0,0,3,2,2,1,1,1,4,0,0,2,1,0,0,1,1,0,2,3
26,0,1,1,0,1,0,1,1,0,1,1,1,1,1,0,1,0,0,0,3,4,4,4,3,4,0,0,2,1,0,0,2,1,3,1,3
27,0,1,1,0,1,0,1,1,0,1,1,1,1,1,0,1,0,0,0,3,4,4,4,3,4,0,0,2,1,0,0,1,1,0,2,3
28,0,1,1,0,1,0,1,1,0,1,1,1,1,1,0,1,0,0,0,3,4,4,4,3,4,0,0,2,1,0,0,2,1,3,1,3
29,0,1,1,0,1,0,1,1,0,1,1,1,1,1,0,1,0,0,3,2,2,1,1,1,4,0,0,2,1,0,0,1,1,0,2,3
30,0,1,1,0,1,0,0,0,1,0,0,0,0,0,1,0,1,1,0,3,4,4,4,3,2,2,4,1,2,4,3,4,2,1,0,1
31,1,0,0,1,0,1,1,1,0,1,1,1,0,0,1,0,1,1,0,3,4,4,4,3,2,1,4,1,3,1,4,2,4,3,4,0
32,1,0,0,1,0,1,0,0,1,0,0,0,0,0,1,0,1,1,1,1,1,3,2,2,3,4,1,0,4,2,4,3,4,4,4,2
33,1,0,0,1,0,1,0,0,1,0,0,0,0,0,1,0,1,1,0,3,4,4,4,3,2,2,4,1,2,4,3,4,2,1,0,1
34,0,1,1,0,1,0,1,1,0,1,1,1,0,0,1,0,1,1,4,0,0,2,3,4,2,3,4,1,2,4,3,4,2,1,0,1
35,0,1,1,0,1,0,1,1,0,1,1,1,1,1,0,1,0,0,0,3,4,4,4,3,2,2,4,1,2,4,0,2,1,3,2,3
36,1,0,0,1,0,1,0,0,1,0,0,0,0,0,1,0,1,1,0,3,4,4,4,3,2,2,4,1,2,4,1,2,0,3,1,0
37,1,0,0,1,0,1,0,0,1,0,0,0,0,0,1,0,1,1,0,3,4,4,4,3,2,2,4,1,2,4,3,4,2,1,0,1
38,0,1,1,0,1,0,1,1,0,1,1,1,1,1,0,1,0,0,0,3,4,4,4,3,4,0,0,2,1,0,1,2,0,3,1,0
39,0,1,1,0,1,0,1,1,0,1,1,1,0,0,1,0,1,1,0,3,4,4,4,3,2,2,4,1,2,4,1,2,0,3,1,0
40,0,1,1,0,1,0,1,1,0,1,1,1,1,1,0,1,0,0,0,3,4,4,4,3,4,0,0,2,1,0,1,2,0,3,1,0
41,1,0,0,1,0,1,0,0,1,0,0,0,0,0,1,0,1,1,0,3,4,4,4,3,2,2,4,1,2,4,1,2,0,3,1,0
42,0,1,1,0,1,0,1,1,0,1,1,1,1,1,0,1,0,0,0,3,4,4,4,3,4,0,0,2,1,0,1,2,0,3,1,0
43,1,0,0,1,0,1,0,0,1,0,0,0,0,0,1,0,1,1,1,1,1,3,2,2,3,4,1,0,4,2,1,2,0,3,1,0
44,0,1,1,0,1,0,1,1,0,1,1,1,1,1,0,1,0,0,0,3,4,4,4,3,0,1,3,4,3,1,1,2,0,3,1,0
45,1,0,0,1,0,1,0,0,1,0,0,0,0,0,1,0,1,1,0,3,4,4,4,3,2,2,4,1,2,4,4,4,4,1,1,0
46,1,0,0,1,0,1,0,0,1,0,0,0,0,0,1,0,1,1,0,3,4,4,4,3,2,2,4,1,2,4,3,4,2,1,0,1
47,0,1,1,0,1,0,1,1,0,1,1,1,0,0,1,0,1,1,0,3,4,4,4,3,2,2,4,1,2,4,3,4,2,1,0,1
48,0,1,1,0,1,0,0,0,1,0,0,0,0,0,1,0,1,1,0,3,4,4,4,3,2,2,4,1,2,4,3,4,2,1,0,1
49,1,0,0,1,0,1,1,1,0,1,1,1,0,0,1,0,1,1,0,3,4,4,4,3,0,1,3,4,3,1,1,2,0,3,1,0
50,0,1,1,0,1,0,1,1,0,1,1,1,1,1,0,1,0,0,0,3,4,4,4,3,2,1,4,1,2,4,1,2,0,3,1,0
51,0,1,1,0,1,0,1,1,0,1,1,1,1,1,0,1,0,0,0,3,4,4,4,3,4,0,0,2,1,0,1,2,0,3,1,0
52,1,0,0,1,0,1,0,0,1,0,0,0,0,0,1,0,1,1,4,0,0,2,3,4,3,4,1,0,4,2,3,4,2,2,0,4
53,0,1,1,0,1,0,1,1,0,1,1,1,1,1,0,1,0,0,0,3,4,4,4,3,2,2,4,1,2,4,1,2,0,3,1,0
54,0,1,1,0,1,0,1,1,0,1,1,1,1,1,0,1,0,0,0,3,4,4,4,3,2,2,4,1,2,4,1,2,0,3,1,0
55,1,0,0,1,0,1,1,1,0,1,1,1,1,1,0,1,0,0,0,3,4,4,4,3,0,1,3,4,3,1,1,2,0,3,1,0
56,1,0,0,1,0,1,1,1,0,1,1,1,0,0,1,0,1,1,0,3,4,4,4,3,0,1,3,4,3,1,1,2,0,3,1,0
57,0,1,1,0,1,0,1,1,0,1,1,1,1,1,0,1,0,0,0,3,4,4,4,3,4,0,0,2,1,0,1,2,0,3,1,0
58,1,0,0,1,0,1,0,0,1,0,0,0,0,0,1,0,1,1,1,1,1,3,2,2,3,4,1,0,4,2,3,4,2,1,0,1
59,1,0,0,1,0,1,0,0,1,0,0,0,0,0,1,0,1,1,0,3,4,4,4,3,2,2,4,1,2,4,1,2,0,3,1,0
60,1,0,0,1,0,1,0,0,1,0,0,0,0,0,1,0,1,1,0,3,4,4,4,3,2,2,4,1,2,4,1,2,0,3,1,0
61,1,0,0,1,0,1,1,1,0,1,1,1,0,0,1,0,1,1,0,3,4,4,4,3,2,2,4,1,2,4,1,4,0,1,1,0
62,0,1,1,0,1,0,0,0,1,0,0,0,0,0,1,0,1,1,0,3,4,4,4,3,2,2,4,1,2,4,3,4,2,1,0,1
63,0,1,1,0,1,0,0,0,1,0,0,0,0,0,1,0,1,1,0,3,4,4,4,3,2,2,4,1,2,4,1,2,0,3,1,0
65,1,0,0,1,0,1,0,0,1,0,0,0,0,0,1,0,1,1,1,1,1,3,2,2,2,2,4,1,2,4,3,4,2,1,0,1
66,0,1,1,0,1,0,1,1,0,1,1,1,1,1,0,1,0,0,0,3,4,4,4,3,4,0,0,2,1,0,0,2,1,3,1,3
67,1,0,0,1,0,1,1,1,0,1,1,1,1,1,0,1,0,0,0,3,4,4,4,3,0,1,3,4,3,1,1,2,0,3,1,0
68,1,0,0,1,0,1,0,0,1,0,0,0,0,0,1,0,1,1,1,1,1,3,2,2,2,2,4,1,2,4,3,4,2,1,0,1
69,0,1,1,0,1,0,1,1,0,1,1,1,1,1,0,1,0,0,0,3,4,4,4,3,2,3,4,1,2,4,0,2,1,3,1,3
70,1,0,0,1,0,1,0,0,1,0,0,0,0,0,1,0,1,1,1,1,1,3,2,2,3,4,1,0,4,2,4,3,4,4,4,2
71,0,1,1,0,1,0,1,1,0,1,1,1,1,1,0,1,0,0,0,3,4,4,4,3,2,2,4,1,2,4,1,2,0,3,1,0
72,0,1,1,0,1,0,0,0,1,0,0,0,0,0,1,0,1,1,4,0,0,2,3,4,2,2,4,1,2,4,3,4,2,1,0,1
73,0,1,1,0,1,0,1,1,0,1,1,1,1,1,0,1,0,0,3,2,2,1,1,1,4,0,0,2,1,0,0,1,1,0,2,3
74,1,0,0,1,0,1,0,0,1,0,0,0,0,0,1,0,1,1,0,3,4,4,4,3,2,2,4,1,2,4,1,2,0,3,1,0
75,0,1,1,0,1,0,1,1,0,1,1,1,1,1,0,1,0,0,0,3,4,4,4,3,4,0,0,2,1,0,1,2,0,3,1,0
76,0,1,1,0,1,0,1,1,0,1,1,1,1,1,0,1,0,0,3,2,2,1,1,1,4,0,0,2,1,0,0,1,1,0,2,3
77,0,1,1,0,1,0,1,1,0,1,1,1,1,1,0,1,0,0,0,3,4,4,4,3,4,0,0,2,1,0,0,2,1,3,1,3
78,1,0,0,1,0,1,0,0,1,0,0,0,0,0,1,0,1,1,1,1,1,3,2,2,3,4,1,0,4,2,3,4,2,1,0,1
79,0,1,1,0,1,0,0,0,1,0,0,0,0,0,1,0,1,1,0,3,4,4,4,3,2,2,4,1,2,4,1,2,0,3,1,0
80,0,1,1,0,1,0,0,0,1,0,0,0,0,0,1,0,1,1,0,3,4,4,4,3,2,2,4,1,2,4,1,2,0,3,1,0
81,0,1,1,0,1,0,1,1,0,1,1,1,1,1,0,1,0,0,0,3,4,4,4,3,0,1,3,4,3,1,1,2,0,3,1,0
82,1,0,0,1,0,1,0,0,1,0,0,0,0,0,1,0,1,1,1,1,1,3,2,2,2,2,4,1,2,4,3,4,2,1,0,1
83,0,1,1,0,1,0,1,1,0,1,1,1,1,1,0,1,0,0,0,3,4,4,4,3,4,0,0,2,1,0,1,2,0,3,1,0
167,0,1,1,0,1,0,1,1,0,1,1,1,1,1,0,1,0,0,3,2,2,1,1,1,4,0,0,2,1,0,0,1,1,0,2,3
168,0,1,1,0,1,0,1,1,0,1,1,1,1,1,0,1,0,0,3,2,2,1,1,1,4,0,0,2,1,0,0,1,1,0,2,3
169,0,1,1,0,1,0,1,1,0,1,1,1,1,1,0,1,0,0,4,0,0,2,3,4,1,3,2,3,0,3,2,0,3,2,3,4
173,1,0,0,1,0,1,0,0,1,0,0,0,0,0,1,0,1,1,4,0,0,2,3,4,1,3,2,3,0,3,2,0,3,2,3,4
181,1,0,0,1,0,1,0,0,1,0,0,0,0,0,1,0,1,1,4,0,0,2,3,4,1,3,2,3,0,3,2,0,3,2,3,4
184,1,0,0,1,0,1,0,0,1,0,0,0,0,0,1,0,1,1,2,4,3,0,0,0,1,3,2,3,0,3,2,0,3,2,3,4
185,0,1,1,0,1,0,0,0,1,0,0,0,1,1,0,1,0,0,3,2,2,1,1,1,1,3,2,3,0,3,2,0,3,2,3,4
188,1,0,0,1,0,1,0,0,1,0,0,0,0,0,1,0,1,1,4,0,0,2,3,4,1,3,2,3,0,3,2,0,3,2,3,4
191,0,1,1,0,1,0,0,0,1,0,0,0,0,0,1,0,1,1,4,0,0,2,3,4,1,3,2,3,0,3,2,0,3,2,3,4
194,0,1,1,0,1,0,1,1,0,1,1,1,1,1,0,1,0,0,3,2,2,1,1,1,4,0,0,2,1,0,0,1,1,0,2,3
195,0,1,1,0,1,0,1,1,0,1,1,1,1,1,0,1,0,0,4,0,0,2,3,4,1,3,2,3,0,3,2,0,3,2,3,4
196,0,1,1,0,1,0,1,1,0,1,1,1,1,1,0,1,0,0,3,2,2,1,1,1,4,0,0,2,1,0,0,1,1,0,2,3
198,0,1,1,0,1,0,1,1,0,1,1,1,1,1,0,1,0,0,4,0,0,2,3,4,1,3,2,3,0,3,2,0,3,2,3,4
201,0,1,1,0,1,0,1,1,0,1,1,1,1,1,0,1,0,0,3,2,2,1,1,1,4,0,0,2,1,0,0,1,1,0,2,3
203,1,0,0,1,0,1,0,0,1,0,0,0,0,0,1,0,1,1,2,4,3,0,0,0,1,3,2,3,0,3,2,0,3,2,3,4
204,0,1,1,0,1,0,1,1,0,1,1,1,1,1,0,1,0,0,3,2,2,1,1,1,4,0,0,2,1,0,2,0,3,2,3,4
205,0,1,1,0,1,0,1,1,0,1,1,1,1,1,0,1,0,0,3,2,2,1,1,1,4,0,0,2,1,0,0,1,1,0,2,3
206,0,1,1,0,1,0,1,1,0,1,1,1,1,1,0,1,0,0,0,3,4,4,4,3,4,0,0,2,1,0,0,1,1,0,2,3
207,1,0,0,1,0,1,1,1,0,1,1,1,1,1,0,1,0,0,0,3,4,4,4,3,0,1,3,4,3,1,1,2,0,3,1,0
208,1,0,0,1,0,1,0,0,1,0,0,0,0,0,1,0,1,1,2,4,3,0,0,0,0,1,3,4,3,1,4,3,4,4,4,2
209,1,0,0,1,0,1,0,0,1,0,0,0,0,0,1,0,1,1,2,4,3,0,0,0,2,2,4,1,2,4,1,3,4,4,4,2
210,1,0,0,1,0,1,0,0,1,0,0,0,0,0,1,0,1,1,2,4,3,0,0,0,0,1,3,4,3,1,4,3,4,4,4,2
211,1,0,0,1,0,1,0,0,1,0,0,0,0,0,1,0,1,1,2,4,3,0,0,0,0,1,3,4,3,1,4,3,4,4,4,2
212,1,0,0,1,0,1,0,0,1,0,0,0,0,0,1,0,1,1,2,4,3,0,0,0,1,3,2,3,0,3,2,3,3,4,4,2
213,1,0,0,1,0,1,0,0,1,0,0,0,0,0,1,0,1,1,2,4,3,0,0,0,0,1,3,4,3,1,4,3,4,4,4,2
214,1,0,0,1,0,1,0,0,1,0,0,0,0,0,1,0,1,1,2,4,3,0,0,0,0,1,3,4,3,1,4,3,4,4,4,2
215,1,0,0,1,0,1,0,0,1,0,0,0,0,0,1,0,1,1,2,4,3,0,0,0,0,1,3,4,3,1,4,3,4,4,4,2
216,1,0,0,1,0,1,0,0,1,0,0,0,0,0,1,0,1,1,2,4,3,0,0,0,0,1,3,4,3,1,4,3,4,4,4,2
217,1,0,0,1,0,1,0,0,1,0,0,0,0,0,1,0,1,1,2,4,3,0,0,0,0,1,3,4,3,1,4,3,4,4,4,2
218,0,1,1,0,1,0,1,1,0,1,1,1,0,0,1,0,1,1,0,3,4,4,4,3,0,1,3,4,3,1,1,2,0,3,1,0
219,1,0,0,1,0,1,0,0,1,0,0,0,0,0,1,0,1,1,2,4,3,0,0,0,3,4,1,0,4,2,4,4,4,1,0,2
220,1,0,0,1,0,1,0,0,1,0,0,0,0,0,1,0,1,1,1,1,1,3,2,2,0,1,3,4,3,1,4,3,4,4,4,2
221,1,0,0,1,0,1,0,0,1,0,0,0,0,0,1,0,1,1,2,4,3,0,0,0,0,1,3,4,3,1,4,3,4,4,4,2
222,1,0,0,1,0,1,1,1,0,1,1,1,0,0,1,0,1,1,2,4,3,0,0,0,0,1,3,4,3,1,1,3,0,4,4,0
223,1,0,0,1,0,1,0,0,1,0,0,0,0,0,1,0,1,1,2,4,3,0,0,0,0,1,3,4,3,1,4,3,4,4,4,2
224,0,1,1,0,1,0,1,1,0,1,1,1,1,1,0,1,0,0,0,3,4,4,4,3,0,1,3,4,3,1,1,2,0,3,1,0
225,1,0,0,1,0,1,1,1,0,1,1,1,0,0,1,0,0,1,2,4,3,0,0,0,0,1,3,4,3,1,1,3,0,4,4,0
226,1,0,0,1,0,1,0,0,1,0,0,0,0,0,1,0,1,1,2,4,3,0,0,0,3,4,1,0,4,2,4,4,4,1,0,1
227,1,0,0,1,0,1,0,0,1,0,0,0,0,0,1,0,1,1,2,4,3,0,0,0,0,1,3,4,3,1,4,3,4,4,4,2
228,1,0,0,1,0,1,1,1,0,1,1,1,0,0,1,0,1,1,2,4,3,0,0,0,0,1,3,4,3,1,1,3,0,4,4,0
229,1,0,0,1,0,1,1,1,0,1,1,1,1,1,0,1,0,0,0,3,4,4,4,3,0,1,3,4,3,1,1,2,0,3,1,0
230,1,0,0,1,0,1,0,0,1,0,0,0,0,0,1,0,1,1,1,1,1,3,2,2,3,4,1,0,4,2,4,3,4,4,4,2
231,1,0,0,1,0,1,0,0,1,0,0,0,0,0,1,0,1,1,2,4,3,0,0,0,3,4,1,0,4,2,4,3,4,4,4,2
232,1,0,0,1,0,1,0,0,1,0,0,0,0,0,1,0,1,1,1,1,1,3,2,2,3,4,1,0,4,2,3,4,2,1,0,1
233,1,0,0,1,0,1,0,0,1,0,0,0,0,0,1,0,1,1,2,4,3,0,0,0,3,4,1,0,4,2,4,4,4,1,0,1
234,1,0,0,1,0,1,0,0,1,0,0,0,0,0,1,0,1,1,1,1,1,3,2,2,0,1,3,4,3,1,4,3,4,4,4,2
235,1,0,0,1,0,1,0,0,1,0,0,0,0,0,1,0,1,1,1,1,1,3,2,2,3,4,1,0,4,2,4,3,4,4,4,2
236,1,0,0,1,0,1,0,0,1,0,0,0,0,0,1,0,1,1,2,4,3,0,0,0,0,1,3,4,3,1,4,3,4,4,4,2
237,1,0,0,1,0,1,0,0,1,0,0,0,0,0,1,0,1,1,1,1,1,3,2,2,0,1,3,4,3,1,4,3,4,4,4,2
238,1,0,0,1,0,1,0,0,1,0,0,0,0,0,1,0,1,1,1,1,1,3,2,2,3,4,1,0,4,2,4,4,4,1,4,1
239,1,0,0,1,0,1,0,0,1,0,0,0,0,0,1,0,1,1,2,4,3,0,0,0,3,4,1,0,4,2,4,3,4,4,4,2
240,1,0,0,1,0,1,0,0,1,0,0,0,0,0,1,0,1,1,1,1,1,3,2,2,0,1,3,4,3,1,4,3,4,4,4,2
241,1,0,0,1,0,1,0,0,1,0,0,0,0,0,1,0,1,1,2,4,3,0,0,0,3,4,1,0,4,2,4,3,4,4,4,2
242,1,0,0,1,0,1,0,0,1,0,0,0,0,0,1,0,1,1,1,1,1,3,2,2,3,4,1,0,4,2,4,3,4,4,4,2
243,1,0,0,1,0,1,0,0,1,0,0,0,0,0,1,0,1,1,1,1,1,3,2,2,2,2,4,1,2,4,3,4,2,1,0,1
269,0,1,1,0,1,0,1,1,0,1,1,1,1,1,0,1,0,0,3,2,2,1,1,1,4,0,0,2,1,0,0,1,1,0,2,3
270,1,0,0,1,0,1,0,0,1,0,0,0,0,0,1,0,1,1,2,4,3,0,0,0,0,1,3,4,3,1,1,3,0,4,4,2
271,1,0,0,1,0,1,0,0,1,0,0,0,0,0,1,0,1,1,2,4,3,0,0,0,0,1,3,4,3,1,4,3,4,4,4,2
272,1,0,0,1,0,1,0,0,1,0,0,0,0,0,1,0,1,1,1,1,1,3,2,2,2,2,4,1,2,4,4,3,4,4,4,0
273,1,0,0,1,0,1,0,0,1,0,0,0,0,0,1,0,1,1,1,1,1,3,2,2,2,2,4,1,2,4,4,4,4,1,0,1
274,1,0,0,1,0,1,0,0,1,0,0,0,0,0,1,0,1,1,4,0,0,2,3,4,1,3,2,3,0,3,1,3,0,3,1,0
275,1,0,0,1,0,1,0,0,1,0,0,0,0,0,1,0,1,1,1,1,1,3,2,2,2,2,4,1,2,4,3,4,2,1,0,1
276,1,0,0,1,0,1,0,0,1,0,0,0,0,0,1,0,1,1,1,1,1,3,2,2,3,4,1,0,4,2,4,4,4,1,4,1
277,1,0,0,1,0,1,0,0,1,0,0,0,0,0,1,0,1,1,1,1,1,3,2,2,2,2,4,1,2,4,4,4,4,1,4,1
278,0,1,1,0,1,0,1,1,0,1,1,1,1,1,0,1,0,0,0,3,4,4,4,3,4,0,0,2,1,0,0,2,1,3,1,3
279,1,0,0,1,0,1,0,0,1,0,0,0,0,0,1,0,1,1,1,1,1,3,2,2,2,2,4,1,2,4,4,4,4,1,0,1
280,1,0,0,1,0,1,0,0,1,0,0,0,0,0,1,0,1,1,2,4,3,0,0,0,3,4,1,0,4,2,4,3,4,4,4,2
281,1,0,0,1,0,1,0,0,1,0,0,0,0,0,1,0,1,1,1,1,1,3,2,2,3,4,1,0,4,2,3,4,2,1,0,1
282,1,0,0,1,0,1,0,0,1,0,0,0,0,0,1,0,1,1,1,1,1,3,2,2,3,4,1,0,4,2,3,4,2,1,0,1
283,1,0,0,1,0,1,0,0,1,0,0,0,0,0,1,0,1,1,1,1,1,3,2,2,2,2,4,1,2,4,4,3,4,4,4,0
284,1,0,0,1,0,1,0,0,1,0,0,0,0,0,1,0,1,1,1,1,1,3,2,2,2,2,4,1,2,4,4,3,4,4,4,2
285,1,0,0,1,0,1,0,0,1,0,0,0,0,0,1,0,1,1,2,4,3,0,0,0,3,4,1,0,4,2,3,4,2,1,0,1
287,1,0,0,1,0,1,0,0,1,0,0,0,0,0,1,0,1,1,4,0,0,2,3,4,1,3,2,3,0,3,2,0,3,2,3,4
288,1,0,0,1,0,1,0,0,1,0,0,0,0,0,1,0,1,1,4,0,0,2,3,4,1,3,2,3,0,3,2,0,3,2,3,4
289,1,0,0,1,0,1,0,0,1,0,0,0,0,0,1,0,1,1,4,0,0,2,3,4,1,3,2,3,0,3,2,0,3,2,3,4
290,1,0,0,1,0,1,0,0,1,0,0,0,0,0,1,0,1,1,4,0,0,2,3,4,3,4,1,0,4,2,2,0,3,2,3,4
292,1,0,0,1,0,1,0,0,1,0,0,0,0,0,1,0,1,1,4,0,0,2,3,4,1,3,2,3,0,3,2,0,3,2,3,4
293,1,0,0,1,0,1,0,0,1,0,0,0,0,0,1,0,1,1,4,0,0,2,3,4,1,3,2,3,0,3,2,0,3,2,3,4
294,1,0,0,1,0,1,0,0,1,0,0,0,0,0,1,0,1,1,4,0,0,2,3,4,1,3,2,3,0,3,2,0,3,2,3,4
295,1,0,0,1,0,1,0,0,1,0,0,0,0,0,1,0,1,1,4,0,0,2,3,4,1,3,2,3,0,3,2,0,3,4,3,2
296,1,0,0,1,0,1,0,0,1,0,0,0,0,0,1,0,1,1,4,0,0,2,3,4,1,3,2,3,0,3,2,0,3,2,3,4
297,1,0,0,1,0,1,0,0,1,0,0,0,0,0,1,0,1,1,4,0,0,2,3,4,1,3,2,3,0,3,2,0,3,2,3,4
298,1,0,0,1,0,1,0,0,1,0,0,0,0,0,1,0,1,1,4,0,0,2,3,4,1,3,2,3,0,3,2,3,3,4,4,2
300,1,0,0,1,0,1,0,0,1,0,0,0,0,0,1,0,1,1,4,0,0,2,3,4,3,4,1,0,4,2,2,0,3,2,3,4
301,1,0,0,1,0,1,0,0,1,0,0,0,1,1,0,1,0,0,0,3,4,4,4,3,2,2,4,1,2,4,1,2,0,3,1,0
302,1,0,0,1,0,1,0,0,1,0,0,0,0,0,1,0,1,1,4,0,0,2,3,4,1,3,2,3,0,2,2,0,3,2,3,4
303,1,0,0,1,0,1,0,0,1,0,0,0,0,0,1,0,1,1,4,0,0,2,3,4,0,1,3,4,3,1,1,3,0,4,4,2
304,1,0,0,1,0,1,0,0,1,0,0,0,0,0,1,0,1,1,4,0,0,2,3,4,3,4,1,0,4,2,2,0,3,2,3,4
305,1,0,0,1,0,1,0,0,1,0,0,0,0,0,1,0,1,1,4,0,0,2,3,4,1,3,2,3,0,3,2,0,3,2,3,4
306,1,0,0,1,0,1,0,0,1,0,0,0,0,0,1,0,1,1,4,0,0,2,3,4,1,3,2,3,0,3,2,0,3,2,3,4
307,1,0,0,1,0,1,0,0,1,0,0,0,0,0,1,0,1,1,4,0,0,2,3,4,1,3,2,3,0,3,2,3,3,4,3,2
308,1,0,0,1,0,1,0,0,1,0,0,0,0,0,1,0,1,1,4,0,0,2,3,4,1,3,2,3,0,3,2,3,4,4,4,2
312,1,0,0,1,0,1,1,1,0,1,1,1,0,0,1,0,1,1,1,1,1,3,2,2,0,1,3,4,3,1,1,2,0,3,1,0
314,0,1,1,0,1,0,0,0,1,0,0,0,0,0,1,0,1,1,0,3,4,4,4,3,2,2,4,1,2,4,3,4,2,1,0,1
316,1,0,0,1,0,1,0,0,1,0,0,0,0,0,1,0,1,1,1,1,1,3,2,2,0,2,3,4,3,1,3,4,2,1,0,1
317,0,1,1,0,1,0,0,0,1,0,0,0,0,0,1,0,1,1,0,3,4,4,4,3,2,2,4,1,2,4,3,4,2,1,0,1
318,1,0,0,1,0,1,0,0,1,0,0,0,0,0,1,0,1,1,1,1,1,3,2,2,2,2,4,1,2,4,3,4,2,1,0,1
319,1,0,0,1,0,1,0,0,1,0,0,0,0,0,1,0,1,1,1,1,1,3,2,2,2,2,4,1,2,4,3,4,2,1,0,1
320,0,1,1,0,1,0,0,0,1,0,0,0,0,0,1,0,1,1,0,3,4,4,4,3,2,2,4,1,2,4,3,4,2,1,0,1
321,1,0,0,1,0,1,0,0,1,0,0,0,0,0,1,0,1,1,0,3,4,4,4,3,2,2,4,1,2,4,3,4,2,1,0,1
325,1,0,0,1,0,1,1,1,0,1,1,1,0,0,1,0,1,1,1,1,1,3,2,2,0,1,3,4,3,1,1,2,0,3,1,0
326,0,1,1,0,1,0,1,1,0,1,1,1,1,1,0,1,0,0,0,3,4,4,4,3,2,2,4,1,2,4,1,2,0,3,1,0
327,1,0,0,1,0,1,0,0,1,0,0,0,0,0,1,0,1,1,2,4,3,0,0,0,0,1,3,4,3,1,1,3,0,3,4,0
329,0,1,1,0,1,0,1,1,0,1,1,1,0,0,1,0,1,1,0,3,4,4,4,3,2,2,4,1,2,4,3,4,2,1,0,1
330,1,0,0,1,0,1,1,1,0,1,1,1,1,1,0,1,0,0,1,1,1,3,2,2,0,1,3,4,3,1,1,2,0,3,1,0
331,1,0,0,1,0,1,0,0,1,0,0,0,0,0,1,0,1,1,1,1,1,3,2,2,2,2,4,1,2,4,1,4,0,1,1,1
332,1,0,0,1,0,1,0,0,1,0,0,0,0,0,1,0,1,1,1,1,1,3,2,2,2,2,4,1,2,4,4,4,4,1,0,1
333,1,0,0,1,0,1,1,1,0,1,1,1,0,0,1,0,1,1,0,3,4,4,4,3,0,1,3,4,3,1,1,3,0,4,4,0
334,1,0,0,1,0,1,0,0,1,0,0,0,0,0,1,0,1,1,1,1,1,3,2,2,2,2,4,1,2,4,3,4,2,1,0,1
335,1,0,0,1,0,1,0,0,1,0,0,0,0,0,1,0,1,1,1,1,1,3,2,2,2,2,4,1,2,4,3,4,2,1,0,1
336,1,0,0,1,0,1,0,0,1,0,0,0,0,0,1,0,1,1,1,1,1,3,2,2,2,2,4,1,2,4,3,4,2,1,0,1
337,0,1,1,0,1,0,0,0,1,0,0,0,0,0,1,0,1,1,0,3,4,4,4,3,2,2,4,1,2,4,3,4,2,1,0,1
338,1,0,0,1,0,1,0,0,1,0,0,0,0,0,1,0,1,1,1,1,1,3,2,2,2,2,4,1,2,4,4,4,2,1,0,1
339,0,1,1,0,1,0,0,0,1,0,0,0,0,0,1,0,1,1,0,3,4,4,4,3,2,2,4,1,2,4,3,4,2,1,0,1
340,1,0,0,1,0,1,0,0,1,0,0,0,0,0,1,0,1,1,1,1,1,3,2,2,2,2,4,1,2,4,3,4,2,1,0,1
341,1,0,0,1,0,1,0,0,1,0,0,0,0,0,1,0,1,1,1,1,1,3,2,2,2,2,4,1,2,4,3,4,2,1,0,1
342,1,0,0,1,0,1,1,1,0,1,1,1,0,0,1,0,1,1,0,3,4,4,4,3,2,2,4,1,2,4,3,4,2,1,0,1
343,0,1,1,0,1,0,0,0,1,0,0,0,0,0,1,0,1,1,0,3,4,4,4,3,2,2,4,1,2,4,3,4,2,1,0,1
345,0,1,1,0,1,0,1,1,0,1,1,1,1,1,0,1,0,0,3,2,2,1,1,1,4,0,0,2,1,0,0,1,1,0,2,3
346,0,1,1,0,1,0,1,1,0,1,1,1,1,1,0,1,0,0,3,2,2,1,1,1,4,0,0,2,1,0,0,1,1,0,2,3
347,0,1,1,0,1,0,1,1,0,1,1,1,1,1,0,1,0,0,3,2,2,1,1,1,4,0,0,2,1,0,0,1,1,0,2,3
348,0,1,1,0,1,0,1,1,0,1,1,1,1,1,0,1,0,0,3,2,2,1,1,1,4,0,0,2,1,0,2,0,3,2,3,4
349,0,1,1,0,1,0,1,1,0,1,1,1,1,1,0,1,0,0,4,0,0,2,3,4,1,3,2,3,0,3,2,0,3,2,3,4
351,0,1,1,0,1,0,1,1,0,1,1,1,1,1,0,1,0,0,3,2,2,1,1,1,4,0,0,2,1,0,0,1,1,0,2,3
352,0,1,1,0,1,0,1,1,0,1,1,1,1,1,0,1,0,0,3,2,2,1,1,1,4,0,0,2,1,0,0,1,1,0,2,3
354,0,1,1,0,1,0,1,1,0,1,1,1,1,1,0,1,0,0,3,2,2,1,1,1,4,0,0,2,1,0,0,1,1,0,2,3
355,0,1,1,0,1,0,1,1,0,1,1,1,1,1,0,1,0,0,3,2,2,1,1,1,4,0,0,2,1,0,0,1,1,0,2,3
356,1,0,0,1,0,1,0,0,1,0,0,0,0,0,1,0,1,1,1,1,1,3,2,2,2,2,4,1,2,4,4,3,4,4,4,0
357,0,1,1,0,1,0,1,1,0,1,1,1,1,1,0,1,0,0,0,3,4,4,4,3,2,1,4,1,3,1,1,2,0,3,1,0
358,1,0,0,1,0,1,0,0,1,0,0,0,0,0,1,0,1,1,1,1,1,3,2,2,2,2,4,1,2,4,3,0,2,2,3,4
359,1,0,0,1,0,1,0,0,1,0,0,0,0,0,1,0,1,1,1,1,1,3,2,2,2,2,4,1,2,4,4,4,4,1,0,1
360,1,0,0,1,0,1,0,0,1,0,0,0,0,0,1,0,1,1,2,4,3,0,0,0,3,4,1,0,4,2,4,3,4,4,4,2
361,1,0,0,1,0,1,0,0,1,0,0,0,0,0,1,0,1,1,0,3,4,4,4,3,2,2,4,1,2,4,4,4,4,1,0,1
362,0,1,1,0,1,0,1,1,0,1,1,1,1,1,0,1,0,0,3,2,2,1,1,1,4,0,0,2,1,0,0,1,1,0,2,3
363,1,0,0,1,0,1,0,0,1,0,0,0,0,0,1,0,1,1,0,3,4,4,4,3,2,2,4,1,2,4,3,4,2,1,0,1
364,0,1,1,0,1,0,0,0,1,0,0,0,1,1,0,1,0,0,0,3,4,4,4,3,2,2,4,1,2,4,1,2,0,3,1,0
365,1,0,0,1,0,1,0,0,1,0,0,0,0,0,1,0,1,1,1,1,1,3,2,2,3,4,1,0,4,2,3,4,2,1,0,1
366,1,0,0,1,0,1,0,0,1,0,0,0,0,0,1,0,1,1,0,3,4,4,4,3,2,2,4,1,2,4,4,4,4,1,0,1
367,1,1,1,0,0,0,0,0,1,0,0,0,0,0,1,0,1,1,0,3,4,4,4,3,2,2,4,1,2,4,1,2,0,3,1,0
368,0,1,1,0,1,0,1,1,0,1,1,1,1,1,0,1,0,0,0,3,4,4,4,3,0,1,3,4,3,1,1,2,0,3,1,0
369,1,0,0,1,0,1,0,0,1,0,0,0,1,1,0,1,0,0,0,3,4,4,4,3,2,2,4,1,2,4,1,2,0,3,1,0
370,0,1,1,0,1,0,0,0,1,0,0,0,0,0,1,0,1,1,0,3,4,4,4,3,3,4,1,0,4,2,1,2,0,3,1,0
371,0,1,1,0,1,0,0,0,1,0,0,0,1,1,0,1,0,0,0,3,4,4,4,3,2,2,4,1,2,4,1,2,0,3,1,0
372,1,0,0,1,0,1,0,0,1,0,0,0,0,0,1,0,1,1,0,3,4,4,4,3,2,2,4,1,2,4,3,4,2,1,0,4
373,0,1,1,0,1,0,1,1,0,1,1,1,1,1,0,1,0,0,3,2,2,1,1,1,4,0,0,2,1,0,0,1,1,0,2,3
374,1,0,0,1,0,1,1,1,0,1,1,1,1,1,0,1,0,0,0,3,4,4,4,3,0,1,3,4,3,1,1,2,0,3,1,0
375,0,1,1,0,1,0,1,1,0,1,1,1,1,1,0,1,0,0,0,3,4,4,4,3,4,0,0,2,1,0,0,2,1,3,1,3
376,1,0,0,1,0,1,0,0,1,0,0,0,0,0,1,0,1,1,1,1,1,3,2,2,2,2,4,1,2,4,3,4,2,1,0,1
377,1,0,0,1,0,1,0,0,1,0,0,0,0,0,1,0,1,1,2,4,3,0,0,0,1,3,2,3,0,3,2,0,3,2,3,2
378,0,1,1,0,1,0,1,1,0,1,1,1,0,0,1,0,1,1,0,3,4,4,4,3,2,2,4,1,2,4,4,2,4,3,1,0
379,0,1,1,0,1,0,1,1,0,1,1,1,1,1,0,1,0,0,3,2,2,1,1,1,4,0,0,2,1,0,0,1,1,0,2,3
380,0,1,1,0,1,0,1,1,0,1,1,1,1,1,0,1,0,0,0,3,4,4,4,3,4,0,0,2,3,1,1,2,0,3,1,0
381,1,0,0,1,0,1,0,0,1,0,0,0,0,0,1,0,1,1,1,1,1,3,2,2,2,2,4,1,2,4,4,3,4,3,4,0
382,1,0,0,1,0,1,0,0,1,0,0,0,0,0,1,0,1,1,0,3,4,4,4,3,3,4,1,0,4,2,4,3,4,4,4,2
383,1,0,0,1,0,1,0,0,1,0,0,0,0,0,1,0,1,1,0,3,4,4,4,3,2,2,4,1,2,4,4,3,4,4,4,0
384,1,0,0,1,0,1,0,0,1,0,0,0,0,0,1,0,1,1,1,1,1,3,2,2,2,2,4,1,2,4,3,4,4,1,0,1
385,0,1,1,0,1,0,1,1,0,1,1,1,1,1,0,1,0,0,3,2,2,1,1,1,4,0,0,2,1,0,0,1,1,0,2,3
386,1,0,0,1,0,1,0,0,1,0,0,0,0,0,1,0,1,1,0,3,4,4,4,3,2,2,4,1,2,4,3,4,2,1,0,1
387,1,0,0,1,0,1,0,0,1,0,0,0,1,1,0,1,0,0,0,3,4,4,4,3,0,1,3,4,3,1,1,2,0,3,1,0
388,0,1,1,0,1,0,1,1,0,1,1,1,1,1,0,1,0,0,0,3,4,4,4,3,4,0,0,2,1,0,0,2,1,3,1,3
390,1,0,0,1,0,1,0,0,1,0,0,0,0,0,1,0,1,1,0,3,4,4,4,3,2,2,4,1,2,4,3,4,2,1,0,1
391,1,0,0,1,0,1,0,0,1,0,0,0,0,0,1,0,1,1,4,0,0,2,3,4,3,4,1,0,4,2,4,3,4,4,4,2
392,1,0,0,1,0,1,0,0,1,0,0,0,0,0,1,0,1,1,2,4,3,0,0,0,3,4,1,0,4,2,2,3,3,4,4,2
393,1,0,0,1,0,1,0,0,1,0,0,0,0,0,1,0,1,1,4,0,0,2,3,4,1,1,2,3,0,3,4,3,4,4,4,2
395,1,0,0,1,0,1,0,0,1,0,0,0,0,0,1,0,1,1,0,3,4,4,4,3,3,4,1,0,4,2,3,4,2,1,0,1
396,1,0,0,1,0,1,0,0,1,0,0,0,0,0,1,0,1,1,0,3,4,4,4,3,2,2,4,1,2,4,3,4,2,1,0,1
397,1,0,0,1,0,1,1,1,0,1,1,1,1,1,0,1,0,0,0,3,4,4,4,3,0,1,3,4,3,1,1,2,0,3,1,0
398,1,0,0,1,0,1,0,0,1,0,0,0,0,0,1,0,1,1,1,1,1,3,2,2,3,4,1,0,4,2,3,4,2,1,0,1
401,1,0,0,1,0,1,0,0,1,0,0,0,0,0,1,0,1,1,0,3,4,4,4,3,2,2,4,1,2,4,1,2,0,3,1,0
402,0,1,1,0,1,0,0,0,1,0,0,0,1,1,0,1,0,0,0,3,4,4,4,3,2,2,4,1,2,4,1,2,0,3,1,0
403,1,0,0,1,0,1,0,0,1,0,0,0,0,0,1,0,1,1,0,3,4,4,4,3,2,2,4,1,2,4,1,2,0,3,1,0
404,1,0,0,1,0,1,0,0,1,0,0,0,0,0,1,0,1,1,2,4,3,0,0,0,0,1,3,4,3,1,2,0,3,2,3,4
405,0,1,1,0,1,0,1,1,0,1,1,1,1,1,0,1,0,0,0,3,4,4,4,3,4,0,0,2,1,0,0,2,1,3,1,3
408,1,0,0,1,0,1,0,0,1,0,0,0,0,0,1,0,1,1,2,4,3,0,0,0,3,4,1,0,4,2,2,0,3,2,3,4
410,0,1,1,0,1,0,1,1,0,1,1,1,1,1,0,1,0,0,0,3,4,4,4,3,2,2,4,1,2,4,1,2,0,3,1,0
413,1,0,0,1,0,1,0,0,1,0,0,0,0,0,1,0,1,1,0,3,4,4,4,3,2,2,4,1,2,4,1,2,0,3,1,0
414,0,1,1,0,1,0,0,0,1,0,0,0,1,1,0,1,0,0,0,3,4,4,4,3,2,2,4,1,2,4,1,2,0,3,1,0
416,1,0,0,1,0,1,0,0,1,0,0,0,1,1,0,1,0,0,0,3,4,4,4,3,2,2,4,1,2,4,1,2,0,3,1,0
418,0,1,1,0,1,0,1,1,0,1,1,1,1,1,0,1,0,0,3,2,2,1,1,1,4,0,0,2,1,0,0,1,1,0,2,3
419,0,1,1,0,1,0,1,1,0,1,1,1,1,1,0,1,0,0,0,3,4,4,4,3,4,0,0,2,1,0,0,2,1,3,1,0
420,0,1,1,0,1,0,1,1,0,1,1,1,1,1,0,1,0,0,0,3,4,4,4,3,4,0,0,2,1,0,1,2,0,3,1,0
421,0,1,1,0,1,0,1,1,0,1,1,1,1,1,0,1,0,0,0,3,4,4,4,3,0,1,3,4,3,1,1,2,0,3,1,0
422,0,1,1,0,1,0,1,1,0,1,1,1,1,1,0,1,0,0,0,3,4,4,4,3,4,0,0,2,1,0,1,2,0,3,1,0
423,1,0,0,1,0,1,0,0,1,0,0,0,0,0,1,0,1,1,0,3,4,4,4,3,3,4,1,0,4,4,1,2,0,3,1,0
424,1,0,0,1,0,1,0,0,1,0,0,0,0,0,1,0,1,1,1,1,1,3,2,2,3,4,1,0,4,2,4,3,4,4,4,2
425,1,0,0,1,0,1,0,0,1,0,0,0,0,0,1,0,1,1,1,1,1,3,2,2,2,2,4,1,2,4,4,4,4,1,0,1
428,1,0,0,1,0,1,0,0,1,0,0,0,0,0,1,0,1,1,4,0,0,2,3,4,3,4,1,0,4,2,2,0,3,2,3,4
429,1,0,0,1,0,1,0,0,1,0,0,0,0,0,1,0,1,1,1,1,1,3,2,2,3,4,1,0,4,2,4,3,4,4,4,2
430,0,1,1,0,1,0,1,1,0,1,1,1,1,1,0,1,0,0,0,3,4,4,4,3,4,0,0,2,1,0,0,2,1,3,1,3
431,1,0,0,1,0,1,0,0,1,0,0,0,0,0,1,0,1,1,1,1,1,3,2,2,0,1,3,4,3,1,1,2,0,3,1,0
432,1,0,0,1,0,1,0,0,1,0,0,0,0,0,1,0,1,1,1,1,1,3,2,2,3,4,1,0,4,2,4,3,4,4,4,2
433,1,0,0,1,0,1,0,0,1,0,0,0,0,0,1,0,1,1,1,1,1,3,2,2,3,4,1,0,4,2,3,4,2,1,0,1
434,1,0,0,1,0,1,0,0,1,0,0,0,0,0,1,0,1,1,1,1,1,3,2,2,2,2,4,1,2,4,4,3,4,4,4,2
435,1,0,0,1,0,1,0,0,1,0,0,0,0,0,1,0,1,1,4,0,0,2,3,4,3,4,1,0,4,2,1,2,0,3,1,0
436,1,0,0,1,0,1,0,0,1,0,0,0,0,0,1,0,1,1,1,1,1,3,2,2,3,4,1,0,4,2,3,4,2,1,0,1
437,1,0,0,1,0,1,0,0,1,0,0,0,0,0,1,0,1,1,1,1,1,3,2,2,3,4,1,0,4,2,4,3,4,4,4,2
438,1,0,0,1,0,1,0,0,1,0,0,0,0,0,1,0,1,1,1,1,1,3,2,2,3,4,1,0,4,2,1,2,0,3,1,0
440,1,0,0,1,0,1,0,0,1,0,0,0,0,0,1,0,1,1,1,1,1,3,2,2,2,2,4,1,2,4,1,2,0,3,1,0
441,1,0,0,1,0,1,0,0,1,0,0,0,0,0,1,0,1,1,1,1,1,3,2,2,3,4,1,0,4,2,4,0,4,1,0,4
442,1,0,0,1,0,1,0,0,1,0,0,0,0,0,1,0,1,1,1,1,1,3,2,2,3,4,1,0,2,4,4,4,4,1,0,1
443,1,0,0,1,0,1,0,0,1,0,0,0,0,0,1,0,1,1,1,1,1,3,2,2,2,2,4,1,2,4,1,2,0,3,1,0
444,1,0,0,1,0,1,0,0,1,0,0,0,0,0,1,0,1,1,1,1,1,3,2,2,3,4,1,0,4,2,4,3,4,4,4,2
445,1,0,0,1,0,1,0,0,1,0,0,0,0,0,1,0,1,1,1,1,1,3,2,2,3,4,1,0,4,2,4,4,4,1,0,1
446,1,0,0,1,0,1,0,0,1,0,0,0,0,0,1,0,1,1,1,1,1,3,2,2,3,4,1,0,4,2,4,4,4,1,4,0
447,1,0,0,1,0,1,0,0,1,0,0,0,0,0,1,0,1,1,1,1,1,3,2,2,3,4,1,0,4,2,3,4,2,1,0,1
448,0,1,1,0,1,0,1,1,0,1,1,1,1,1,0,1,0,0,0,3,4,4,4,3,4,0,0,2,1,0,0,2,1,3,1,3
449,1,0,0,1,0,1,0,0,1,0,0,0,0,0,1,0,1,1,2,4,3,0,0,0,3,4,1,0,4,2,4,3,4,4,4,2
450,1,0,0,1,0,1,1,1,0,1,1,1,0,0,1,0,1,1,0,3,4,4,4,3,0,1,3,4,3,1,1,3,0,4,4,2
451,1,0,0,1,0,1,0,0,1,0,0,0,0,0,1,0,1,1,2,4,3,0,0,0,3,4,1,0,4,2,2,3,4,4,4,2
452,1,0,0,1,0,1,1,1,0,1,1,1,1,1,0,1,0,0,0,3,4,4,4,3,0,1,3,4,3,1,1,2,0,3,1,0
453,1,0,0,1,0,1,0,0,1,0,0,0,0,0,1,0,1,1,0,3,4,4,4,3,2,2,4,1,2,4,4,3,4,1,4,1
455,1,0,0,1,0,1,0,0,1,0,0,0,0,0,1,0,1,1,0,3,4,4,4,3,2,2,4,1,2,4,1,2,0,3,1,0
456,1,0,0,1,0,1,0,0,1,0,0,0,0,0,1,0,1,1,1,1,1,3,2,2,3,4,1,0,4,2,4,4,4,1,0,1
457,1,0,0,1,0,1,0,0,1,0,0,0,0,0,1,0,1,1,1,1,1,3,2,2,3,4,1,0,4,2,4,3,4,4,4,2
458,1,0,0,1,0,1,0,0,1,0,0,0,0,0,1,0,1,1,0,3,4,4,4,3,2,2,4,1,2,4,1,2,0,3,1,0
459,1,0,0,1,0,1,1,1,0,1,1,1,0,0,1,0,1,1,0,3,4,4,4,3,2,2,4,1,2,4,1,2,0,3,1,0
460,1,0,0,1,0,1,0,0,1,0,0,0,0,0,1,0,1,1,0,3,4,4,4,3,2,1,4,1,2,4,1,2,0,3,1,0
478,0,1,1,0,1,0,1,1,0,1,1,1,1,1,0,1,0,0,3,2,2,1,1,1,4,0,0,2,1,0,0,1,1,0,2,3
479,1,0,0,1,0,1,0,0,1,0,0,0,0,0,1,0,1,1,4,0,0,2,3,4,1,3,2,3,0,3,2,0,3,2,3,4
480,0,1,1,0,1,0,1,1,0,1,1,1,1,1,0,1,0,0,0,3,4,4,4,3,0,1,3,4,3,1,1,2,0,3,1,0
481,0,1,1,0,1,0,1,1,0,1,1,1,1,1,0,1,0,0,0,3,4,4,4,3,4,0,0,2,1,0,0,2,1,3,1,3
482,1,0,0,1,0,1,0,0,1,0,0,0,0,0,1,0,1,1,4,0,0,2,3,4,0,1,3,4,3,1,4,3,4,4,4,2
484,1,0,0,1,0,1,0,0,1,0,0,0,0,0,1,0,1,1,0,3,4,4,4,3,2,2,4,1,2,4,3,4,2,1,0,1
485,0,1,1,0,1,0,0,0,1,0,0,0,1,1,0,1,0,0,0,3,4,4,4,3,2,2,4,1,2,4,1,2,0,3,1,0
486,1,0,0,1,0,1,0,0,1,0,0,0,0,0,1,0,1,1,0,3,4,4,4,3,2,2,4,1,2,4,4,3,4,4,4,2
487,1,0,0,1,0,1,1,1,0,1,1,1,0,0,1,0,1,1,0,3,4,4,4,3,0,1,3,4,3,1,3,4,2,1,0,1
489,1,0,0,1,0,1,0,0,1,0,0,0,0,0,1,0,1,1,1,1,1,3,2,2,3,4,1,0,4,2,4,4,4,1,0,1
490,0,1,1,0,1,0,0,0,1,0,0,0,0,0,1,0,1,1,0,3,4,4,4,3,2,2,4,1,2,4,1,2,0,3,1,0
491,0,1,1,0,1,0,0,0,1,0,0,0,0,0,1,0,1,1,4,0,0,2,3,4,2,3,4,1,2,4,3,4,2,1,0,1
492,0,1,1,0,1,0,0,0,1,0,0,0,0,0,1,0,1,1,0,3,4,4,4,3,1,3,2,3,0,3,3,4,2,2,0,4
493,1,0,0,1,0,1,0,0,1,0,0,0,0,0,1,0,1,1,1,1,1,3,2,2,3,4,1,0,4,2,4,4,4,1,0,1
494,1,0,0,1,0,1,0,0,1,0,0,0,0,0,1,0,1,1,1,1,1,3,2,2,3,4,1,0,4,2,3,4,2,1,0,1
495,1,0,0,1,0,1,0,0,1,0,0,0,0,0,1,0,1,1,4,0,0,2,3,4,1,3,2,3,0,3,2,0,3,2,3,4
496,1,0,0,1,0,1,0,0,1,0,0,0,0,0,1,0,1,1,1,1,1,3,2,2,3,4,1,0,4,2,3,4,2,1,0,1
497,1,0,0,1,0,1,0,0,1,0,0,0,0,0,1,0,1,1,1,1,1,3,2,2,3,4,1,0,4,2,1,3,0,4,4,0
498,0,1,1,0,1,0,1,1,0,1,1,1,1,1,0,1,0,0,0,3,4,4,4,3,2,2,4,1,2,4,1,2,0,3,1,0
499,1,0,0,1,0,1,0,0,1,0,0,0,0,0,1,0,1,1,0,3,4,4,4,3,2,2,4,1,2,4,3,4,2,1,0,1
501,1,0,0,1,0,1,0,0,1,0,0,0,0,0,1,0,1,1,1,1,1,3,2,2,2,2,4,1,2,4,4,4,4,1,4,1
502,0,1,1,0,1,0,0,0,1,0,0,0,0,0,1,0,1,1,4,0,0,2,3,4,2,2,4,1,2,4,3,4,2,1,0,1
503,1,0,0,1,0,1,0,0,1,0,0,0,0,0,1,0,1,1,1,1,1,3,2,2,3,4,1,0,4,2,3,4,2,1,0,1
504,0,1,1,0,1,0,1,1,0,1,1,1,1,1,0,1,0,0,3,2,2,1,1,1,4,0,0,2,1,0,0,1,1,0,2,3
505,1,0,0,1,0,1,0,0,1,0,0,0,0,0,1,0,1,1,1,1,1,3,2,2,0,1,3,4,3,1,1,2,0,3,1,0
506,0,1,1,0,1,0,1,1,0,1,1,1,1,1,0,1,0,0,0,3,4,4,4,3,4,0,0,2,1,0,1,2,0,3,1,0
507,0,1,1,0,1,0,1,1,0,1,1,1,1,1,0,1,0,0,0,3,4,4,4,3,4,0,0,2,1,0,1,2,0,3,1,0
508,1,0,0,1,0,1,0,0,1,0,0,0,1,1,0,1,0,0,1,1,1,3,2,2,0,1,3,4,3,1,1,2,0,3,1,0
509,0,1,1,0,1,0,1,1,0,1,1,1,1,1,0,1,0,0,0,3,4,4,4,3,4,0,0,2,1,0,1,2,0,3,1,0
510,0,1,1,0,1,0,1,1,0,1,1,1,1,1,0,1,0,0,0,3,4,4,4,3,4,0,0,2,1,0,1,2,0,3,1,0
511,1,0,0,1,0,1,0,0,1,0,0,0,0,0,1,0,1,1,2,4,3,0,0,0,0,1,3,4,3,1,1,2,0,3,1,0
512,1,0,0,1,0,1,0,0,1,0,0,0,0,0,1,0,1,1,2,4,3,0,0,0,0,1,3,4,3,1,4,3,4,4,4,2
515,1,0,0,1,0,1,1,1,0,1,1,1,1,1,0,1,0,0,0,3,4,4,4,3,2,1,4,1,3,1,1,2,0,3,1,0
516,1,0,0,1,0,1,0,0,1,0,0,0,0,0,1,0,1,1,4,0,0,2,3,4,1,3,2,3,0,3,2,0,3,2,3,2
517,0,1,1,0,1,0,1,1,0,1,1,1,0,0,1,0,1,1,0,3,4,4,4,3,2,2,4,1,2,4,1,2,0,3,1,0
518,1,0,0,1,0,1,0,0,1,0,0,0,0,0,1,0,1,1,2,4,3,0,0,0,0,1,3,4,3,1,4,3,4,4,4,2
519,1,0,0,1,0,1,0,0,1,0,0,0,0,0,1,0,1,1,1,1,1,3,2,2,2,2,4,1,2,4,3,4,2,1,0,1
520,1,0,0,1,0,1,0,0,1,0,0,0,0,0,1,0,1,1,4,0,0,2,3,4,3,4,1,0,4,2,2,0,3,2,3,4
521,1,0,0,1,0,1,0,0,1,0,0,0,0,0,1,0,1,1,4,0,0,2,3,4,1,3,2,3,0,3,2,3,3,4,3,2
522,1,0,0,1,0,1,0,0,1,0,0,0,0,0,1,0,1,1,2,4,3,0,0,0,3,4,1,0,4,2,2,0,3,2,3,4
523,1,0,0,1,0,1,0,0,1,0,0,0,0,0,1,0,1,1,4,0,0,2,3,4,3,4,1,0,4,2,2,0,3,2,3,4
524,1,0,0,1,0,1,0,0,1,0,0,0,0,0,1,0,1,1,1,1,1,3,2,2,2,2,4,1,2,4,4,3,4,4,4,2
525,1,0,0,1,0,1,0,0,1,0,0,0,0,0,1,0,1,1,1,1,1,3,2,2,2,2,4,1,2,4,3,4,2,1,0,1
527,1,0,0,1,0,1,0,0,1,0,0,0,0,0,1,0,1,1,1,1,1,3,2,2,0,1,3,4,3,1,4,3,4,4,4,2
528,1,0,0,1,0,1,0,0,1,0,0,0,0,0,1,0,1,1,1,1,1,3,2,2,3,4,1,0,4,2,3,4,2,1,0,1
529,1,0,0,1,0,1,0,0,1,0,0,0,0,0,1,0,1,1,1,1,1,3,2,2,0,1,3,4,3,1,1,2,0,3,1,0
530,1,0,0,1,0,1,0,0,1,0,0,0,0,0,1,0,1,1,1,1,1,3,2,2,0,1,3,4,3,1,1,3,0,4,4,0
531,1,0,0,1,0,1,0,0,1,0,0,0,0,0,1,0,1,1,1,1,1,3,2,2,3,4,1,0,4,2,4,4,4,1,0,1
532,1,0,0,1,0,1,0,0,1,0,0,0,0,0,1,0,1,1,1,1,1,3,2,2,2,2,4,1,2,4,4,3,4,4,4,2
533,1,0,0,1,0,1,0,0,1,0,0,0,0,0,1,0,1,1,1,1,1,3,2,2,1,3,2,3,0,3,4,3,4,4,4,2
534,1,0,0,1,0,1,0,0,1,0,0,0,0,0,1,0,1,1,1,1,1,3,2,2,3,4,1,0,4,2,4,0,4,4,4,2
535,1,0,0,1,0,1,0,0,1,0,0,0,0,0,1,0,1,1,1,1,1,3,2,2,0,1,3,4,3,1,1,2,0,3,1,0
536,1,0,0,1,0,1,0,0,1,0,0,0,0,0,1,0,1,1,1,1,1,3,2,2,1,3,2,3,0,3,4,3,4,4,4,2
537,1,0,0,1,0,1,0,0,1,0,0,0,0,0,1,0,1,1,1,1,1,3,2,2,2,2,4,1,2,4,4,4,4,1,0,1
538,1,0,0,1,0,1,0,0,1,0,0,0,0,0,1,0,1,1,2,4,3,0,0,0,3,4,1,0,4,2,4,3,4,4,4,2
539,1,0,0,1,0,1,0,0,1,0,0,0,0,0,1,0,1,1,1,0,1,2,2,2,2,2,4,1,2,4,4,4,4,1,4,1
540,1,0,0,1,0,1,0,0,1,0,0,0,0,0,1,0,1,1,1,1,1,3,2,2,3,4,1,0,4,2,1,2,0,3,1,0
541,1,0,0,1,0,1,0,0,1,0,0,0,0,0,1,0,1,1,1,1,1,3,2,2,1,3,2,3,0,3,2,0,3,2,3,4
542,1,0,0,1,0,1,0,0,1,0,0,0,0,0,1,0,1,1,1,1,1,3,2,2,3,4,1,0,4,2,3,4,2,1,0,1
543,1,0,0,1,0,1,0,0,1,0,0,0,0,0,1,0,1,1,1,1,1,3,2,2,3,4,1,0,4,2,4,3,4,4,4,0
544,1,0,0,1,0,1,0,0,1,0,0,0,0,0,1,0,1,1,1,1,1,3,2,2,1,3,2,3,0,3,4,3,4,4,4,2
545,1,0,0,1,0,1,0,0,1,0,0,0,0,0,1,0,1,1,1,1,1,3,2,2,0,1,3,4,3,1,4,3,4,4,4,2
546,1,0,0,1,0,1,0,0,1,0,0,0,0,0,1,0,1,1,4,0,0,2,3,4,1,3,2,3,0,3,2,0,3,2,3,4
547,1,0,0,1,0,1,0,0,1,0,0,0,0,0,1,0,1,1,4,0,0,2,3,4,0,1,3,4,3,1,4,3,4,4,4,2
548,1,0,0,1,0,1,0,0,1,0,0,0,0,0,1,0,1,1,1,1,1,3,2,2,3,4,1,0,4,2,2,0,3,2,3,4
549,1,0,0,1,0,1,0,0,1,0,0,0,0,0,1,0,1,1,1,1,1,3,2,2,1,3,2,3,0,3,4,3,4,4,4,2
550,1,0,0,1,0,1,0,0,1,0,0,0,0,0,1,0,1,1,1,1,1,3,2,2,1,3,2,3,0,3,4,3,4,4,4,0
552,1,0,0,1,0,1,0,0,1,0,0,0,0,0,1,0,1,1,1,1,1,3,2,2,3,4,1,0,4,2,4,3,4,4,4,2
553,1,0,0,1,0,1,0,0,1,0,0,0,0,0,1,0,1,1,4,0,0,2,3,4,1,3,2,3,0,3,2,0,3,2,3,4
554,1,0,0,1,0,1,0,0,1,0,0,0,0,0,1,0,1,1,1,1,1,3,2,2,3,4,1,0,4,2,1,2,0,3,1,0
555,1,0,0,1,0,1,0,0,1,0,0,0,0,0,1,0,1,1,4,0,0,2,3,4,1,3,2,3,0,3,2,0,3,2,3,4
556,1,0,0,1,0,1,0,0,1,0,0,0,0,0,1,0,1,1,1,1,1,3,2,2,3,4,1,0,4,2,3,4,2,1,0,1
557,1,0,0,1,0,1,0,0,1,0,0,0,0,0,1,0,1,1,1,1,1,3,2,2,3,4,1,0,4,2,3,4,2,1,0,1
558,1,0,0,1,0,1,0,0,1,0,0,0,0,0,1,0,1,1,1,1,1,3,2,2,2,2,4,1,2,4,3,4,2,1,0,4
559,1,0,0,1,0,1,0,0,1,0,0,0,0,0,1,0,1,1,1,1,1,3,2,2,0,1,3,4,3,1,4,3,4,4,4,2
560,1,0,0,1,0,1,0,0,1,0,0,0,0,0,1,0,1,1,1,1,1,3,2,2,1,3,2,3,0,3,3,4,2,1,0,1
561,1,0,0,1,0,1,0,0,1,0,0,0,0,0,1,0,1,1,1,1,1,3,2,2,3,4,1,0,4,2,4,3,4,4,4,2
562,1,0,0,1,0,1,0,0,1,0,0,0,0,0,1,0,1,1,4,0,0,2,3,4,1,3,2,3,0,3,2,0,3,4,3,2
563,1,0,0,1,0,1,0,0,1,0,0,0,0,0,1,0,1,1,4,0,0,2,3,4,1,3,2,3,0,3,4,3,4,4,4,2
564,1,0,0,1,0,1,0,0,1,0,0,0,0,0,1,0,1,1,1,1,1,3,2,2,2,2,4,1,2,4,2,0,3,2,3,4
565,1,0,0,1,0,1,0,0,1,0,0,0,0,0,1,0,1,1,4,0,0,2,3,4,1,3,2,3,0,3,2,0,3,2,3,4
566,1,0,0,1,0,1,0,0,1,0,0,0,0,0,1,0,1,1,4,0,0,2,3,4,1,3,2,3,0,3,2,0,3,2,3,4
567,1,0,0,1,0,1,0,0,1,0,0,0,0,0,1,0,1,1,1,1,1,3,2,2,2,2,4,1,2,4,4,4,4,1,4,2
568,1,0,0,1,0,1,0,0,1,0,0,0,0,0,1,0,1,1,1,1,1,3,2,2,0,1,3,4,3,1,4,3,4,4,4,2
569,1,0,0,1,0,1,0,0,1,0,0,0,0,0,1,0,1,1,1,1,1,3,2,2,3,4,1,0,4,2,4,0,4,4,3,2
570,1,0,0,1,0,1,0,0,1,0,0,0,0,0,1,0,1,1,2,4,3,0,0,0,1,3,2,3,0,3,2,0,3,2,3,4
571,1,0,0,1,0,1,0,0,1,0,0,0,0,0,1,0,1,1,1,1,1,3,2,2,0,1,3,4,3,1,4,3,4,4,4,2
572,1,0,0,1,0,1,0,0,1,0,0,0,0,0,1,0,1,1,2,4,3,0,0,0,3,4,1,0,4,2,4,3,4,4,4,2
574,1,0,0,1,0,1,0,0,1,0,0,0,0,0,1,0,1,1,1,1,1,3,2,2,2,1,4,1,2,4,1,3,0,4,4,0
578,0,1,1,0,1,0,1,1,0,1,1,1,1,1,0,1,0,0,0,3,4,4,4,3,4,0,0,2,1,0,0,2,1,3,1,3
579,1,0,0,1,0,1,1,1,0,1,1,1,1,1,0,1,0,0,0,3,4,4,4,3,0,1,3,4,3,1,1,2,0,3,1,0
580,0,1,1,0,1,0,0,0,1,0,0,0,1,1,0,1,0,0,0,3,4,4,4,3,2,2,4,1,2,4,3,4,2,1,0,1
581,0,1,1,0,1,0,0,0,1,0,0,0,1,1,0,1,0,0,0,3,4,4,4,3,2,2,4,1,2,4,1,2,0,3,1,0
582,0,1,1,0,1,0,1,1,0,1,1,1,0,0,1,0,1,1,0,3,4,4,4,3,0,1,3,4,3,1,1,4,0,1,0,1
583,1,0,0,1,0,1,0,0,1,0,0,0,0,0,1,0,1,1,1,1,1,3,2,2,2,2,4,1,2,4,3,4,2,1,0,1
584,1,0,0,1,0,1,0,0,1,0,0,0,0,0,1,0,1,1,1,1,1,3,2,2,2,2,4,1,2,4,4,4,4,1,4,1
585,1,0,0,1,0,1,1,1,0,1,1,1,0,0,1,0,1,1,1,1,1,3,2,2,0,1,3,4,3,1,1,3,0,4,4,0
586,0,1,1,0,1,0,1,1,0,1,1,1,1,1,0,1,0,0,0,3,4,4,4,3,2,2,4,1,2,4,1,2,0,3,1,0
587,0,1,1,0,1,0,1,1,0,1,1,1,0,0,1,0,1,1,0,3,4,4,4,3,2,0,4,1,1,0,3,4,2,1,0,1
588,1,0,0,1,0,1,0,0,1,0,0,0,0,0,1,0,1,1,1,1,1,3,2,2,2,2,4,1,2,4,4,4,4,1,4,1
589,1,0,0,1,0,1,0,0,1,0,0,0,0,0,1,0,1,1,0,3,4,4,4,3,2,2,4,1,2,4,1,2,0,3,1,0
591,1,0,0,1,0,1,0,0,1,0,0,0,0,0,1,0,1,1,1,1,1,3,2,2,2,2,4,1,2,4,4,3,4,4,4,2
592,1,0,0,1,0,1,0,0,1,0,0,0,0,0,1,0,1,1,0,3,4,4,4,3,2,2,4,1,2,4,3,4,2,1,0,1
593,1,0,0,1,0,1,0,0,1,0,0,0,0,0,1,0,1,1,0,3,4,4,4,3,2,2,4,1,2,4,1,2,0,3,1,0
594,1,0,0,1,0,1,0,0,1,0,0,0,0,0,1,0,1,1,1,1,1,3,2,2,2,2,4,1,2,4,1,2,0,3,1,0
595,1,0,0,1,0,1,0,0,1,0,0,0,0,0,1,0,1,1,1,1,1,3,2,2,2,2,4,1,2,4,4,3,4,4,4,0
598,1,0,0,1,0,1,0,0,1,0,0,0,0,0,1,0,1,1,1,1,1,3,2,2,2,2,4,1,2,4,4,2,4,3,1,0
599,1,0,0,1,0,1,0,0,1,0,0,0,0,0,1,0,1,1,1,1,1,3,2,2,2,2,4,1,2,4,1,3,0,4,4,0
600,1,0,0,1,0,1,0,0,1,0,0,0,0,0,1,0,1,1,1,1,1,3,2,2,2,2,4,1,2,4,1,2,0,3,1,0
601,0,1,1,0,1,0,0,0,1,0,0,0,1,1,0,1,0,0,0,3,4,4,4,3,2,2,4,1,2,4,1,2,0,3,1,0
602,1,0,0,1,0,1,0,0,1,0,0,0,0,0,1,0,1,1,1,1,1,3,2,2,2,2,4,1,2,4,3,4,2,1,0,1
603,1,0,0,1,0,1,0,0,1,0,0,0,0,0,1,0,1,1,1,1,1,3,2,2,2,2,4,1,2,4,4,3,4,4,4,2
604,0,1,1,0,1,0,1,1,0,1,1,1,1,1,0,1,0,0,0,3,4,4,4,3,2,2,4,1,2,4,0,2,1,3,1,3
605,0,1,1,0,1,0,0,0,1,0,0,0,1,1,0,1,0,0,0,3,4,4,4,3,2,2,4,1,2,4,3,4,2,1,0,1
606,0,1,1,0,1,0,0,0,1,0,0,0,1,1,0,1,0,0,0,3,4,4,4,3,2,2,4,1,2,4,1,2,0,3,1,0
607,0,1,1,0,1,0,1,1,0,1,1,1,1,1,0,1,0,0,0,3,4,4,4,3,2,2,4,1,2,4,1,2,0,3,1,0
608,0,1,1,0,1,0,1,1,0,1,1,1,1,1,0,1,0,0,0,3,4,4,4,3,4,0,0,2,1,0,0,1,1,0,2,3
612,0,1,1,0,1,0,1,1,0,1,1,1,1,1,0,1,0,0,0,3,4,4,4,3,4,0,0,2,1,0,0,2,1,3,1,3
613,1,0,0,1,0,1,0,0,1,0,0,0,0,0,1,0,1,1,1,1,1,3,2,2,2,2,4,1,2,4,4,3,4,4,4,2
614,1,0,0,1,0,1,0,0,1,0,0,0,0,0,1,0,1,1,1,1,1,3,2,2,2,2,4,1,2,4,3,4,2,1,0,1
615,1,0,0,1,0,1,0,0,1,0,0,0,0,0,1,0,1,1,1,1,1,3,2,2,2,2,4,1,2,4,3,4,2,1,0,1
616,1,0,0,1,0,1,0,0,1,0,0,0,0,0,1,0,1,1,1,1,1,3,2,2,0,2,3,4,3,1,4,4,4,1,0,1
621,1,0,0,1,0,1,0,0,1,0,0,0,0,0,1,0,1,1,1,1,1,3,2,2,2,2,4,1,2,4,3,4,2,1,0,1
666,0,1,1,0,1,0,1,1,0,1,1,1,1,1,0,1,0,0,3,2,2,1,1,1,4,0,0,2,1,0,0,1,1,0,2,3
667,1,0,0,1,0,1,1,1,0,1,1,1,1,1,0,1,0,0,0,3,4,4,4,3,0,1,3,4,3,1,1,2,0,3,1,0
668,1,0,0,1,0,1,0,0,1,0,0,0,0,0,1,0,1,1,2,4,3,0,0,0,1,3,2,3,0,3,4,3,4,4,4,2
669,1,0,0,1,0,1,0,0,1,0,0,0,0,0,1,0,1,1,2,4,3,0,0,0,0,1,3,4,3,1,4,3,4,4,4,2
670,1,0,0,1,0,1,0,0,1,0,0,0,1,1,0,1,0,0,2,4,3,0,0,0,0,1,3,4,3,1,1,2,0,3,1,0
671,1,0,0,1,0,1,0,0,1,0,0,0,0,0,1,0,1,1,2,4,3,0,0,0,0,1,3,4,3,1,1,3,0,4,4,0
674,1,0,0,1,0,1,1,1,0,1,1,1,1,1,0,1,0,0,0,3,4,4,4,3,0,1,3,4,3,1,1,2,0,3,1,0
675,1,0,0,1,0,1,1,1,0,1,1,1,0,0,1,0,1,1,1,1,1,3,2,2,0,1,3,4,3,1,1,3,0,4,1,0
676,0,1,1,0,1,0,1,1,0,1,1,1,1,1,0,1,0,0,0,3,4,4,4,3,4,0,0,2,1,0,1,2,0,3,1,0
677,1,0,0,1,0,1,0,0,1,0,0,0,0,0,1,0,1,1,2,4,3,0,0,0,0,1,3,4,3,1,1,2,0,3,1,0
679,0,1,1,0,1,0,1,1,0,1,1,1,1,1,0,1,0,0,0,3,4,4,4,3,4,0,0,2,1,0,1,2,0,3,1,0
680,1,0,0,1,0,1,1,1,0,1,1,1,0,0,1,0,1,1,0,3,4,4,4,3,0,1,3,4,3,1,1,3,0,4,1,0
683,1,0,0,1,0,1,0,0,1,0,0,0,0,0,1,0,1,1,4,0,0,2,3,4,1,3,2,3,0,3,4,3,4,4,4,2
685,1,0,0,1,0,1,0,0,1,0,0,0,0,0,1,0,1,1,0,3,4,4,4,3,2,2,4,1,2,4,2,0,3,2,3,4
686,0,1,1,0,1,0,1,1,0,1,1,1,1,1,0,1,0,0,0,3,4,4,4,3,4,0,0,2,1,0,1,2,0,3,1,0
687,1,0,0,1,0,1,0,0,1,0,0,0,0,0,1,0,1,1,4,0,0,2,3,4,1,3,2,3,0,3,2,0,3,2,3,4
689,1,0,0,1,0,1,0,0,1,0,0,0,0,0,1,0,1,1,2,4,3,0,0,0,0,1,3,4,3,1,1,3,0,4,4,2
690,1,0,0,1,0,1,0,0,1,0,0,0,0,0,1,0,1,1,1,1,1,3,2,2,3,4,1,0,4,2,4,0,4,4,4,2
691,1,0,0,1,0,1,0,0,1,0,0,0,0,0,1,0,1,1,2,4,3,0,0,0,3,4,1,0,4,2,3,0,2,2,3,4
692,1,0,0,1,0,1,0,0,1,0,0,0,0,0,1,0,1,1,4,0,0,2,3,4,1,3,2,3,0,3,2,0,3,2,3,4
693,0,1,1,0,1,0,1,1,0,1,1,1,1,1,0,1,0,0,0,3,4,4,4,3,4,0,0,2,1,0,1,2,0,3,1,0
694,1,0,0,1,0,1,0,0,1,0,0,0,0,0,1,0,1,1,2,4,3,0,0,0,3,4,1,0,4,2,4,3,4,4,4,2
695,1,0,0,1,0,1,0,0,1,0,0,0,0,0,1,0,1,1,4,4,0,0,3,4,0,1,3,4,3,1,2,3,3,4,4,2
696,1,0,0,1,0,1,0,0,1,0,0,0,0,0,1,0,1,1,4,0,0,2,3,4,2,2,4,1,2,4,3,4,2,1,0,1
697,1,0,0,1,0,1,0,0,1,0,0,0,0,0,1,0,1,1,2,4,3,0,0,0,3,4,1,0,4,2,4,3,4,4,4,2
698,1,0,0,1,0,1,0,0,1,0,0,0,0,0,1,0,1,1,4,0,0,2,3,4,1,3,2,3,0,3,1,2,0,3,1,0
699,1,0,0,1,0,1,0,0,1,0,0,0,0,0,1,0,1,1,4,0,0,2,3,4,3,4,1,0,4,2,2,0,3,2,3,4
701,1,0,0,1,0,1,0,0,1,0,0,0,0,0,1,0,1,1,1,1,1,3,2,2,0,1,3,4,3,1,1,3,4,4,4,2
702,1,0,0,1,0,1,0,0,1,0,0,0,0,0,1,0,1,1,2,4,3,0,0,0,0,1,3,4,3,1,1,3,0,4,4,2
703,1,0,0,1,0,1,0,0,1,0,0,0,0,0,1,0,1,1,2,4,3,0,0,0,3,4,1,0,4,2,4,3,4,4,4,2
704,1,0,0,1,0,1,0,0,1,0,0,0,0,0,1,0,1,1,1,1,1,3,2,2,0,1,3,4,3,1,4,3,4,4,4,2
705,1,0,0,1,0,1,0,0,1,0,0,0,0,0,1,0,1,1,2,4,3,0,0,0,0,1,3,4,3,1,1,3,0,4,4,2
706,1,0,0,1,0,1,0,0,1,0,0,0,0,0,1,0,1,1,4,0,0,2,3,4,3,4,1,0,4,2,2,0,3,2,3,4
708,1,0,0,1,0,1,0,0,1,0,0,0,0,0,1,0,1,1,1,1,1,3,2,2,2,2,4,1,2,4,3,4,2,1,0,1
710,1,0,0,1,0,1,0,0,1,0,0,0,0,0,1,0,1,1,2,4,3,0,0,0,0,1,3,4,3,1,4,3,4,4,4,2
711,1,0,0,1,0,1,0,0,1,0,0,0,0,0,1,0,1,1,1,1,1,3,2,2,2,2,4,1,2,4,1,3,4,4,4,0
712,1,0,0,1,0,1,0,0,1,0,0,0,0,0,1,0,1,1,2,4,3,0,0,0,3,4,1,0,4,2,2,0,3,2,3,4
713,1,0,0,1,0,1,0,0,1,0,0,0,0,0,1,0,1,1,1,1,1,3,2,2,3,4,1,0,4,2,4,0,4,1,0,2
714,1,0,0,1,0,1,0,0,1,0,0,0,0,0,1,0,1,1,2,4,3,0,0,0,0,1,3,4,3,1,4,3,4,4,4,2
715,1,0,0,1,0,1,0,0,1,0,0,0,0,0,1,0,1,1,2,4,3,0,0,0,1,3,2,3,0,3,2,0,3,2,3,4
716,1,0,0,1,0,1,0,0,1,0,0,0,1,1,0,1,0,0,0,3,4,4,4,3,0,1,3,4,3,1,1,2,0,3,1,0
717,1,0,0,1,0,1,0,0,1,0,0,0,0,0,1,0,1,1,1,1,1,3,2,2,3,4,1,0,4,2,1,3,0,4,4,0
719,1,0,0,1,0,1,0,0,1,0,0,0,0,0,1,0,1,1,4,0,0,2,3,4,1,3,2,3,0,3,2,3,3,4,3,2
721,1,0,0,1,0,1,0,0,1,0,0,0,0,0,1,0,1,1,4,0,0,2,3,4,1,3,2,3,0,3,2,0,3,2,3,4
722,1,0,0,1,0,1,0,0,1,0,0,0,0,0,1,0,1,1,1,1,1,3,2,2,0,1,3,4,3,1,1,3,0,4,1,0
723,1,0,0,1,0,1,0,0,1,0,0,0,0,0,1,0,1,1,2,4,3,0,0,0,3,4,1,0,4,2,4,3,4,4,4,2
725,1,0,0,1,0,1,1,1,0,1,1,1,0,0,1,0,1,1,1,1,1,3,2,2,0,1,3,4,3,1,1,3,0,4,4,0
727,0,1,1,0,1,0,1,1,0,1,1,1,1,1,0,1,0,0,3,2,2,1,1,1,4,0,0,2,1,0,0,1,1,0,2,3
731,1,0,0,1,0,1,1,1,0,1,1,1,1,1,0,1,0,0,0,3,4,4,4,3,0,1,3,4,3,1,1,2,0,3,1,0
734,1,0,0,1,0,1,0,0,1,0,0,0,0,0,1,0,1,1,2,4,3,0,0,0,3,4,1,0,4,2,4,3,4,4,4,2
735,1,1,1,0,0,0,0,0,1,0,0,0,1,1,0,1,0,0,0,3,4,4,4,3,2,2,4,1,2,4,1,2,0,3,1,0
736,1,0,0,1,0,1,0,0,1,0,0,0,0,0,1,0,1,1,1,1,1,3,2,2,3,4,1,0,4,2,3,4,2,1,0,1
737,1,0,0,1,0,1,0,0,1,0,0,0,0,0,1,0,1,1,1,1,1,3,2,2,3,4,1,0,4,2,4,3,4,4,4,2
738,1,0,0,1,0,1,0,0,1,0,0,0,0,0,1,0,1,1,1,1,1,3,2,2,0,1,3,4,3,1,4,3,4,4,4,2
739,1,0,0,1,0,1,0,0,1,0,0,0,0,0,1,0,1,1,2,4,3,0,0,0,0,1,3,4,3,1,4,3,4,4,4,2
741,1,0,0,1,0,1,0,0,1,0,0,0,0,0,1,0,1,1,1,1,1,3,2,2,0,1,3,4,3,1,1,3,0,4,4,0
742,1,0,0,1,0,1,0,0,1,0,0,0,0,0,1,0,1,1,1,1,1,3,2,2,3,4,1,0,4,2,1,3,0,4,4,0
743,1,0,0,1,0,1,0,0,1,0,0,0,0,0,1,0,1,1,1,1,1,3,2,2,3,4,1,0,4,2,4,3,4,4,4,2
744,1,0,0,1,0,1,0,0,1,0,0,0,0,0,1,0,1,1,1,1,1,3,2,2,2,2,4,1,2,4,4,3,4,4,4,0
745,1,0,0,1,0,1,0,0,1,0,0,0,0,0,1,0,1,1,2,4,3,0,0,0,3,4,1,0,4,2,4,3,4,4,4,2
746,1,0,0,1,0,1,0,0,1,0,0,0,0,0,1,0,1,1,1,1,1,3,2,2,3,4,1,0,4,2,4,4,4,1,0,1
747,1,0,0,1,0,1,0,0,1,0,0,0,0,0,1,0,1,1,1,1,1,3,2,2,0,1,3,4,3,1,4,3,4,4,4,2
748,1,0,0,1,0,1,1,1,0,1,1,1,1,1,0,1,0,0,0,3,4,4,4,3,0,1,3,4,3,1,1,2,0,3,1,0
749,1,0,0,1,0,1,0,0,1,0,0,0,0,0,1,0,1,1,1,1,1,3,2,2,2,2,4,1,2,4,4,3,4,4,4,2
751,1,0,0,1,0,1,0,0,1,0,0,0,0,0,1,0,1,1,1,1,1,3,2,2,0,1,3,4,3,1,4,3,4,4,4,2
752,1,0,0,1,0,1,0,0,1,0,0,0,0,0,1,0,1,1,1,1,1,3,2,2,3,4,1,0,4,2,4,3,4,4,4,2
753,1,0,0,1,0,1,0,0,1,0,0,0,0,0,1,0,1,1,1,1,1,3,2,2,3,4,1,0,4,2,4,4,4,1,4,1
754,1,0,0,1,0,1,0,0,1,0,0,0,0,0,1,0,1,1,1,1,1,3,2,2,2,2,4,1,2,4,1,2,0,3,1,0
755,1,0,0,1,0,1,0,0,1,0,0,0,0,0,1,0,1,1,2,4,3,0,0,0,3,4,1,0,4,2,4,3,4,4,4,2
756,1,0,0,1,0,1,0,0,1,0,0,0,0,0,1,0,1,1,1,1,1,3,2,2,0,1,3,4,3,1,1,3,0,4,4,0
757,0,1,1,0,1,0,1,1,0,1,1,1,1,1,0,1,0,0,0,3,4,4,4,3,4,0,0,2,1,0,1,2,0,3,1,0
758,1,0,0,1,0,1,0,0,1,0,0,0,0,0,1,0,1,1,1,1,1,3,2,2,2,2,4,1,2,4,4,4,4,1,0,1
760,1,0,0,1,0,1,0,0,1,0,0,0,0,0,1,0,1,1,4,0,0,2,3,4,3,4,1,0,4,2,1,3,0,4,1,0
761,1,0,0,1,0,1,0,0,1,0,0,0,0,0,1,0,1,1,1,1,1,3,2,2,3,4,1,0,4,2,4,3,4,4,4,2
763,0,1,1,0,1,0,1,1,0,1,1,1,1,1,0,1,0,0,0,3,4,4,4,3,0,1,3,4,3,1,1,2,0,3,1,0
764,1,0,0,1,0,1,0,0,1,0,0,0,0,0,1,0,1,1,1,1,1,3,2,2,2,2,4,1,2,4,3,4,2,1,0,1
765,1,0,0,1,0,1,0,0,1,0,0,0,0,0,1,0,1,1,1,1,1,3,2,2,3,4,1,0,4,2,4,3,4,4,4,2
766,1,0,0,1,0,1,1,1,0,1,1,1,0,0,1,0,0,1,0,3,4,4,4,3,0,1,3,4,3,1,1,2,0,3,1,0
767,1,0,0,1,0,1,0,0,1,0,0,0,0,0,1,0,1,1,1,1,1,3,2,2,0,1,3,4,3,1,1,2,0,3,1,0
769,1,0,0,1,0,1,0,0,1,0,0,0,0,0,1,0,1,1,2,4,3,0,0,0,3,4,1,0,4,2,4,3,4,4,4,2
770,1,0,0,1,0,1,0,0,1,0,0,0,0,0,1,0,1,1,1,1,1,3,2,2,3,4,1,0,4,2,3,4,2,1,0,1
771,1,0,0,1,0,1,0,0,1,0,0,0,0,0,1,0,1,1,1,1,1,3,2,2,3,4,1,0,4,2,3,4,2,1,0,1
773,1,0,0,1,0,1,0,0,1,0,0,0,0,0,1,0,1,1,1,1,1,3,2,2,2,2,4,1,2,4,3,4,2,1,0,1
774,1,0,0,1,0,1,0,0,1,0,0,0,0,0,1,0,1,1,1,1,1,3,2,2,3,4,1,0,4,2,4,4,4,1,0,1
775,0,1,1,0,1,0,1,1,0,1,1,1,1,1,0,1,0,0,3,2,2,1,1,1,4,0,0,2,1,0,0,1,1,0,2,3
776,0,1,1,0,1,0,1,1,0,1,1,1,1,1,0,1,0,0,0,3,4,4,4,3,0,1,3,4,3,1,1,2,0,3,1,0
777,0,1,1,0,1,0,1,1,0,1,1,1,1,1,0,1,0,0,0,3,4,4,4,3,4,0,0,2,1,0,0,2,1,3,1,3
778,0,1,1,0,1,0,1,1,0,1,1,1,0,0,1,1,0,1,0,3,4,4,4,3,0,1,3,4,3,1,1,2,0,3,1,0
779,1,0,0,1,0,1,0,0,1,0,0,0,0,0,1,0,1,1,1,1,1,3,2,2,0,1,3,4,3,1,4,3,4,4,4,2
780,1,0,0,1,0,1,0,0,1,0,0,0,0,0,1,0,1,1,1,1,1,4,2,2,0,1,3,4,3,1,1,2,0,3,1,0
781,1,0,0,1,0,1,0,0,1,0,0,0,0,0,1,0,1,1,1,1,1,3,2,2,0,1,3,4,3,1,4,3,4,4,4,0
782,0,1,1,0,1,0,1,1,0,1,1,1,1,1,0,1,0,0,0,3,4,4,4,3,4,0,0,2,1,0,0,2,1,3,1,3
783,1,0,0,1,0,1,0,0,1,0,0,0,0,0,1,0,1,1,1,1,1,3,2,2,0,1,3,4,3,1,4,3,4,4,4,2
784,1,0,0,1,0,1,1,1,0,1,1,1,0,0,1,0,1,1,1,1,1,3,2,2,0,1,3,4,3,1,1,2,0,3,1,0
785,0,1,1,0,1,0,1,1,0,1,1,1,1,1,0,1,0,0,3,2,2,1,1,1,4,0,0,2,1,0,0,1,1,0,2,3
787,1,0,0,1,0,1,0,0,1,0,0,0,0,0,1,0,1,1,1,1,1,3,2,2,2,2,4,1,2,4,3,4,2,1,0,1
788,0,1,1,0,1,0,0,0,1,0,0,0,0,0,1,0,1,1,0,3,4,4,4,3,2,2,4,1,2,4,3,4,2,1,0,1
789,1,0,0,1,0,1,1,1,0,1,1,1,0,0,1,0,1,1,0,3,4,4,4,3,2,1,4,1,2,1,1,2,0,3,1,0
790,1,0,0,1,0,1,1,1,0,1,1,1,0,0,1,0,1,1,1,1,1,3,2,2,2,2,4,1,2,4,3,4,2,1,0,1
791,1,0,0,1,0,1,0,0,1,0,0,0,0,0,1,0,1,1,1,1,1,3,2,2,2,2,4,1,2,4,3,4,2,1,0,1
792,1,0,0,1,0,1,0,0,1,0,0,0,0,0,1,0,1,1,1,1,1,3,2,2,2,2,4,1,2,4,3,4,2,1,0,1
793,1,0,0,1,0,1,0,0,1,0,0,0,0,0,1,0,1,1,1,1,1,3,2,2,3,4,1,0,4,2,3,4,2,1,0,1
794,0,1,1,0,1,0,0,0,1,0,0,0,1,1,0,1,0,0,0,3,4,4,4,3,2,2,4,1,2,4,1,2,0,3,1,0
795,1,0,0,1,0,1,0,0,1,0,0,0,0,0,1,0,1,1,1,1,1,3,2,2,3,4,1,0,4,2,4,4,4,1,4,1
796,1,0,0,1,0,1,0,0,1,0,0,0,0,0,1,0,1,1,1,1,1,3,2,2,2,2,4,1,2,4,3,4,2,1,0,1
797,1,0,0,1,0,1,0,0,1,0,0,0,0,0,1,0,1,1,1,1,1,3,2,2,2,2,4,1,2,4,4,4,4,1,4,1
798,1,0,0,1,0,1,0,0,1,0,0,0,0,0,1,0,1,1,1,1,1,3,2,2,2,2,4,1,2,4,4,4,4,1,4,1
799,1,0,0,1,0,1,0,0,1,0,0,0,0,0,1,0,1,1,1,1,1,3,2,2,0,1,3,4,3,1,4,3,4,4,4,2
800,1,0,0,1,0,1,0,0,1,0,0,0,0,0,1,0,1,1,1,1,1,3,2,2,2,2,4,1,2,4,3,4,2,1,0,1
801,1,0,0,1,0,1,0,0,1,0,0,0,0,0,1,0,1,1,1,1,1,3,2,2,2,2,4,1,2,4,4,4,2,1,0,1
802,1,0,0,1,0,1,0,0,1,0,0,0,0,0,1,0,1,1,1,1,1,3,2,2,3,4,1,0,4,2,4,3,4,4,4,2
803,1,0,0,1,0,1,0,0,1,0,0,0,0,0,1,0,1,1,1,1,1,3,2,2,2,2,4,1,2,4,4,3,4,4,4,0
804,1,0,0,1,0,1,0,0,1,0,0,0,0,0,1,0,1,1,1,1,1,3,2,2,2,2,4,1,2,4,4,3,4,4,4,2
805,1,0,0,1,0,1,0,0,1,0,0,0,0,0,1,0,1,1,1,1,1,3,2,2,2,2,4,1,2,4,4,3,4,1,4,0
806,1,0,0,1,0,1,0,0,1,0,0,0,0,0,1,0,1,1,1,1,1,3,2,2,2,2,4,1,2,4,4,3,4,4,4,0
807,1,0,0,1,0,1,0,0,1,0,0,0,0,0,1,0,1,1,1,1,1,3,2,2,2,2,4,1,2,4,4,4,4,1,0,1
808,1,0,0,1,0,1,0,0,1,0,0,0,0,0,1,0,1,1,1,1,1,3,2,2,3,4,1,0,4,2,3,4,2,1,0,1
809,0,1,1,0,1,0,1,1,0,1,1,1,1,1,0,1,0,0,3,2,2,1,1,1,4,0,0,2,1,0,0,1,1,0,2,3
810,1,0,0,1,0,1,1,1,0,1,1,1,1,1,0,1,0,0,4,0,0,2,3,4,1,3,2,3,0,3,1,2,0,3,1,0
811,0,1,1,0,1,0,1,1,0,1,1,1,1,1,0,1,0,0,3,2,2,1,1,1,4,0,0,2,1,0,0,1,1,0,2,3
812,0,1,1,0,1,0,1,1,0,1,1,1,1,1,0,1,0,0,3,2,2,1,1,1,4,0,0,2,1,0,0,1,1,0,2,3
813,0,1,1,0,1,0,1,1,0,1,1,1,1,1,0,1,0,0,3,2,2,1,1,1,4,0,0,2,1,0,0,2,1,3,1,3
814,1,0,0,1,0,1,1,1,0,1,1,1,1,1,0,1,0,0,4,0,0,2,3,4,1,3,2,3,0,3,2,2,3,3,3,0
815,1,0,0,1,0,1,0,0,1,0,0,0,1,1,0,1,0,0,4,0,0,2,3,4,1,3,2,3,0,3,1,2,0,3,1,0
817,1,0,0,1,0,1,0,0,1,0,0,0,0,0,1,0,1,1,2,4,3,0,0,0,0,1,3,4,3,1,1,2,0,3,1,0
818,0,1,1,0,1,0,1,1,0,1,1,1,1,1,0,1,0,0,4,0,0,2,3,4,0,1,3,4,3,1,1,2,0,3,1,0
819,0,1,1,0,1,0,1,1,0,1,1,1,1,1,0,1,0,0,3,2,2,1,1,1,4,0,0,2,1,0,0,1,1,0,2,3
820,0,1,1,0,1,0,1,1,0,1,1,1,1,1,0,1,0,0,0,3,4,4,4,3,4,0,0,2,1,0,0,2,1,3,1,0
821,1,0,0,1,0,1,1,1,0,1,1,1,1,1,0,1,0,0,4,0,0,2,3,4,1,3,2,3,0,3,1,2,0,3,1,0
822,1,0,0,1,0,1,0,0,1,0,0,0,0,0,1,0,1,1,4,0,0,2,3,4,1,3,2,3,0,3,2,0,3,2,3,4
823,0,1,1,0,1,0,1,1,0,1,1,1,1,1,0,1,0,0,4,0,0,2,3,4,1,3,2,3,0,3,1,2,0,3,1,0
824,0,1,1,0,1,0,1,1,0,1,1,1,1,1,0,1,0,0,3,2,2,1,1,1,4,0,0,2,1,0,0,1,1,0,2,3
825,1,0,0,1,0,1,1,1,0,1,1,1,1,1,0,1,0,0,4,0,0,2,3,4,1,3,2,3,0,3,1,2,0,3,1,0
826,1,0,0,1,0,1,0,0,1,0,0,0,0,0,1,0,1,1,4,0,0,2,3,4,1,3,2,3,0,3,2,3,3,4,3,0
827,1,0,0,1,0,1,0,0,1,0,0,0,0,0,1,0,1,1,4,0,0,2,3,4,1,3,2,3,0,3,2,0,3,2,3,4
828,1,0,0,1,0,1,0,0,1,0,0,0,0,0,1,0,1,1,4,0,0,2,3,4,1,3,2,3,0,3,2,0,3,2,3,4
829,1,0,0,1,0,1,0,0,1,0,0,0,0,0,1,0,1,1,4,0,0,2,3,4,1,3,2,3,0,3,2,0,3,2,3,4
830,0,1,1,0,1,0,1,1,0,1,1,1,1,1,0,1,0,0,4,0,0,2,3,4,4,0,0,2,1,0,1,2,0,3,1,0
831,1,0,0,1,0,1,0,0,1,0,0,0,0,0,1,0,1,1,4,0,0,2,3,4,1,3,2,3,0,3,2,0,3,2,3,4
832,1,0,0,1,0,1,0,0,1,0,0,0,1,1,0,1,0,0,4,0,0,2,3,4,1,3,2,3,0,3,1,2,0,3,1,0
833,1,0,0,1,0,1,0,0,1,0,0,0,0,0,1,0,1,1,4,0,0,2,3,4,1,3,2,3,0,3,2,3,3,4,4,2
834,0,1,1,0,1,0,1,1,0,1,1,1,1,1,0,1,0,0,4,0,0,2,3,4,1,3,2,3,0,3,1,2,0,3,1,0
835,1,0,0,1,0,1,1,1,0,1,1,1,0,0,1,0,1,1,4,0,0,2,3,4,1,3,2,3,0,3,2,0,3,2,3,4
836,1,0,0,1,0,1,0,0,1,0,0,0,0,0,1,0,1,1,4,0,0,2,3,4,1,3,2,3,0,3,2,0,3,2,3,4
838,1,0,0,1,0,1,0,0,1,0,0,0,0,0,1,0,1,1,4,0,0,2,3,4,1,3,2,3,0,3,2,0,3,2,3,4
839,1,0,0,1,0,1,0,0,1,0,0,0,0,0,1,0,1,1,4,0,0,2,3,4,1,3,2,3,0,3,2,0,3,2,3,4
840,0,1,1,0,1,0,0,0,1,0,0,0,0,0,1,0,1,1,4,0,0,2,3,4,1,3,2,3,0,3,2,0,3,2,3,4
841,0,1,1,0,1,0,1,1,0,1,1,1,1,1,0,1,0,0,0,3,4,4,4,3,4,0,0,2,1,0,0,2,1,3,1,3
842,0,1,1,0,1,0,1,1,0,1,1,1,1,1,0,1,0,0,3,2,2,1,1,1,4,0,0,2,1,0,0,1,1,0,2,3
843,0,1,1,0,1,0,1,1,0,1,1,1,1,1,0,1,0,0,0,3,4,4,4,3,4,0,0,2,1,0,1,2,0,3,1,0
844,1,0,0,1,0,1,0,0,1,0,0,0,0,0,1,0,1,1,1,1,1,3,2,2,0,1,3,4,3,1,4,3,4,4,4,2
846,1,0,0,1,0,1,0,0,1,0,0,0,0,0,1,0,1,1,1,1,1,3,2,2,2,2,4,1,2,4,1,3,0,4,4,0
847,1,0,0,1,0,1,0,0,1,0,0,0,0,0,1,0,1,1,1,1,1,3,2,2,0,1,3,4,3,1,4,3,4,4,4,2
848,1,0,0,1,0,1,0,0,1,0,0,0,0,0,1,0,1,1,1,1,1,3,2,2,2,2,4,1,2,4,4,4,4,1,0,1
849,1,0,0,1,0,1,0,0,1,0,0,0,0,0,1,0,1,1,1,1,1,3,2,2,3,4,1,0,4,2,4,3,4,4,4,2
851,1,0,0,1,0,1,0,0,1,0,0,0,0,0,1,0,1,1,1,1,1,3,2,2,3,4,1,0,4,2,4,4,4,1,4,1
852,1,0,0,1,0,1,0,0,1,0,0,0,0,0,1,0,1,1,1,1,1,3,2,2,3,4,1,0,4,2,3,4,2,1,0,1
853,1,0,0,1,0,1,0,0,1,0,0,0,0,0,1,0,1,1,1,1,1,3,2,2,0,1,3,4,3,1,4,3,4,4,4,2
855,1,0,0,1,0,1,0,0,1,0,0,0,0,0,1,0,1,1,1,1,1,3,2,2,2,2,4,1,2,4,3,4,2,1,0,1
856,1,0,0,1,0,1,0,0,1,0,0,0,0,0,1,0,1,1,1,1,1,3,2,2,0,1,3,4,3,1,4,3,4,4,4,2
857,1,0,0,1,0,1,0,0,1,0,0,0,0,0,1,0,1,1,1,1,1,3,2,2,3,4,1,0,4,2,4,4,4,1,0,1
859,1,0,0,1,0,1,0,0,1,0,0,0,0,0,1,0,1,1,1,1,1,3,2,2,2,2,4,1,2,4,3,4,2,1,0,1
860,0,1,1,0,1,0,1,1,0,1,1,1,1,1,0,1,0,0,0,3,4,4,4,3,4,0,0,2,1,0,1,2,0,3,1,0
870,1,0,0,1,0,1,0,0,1,0,0,0,0,0,1,0,1,1,1,1,1,3,2,2,2,2,4,1,2,4,3,4,2,1,0,1
871,1,0,0,1,0,1,1,1,0,1,1,1,0,0,1,0,1,1,0,3,4,4,4,3,2,2,4,1,2,4,3,4,2,1,0,1
872,0,1,1,0,1,0,1,1,0,1,1,1,1,1,0,1,0,0,0,3,4,4,4,3,4,0,0,2,1,0,0,2,1,3,1,3
873,1,0,0,1,0,1,0,0,1,0,0,0,0,0,1,0,1,1,1,1,1,3,2,2,0,1,3,4,3,1,4,4,4,1,4,1
874,1,0,0,1,0,1,0,0,1,0,0,0,0,0,1,0,1,1,1,1,1,3,2,2,2,2,4,1,2,4,4,4,4,1,4,1
876,0,1,1,0,1,0,1,1,0,1,1,1,0,0,1,0,1,1,0,3,4,4,4,3,4,0,0,2,1,0,3,4,2,1,0,1
877,1,0,0,1,0,1,0,0,1,0,0,0,0,0,1,0,1,1,1,1,1,3,2,2,3,4,1,0,4,2,3,4,2,1,0,1
878,1,0,0,1,0,1,0,0,1,0,0,0,0,0,1,0,1,1,1,1,1,3,2,2,0,1,3,4,3,1,4,3,4,4,4,2
879,1,0,0,1,0,1,0,0,1,0,0,0,0,0,1,0,1,1,1,1,1,3,2,2,2,2,4,1,2,4,3,4,2,1,0,1
880,1,0,0,1,0,1,0,0,1,0,0,0,0,0,1,0,1,1,1,1,1,3,2,2,2,2,4,1,2,4,3,4,2,1,0,1
881,1,0,0,1,0,1,0,0,1,0,0,0,0,0,1,0,1,1,1,1,1,3,2,2,2,2,4,1,2,4,4,4,4,1,0,1
882,1,0,0,1,0,1,0,0,1,0,0,0,0,0,1,0,1,1,1,1,1,3,2,2,2,2,4,1,2,4,3,4,2,1,0,1
883,1,0,0,1,0,1,0,0,1,0,0,0,0,0,1,0,1,1,0,3,4,4,4,3,0,1,3,4,3,1,4,4,4,1,4,1
884,1,0,0,1,0,1,0,0,1,0,0,0,0,0,1,0,1,1,1,1,1,3,2,2,2,2,4,1,2,4,3,4,2,1,0,1
885,1,0,0,1,0,1,0,0,1,0,0,0,0,0,1,0,1,1,1,1,1,3,2,2,2,2,4,1,2,4,4,4,4,1,4,1
886,1,0,0,1,0,1,0,0,1,0,0,0,0,0,1,0,1,1,1,1,1,3,2,2,0,1,3,4,3,1,4,4,4,1,0,1
888,1,0,0,1,0,1,0,0,1,0,0,0,0,0,1,0,1,1,1,1,1,3,2,2,2,2,4,1,2,4,3,4,2,1,0,1
889,1,0,0,1,0,1,0,0,1,0,0,0,0,0,1,0,1,1,1,1,1,3,2,2,2,2,4,1,2,4,3,4,2,1,0,1
890,0,1,1,0,1,0,1,1,0,1,1,1,1,1,0,1,0,0,0,3,4,4,4,3,4,0,0,2,1,0,1,2,0,3,1,0
891,1,0,0,1,0,1,1,1,0,1,1,1,0,0,1,0,1,1,1,1,1,3,2,2,0,1,3,4,3,1,3,4,2,1,0,1
892,1,0,0,1,0,1,1,1,0,1,1,1,1,1,0,1,0,0,0,3,4,4,4,3,0,1,3,4,3,1,1,2,0,3,1,0
895,1,0,0,1,0,1,0,0,1,0,0,0,0,0,1,0,1,1,2,4,3,0,0,0,3,4,1,0,4,2,4,3,4,4,4,2
896,0,1,1,0,1,0,1,1,0,1,1,1,1,1,0,1,0,0,0,3,4,4,4,3,4,0,0,2,1,0,0,2,1,3,1,3
897,1,0,0,1,0,1,0,0,1,0,0,0,0,0,1,0,1,1,2,4,3,0,0,0,0,1,3,4,3,1,1,3,0,4,4,2
898,1,0,0,1,0,1,0,0,1,0,0,0,0,0,1,0,1,1,1,1,1,3,2,2,3,4,1,0,4,2,4,4,4,1,0,1
899,1,0,0,1,0,1,0,0,1,0,0,0,0,0,1,0,1,1,4,0,0,2,3,4,1,3,2,3,0,3,4,3,4,4,4,2
900,1,0,0,1,0,1,0,0,1,0,0,0,0,0,1,0,1,1,2,4,3,0,0,0,3,4,1,0,4,2,4,3,4,4,4,2
901,1,0,0,1,0,1,0,0,1,0,0,0,0,0,1,0,1,1,2,4,3,0,0,0,3,4,1,0,4,2,4,3,4,4,4,2
902,1,0,0,1,0,1,0,0,1,0,0,0,0,0,1,0,1,1,2,4,3,0,0,0,3,4,1,0,4,2,4,3,4,4,4,2
903,1,0,0,1,0,1,0,0,1,0,0,0,0,0,1,0,1,1,2,4,3,0,0,0,2,2,4,1,2,4,3,4,2,1,0,1
904,1,0,0,1,0,1,0,0,1,0,0,0,0,0,1,0,1,1,1,1,1,3,2,2,3,4,1,0,4,2,4,3,4,4,4,2
905,1,0,0,1,0,1,0,0,1,0,0,0,0,0,1,0,1,1,2,4,3,0,0,0,0,1,3,4,3,1,4,3,4,4,4,2
907,1,0,0,1,0,1,0,0,1,0,0,0,0,0,1,0,1,1,1,1,1,3,2,2,3,2,1,0,4,2,3,4,2,1,0,1
908,1,0,0,1,0,1,0,0,1,0,0,0,0,0,1,0,1,1,2,4,3,0,0,0,3,4,1,0,4,2,4,3,4,4,4,2
909,1,0,0,1,0,1,0,0,1,0,0,0,0,0,1,0,1,1,2,4,3,0,0,0,0,1,3,4,3,1,4,3,4,4,4,2
911,1,0,0,1,0,1,0,0,1,0,0,0,0,0,1,0,1,1,2,4,3,0,0,0,0,1,3,4,3,1,4,3,4,4,4,2
912,1,0,0,1,0,1,1,1,0,1,1,1,0,0,1,0,1,1,0,3,4,4,4,3,0,1,3,4,3,1,1,2,0,3,1,0
913,1,0,0,1,0,1,0,0,1,0,0,0,0,0,1,0,1,1,2,4,3,0,0,0,0,1,3,4,3,1,4,3,4,4,4,2
914,1,0,0,1,0,1,0,0,1,0,0,0,0,0,1,0,1,1,2,4,3,0,0,0,3,4,1,0,4,2,4,3,4,4,4,2
915,1,0,0,1,0,1,0,0,1,0,0,0,0,0,1,0,1,1,2,4,3,0,0,0,1,3,2,3,0,3,4,3,4,4,4,2
916,0,1,1,0,1,0,1,1,0,1,1,1,0,0,1,0,1,1,0,3,4,4,4,3,0,1,3,4,3,1,4,3,4,1,4,1
917,1,0,0,1,0,1,0,0,1,0,0,0,0,0,1,0,1,1,1,1,1,3,2,2,0,1,3,4,3,1,4,4,4,1,4,1
918,0,1,1,0,1,0,1,1,0,1,1,1,1,1,0,1,0,0,3,2,2,1,1,1,4,0,0,2,1,0,0,1,1,0,2,3
920,1,0,0,1,0,1,0,0,1,0,0,0,0,0,1,0,1,1,4,0,0,2,3,4,1,3,2,3,0,3,2,3,3,4,4,2
922,1,0,0,1,0,1,0,0,1,0,0,0,0,0,1,0,1,1,4,0,0,2,3,4,3,4,1,0,4,2,2,0,3,2,3,4
923,1,0,0,1,0,1,0,0,1,0,0,0,0,0,1,0,1,1,2,4,3,0,0,0,3,4,1,0,4,2,2,0,3,2,3,2
924,1,0,0,1,0,1,0,0,1,0,0,0,0,0,1,0,1,1,2,4,3,0,0,0,3,4,1,0,4,2,2,3,3,4,3,2
925,1,0,0,1,0,1,0,0,1,0,0,0,0,0,1,0,1,1,2,4,3,0,0,0,1,4,2,3,0,2,4,3,4,4,4,2
926,1,0,0,1,0,1,0,0,1,0,0,0,0,0,1,0,1,1,4,0,0,2,3,4,1,3,2,3,0,3,2,3,3,4,4,2
927,0,1,1,0,1,0,1,1,0,1,1,1,1,1,0,1,0,0,0,3,4,4,4,3,4,0,0,2,1,0,1,2,0,3,1,0
928,0,1,1,0,1,0,1,1,0,1,1,1,1,1,0,1,0,0,0,3,4,4,4,3,4,0,0,2,1,0,0,2,1,3,1,3
929,1,0,0,1,0,1,0,0,1,0,0,0,0,0,1,0,1,1,4,0,0,2,3,4,1,3,2,3,0,3,2,3,3,4,3,2
930,1,0,0,1,0,1,0,0,1,0,0,0,0,0,1,0,1,1,4,0,0,2,3,4,1,3,2,3,0,3,3,0,2,2,0,4
986,0,1,1,0,1,0,1,1,0,1,1,1,1,1,0,1,0,0,0,3,4,4,4,3,4,0,0,2,1,0,0,2,1,3,1,3
987,1,0,0,1,0,1,1,1,0,1,1,1,0,0,1,0,1,1,2,4,3,0,0,0,0,1,3,4,3,1,1,3,0,4,4,0
988,0,1,1,0,1,0,1,1,0,1,1,1,1,1,0,1,0,0,0,3,4,4,4,3,4,0,0,2,1,0,1,2,0,3,1,0
989,0,1,1,0,1,0,1,1,0,1,1,1,1,1,0,1,0,0,0,3,4,4,4,3,0,1,3,4,3,1,1,2,0,3,1,0
991,1,0,0,1,0,1,1,1,0,1,1,1,1,1,0,1,0,0,0,3,4,4,4,3,0,1,3,4,3,1,1,2,0,3,1,0
992,1,0,0,1,0,1,0,0,1,0,0,0,0,0,1,0,1,1,2,4,3,0,0,0,0,1,3,4,3,1,1,2,0,3,1,0
993,1,0,0,1,0,1,0,0,1,0,0,0,0,0,1,0,1,1,2,4,3,0,0,0,0,1,3,4,3,1,4,3,4,4,4,2
994,1,0,0,1,0,1,0,0,1,0,0,0,0,0,1,0,1,1,2,4,3,0,0,0,3,4,1,0,4,2,4,3,4,4,4,2
995,1,0,0,1,0,1,0,0,1,0,0,0,0,0,1,0,1,1,2,4,3,0,0,0,0,1,3,4,3,1,4,3,4,4,4,2
996,1,0,0,1,0,1,1,1,0,1,1,1,0,0,1,0,1,1,2,4,3,0,0,0,0,1,3,4,3,1,1,2,0,3,1,0
998,1,0,0,1,0,1,0,0,1,0,0,0,0,0,1,0,1,1,2,4,3,0,0,0,0,1,3,4,3,1,1,3,0,4,1,0
999,1,0,0,1,0,1,0,0,1,0,0,0,0,0,1,0,1,1,2,4,3,0,0,0,3,4,1,0,4,2,4,3,4,4,4,2
1001,1,0,0,1,0,1,1,1,0,1,1,1,1,1,0,1,0,0,2,4,3,0,0,0,0,1,3,4,3,1,1,2,0,3,1,0
1002,1,0,0,1,0,1,0,0,1,0,0,0,0,0,1,0,1,1,2,4,3,0,0,0,3,4,1,0,4,2,4,3,4,4,4,2
1003,1,0,0,1,0,1,0,0,1,0,0,0,0,0,1,0,1,1,2,4,3,0,0,0,3,4,1,0,4,2,4,3,4,4,4,2
1004,1,0,0,1,0,1,0,0,1,0,0,0,0,0,1,0,1,1,2,4,3,0,0,0,3,4,1,0,4,2,4,3,4,4,4,2
1005,1,0,0,1,0,1,0,0,1,0,0,0,0,0,1,0,1,1,2,4,3,0,0,0,1,3,2,3,0,3,1,2,0,3,1,0
1006,1,0,0,1,0,1,0,0,1,0,0,0,0,0,1,0,1,1,2,4,3,0,0,0,0,1,3,4,3,1,4,3,4,4,4,2
1007,0,1,1,0,1,0,1,1,0,1,1,1,1,1,0,1,0,0,3,2,2,1,1,1,4,0,0,2,1,0,0,1,1,0,2,3
1008,0,1,1,0,1,0,1,1,0,1,1,1,1,1,0,1,0,0,0,3,4,4,4,3,4,0,0,2,1,0,0,2,1,3,1,3
1009,1,0,0,1,0,1,1,1,0,1,1,1,1,1,0,1,0,0,0,3,4,4,4,3,0,1,3,4,3,1,1,2,0,3,1,0
1010,0,1,1,0,1,0,1,1,0,1,1,1,1,1,0,1,0,0,4,0,0,2,3,4,0,1,3,4,3,1,1,2,0,3,1,0
1011,0,1,1,0,1,0,1,1,0,1,1,1,1,1,0,1,0,0,4,0,0,2,3,4,1,3,2,3,0,3,1,2,0,3,1,0
1012,1,0,0,1,0,1,0,0,1,0,0,0,0,0,1,0,1,1,4,0,0,2,3,4,1,3,2,3,0,3,1,3,0,4,4,2
1013,1,0,0,1,0,1,0,0,1,0,0,0,0,0,1,0,1,1,4,0,0,2,3,4,1,3,2,3,0,3,2,0,3,2,3,4
1014,1,0,0,1,0,1,0,0,1,0,0,0,0,0,1,0,1,1,4,0,0,2,3,4,1,3,2,3,0,3,4,3,4,4,4,2
1015,1,0,0,1,0,1,0,0,1,0,0,0,0,0,1,0,1,1,2,4,3,0,0,0,3,4,1,0,4,2,2,3,3,4,3,2
1016,1,0,0,1,0,1,0,0,1,0,0,0,0,0,1,0,1,1,4,0,0,2,3,4,1,3,2,3,0,3,2,0,3,2,3,4
1017,1,0,0,1,0,1,0,0,1,0,0,0,0,0,1,0,1,1,4,0,0,2,3,4,1,3,2,3,0,3,2,3,3,4,4,2
1018,1,0,0,1,0,1,0,0,1,0,0,0,0,0,1,0,1,1,4,0,0,2,3,4,1,3,2,3,0,3,1,2,0,3,1,0
1019,1,0,0,1,0,1,0,0,1,0,0,0,0,0,1,0,1,1,4,0,0,2,3,4,1,3,2,3,0,3,2,0,3,4,3,2
1020,1,0,0,1,0,1,0,0,1,0,0,0,0,0,1,0,1,1,2,4,3,0,0,0,1,3,2,3,0,3,2,0,3,2,3,2
1021,1,0,0,1,0,1,0,0,1,0,0,0,0,0,1,0,1,1,4,0,0,2,3,4,1,3,2,3,0,3,1,2,0,3,1,0
1023,1,0,0,1,0,1,0,0,1,0,0,0,0,0,1,0,1,1,4,0,0,2,3,4,1,3,2,3,0,3,2,0,3,2,3,4
1024,1,0,0,1,0,1,0,0,1,0,0,0,0,0,1,0,1,1,4,0,0,2,3,4,1,3,2,3,0,3,2,0,3,2,3,4
1025,1,0,0,1,0,1,0,0,1,0,0,0,0,0,1,0,1,1,4,0,0,2,3,4,1,3,2,3,0,3,2,3,3,4,4,2
1026,1,0,0,1,0,1,0,0,1,0,0,0,0,0,1,0,1,1,4,0,0,2,3,4,1,3,2,3,0,3,4,3,4,4,4,2
1027,1,0,0,1,0,1,0,0,1,0,0,0,0,0,1,0,1,1,4,0,0,2,3,4,1,3,2,3,0,3,2,0,3,2,3,4
1028,1,0,0,1,0,1,0,0,1,0,0,0,0,0,1,0,1,1,4,0,0,2,3,4,1,3,2,3,0,3,2,0,3,2,3,4
1029,1,0,0,1,0,1,0,0,1,0,0,0,0,0,1,0,1,1,4,0,0,2,3,4,1,3,2,3,0,3,2,0,3,2,3,4
1030,1,0,0,1,0,1,0,0,1,0,0,0,0,0,1,0,1,1,4,0,0,2,3,4,1,3,2,3,0,3,2,0,3,2,3,4
1031,1,0,0,1,0,1,1,1,0,1,1,1,0,0,1,0,1,1,4,0,0,2,3,4,1,3,2,3,0,3,1,2,0,3,1,0
1032,1,0,0,1,0,1,0,0,1,0,0,0,0,0,1,0,1,1,4,0,0,2,3,4,1,3,2,3,0,3,2,3,3,4,4,2
1033,1,0,0,1,0,1,0,0,1,0,0,0,0,0,1,0,1,1,4,0,0,2,3,4,1,3,2,3,0,3,2,3,3,4,3,2
1034,1,0,0,1,0,1,0,0,1,0,0,0,0,0,1,0,1,1,4,0,0,2,3,4,1,3,2,3,0,3,2,0,3,2,3,4
1035,1,0,0,1,0,1,0,0,1,0,0,0,0,0,1,0,1,1,4,0,0,2,3,4,1,3,2,3,0,3,4,3,4,4,4,2
1036,1,0,0,1,0,1,0,0,1,0,0,0,0,0,1,0,1,1,4,0,0,2,3,4,1,3,2,3,0,3,2,0,3,2,3,4
1037,1,0,0,1,0,1,0,0,1,0,0,0,0,0,1,0,1,1,4,0,0,2,3,4,1,3,2,3,0,3,2,0,3,2,3,4
1038,1,0,0,1,0,1,0,0,1,0,0,0,0,0,1,0,1,1,4,0,0,2,3,4,1,3,2,3,0,3,2,3,3,4,4,2
1039,1,0,0,1,0,1,1,1,0,1,1,1,1,1,0,1,0,0,4,0,0,2,3,4,0,1,3,4,3,1,1,2,0,3,1,0
1040,1,0,0,1,0,1,0,0,1,0,0,0,0,0,1,0,1,1,4,0,0,2,3,4,1,3,2,3,0,3,1,2,0,3,1,0
1041,1,0,0,1,0,1,0,0,1,0,0,0,0,0,1,0,1,1,4,0,0,2,3,4,1,3,2,3,0,3,2,3,3,4,4,2
1044,1,0,0,1,0,1,0,0,1,0,0,0,0,0,1,0,1,1,4,0,0,2,3,4,1,3,2,3,0,3,2,0,3,2,3,4
1047,1,0,0,1,0,1,0,0,1,0,0,0,0,0,1,0,1,1,2,4,3,0,0,0,3,4,1,0,4,2,4,3,4,4,4,2
1048,1,0,0,1,0,1,0,0,1,0,0,0,0,0,1,0,1,1,1,1,1,3,2,2,3,4,1,0,4,2,4,3,4,4,4,2
1049,0,1,1,0,1,0,0,0,1,0,0,0,1,1,0,1,0,0,0,3,4,4,4,3,0,1,3,4,3,1,1,2,0,3,1,0
1051,1,0,0,1,0,1,0,0,1,0,0,0,0,0,1,0,1,1,1,1,1,3,2,2,0,1,3,4,3,1,1,2,0,3,1,0
1052,1,0,0,1,0,1,0,0,1,0,0,0,0,0,1,0,1,1,1,1,1,3,2,2,3,4,1,0,4,2,4,3,4,4,4,2
1053,1,0,0,1,0,1,0,0,1,0,0,0,0,0,1,0,1,1,1,1,1,3,2,2,3,4,1,0,4,2,4,4,4,1,0,1
1054,0,1,1,0,1,0,1,1,0,1,1,1,1,1,0,1,0,0,0,3,4,4,4,3,0,1,3,4,3,1,1,2,0,3,1,0
1055,1,0,0,1,0,1,0,0,1,0,0,0,0,0,1,0,1,1,1,1,1,3,2,2,3,4,1,0,4,2,4,3,4,4,4,2
1056,1,0,0,1,0,1,0,0,1,0,0,0,0,0,1,0,1,1,1,1,1,3,2,2,3,4,1,0,4,2,4,3,4,4,4,2
1057,1,0,0,1,0,1,0,0,1,0,0,0,0,0,1,0,1,1,2,4,3,0,0,0,3,4,1,0,4,2,4,3,4,4,4,2
1058,1,0,0,1,0,1,0,0,1,0,0,0,0,0,1,0,1,1,2,4,3,0,0,0,3,4,1,0,4,2,4,4,4,1,0,1
1059,1,0,0,1,0,1,0,0,1,0,0,0,0,0,1,0,1,1,1,1,1,3,2,2,3,4,1,0,4,2,4,3,4,4,4,2
1060,1,0,0,1,0,1,0,0,1,0,0,0,0,0,1,0,1,1,1,1,1,3,2,2,3,4,1,0,4,2,3,0,2,2,0,4
1061,1,0,0,1,0,1,0,0,1,0,0,0,0,0,1,0,1,1,1,1,1,3,2,2,2,2,4,1,2,4,4,3,4,4,4,2
1062,1,0,0,1,0,1,0,0,1,0,0,0,0,0,1,0,1,1,2,4,3,0,0,0,2,2,4,1,2,4,4,4,4,1,0,1
1063,1,0,0,1,0,1,0,0,1,0,0,0,0,0,1,0,1,1,2,4,3,0,0,0,3,4,1,0,4,2,4,3,4,4,4,2
1064,1,0,0,1,0,1,0,0,1,0,0,0,0,0,1,0,1,1,1,1,1,3,2,2,3,4,1,0,4,2,3,4,2,1,0,1
1065,1,0,0,1,0,1,0,0,1,0,0,0,0,0,1,0,1,1,1,1,1,3,2,2,3,4,1,0,4,2,4,3,4,4,4,2
1066,1,0,0,1,0,1,0,0,1,0,0,0,0,0,1,0,1,1,2,4,3,0,0,0,3,4,1,0,4,2,4,3,4,4,4,2
1067,1,0,0,1,0,1,0,0,1,0,0,0,0,0,1,0,1,1,2,4,3,0,0,0,3,4,1,0,4,2,4,3,4,4,4,2
1068,1,0,0,1,0,1,0,0,1,0,0,0,0,0,1,0,1,1,2,4,3,0,0,0,3,4,1,0,4,2,4,3,4,4,4,2
1069,1,0,0,1,0,1,0,0,1,0,0,0,0,0,1,0,1,1,1,1,1,3,2,2,3,4,1,0,4,2,4,3,4,4,4,2
1070,1,0,0,1,0,1,0,0,1,0,0,0,0,0,1,0,1,1,2,4,3,0,0,0,3,4,1,0,4,2,1,3,0,4,4,2
1071,1,0,0,1,0,1,1,1,0,1,1,1,1,1,0,1,0,0,0,3,4,4,4,3,0,1,3,4,3,1,1,2,0,3,1,0
1072,1,0,0,1,0,1,0,0,1,0,0,0,0,0,1,0,1,1,2,4,3,0,0,0,3,4,1,0,4,2,4,3,4,4,4,2
1107,0,1,1,0,1,0,1,1,0,1,1,1,1,1,0,1,0,0,0,3,4,4,4,3,4,0,0,2,1,0,0,2,1,3,1,0
1108,1,0,0,1,0,1,0,0,1,0,0,0,0,0,1,0,1,1,2,4,3,0,0,0,0,1,3,4,3,1,4,3,4,4,4,2
1109,1,0,0,1,0,1,1,1,0,1,1,1,1,1,0,1,0,0,0,3,4,4,4,3,0,1,3,4,3,1,1,2,0,3,1,0
1110,1,0,0,1,0,1,0,0,1,0,0,0,0,0,1,0,1,1,2,4,3,0,0,0,0,1,3,4,3,1,1,3,0,4,4,0
1111,1,0,0,1,0,1,0,0,1,0,0,0,0,0,1,0,1,1,2,4,3,0,0,0,0,1,3,4,3,1,4,3,4,4,4,2
1112,1,0,0,1,0,1,0,0,1,0,0,0,0,0,1,0,1,1,2,4,3,0,0,0,0,1,3,4,3,1,1,3,0,4,4,0
1113,1,0,0,1,0,1,0,0,1,0,0,0,0,0,1,0,1,1,2,4,3,0,0,0,1,3,2,3,0,3,2,0,3,4,3,2
1115,1,0,0,1,0,1,0,0,1,0,0,0,0,0,1,0,1,1,2,4,3,0,0,0,3,4,1,0,4,2,4,3,4,4,4,2
1116,1,0,0,1,0,1,0,0,1,0,0,0,0,0,1,0,1,1,4,0,0,2,3,4,1,3,2,3,0,3,2,3,3,4,4,2
1117,0,1,1,0,1,0,1,1,0,1,1,1,1,1,0,1,0,0,0,3,4,4,4,3,4,0,0,2,1,0,1,2,0,3,1,0
1118,1,0,0,1,0,1,0,0,1,0,0,0,0,0,1,0,1,1,2,4,3,0,0,0,3,4,1,0,4,2,2,0,3,2,3,4
1119,1,0,0,1,0,1,0,0,1,0,0,0,0,0,1,0,1,1,2,4,3,0,0,0,3,4,1,0,4,2,4,3,4,4,4,2
1120,1,0,0,1,0,1,0,0,1,0,0,0,0,0,1,0,1,1,2,4,3,0,0,0,3,4,1,0,4,2,2,3,3,4,4,2
1121,1,0,0,1,0,1,0,0,1,0,0,0,0,0,1,0,1,1,2,4,3,0,0,0,3,4,1,0,4,2,3,4,2,1,0,1
1122,1,0,0,1,0,1,0,0,1,0,0,0,0,0,1,0,1,1,2,4,3,0,0,0,3,4,1,0,4,2,3,4,2,1,0,1
1123,1,0,0,1,0,1,0,0,1,0,0,0,0,0,1,0,1,1,2,4,3,0,0,0,3,4,1,0,4,2,4,3,4,4,4,2
1124,1,0,0,1,0,1,0,0,1,0,0,0,0,0,1,0,1,1,2,4,3,0,0,0,3,4,1,0,4,2,3,4,2,1,0,1
1125,1,0,0,1,0,1,0,0,1,0,0,0,0,0,1,0,1,1,2,4,3,0,0,0,1,3,2,3,0,3,4,3,4,4,4,2
1126,1,0,0,1,0,1,0,0,1,0,0,0,0,0,1,0,1,1,2,4,3,0,0,0,3,4,1,0,4,2,2,0,3,2,3,4
1127,1,0,0,1,0,1,0,0,1,0,0,0,0,0,1,0,1,1,2,4,3,0,0,0,3,4,1,0,4,2,4,3,4,4,4,2
1128,1,0,0,1,0,1,0,0,1,0,0,0,0,0,1,0,1,1,2,4,3,0,0,0,3,4,1,0,4,2,4,0,4,1,3,2
1129,1,0,0,1,0,1,0,0,1,0,0,0,0,0,1,0,1,1,2,4,3,0,0,0,3,4,1,0,4,2,2,0,3,2,3,4
1130,1,0,0,1,0,1,0,0,1,0,0,0,0,0,1,0,1,1,2,4,3,0,0,0,3,4,1,0,4,2,4,3,4,4,4,2
1131,1,0,0,1,0,1,0,0,1,0,0,0,0,0,1,0,1,1,1,1,1,4,2,2,0,1,3,4,3,1,1,3,0,4,4,0
1132,1,0,0,1,0,1,0,0,1,0,0,0,0,0,1,0,1,1,2,4,3,0,0,0,3,4,1,0,4,2,4,3,4,4,4,2
1133,1,0,0,1,0,1,0,0,1,0,0,0,0,0,1,0,1,1,2,4,3,0,0,0,3,4,1,0,4,2,4,3,4,4,4,2
1134,0,1,1,0,1,0,1,1,0,1,1,1,1,1,0,1,0,0,3,2,2,1,1,1,4,0,0,2,1,0,0,1,1,0,2,3
1135,0,1,1,0,1,0,1,1,0,1,1,1,1,1,0,1,0,0,0,3,4,4,4,3,4,0,0,2,1,0,0,2,1,3,1,3
1136,0,1,1,0,1,0,1,1,0,1,1,1,1,1,0,1,0,0,0,3,4,4,4,3,0,1,3,4,3,1,1,2,0,3,1,0
1137,1,0,0,1,0,1,0,0,1,0,0,0,0,0,1,0,1,1,1,1,1,4,2,2,2,2,4,1,2,4,1,3,0,3,1,0
1138,1,0,0,1,0,1,1,1,0,1,1,1,0,0,1,0,1,1,0,3,4,4,4,3,0,1,3,4,3,1,1,2,0,3,1,0
1139,1,0,0,1,0,1,1,1,0,1,1,1,0,0,1,0,1,1,0,3,4,4,4,3,0,1,3,4,3,1,1,2,0,3,1,0
1140,0,1,1,0,1,0,1,1,0,1,1,1,1,1,0,1,0,0,0,3,4,4,4,3,4,0,0,2,1,0,1,2,0,3,1,0
1141,1,0,0,1,0,1,1,1,0,1,1,1,0,0,1,0,1,1,0,3,4,4,4,3,0,1,3,4,3,1,1,3,0,4,4,0
1142,1,0,0,1,0,1,1,1,0,1,1,1,1,1,0,1,0,0,0,3,4,4,4,3,0,1,3,4,3,1,1,2,0,3,1,0
1143,1,0,0,1,0,1,0,0,1,0,0,0,0,0,1,0,1,1,2,4,3,0,0,0,3,4,1,0,4,2,4,3,4,4,4,2
1144,1,0,0,1,0,1,0,0,1,0,0,0,0,0,1,0,1,1,2,4,3,0,0,0,1,3,2,3,0,3,2,0,3,2,3,2
1146,1,0,0,1,0,1,0,0,1,0,0,0,0,0,1,0,1,1,2,4,3,0,0,0,3,4,1,0,4,2,4,3,4,4,4,2
1147,1,0,0,1,0,1,0,0,1,0,0,0,1,1,0,1,0,0,0,3,4,4,4,3,2,2,4,1,2,4,1,2,0,3,1,0
1148,1,0,0,1,0,1,0,0,1,0,0,0,0,0,1,0,1,1,0,3,4,4,4,3,2,1,4,1,2,4,1,2,0,3,1,0
1151,1,0,0,1,0,1,0,0,1,0,0,0,0,0,1,0,1,1,1,1,1,3,2,2,0,1,3,4,3,1,1,3,0,4,4,0
1152,1,0,0,1,0,1,0,0,1,0,0,0,0,0,1,0,1,1,1,1,1,3,2,2,3,4,1,0,4,2,3,4,2,1,0,1
1153,0,1,1,0,1,0,0,0,1,0,0,0,1,1,0,1,0,0,0,3,4,4,4,3,2,1,4,1,3,1,1,2,0,3,1,0
1154,1,0,0,1,0,1,0,0,1,0,0,0,0,0,1,0,1,1,1,1,1,3,2,2,0,1,3,4,3,1,4,3,4,4,4,2
1155,1,0,0,1,0,1,0,0,1,0,0,0,0,0,1,0,1,1,0,3,4,4,4,3,2,1,4,1,2,4,1,2,0,3,1,0
1157,1,0,0,1,0,1,0,0,1,0,0,0,0,0,1,0,1,1,2,4,3,0,0,0,0,1,3,4,3,1,4,3,4,4,4,2
1158,1,0,0,1,0,1,0,0,1,0,0,0,0,0,1,0,1,1,2,4,3,0,0,0,0,1,3,4,3,1,1,3,0,4,4,2
1160,1,0,0,1,0,1,0,0,1,0,0,0,0,0,1,0,1,1,0,3,4,4,4,3,0,1,3,4,3,1,1,2,0,3,1,0
1161,1,0,0,1,0,1,0,0,1,0,0,0,0,0,1,0,1,1,2,4,3,0,0,0,0,1,3,4,3,1,1,3,0,4,4,0
1164,1,0,0,1,0,1,0,0,1,0,0,0,0,0,1,0,1,1,2,4,3,0,0,0,3,4,1,0,4,2,3,4,2,1,0,1
1166,1,0,0,1,0,1,0,0,1,0,0,0,0,0,1,0,1,1,2,4,3,0,0,0,1,3,2,3,0,3,2,0,3,2,3,4
1170,1,0,0,1,0,1,0,0,1,0,0,0,0,0,1,0,1,1,0,3,4,4,4,3,2,2,4,1,2,4,4,3,4,4,4,2
1171,0,1,1,0,1,0,1,1,0,1,1,1,1,1,0,1,0,0,0,3,4,4,4,3,2,2,4,1,2,4,1,2,1,3,1,0
1172,1,0,0,1,0,1,0,0,1,0,0,0,0,0,1,0,1,1,0,3,4,4,4,3,2,2,4,1,2,4,1,2,0,3,1,0
1173,1,0,0,1,0,1,0,0,1,0,0,0,0,0,1,0,1,1,4,0,0,2,3,4,2,2,4,1,2,4,3,4,2,1,0,1
1174,1,0,0,1,0,1,0,0,1,0,0,0,0,0,1,0,1,1,0,3,4,4,4,3,2,2,4,1,2,4,4,4,4,1,0,1
1175,0,1,1,0,1,0,0,0,1,0,0,0,1,1,0,1,0,0,0,3,4,4,4,3,2,2,4,1,2,4,1,2,0,3,1,0
1176,0,1,1,0,1,0,1,1,0,1,1,1,1,1,0,1,0,0,3,2,2,1,1,1,4,0,0,2,1,0,0,1,1,0,2,3
1178,1,0,0,1,0,1,0,0,1,0,0,0,0,0,1,0,1,1,0,3,4,4,4,3,3,4,1,0,4,2,3,4,2,1,0,1
1179,1,0,0,1,0,1,0,0,1,0,0,0,0,0,1,0,1,1,1,1,1,3,2,2,0,1,3,4,3,1,4,4,4,1,0,1
1180,1,0,0,1,0,1,0,0,1,0,0,0,0,0,1,0,1,1,1,1,1,3,2,2,3,4,1,0,4,2,4,4,4,1,0,1
1181,1,0,0,1,0,1,1,1,0,1,1,1,1,1,0,1,0,0,0,3,4,4,4,3,0,1,3,4,3,1,1,2,0,3,1,0
1184,1,0,0,1,0,1,0,0,1,0,0,0,0,0,1,0,1,1,1,1,1,3,2,2,0,1,3,4,3,1,4,3,4,4,4,0
1185,1,0,0,1,0,1,0,0,1,0,0,0,0,0,1,0,1,1,1,1,1,3,2,2,3,4,1,0,4,2,4,4,4,1,0,1
1186,0,1,1,0,1,0,1,1,0,1,1,1,1,1,0,1,0,0,3,2,2,1,1,1,4,0,0,2,1,0,0,1,1,0,2,3
1187,1,0,0,1,0,1,0,0,1,0,0,0,0,0,1,0,1,1,0,3,4,4,4,3,0,1,3,4,3,1,1,2,0,3,1,0
1188,0,1,1,0,1,0,1,1,0,1,1,1,1,1,0,1,0,0,3,2,2,1,1,1,4,0,0,2,1,0,0,1,1,0,2,3
1189,1,0,0,1,0,1,0,0,1,0,0,0,0,0,1,0,1,1,1,1,1,3,2,2,2,2,4,1,2,4,4,4,4,1,4,1
1190,0,1,1,0,1,0,1,1,0,1,1,1,1,1,0,1,0,0,3,2,2,1,1,1,4,0,0,2,1,0,0,1,1,0,2,3
1191,1,0,0,1,0,1,0,0,1,0,0,0,0,0,1,0,1,1,1,1,1,3,2,2,2,2,4,1,2,4,1,2,0,3,1,0
1192,1,0,0,1,0,1,0,0,1,0,0,0,0,0,1,0,1,1,1,1,1,3,2,2,2,2,4,1,2,4,4,3,4,3,4,0
1193,1,0,0,1,0,1,0,0,1,0,0,0,0,0,1,0,1,1,1,1,1,3,2,2,2,2,4,1,2,4,3,4,2,1,0,1
1194,0,1,1,0,1,0,0,0,1,0,0,0,0,0,1,0,1,1,4,0,0,2,3,4,1,3,2,3,0,3,3,4,2,1,0,1
1195,1,0,0,1,0,1,0,0,1,0,0,0,0,0,1,0,1,1,4,0,0,2,3,4,3,4,1,0,4,2,3,4,2,1,0,1
1196,1,0,0,1,0,1,0,0,1,0,0,0,0,0,1,0,1,1,1,1,1,3,2,2,2,2,4,1,2,4,1,2,0,3,1,0
1197,1,0,0,1,0,1,1,1,0,1,1,1,1,1,0,1,0,0,0,3,4,4,4,3,0,1,3,4,3,1,1,2,0,3,1,0
1198,0,1,1,0,1,0,1,1,0,1,1,1,1,1,0,1,0,0,3,2,2,1,1,1,4,0,0,2,1,0,0,1,1,0,2,3
1200,1,0,0,1,0,1,0,0,1,0,0,0,0,0,1,0,1,1,2,4,3,0,0,0,3,4,1,0,4,2,2,3,3,4,4,2
1201,1,0,0,1,0,1,0,0,1,0,0,0,0,0,1,0,1,1,2,4,3,0,0,0,3,4,1,0,4,2,2,0,3,2,3,4
1203,1,0,0,1,0,1,0,0,1,0,0,0,0,0,1,0,1,1,2,4,3,0,0,0,3,4,1,0,4,2,4,3,4,4,4,2
1204,1,0,0,1,0,1,0,0,1,0,0,0,0,0,1,0,1,1,2,4,3,0,0,0,3,4,1,0,4,2,2,3,4,4,4,2
1205,1,0,0,1,0,1,0,0,1,0,0,0,0,0,1,0,1,1,2,4,3,0,0,0,1,3,2,3,0,3,2,0,3,2,3,4
1206,1,0,0,1,0,1,0,0,1,0,0,0,0,0,1,0,1,1,2,4,3,0,0,0,1,3,2,3,0,3,2,3,3,4,3,2
1207,1,0,0,1,0,1,0,0,1,0,0,0,0,0,1,0,1,1,4,0,0,2,3,4,0,1,3,4,3,1,1,3,0,4,4,0
1208,1,0,0,1,0,1,0,0,1,0,0,0,0,0,1,0,1,1,2,4,3,0,0,0,3,4,1,0,4,2,2,0,3,2,3,4
1209,1,0,0,1,0,1,0,0,1,0,0,0,0,0,1,0,1,1,2,4,3,0,0,0,3,4,1,0,4,2,1,3,0,4,4,2
1210,1,0,0,1,0,1,0,0,1,0,0,0,0,0,1,0,1,1,4,0,0,2,3,4,1,3,2,3,0,3,2,0,3,2,3,4
1211,1,0,0,1,0,1,0,0,1,0,0,0,0,0,1,0,1,1,4,0,0,2,3,4,1,3,2,3,0,3,1,3,0,4,4,2
1212,1,0,0,1,0,1,1,1,0,1,1,1,1,1,0,1,0,0,4,0,0,2,3,4,0,1,3,4,3,1,1,2,0,3,1,0
1213,1,0,0,1,0,1,0,0,1,0,0,0,0,0,1,0,1,1,2,4,3,0,0,0,1,3,2,3,0,3,2,3,3,4,3,2
1214,1,0,0,1,0,1,0,0,1,0,0,0,0,0,1,0,1,1,2,4,3,0,0,0,3,4,1,0,4,2,2,0,3,2,3,4
1215,1,0,0,1,0,1,0,0,1,0,0,0,0,0,1,0,1,1,2,4,3,0,0,0,1,3,2,3,0,3,2,0,3,2,3,4
1217,1,0,0,1,0,1,0,0,1,0,0,0,0,0,1,0,1,1,4,0,0,2,3,4,3,4,1,0,4,2,2,0,3,2,3,4
1218,1,0,0,1,0,1,0,0,1,0,0,0,0,0,1,0,1,1,2,4,3,0,0,0,1,3,2,3,0,3,4,3,4,4,4,2
1219,1,0,0,1,0,1,0,0,1,0,0,0,0,0,1,0,1,1,2,4,3,0,0,0,3,4,1,0,4,2,2,3,3,4,4,2
1220,1,0,0,1,0,1,0,0,1,0,0,0,0,0,1,0,1,1,2,4,3,0,0,0,1,3,2,3,0,3,2,0,3,2,3,4
1221,1,0,0,1,0,1,0,0,1,0,0,0,0,0,1,0,1,1,2,4,3,0,0,0,3,4,1,0,4,2,2,0,3,2,3,4
1222,1,0,0,1,0,1,0,0,1,0,0,0,0,0,1,0,1,1,4,0,0,2,3,4,1,3,2,3,0,3,2,0,3,2,3,4
1223,1,0,0,1,0,1,0,0,1,0,0,0,0,0,1,0,1,1,4,0,0,2,3,4,3,4,1,0,4,2,2,0,3,2,3,2
1224,0,1,1,0,1,0,1,1,0,1,1,1,1,1,0,1,0,0,3,2,2,1,1,1,4,0,0,2,1,0,0,1,1,0,2,3
1225,1,0,0,1,0,1,1,1,0,1,1,1,1,1,0,1,0,0,0,3,4,4,4,3,0,1,3,4,3,1,1,2,0,3,1,0
1226,1,0,0,1,0,1,1,1,0,1,1,1,1,1,0,1,0,0,0,3,4,4,4,3,0,1,3,4,3,1,1,2,0,3,1,0
1227,1,0,0,1,0,1,0,0,1,0,0,0,0,0,1,0,1,1,1,1,1,3,2,2,0,1,3,4,3,1,4,3,4,4,4,2
1228,1,0,0,1,0,1,0,0,1,0,0,0,0,0,1,0,1,1,1,1,1,3,2,2,0,1,3,4,3,1,1,3,0,4,4,0
1229,1,0,0,1,0,1,1,1,0,1,1,1,1,1,0,1,0,0,0,3,4,4,4,3,0,1,3,4,3,1,1,2,0,3,1,0
1230,0,1,1,0,1,0,1,1,0,1,1,1,1,1,0,1,0,0,0,3,4,4,4,3,0,1,3,4,3,1,1,2,0,3,1,0
1231,1,0,0,1,0,1,1,1,0,1,1,1,1,1,0,1,0,0,0,3,4,4,4,3,0,1,3,4,3,1,1,2,0,3,1,0
1232,1,0,0,1,0,1,1,1,0,1,1,1,0,0,1,0,1,1,1,1,1,3,2,2,0,1,3,4,3,1,4,3,4,4,4,2
1233,0,1,1,0,1,0,1,1,0,1,1,1,1,1,0,1,0,0,0,3,4,4,4,3,4,0,0,2,1,0,0,2,1,3,1,3
1234,1,0,0,1,0,1,1,1,0,1,1,1,1,1,0,1,0,0,0,3,4,4,4,3,0,1,3,4,3,1,1,2,0,3,1,0
1235,1,0,0,1,0,1,0,0,1,0,0,0,0,0,1,0,1,1,0,3,4,4,4,3,0,1,3,4,3,1,1,2,0,3,1,0
1236,0,1,1,0,1,0,1,1,0,1,1,1,1,1,0,1,0,0,0,3,4,4,4,3,4,0,0,2,1,0,1,2,0,3,1,0
1237,1,0,0,1,0,1,0,0,1,0,0,0,0,0,1,0,1,1,1,1,1,3,2,2,0,1,3,4,3,1,4,3,4,4,4,2
1238,0,1,1,0,1,0,1,1,0,1,1,1,1,1,0,1,0,0,0,3,4,4,4,3,0,1,3,4,3,1,1,2,0,3,1,0
1240,1,0,0,1,0,1,0,0,1,0,0,0,0,0,1,0,1,1,0,3,4,4,4,3,2,2,4,1,2,4,1,2,0,3,1,0
1241,1,0,0,1,0,1,0,0,1,0,0,0,0,0,1,0,1,1,1,1,1,3,2,2,0,1,3,4,3,1,1,2,0,3,1,0
1242,1,0,0,1,0,1,0,0,1,0,0,0,0,0,1,0,1,1,1,1,1,3,2,2,1,3,2,3,0,3,4,3,4,4,4,2
1243,0,1,1,0,1,0,1,1,0,1,1,1,1,1,0,1,0,0,0,3,4,4,4,3,4,0,0,2,1,0,1,2,0,3,1,0
1244,1,0,0,1,0,1,0,0,1,0,0,0,0,0,1,0,1,1,1,1,1,3,2,2,0,1,3,4,3,1,4,3,4,4,4,2
1246,1,0,0,1,0,1,1,1,0,1,1,1,0,0,1,0,1,1,0,3,4,4,4,3,0,1,3,4,3,1,1,2,0,3,1,0
1249,1,0,0,1,0,1,0,0,1,0,0,0,0,0,1,0,1,1,1,1,1,3,2,2,0,1,3,4,3,1,1,2,0,3,1,0
1250,1,0,0,1,0,1,0,0,1,0,0,0,1,1,0,1,0,0,0,3,4,4,4,3,0,1,3,4,3,1,1,2,0,3,1,0
1251,1,0,0,1,0,1,0,0,1,0,0,0,0,0,1,0,1,1,4,0,0,2,3,4,0,1,3,4,3,1,4,3,4,4,4,2
1252,1,0,0,1,0,1,0,0,1,0,0,0,0,0,1,0,1,1,1,1,1,3,2,2,0,1,3,4,3,1,1,2,0,3,1,0
1253,1,0,0,1,0,1,0,0,1,0,0,0,0,0,1,0,1,1,4,0,0,2,3,4,0,1,3,4,3,1,4,3,4,4,4,2
1254,1,0,0,1,0,1,0,0,1,0,0,0,0,0,1,0,1,1,0,3,4,4,4,3,2,1,4,1,2,4,1,2,0,3,1,0
1256,1,0,0,1,0,1,0,0,1,0,0,0,0,0,1,0,1,1,1,1,1,3,2,2,0,1,3,4,3,1,1,3,0,4,4,0
1257,1,0,0,1,0,1,0,0,1,0,0,0,0,0,1,0,1,1,2,4,3,0,0,0,0,1,3,4,3,1,1,3,0,4,4,2
1258,0,1,1,0,1,0,1,1,0,1,1,1,1,1,0,1,0,0,3,2,2,1,1,1,4,0,0,2,1,0,0,1,1,0,2,3
1259,1,0,0,1,0,1,0,0,1,0,0,0,0,0,1,0,1,1,4,0,0,2,3,4,0,1,3,4,3,1,1,3,0,4,4,0
1260,1,0,0,1,0,1,1,1,0,1,1,1,1,1,0,1,0,0,0,3,4,4,4,3,0,1,3,4,3,1,1,2,0,3,1,0
1261,1,0,0,1,0,1,0,0,1,0,0,0,0,0,1,0,1,1,1,1,1,3,2,2,0,1,3,4,3,1,4,3,4,4,4,2
1262,1,0,0,1,0,1,0,0,1,0,0,0,0,0,1,0,1,1,1,1,1,3,2,2,0,1,3,4,3,1,4,3,4,4,4,0
1264,0,1,1,0,1,0,0,0,1,0,0,0,0,0,1,0,1,1,0,3,4,4,4,3,2,2,4,1,2,4,3,4,2,1,0,1
1265,1,0,0,1,0,1,0,0,1,0,0,0,0,0,1,0,1,1,1,1,1,3,2,2,0,1,3,4,3,1,4,3,4,4,4,2
1266,1,0,0,1,0,1,0,0,1,0,0,0,0,0,1,0,1,1,1,1,1,3,2,2,3,4,1,0,4,2,4,3,4,4,4,2
1267,1,0,0,1,0,1,0,0,1,0,0,0,0,0,1,0,1,1,1,1,1,3,2,2,3,4,1,0,4,2,3,4,2,1,0,1
1268,1,0,0,1,0,1,0,0,1,0,0,0,0,0,1,0,1,1,1,1,1,3,2,2,3,4,1,0,4,2,4,3,4,4,4,2
1269,1,0,0,1,0,1,0,0,1,0,0,0,0,0,1,0,1,1,1,1,1,3,2,2,3,4,1,0,4,2,3,4,2,1,0,1
1270,1,0,0,1,0,1,0,0,1,0,0,0,0,0,1,0,1,1,2,4,3,0,0,0,0,1,3,4,3,1,4,3,4,4,4,2
1271,1,0,0,1,0,1,0,0,1,0,0,0,0,0,1,0,1,1,1,1,1,3,2,2,3,4,1,0,4,2,4,0,4,2,3,4
1272,1,0,0,1,0,1,0,0,1,0,0,0,0,0,1,0,1,1,1,1,1,3,2,2,3,4,1,0,4,2,4,3,4,4,4,2
1273,1,0,0,1,0,1,0,0,1,0,0,0,0,0,1,0,1,1,1,1,1,3,2,2,1,3,2,3,0,3,3,4,2,1,0,1
1274,1,0,0,1,0,1,0,0,1,0,0,0,0,0,1,0,1,1,1,1,1,3,2,2,2,2,4,1,2,4,4,4,4,1,0,1
1275,1,0,0,1,0,1,0,0,1,0,0,0,0,0,1,0,1,1,0,3,4,4,4,3,2,2,4,1,2,4,1,2,0,3,1,0
1276,1,0,0,1,0,1,0,0,1,0,0,0,0,0,1,0,1,1,1,1,1,3,2,2,3,4,1,0,4,2,3,4,2,1,0,1
1277,1,0,0,1,0,1,0,0,1,0,0,0,0,0,1,0,1,1,1,1,1,3,2,2,3,4,1,0,4,2,4,4,4,1,0,1
1278,1,0,0,1,0,1,0,0,1,0,0,0,0,0,1,0,1,1,1,1,1,3,2,2,2,2,4,1,2,4,3,4,2,1,0,1
1279,1,0,0,1,0,1,0,0,1,0,0,0,0,0,1,0,1,1,1,1,1,3,2,2,3,4,1,0,4,2,4,3,4,4,4,2
1280,1,0,0,1,0,1,0,0,1,0,0,0,0,0,1,0,1,1,1,1,1,3,2,2,0,1,3,4,3,1,4,3,4,4,4,2
1281,1,0,0,1,0,1,0,0,1,0,0,0,0,0,1,0,1,1,2,4,3,0,0,0,3,4,1,0,4,2,4,3,4,4,4,2
1282,1,0,0,1,0,1,0,0,1,0,0,0,0,0,1,0,1,1,1,1,1,3,2,2,2,2,4,1,2,4,3,4,2,1,0,1
1284,1,0,0,1,0,1,0,0,1,0,0,0,0,0,1,0,1,1,1,1,1,3,2,2,3,4,1,0,4,2,4,3,4,4,4,2
1285,1,0,0,1,0,1,0,0,1,0,0,0,0,0,1,0,1,1,2,4,3,0,0,0,0,1,3,4,3,1,4,3,4,4,4,2
1286,1,0,0,1,0,1,0,0,1,0,0,0,0,0,1,0,1,1,2,4,3,0,0,0,3,4,1,0,4,2,2,0,3,2,3,4
1287,1,0,0,1,0,1,0,0,1,0,0,0,0,0,1,0,1,1,1,1,1,3,2,2,3,4,1,0,4,2,4,3,4,4,4,2
1288,1,0,0,1,0,1,0,0,1,0,0,0,0,0,1,0,1,1,1,1,1,3,2,2,3,4,1,0,4,2,4,4,4,1,0,1
1289,1,0,0,1,0,1,0,0,1,0,0,0,0,0,1,0,1,1,1,1,1,3,2,2,0,1,3,4,3,1,4,4,4,1,4,1
1290,1,0,0,1,0,1,0,0,1,0,0,0,0,0,1,0,1,1,1,1,1,3,2,2,3,4,1,0,4,2,4,4,4,1,4,1
1291,1,0,0,1,0,1,0,0,1,0,0,0,0,0,1,0,1,1,1,1,1,3,2,2,2,2,4,1,2,4,3,4,2,1,0,1
1292,1,0,0,1,0,1,0,0,1,0,0,0,0,0,1,0,1,1,1,1,1,3,2,2,1,3,2,3,0,3,4,3,4,1,4,2
1293,1,0,0,1,0,1,0,0,1,0,0,0,0,0,1,0,1,1,1,1,1,3,2,2,3,4,1,0,4,2,4,4,4,1,4,1
1294,1,0,0,1,0,1,0,0,1,0,0,0,0,0,1,0,1,1,1,1,1,3,2,2,0,1,3,4,3,1,4,3,4,4,4,2
1295,1,0,0,1,0,1,0,0,1,0,0,0,0,0,1,0,1,1,1,1,1,3,2,2,3,4,1,0,4,2,3,4,2,1,0,1
1296,1,0,0,1,0,1,0,0,1,0,0,0,0,0,1,0,1,1,1,1,1,3,2,2,2,2,4,1,2,4,4,3,4,4,4,2
1297,1,0,0,1,0,1,0,0,1,0,0,0,0,0,1,0,1,1,1,1,1,3,2,2,3,4,1,0,4,2,3,4,2,1,0,1
1298,1,0,0,1,0,1,0,0,1,0,0,0,0,0,1,0,1,1,1,1,1,3,2,2,3,4,1,0,4,2,4,3,4,4,4,2
1299,1,0,0,1,0,1,0,0,1,0,0,0,0,0,1,0,1,1,1,1,1,3,2,2,3,4,1,0,4,2,4,4,4,1,4,1
1300,1,0,0,1,0,1,0,0,1,0,0,0,0,0,1,0,1,1,1,1,1,3,2,2,2,2,4,1,2,4,4,3,4,4,4,2
1301,1,0,0,1,0,1,0,0,1,0,0,0,0,0,1,0,1,1,1,1,1,3,2,2,3,4,1,0,4,2,4,4,4,1,0,1
1302,1,0,0,1,0,1,0,0,1,0,0,0,0,0,1,0,1,1,1,1,1,3,2,2,0,1,3,4,3,1,4,3,4,4,4,2
1303,0,1,1,0,1,0,1,1,0,1,1,1,1,1,0,1,0,0,0,3,4,4,4,3,4,0,0,2,1,0,1,2,0,3,1,0
1304,1,0,0,1,0,1,0,0,1,0,0,0,0,0,1,0,1,1,2,4,3,0,0,0,0,1,3,4,3,1,4,3,4,4,4,2
1305,1,0,0,1,0,1,0,0,1,0,0,0,0,0,1,0,1,1,2,4,3,0,0,0,0,1,3,4,3,1,3,4,2,1,0,1
1306,1,0,0,1,0,1,0,0,1,0,0,0,0,0,1,0,1,1,2,4,3,0,0,0,0,1,3,4,3,1,4,3,4,4,4,2
1308,1,0,0,1,0,1,0,0,1,0,0,0,0,0,1,0,1,1,2,4,3,0,0,0,0,1,3,4,3,1,4,3,4,4,4,2
1309,1,0,0,1,0,1,0,0,1,0,0,0,0,0,1,0,1,1,2,4,3,0,0,0,1,3,2,3,0,3,3,4,2,1,0,1
1310,1,0,0,1,0,1,0,0,1,0,0,0,0,0,1,0,1,1,2,4,3,0,0,0,3,4,1,0,4,2,4,0,4,4,3,2
1311,1,0,0,1,0,1,0,0,1,0,0,0,0,0,1,0,1,1,1,1,1,3,2,2,1,3,2,3,0,3,4,3,4,4,4,2
1312,1,0,0,1,0,1,0,0,1,0,0,0,0,0,1,0,1,1,2,4,3,0,0,0,2,2,4,1,2,4,4,0,4,4,4,2
1313,1,0,0,1,0,1,0,0,1,0,0,0,0,0,1,0,1,1,1,1,1,3,2,2,3,4,1,0,4,2,4,3,4,4,4,2
1314,1,0,0,1,0,1,0,0,1,0,0,0,0,0,1,0,1,1,2,4,3,0,0,0,3,4,1,0,4,2,4,0,4,2,3,2
1315,0,1,1,0,1,0,1,1,0,1,1,1,1,1,0,1,0,0,0,3,4,4,4,3,0,1,3,4,3,1,1,2,0,3,1,0
1316,1,0,0,1,0,1,0,0,1,0,0,0,0,0,1,0,1,1,2,4,3,0,0,0,1,3,2,3,0,3,2,3,3,4,3,2
1317,1,0,0,1,0,1,0,0,1,0,0,0,0,0,1,0,1,1,4,0,0,2,3,4,1,3,2,3,0,3,2,3,3,4,3,2
1319,1,0,0,1,0,1,0,0,1,0,0,0,0,0,1,0,1,1,1,1,1,3,2,2,2,2,4,1,2,4,3,4,2,1,0,1
1320,1,0,0,1,0,1,0,0,1,0,0,0,0,0,1,0,1,1,2,4,3,0,0,0,1,3,2,3,0,3,4,3,4,4,4,2
1321,1,0,0,1,0,1,0,0,1,0,0,0,0,0,1,0,1,1,2,4,3,0,0,0,0,1,3,4,3,1,4,3,4,4,4,2
1322,1,0,0,1,0,1,0,0,1,0,0,0,0,0,1,0,1,1,4,0,0,2,3,4,3,4,1,0,4,2,2,0,3,2,3,4
1323,1,0,0,1,0,1,0,0,1,0,0,0,0,0,1,0,1,1,4,0,0,2,3,4,1,3,2,3,0,3,4,3,4,4,4,2
1324,1,0,0,1,0,1,0,0,1,0,0,0,0,0,1,0,1,1,1,1,1,3,2,2,2,2,4,1,2,4,3,0,2,2,3,4
1325,1,0,0,1,0,1,0,0,1,0,0,0,0,0,1,0,1,1,2,4,3,0,0,0,3,4,1,0,4,2,2,0,3,2,3,4
1326,1,0,0,1,0,1,0,0,1,0,0,0,0,0,1,0,1,1,1,1,1,3,2,2,2,2,4,1,2,4,4,4,4,1,0,1
1327,1,0,0,1,0,1,0,0,1,0,0,0,0,0,1,0,1,1,1,1,1,3,2,2,2,2,4,1,2,4,4,4,4,1,0,1
1328,1,0,0,1,0,1,0,0,1,0,0,0,0,0,1,0,1,1,2,4,3,0,0,0,1,3,2,3,0,3,2,0,3,2,3,2
1329,1,0,0,1,0,1,0,0,1,0,0,0,0,0,1,0,1,1,2,4,3,0,0,0,3,4,1,0,4,2,4,3,4,4,4,2
1330,1,0,0,1,0,1,0,0,1,0,0,0,0,0,1,0,1,1,2,4,3,0,0,0,3,4,1,0,4,2,2,0,3,2,3,4
1331,1,0,0,1,0,1,0,0,1,0,0,0,0,0,1,0,1,1,2,4,3,0,0,0,1,3,2,3,0,3,2,3,3,4,3,2
1333,0,1,1,0,0,0,1,1,0,1,1,1,1,1,0,1,0,0,0,3,4,4,4,3,0,1,3,4,3,1,1,2,0,3,1,0
1334,1,0,0,1,0,1,1,1,0,1,1,1,1,1,0,1,0,0,1,1,1,3,2,2,0,1,3,4,3,1,1,2,0,3,1,0
1335,1,0,0,1,0,1,0,0,1,0,0,0,0,0,1,0,1,1,1,1,1,3,2,2,2,2,4,1,2,4,4,3,4,4,4,2
1336,1,0,0,1,0,1,0,0,1,0,0,0,0,0,1,0,1,1,1,1,1,3,2,2,3,4,1,0,4,2,3,4,2,1,0,1
1337,1,0,0,1,0,1,0,0,1,0,0,0,0,0,1,0,1,1,1,1,1,3,2,2,3,4,1,0,4,2,3,4,2,1,0,1
1338,1,0,0,1,0,1,0,0,1,0,0,0,0,0,1,0,1,1,1,1,1,3,2,2,0,3,3,4,0,3,4,3,4,4,4,2
1339,1,0,0,1,0,1,0,0,1,0,0,0,0,0,1,0,1,1,1,1,1,3,2,2,3,4,1,0,4,2,3,4,2,1,0,1
1340,1,0,0,1,0,1,0,0,1,0,0,0,0,0,1,0,1,1,1,1,1,3,2,2,3,4,1,0,4,2,4,3,4,4,4,2
1341,1,0,0,1,0,1,0,0,1,0,0,0,0,0,1,0,1,1,1,1,1,3,2,2,3,4,1,0,4,2,4,3,4,4,4,2
1343,1,0,0,1,0,1,0,0,1,0,0,0,0,0,1,0,1,1,1,1,1,3,2,2,3,4,1,0,4,2,4,3,4,4,4,2
1344,1,0,0,1,0,1,0,0,1,0,0,0,0,0,1,0,1,1,4,0,0,2,3,4,1,3,2,3,0,3,2,0,3,2,3,4
1345,1,0,0,1,0,1,0,0,1,0,0,0,0,0,1,0,1,1,1,1,1,3,2,2,3,4,1,0,4,2,4,4,4,1,4,2
1346,1,0,0,1,0,1,0,0,1,0,0,0,0,0,1,0,1,1,1,1,1,3,2,2,1,3,2,3,0,3,4,3,4,4,4,2
1347,1,0,0,1,0,1,0,0,1,0,0,0,0,0,1,0,1,1,1,1,1,3,2,2,3,4,1,0,4,2,4,0,4,4,3,2
1348,1,0,0,1,0,1,0,0,1,0,0,0,0,0,1,0,1,1,4,0,0,2,3,4,1,3,2,3,0,3,2,0,3,2,3,4
1349,1,0,0,1,0,1,0,0,1,0,0,0,0,0,1,0,1,1,1,1,1,3,2,2,3,4,1,0,4,2,3,4,2,2,0,4
1350,1,0,0,1,0,1,0,0,1,0,0,0,0,0,1,0,1,1,4,0,0,2,3,4,3,4,1,0,4,2,3,4,2,1,0,1
1351,1,0,0,1,0,1,0,0,1,0,0,0,0,0,1,0,1,1,4,0,0,2,3,4,2,2,4,1,2,4,3,4,2,1,0,1
1352,1,0,0,1,0,1,0,0,1,0,0,0,0,0,1,0,1,1,1,1,1,3,2,2,3,4,1,0,4,2,3,4,2,1,0,1
1353,1,0,0,1,0,1,0,0,1,0,0,0,0,0,1,0,1,1,4,0,0,2,3,4,1,3,2,3,0,3,3,0,2,2,3,4
1355,1,0,0,1,0,1,0,0,1,0,0,0,0,0,1,0,1,1,1,1,1,3,2,2,3,4,1,0,4,2,4,0,4,1,3,4
1356,1,0,0,1,0,1,0,0,1,0,0,0,0,0,1,0,1,1,1,1,1,3,2,2,3,1,1,0,4,2,4,3,4,4,4,2
1357,1,0,0,1,0,1,0,0,1,0,0,0,0,0,1,0,1,1,1,1,1,3,2,2,2,2,4,1,2,4,4,3,4,4,4,2
1358,1,0,0,1,0,1,0,0,1,0,0,0,0,0,1,0,1,1,1,1,1,3,2,2,3,4,1,0,4,2,4,3,4,4,4,2
1392,1,0,0,1,0,1,0,0,1,0,0,0,0,0,1,0,1,1,2,4,3,0,0,0,0,1,3,4,3,1,4,3,4,4,4,2
1393,1,0,0,1,0,1,0,0,1,0,0,0,0,0,1,0,1,1,2,4,3,0,0,0,3,4,1,0,4,2,1,3,0,4,4,2
1394,1,0,0,1,0,1,1,1,0,1,1,1,0,0,1,1,0,1,2,4,3,0,0,0,0,1,3,4,3,1,1,3,0,4,4,0
1395,0,1,1,0,1,0,1,1,0,1,1,1,1,1,0,1,0,0,3,2,2,1,1,1,4,0,0,2,1,0,0,1,1,0,2,3
1396,0,1,1,0,1,0,1,1,0,1,1,1,1,1,0,1,0,0,0,3,4,4,4,3,4,0,0,2,1,0,1,2,0,3,1,0
1397,0,1,1,0,1,0,1,1,0,1,1,1,1,1,0,1,0,0,3,2,2,1,1,1,4,0,0,2,1,0,0,1,1,0,2,3
1398,0,1,1,0,1,0,1,1,0,1,1,1,1,1,0,1,0,0,0,3,4,4,4,3,0,1,3,4,3,1,1,2,0,3,1,0
1399,1,0,0,1,0,1,1,1,0,1,1,1,1,1,0,1,0,0,2,4,3,0,0,0,0,1,3,4,3,1,1,3,0,4,4,0
1400,0,1,1,0,1,0,1,1,0,1,1,1,1,1,0,1,0,0,0,3,4,4,4,3,4,0,0,2,1,0,1,2,0,3,1,0
1401,1,0,0,1,0,1,0,0,1,0,0,0,0,0,1,0,1,1,2,4,3,0,0,0,0,1,3,4,3,1,1,2,0,3,1,0
1402,0,1,1,0,1,0,1,1,0,1,1,1,1,1,0,1,0,0,3,2,2,1,1,1,4,0,0,2,1,0,0,1,1,0,2,3
1403,0,1,1,0,1,0,1,1,0,1,1,1,1,1,0,1,0,0,0,3,4,4,4,3,0,1,3,4,3,1,1,2,0,3,1,0
1404,1,0,0,1,0,1,0,0,1,0,0,0,0,0,1,0,1,1,2,4,3,0,0,0,0,1,3,4,3,1,1,3,0,4,4,0
1405,1,0,0,1,0,1,0,0,1,0,0,0,1,1,0,1,0,0,2,4,3,0,0,0,0,1,3,4,3,1,1,2,0,3,1,0
1406,1,0,0,1,0,1,0,0,1,0,0,0,0,0,1,0,1,1,2,4,3,0,0,0,0,1,3,4,3,1,1,3,0,4,4,2
1407,1,0,0,1,0,1,1,1,0,1,1,1,1,1,0,1,0,0,0,3,4,4,4,3,0,1,3,4,3,1,1,2,0,3,1,0
1408,0,1,1,0,1,0,1,1,0,1,1,1,1,1,0,1,0,0,0,3,4,4,4,3,4,0,0,2,1,0,1,2,0,3,1,0
1409,0,1,1,0,1,0,1,1,0,1,1,1,1,1,0,1,0,0,3,2,2,1,1,1,4,0,0,2,1,0,0,1,1,0,2,3
1410,0,1,1,0,1,0,1,1,0,1,1,1,1,1,0,1,0,0,0,3,4,4,4,3,4,0,0,2,1,0,0,2,1,3,1,3
1411,0,1,1,0,1,0,1,1,0,1,1,1,1,1,0,1,0,0,0,3,4,4,4,3,0,1,3,4,3,1,1,2,0,3,1,0
1412,1,0,0,1,0,1,0,0,1,0,0,0,0,0,1,0,1,1,4,0,0,2,3,4,1,3,2,3,0,3,2,0,3,2,3,4
1413,1,0,0,1,0,1,0,0,1,0,0,0,0,0,1,0,1,1,4,4,0,0,3,4,0,1,3,4,3,1,1,3,0,4,1,0
1414,1,0,0,1,0,1,0,0,1,0,0,0,0,0,1,0,1,1,4,0,0,2,3,4,1,3,2,3,0,3,1,3,0,4,4,2
1415,1,0,0,1,0,1,0,0,1,0,0,0,0,0,1,0,1,1,4,0,0,2,3,4,1,3,2,3,0,3,2,3,3,4,4,2
1416,1,0,0,1,0,1,0,0,1,0,0,0,0,0,1,0,1,1,4,0,0,2,3,4,3,4,1,0,4,2,4,3,4,4,4,2
1417,1,0,0,1,0,1,0,0,1,0,0,0,0,0,1,0,1,1,4,0,0,2,3,4,1,4,2,3,0,2,2,0,3,2,3,4
1419,1,0,0,1,0,1,0,0,1,0,0,0,0,0,1,0,1,1,4,0,0,2,3,4,1,3,2,3,0,3,2,3,3,4,4,2
1420,1,0,0,1,0,1,0,0,1,0,0,0,0,0,1,0,1,1,4,0,0,2,3,4,1,3,2,3,0,3,2,0,3,2,3,4
1421,1,0,0,1,0,1,0,0,1,0,0,0,0,0,1,0,1,1,4,0,0,2,3,4,3,4,1,0,4,2,1,3,0,4,4,0
1422,1,0,0,1,0,1,0,0,1,0,0,0,0,0,1,0,1,1,4,0,0,2,3,4,0,1,3,4,3,1,1,3,0,4,4,2
1423,1,0,0,1,0,1,0,0,1,0,0,0,0,0,1,0,1,1,4,0,0,2,3,4,1,3,2,3,0,3,2,3,3,4,4,2
1425,1,0,0,1,0,1,0,0,1,0,0,0,0,0,1,0,1,1,2,4,3,0,0,0,3,4,1,0,4,2,2,0,3,2,3,4
1426,1,0,0,1,0,1,0,0,1,0,0,0,0,0,1,0,1,1,4,0,0,2,3,4,1,3,2,3,0,3,2,0,3,2,3,4
1427,1,0,0,1,0,1,0,0,1,0,0,0,0,0,1,0,1,1,4,0,0,2,3,4,1,3,2,3,0,3,1,3,0,4,4,2
1428,1,0,0,1,0,1,0,0,1,0,0,0,0,0,1,0,1,1,4,0,0,2,3,4,1,3,2,3,0,3,2,0,3,2,3,4
1429,1,0,0,1,0,1,0,0,1,0,0,0,0,0,1,0,1,1,4,0,0,2,3,4,1,3,2,3,0,3,2,3,3,4,4,2
1430,0,1,1,0,1,0,1,1,0,1,1,1,1,1,0,1,0,0,0,3,4,4,4,3,0,1,3,4,3,1,4,3,4,3,4,0
1431,1,0,0,1,0,1,0,0,1,0,0,0,0,0,1,0,1,1,1,1,1,3,2,2,0,2,3,4,3,1,3,4,2,1,0,1
1438,1,0,0,1,0,1,0,0,1,0,0,0,0,0,1,0,1,1,2,4,3,0,0,0,0,2,3,4,3,1,4,4,4,1,0,1
1439,0,1,1,0,1,0,1,1,0,1,1,1,1,1,0,1,0,0,3,2,2,1,1,1,4,0,0,2,1,0,0,1,1,0,2,3
1440,0,1,1,0,1,0,1,1,0,1,1,1,1,1,0,1,0,0,0,3,4,4,4,3,4,0,0,2,1,0,1,2,0,3,1,0
1443,0,1,1,0,1,0,1,1,0,1,1,1,1,1,0,1,0,0,3,2,2,1,1,1,4,0,0,2,1,0,0,1,1,0,2,3
1444,0,1,1,0,1,0,1,1,0,1,1,1,1,1,0,1,0,0,3,2,2,1,1,1,4,0,0,2,1,0,0,1,1,0,2,3
1445,0,1,1,0,1,0,1,1,0,1,1,1,1,1,0,1,0,0,3,2,2,1,1,1,4,0,0,2,1,0,0,1,1,0,2,3
1446,0,1,1,0,1,0,1,1,0,1,1,1,1,1,0,1,0,0,3,2,2,1,1,1,4,0,0,2,1,0,0,1,1,0,2,3
1447,0,1,1,0,1,0,1,1,0,1,1,1,1,1,0,1,0,0,0,3,4,4,4,3,4,0,0,2,1,0,1,2,0,3,1,0
1448,0,1,1,0,1,0,1,1,0,1,1,1,1,1,0,1,0,0,3,2,2,1,1,1,4,0,0,2,1,0,0,1,1,0,2,3
1449,1,0,0,1,0,1,0,0,1,0,0,0,0,0,1,0,1,1,2,4,3,0,0,0,0,1,3,4,3,1,1,3,0,4,4,2
1453,0,1,1,0,1,0,1,1,0,1,1,1,1,1,0,1,0,0,3,2,2,1,1,1,4,0,0,2,1,0,0,1,1,0,2,3
1454,0,1,1,0,1,0,1,1,0,1,1,1,1,1,0,1,0,0,0,3,4,4,4,3,0,1,3,4,3,1,1,2,0,3,1,0
1456,0,1,1,0,1,0,1,1,0,1,1,1,1,1,0,1,0,0,3,2,2,1,1,1,4,0,0,2,1,0,0,1,1,0,2,3
1457,0,1,1,0,1,0,1,1,0,1,1,1,1,1,0,1,0,0,3,2,2,1,1,1,4,0,0,2,1,0,0,1,1,0,2,3
1459,0,1,1,0,1,0,1,1,0,1,1,1,1,1,0,1,0,0,3,2,2,1,1,1,4,0,0,2,1,0,0,1,1,0,2,3
1461,0,1,1,0,1,0,1,1,0,1,1,1,1,1,0,1,0,0,3,2,2,1,1,1,4,0,0,2,1,0,0,1,1,0,2,3
1463,1,0,0,1,0,1,1,1,0,1,1,1,1,1,0,1,0,0,0,3,4,4,4,3,0,1,3,4,3,1,1,2,0,3,1,0
1464,0,1,1,0,1,0,1,1,0,1,1,1,1,1,0,1,0,0,3,2,2,1,1,1,4,0,0,2,1,0,0,1,1,0,2,3
1465,0,1,1,0,1,0,1,1,0,1,1,1,1,1,0,1,0,0,3,2,2,1,1,1,4,0,0,2,1,0,0,1,1,0,2,3
1467,0,1,1,0,1,0,1,1,0,1,1,1,1,1,0,1,0,0,3,2,2,1,1,1,4,0,0,2,1,0,0,1,1,0,2,3
1468,0,1,1,0,1,0,1,1,0,1,1,1,1,1,0,1,0,0,3,2,2,1,1,1,4,0,0,2,1,0,0,1,1,0,2,3
1472,0,1,1,0,1,0,1,1,0,1,1,1,1,1,0,1,0,0,3,2,2,1,1,1,4,0,0,2,1,0,0,1,1,0,2,3
1473,1,0,0,1,0,1,0,0,1,0,0,0,1,1,0,1,0,0,2,4,3,0,0,0,0,1,3,4,3,1,1,2,0,3,1,0
1474,1,0,0,1,0,1,0,0,1,0,0,0,0,0,1,0,1,1,2,4,3,0,0,0,1,3,2,3,0,3,2,3,3,4,4,2
1475,0,1,1,0,1,0,1,1,0,1,1,1,1,1,0,1,0,0,3,2,2,1,1,1,4,0,0,2,1,0,0,1,1,0,2,3
1477,1,0,0,1,0,1,1,1,0,1,1,1,1,1,0,1,0,0,4,3,0,4,3,4,0,1,3,4,3,1,1,2,0,3,1,0
1478,1,0,0,1,0,1,0,0,1,0,0,0,0,0,1,0,1,1,2,4,3,0,0,0,1,1,2,3,0,3,1,3,0,4,4,2
1480,0,1,1,0,1,0,1,1,0,1,1,1,1,1,0,1,0,0,0,3,4,4,4,3,4,0,0,2,1,0,0,2,1,3,1,3
1481,0,1,1,0,1,0,1,1,0,1,1,1,1,1,0,1,0,0,3,2,2,1,1,1,4,0,0,2,1,0,0,1,1,0,2,3
1483,1,0,0,1,0,1,0,0,1,0,0,0,1,1,0,1,0,0,4,0,0,2,3,4,1,3,2,3,0,3,2,0,3,2,3,4
1484,0,1,1,0,1,0,1,1,0,1,1,1,1,1,0,1,0,0,0,3,4,4,4,3,4,0,0,2,1,0,0,2,1,3,1,3
1486,1,0,0,1,0,1,0,0,1,0,0,0,0,0,1,0,1,1,2,4,3,0,0,0,0,1,3,4,3,1,1,3,0,4,1,0
1488,0,1,1,0,1,0,1,1,0,1,1,1,1,1,0,1,0,0,3,2,2,1,1,1,4,0,0,2,1,0,0,1,1,0,2,3
1489,1,0,0,1,0,1,1,1,0,1,1,1,1,1,0,1,0,0,0,3,4,4,4,3,0,1,3,4,3,1,1,2,0,3,1,0
1490,0,1,1,0,1,0,1,1,0,1,1,1,1,1,0,1,0,0,0,3,4,4,4,3,4,0,0,2,1,0,1,2,0,3,1,0
1491,0,1,1,0,1,0,1,1,0,1,1,1,1,1,0,1,0,0,0,3,4,4,4,3,4,0,0,2,1,0,1,2,0,3,1,0
1492,0,1,1,0,1,0,1,1,0,1,1,1,1,1,0,1,0,0,0,3,4,4,4,3,4,0,0,2,1,0,1,2,0,3,1,0
1493,0,1,1,0,1,0,1,1,0,1,1,1,1,1,0,1,0,0,3,2,2,1,1,1,4,0,0,2,1,0,0,1,1,0,2,3
1494,1,0,0,1,0,1,0,0,1,0,0,0,0,0,1,0,1,1,2,4,3,0,0,0,1,3,2,3,0,3,2,3,3,4,4,2
1495,0,1,1,0,1,0,1,1,0,1,1,1,1,1,0,1,0,0,0,3,4,4,4,3,0,1,3,4,3,1,1,2,0,3,1,0
1496,0,1,1,0,1,0,1,1,0,1,1,1,1,1,0,1,0,0,0,3,4,4,4,3,4,0,0,2,1,0,0,2,1,3,1,3
1500,0,1,1,0,1,0,1,1,0,1,1,1,1,1,0,1,0,0,3,2,2,1,1,1,4,0,0,2,1,0,0,1,1,0,2,3
1501,0,1,1,0,1,0,1,1,0,1,1,1,1,1,0,1,0,0,3,2,2,1,1,1,4,0,0,2,1,0,0,1,1,0,2,3
1504,1,0,0,1,0,1,0,0,1,0,0,0,0,0,1,0,1,1,2,4,3,0,0,0,0,1,3,4,3,1,1,3,0,4,4,2
1506,0,1,1,0,1,0,1,1,0,1,1,1,1,1,0,1,0,0,0,3,4,4,4,3,4,0,0,2,1,0,0,2,1,3,1,3
1507,0,1,1,0,1,0,1,1,0,1,1,1,1,1,0,1,0,0,0,3,4,4,4,3,0,1,3,4,3,1,1,2,0,3,1,0
1508,0,1,1,0,1,0,1,1,0,1,1,1,1,1,0,1,0,0,0,3,4,4,4,3,0,1,3,4,3,1,1,2,0,3,1,0
1509,1,0,0,1,0,1,0,0,1,0,0,0,0,0,1,0,1,1,2,4,3,0,0,0,0,1,3,4,3,1,4,3,4,4,4,2
1510,1,0,0,1,0,1,0,0,1,0,0,0,0,0,1,0,1,1,2,4,3,0,0,0,0,1,3,4,3,1,4,3,4,4,4,2
1511,1,0,0,1,0,1,1,1,0,1,1,1,1,1,0,1,0,0,2,4,3,0,0,0,0,1,3,4,3,1,1,3,0,4,4,2
1512,1,0,0,1,0,1,0,0,1,0,0,0,0,0,1,0,1,1,2,4,3,0,0,0,0,1,3,4,3,1,1,3,0,4,4,2
1518,1,0,0,1,0,1,1,1,0,1,1,1,0,0,1,0,1,1,2,4,3,0,0,0,0,1,3,4,3,1,1,3,0,4,4,0
1519,1,0,0,1,0,1,0,0,1,0,0,0,0,0,1,0,1,1,2,4,3,0,0,0,0,1,3,4,3,1,4,3,4,4,4,2
1520,1,0,0,1,0,1,0,0,1,0,0,0,0,0,1,0,1,1,2,4,3,0,0,0,0,1,3,4,3,1,4,3,4,4,4,2
1521,1,0,0,1,0,1,1,1,0,1,1,1,1,1,0,1,0,0,2,4,3,0,0,0,0,1,3,4,3,1,1,3,0,4,4,0
1522,1,0,0,1,0,1,0,0,1,0,0,0,0,0,1,0,1,1,2,4,3,0,0,0,0,1,3,4,3,1,2,3,3,4,4,2
1523,0,1,1,0,1,0,1,1,0,1,1,1,1,1,0,1,0,0,3,2,2,1,1,1,4,0,0,2,1,0,0,1,1,0,2,3
1525,0,1,1,0,1,0,1,1,0,1,1,1,1,1,0,1,0,0,0,3,4,4,4,3,4,0,0,2,1,0,1,2,0,3,1,0
1526,1,0,0,1,0,1,1,1,0,1,1,1,1,1,0,1,0,0,4,0,0,2,3,4,0,1,3,4,3,1,1,2,0,3,1,0
1527,0,1,1,0,1,0,1,1,0,1,1,1,1,1,0,1,0,0,0,3,4,4,4,3,4,0,0,2,1,0,1,2,0,3,1,0
1528,1,0,0,1,0,1,0,0,1,0,0,0,0,0,1,0,1,1,4,0,0,2,3,4,1,3,2,3,0,3,1,3,0,4,4,2
1529,1,0,0,1,0,1,0,0,1,0,0,0,0,0,1,0,1,1,2,4,3,0,0,0,3,4,1,0,4,2,4,3,4,4,4,2
1530,1,0,0,1,0,1,0,0,1,0,0,0,0,0,1,0,1,1,4,0,0,2,3,4,1,3,2,3,0,3,2,0,3,2,3,2
1532,1,0,0,1,0,1,0,0,1,0,0,0,0,0,1,0,1,1,4,0,0,2,3,4,1,3,2,3,0,3,4,3,4,4,4,2
1533,1,0,0,1,0,1,0,0,1,0,0,0,0,0,1,0,1,1,1,1,1,3,2,2,0,1,3,4,3,1,4,3,4,4,4,2
1534,1,0,0,1,0,1,0,0,1,0,0,0,0,0,1,0,1,1,4,0,0,2,3,4,1,3,2,3,0,3,2,0,3,2,3,4
1535,1,0,0,1,0,1,0,0,1,0,0,0,0,0,1,0,1,1,2,4,3,0,0,0,3,4,1,0,4,2,4,3,4,4,4,2
1536,1,0,0,1,0,1,0,0,1,0,0,0,0,0,1,0,1,1,4,0,0,2,3,4,1,3,2,3,0,3,4,3,4,4,4,2
1537,1,0,0,1,0,1,0,0,1,0,0,0,0,0,1,0,1,1,4,0,0,2,3,4,1,3,2,3,0,3,4,3,4,4,4,2
1539,1,0,0,1,0,1,1,1,0,1,1,1,1,1,0,1,0,0,4,0,0,2,3,4,0,1,3,4,3,1,1,2,0,3,1,0
1540,1,0,0,1,0,1,1,1,0,1,1,1,1,1,0,1,0,0,0,3,4,4,4,3,0,1,3,4,3,1,1,2,0,3,1,0
1541,1,0,0,1,0,1,0,0,1,0,0,0,0,0,1,0,1,1,4,0,0,2,3,4,1,3,2,3,0,3,2,0,3,2,3,4
1542,1,0,0,1,0,1,0,0,1,0,0,0,0,0,1,0,1,1,4,0,0,2,3,4,3,4,1,0,4,2,2,0,3,2,3,4
1543,1,0,0,1,0,1,0,0,1,0,0,0,0,0,1,0,1,1,4,0,0,2,3,4,1,3,2,3,0,3,4,3,4,4,4,2
1544,1,0,0,1,0,1,0,0,1,0,0,0,0,0,1,0,1,1,1,1,1,0,2,2,0,1,3,4,3,1,4,3,4,4,4,2
1545,1,0,0,1,0,1,0,0,1,0,0,0,0,0,1,0,1,1,4,0,0,2,3,4,1,3,2,3,0,3,2,0,3,2,3,4
1546,1,0,0,1,0,1,0,0,1,0,0,0,0,0,1,0,1,1,2,4,3,0,0,0,3,4,1,0,4,2,4,3,4,4,4,2
1547,1,0,0,1,0,1,0,0,1,0,0,0,0,0,1,0,1,1,4,0,0,2,3,4,1,3,2,3,0,3,1,3,0,4,4,2
1548,1,0,0,1,0,1,0,0,1,0,0,0,0,0,1,0,1,1,4,0,0,2,3,4,1,3,2,3,0,3,2,0,3,2,3,4
1549,1,0,0,1,0,1,0,0,1,0,0,0,0,0,1,0,1,1,2,4,3,0,0,0,3,4,1,0,4,2,4,3,4,4,4,2
1550,1,0,0,1,0,1,0,0,1,0,0,0,0,0,1,0,1,1,4,0,0,2,3,4,1,3,2,3,0,3,4,3,4,4,4,2
1551,1,0,0,1,0,1,0,0,1,0,0,0,0,0,1,0,1,1,4,0,0,2,3,4,1,3,2,3,0,3,2,0,3,2,3,4
1552,1,0,0,1,0,1,0,0,1,0,0,0,0,0,1,0,1,1,4,0,0,2,3,4,1,3,2,3,0,3,2,0,3,2,3,4
1553,1,0,0,1,0,1,1,1,0,1,1,1,1,1,0,1,0,0,4,0,0,2,3,4,0,1,3,4,3,1,1,2,0,3,1,0
1554,1,0,0,1,0,1,0,0,1,0,0,0,0,0,1,0,1,1,2,4,3,0,0,0,1,3,2,3,0,3,4,3,4,4,4,2
1555,1,0,0,1,0,1,0,0,1,0,0,0,0,0,1,0,1,1,4,0,0,2,3,4,1,3,2,3,0,3,2,0,3,2,3,4
1556,1,0,0,1,0,1,0,0,1,0,0,0,0,0,1,0,1,1,4,0,0,2,3,4,1,3,2,3,0,3,2,0,3,2,3,4
1557,1,0,0,1,0,1,0,0,1,0,0,0,0,0,1,0,1,1,2,4,3,0,0,0,3,4,1,0,4,2,1,3,0,4,4,2
1558,1,0,0,1,0,1,0,0,1,0,0,0,0,0,1,0,1,1,1,1,1,3,2,2,2,2,4,1,2,4,4,3,4,4,4,2
1559,1,0,0,1,0,1,0,0,1,0,0,0,0,0,1,0,1,1,4,0,0,2,3,4,1,3,2,3,0,3,2,0,3,2,3,4
1560,0,1,1,0,1,0,1,1,0,1,1,1,1,1,0,1,0,0,0,3,4,4,4,3,4,0,0,2,1,0,0,2,1,3,1,3
1561,1,0,0,1,0,1,0,0,1,0,0,0,0,0,1,0,1,1,4,0,0,2,3,4,1,3,2,3,0,3,2,3,3,4,4,2
1562,1,0,0,1,0,1,0,0,1,0,0,0,0,0,1,0,1,1,4,0,0,2,3,4,0,1,3,4,3,1,1,3,0,4,4,0
1563,1,0,0,1,0,1,1,1,0,1,1,1,1,1,0,1,0,0,4,0,0,2,3,4,0,1,3,4,3,1,1,2,0,3,1,0
1564,1,0,0,1,0,1,0,0,1,0,0,0,0,0,1,0,1,1,4,0,0,2,3,4,1,3,2,3,0,3,2,0,3,2,3,4
1565,1,0,0,1,0,1,0,0,1,0,0,0,0,0,1,0,1,1,4,0,0,2,3,4,0,1,3,4,3,1,1,3,0,4,4,2
1566,1,0,0,1,0,1,0,0,1,0,0,0,0,0,1,0,1,1,4,0,0,2,3,4,0,1,3,4,3,1,4,3,4,4,4,2
1567,1,0,0,1,0,1,0,0,1,0,0,0,0,0,1,0,1,1,4,0,0,2,3,4,1,3,2,3,0,3,2,0,3,2,3,4
1568,1,0,0,1,0,1,0,0,1,0,0,0,0,0,1,0,1,1,4,0,0,2,3,4,1,3,2,3,0,3,2,3,3,4,4,2
1569,1,0,0,1,0,1,0,0,1,0,0,0,0,0,1,0,1,1,4,0,0,2,3,4,1,3,2,3,0,3,2,0,3,2,3,4
1570,1,0,0,1,0,1,0,0,1,0,0,0,0,0,1,0,1,1,2,4,3,0,0,0,0,1,3,4,3,1,4,3,4,4,4,2
1571,1,0,0,1,0,1,0,0,1,0,0,0,0,0,1,0,1,1,1,1,1,3,2,2,2,2,4,1,2,4,4,3,4,4,4,2
1572,1,0,0,1,0,1,0,0,1,0,0,0,0,0,1,0,1,1,0,3,4,4,4,3,0,1,3,4,3,1,1,2,0,3,1,0
1573,1,0,0,1,0,1,0,0,1,0,0,0,0,0,1,0,1,1,4,0,0,2,3,4,0,1,3,4,3,1,4,3,4,4,4,2
1574,1,0,0,1,0,1,0,0,1,0,0,0,0,0,1,0,1,1,1,1,1,3,2,2,3,4,1,0,4,2,4,3,4,4,4,2
1575,0,1,1,0,1,0,1,1,0,1,1,1,1,1,0,1,0,0,0,3,4,4,4,3,4,0,0,2,1,0,0,2,1,3,1,3
1577,1,0,0,1,0,1,1,1,0,1,1,1,0,0,1,0,1,1,4,0,0,2,3,4,0,1,3,4,3,1,1,3,0,4,4,0
1578,1,0,0,1,0,1,0,0,1,0,0,0,0,0,1,0,1,1,2,4,3,0,0,0,0,1,3,4,3,1,4,3,4,4,4,2
1579,1,0,0,1,0,1,0,0,1,0,0,0,0,0,1,0,1,1,2,4,3,0,0,0,3,4,1,0,4,2,2,0,3,2,3,4
1580,1,0,0,1,0,1,0,0,1,0,0,0,0,0,1,0,1,1,2,4,3,0,0,0,3,4,1,0,4,2,4,3,4,4,4,2
1581,1,0,0,1,0,1,0,0,1,0,0,0,0,0,1,0,1,1,2,4,3,0,0,0,3,4,1,0,4,2,4,3,4,4,4,2
1582,1,0,0,1,0,1,0,0,1,0,0,0,0,0,1,0,1,1,2,4,3,0,0,0,0,1,3,4,3,1,4,3,4,4,4,2
1583,1,0,0,1,0,1,0,0,1,0,0,0,0,0,1,0,1,1,2,4,3,0,0,0,3,4,1,0,4,2,2,3,3,4,4,2
1584,1,0,0,1,0,1,0,0,1,0,0,0,0,0,1,0,1,1,2,4,3,0,0,0,3,4,1,0,4,2,3,0,2,2,0,4
1585,1,0,0,1,0,1,0,0,1,0,0,0,0,0,1,0,1,1,2,4,3,0,0,0,0,2,3,4,3,1,3,4,2,1,0,1
1586,0,1,1,0,1,0,1,1,0,1,1,1,1,1,0,1,0,0,0,3,4,4,4,3,0,1,3,4,3,1,1,2,0,3,1,0
1587,1,0,0,1,0,1,0,0,1,0,0,0,0,0,1,0,1,1,2,4,3,0,0,0,1,3,2,3,0,3,4,3,4,4,4,2
1588,1,0,0,1,0,1,0,0,1,0,0,0,0,0,1,0,1,1,2,4,3,0,0,0,3,4,1,0,4,2,4,3,4,4,4,2
1589,1,0,0,1,0,1,0,0,1,0,0,0,0,0,1,0,1,1,2,4,3,0,0,0,1,3,2,3,0,3,2,3,3,4,4,2
1590,1,0,0,1,0,1,0,0,1,0,0,0,0,0,1,0,1,1,2,4,3,0,0,0,3,4,1,0,4,2,3,0,2,2,0,4
1591,1,0,0,1,0,1,0,0,1,0,0,0,0,0,1,0,1,1,2,4,3,0,0,0,3,4,1,0,4,2,2,0,3,4,3,2
1592,1,0,0,1,0,1,0,0,1,0,0,0,0,0,1,0,1,1,4,0,0,2,3,4,1,3,2,3,0,3,1,3,0,4,4,0
1593,1,0,0,1,0,1,0,0,1,0,0,0,0,0,1,0,1,1,2,4,3,0,0,0,1,3,2,3,0,3,4,0,4,4,4,2
1594,1,0,0,1,0,1,0,0,1,0,0,0,0,0,1,0,1,1,2,4,3,0,0,0,1,3,2,3,0,3,2,0,3,2,3,4
1595,1,0,0,1,0,1,0,0,1,0,0,0,0,0,1,0,1,1,2,4,3,0,0,0,1,3,2,3,0,3,4,3,4,4,4,2
1596,1,0,0,1,0,1,0,0,1,0,0,0,0,0,1,0,1,1,2,4,3,0,0,0,3,4,1,0,4,2,4,4,4,1,0,1
1597,0,1,1,0,1,0,1,1,0,1,1,1,1,1,0,1,0,0,3,2,2,1,1,1,4,0,0,2,1,0,0,1,1,0,2,3
1598,0,1,1,0,1,0,1,1,0,1,1,1,1,1,0,1,0,0,3,2,2,1,1,1,4,0,0,2,1,0,0,1,1,0,2,3
1599,0,1,1,0,1,0,1,1,0,1,1,1,1,1,0,1,0,0,0,3,4,4,4,3,4,0,0,2,1,0,1,2,0,3,1,0
1600,0,1,1,0,1,0,1,1,0,1,1,1,1,1,0,1,0,0,0,3,4,4,4,3,4,0,0,2,1,0,1,2,0,3,1,0
1601,0,1,1,0,1,0,1,1,0,1,1,1,1,1,0,1,0,0,3,2,2,1,1,1,4,0,0,2,1,0,0,1,1,0,2,3
1602,1,0,0,1,0,1,0,0,1,0,0,0,0,0,1,0,1,1,1,1,1,3,2,2,2,2,4,1,2,4,4,3,4,4,4,2
1603,1,0,0,1,0,1,1,1,0,1,1,1,0,0,1,0,1,1,1,1,1,3,2,2,0,1,3,4,3,1,1,2,0,3,1,0
1604,1,0,0,1,0,1,0,0,1,0,0,0,0,0,1,0,1,1,2,4,3,0,0,0,0,1,3,4,3,1,1,2,0,3,1,0
1605,1,0,0,1,0,1,0,0,1,0,0,0,0,0,1,0,1,1,2,4,3,0,0,0,0,1,3,4,3,1,4,3,4,4,4,2
1606,1,0,0,1,0,1,0,0,1,0,0,0,0,0,1,0,1,1,4,0,0,2,3,4,1,3,2,3,0,3,4,3,4,4,4,2
1607,1,0,0,1,0,1,0,0,1,0,0,0,0,0,1,0,1,1,2,4,3,0,0,0,0,1,3,4,3,1,4,0,4,4,3,2
1608,1,0,0,1,0,1,0,0,1,0,0,0,0,0,1,0,1,1,1,1,1,3,2,2,0,1,3,4,3,1,1,3,0,4,4,0
1609,1,0,0,1,0,1,0,0,1,0,0,0,0,0,1,0,1,1,0,3,4,4,4,3,0,1,3,4,3,1,1,2,0,3,1,0
1610,1,0,0,1,0,1,0,0,1,0,0,0,0,0,1,0,1,1,2,4,3,0,0,0,0,1,3,4,3,1,4,3,4,4,4,2
1611,1,0,0,1,0,1,0,0,1,0,0,0,0,0,1,0,1,1,2,4,3,0,0,0,3,4,1,0,4,2,1,3,0,4,4,0
1612,1,0,0,1,0,1,0,0,1,0,0,0,0,0,1,0,1,1,2,4,3,0,0,0,0,1,3,4,3,1,4,3,4,4,4,2
1613,1,0,0,1,0,1,0,0,1,0,0,0,0,0,1,0,1,1,2,4,3,0,0,0,1,3,2,3,0,3,4,3,4,4,4,2
1614,1,0,0,1,0,1,0,0,1,0,0,0,0,0,1,0,1,1,4,0,0,2,3,4,1,3,2,3,0,3,4,3,4,4,4,2
1615,1,0,0,1,0,1,1,1,0,1,1,1,1,1,0,1,0,0,0,3,4,4,4,3,0,1,3,4,3,1,1,2,0,3,1,0
1616,1,0,0,1,0,1,0,0,1,0,0,0,0,0,1,0,1,1,2,4,3,0,0,0,0,1,3,4,3,1,1,3,0,4,4,2
1617,1,0,0,1,0,1,0,0,1,0,0,0,0,0,1,0,1,1,2,4,3,0,0,0,1,3,2,3,0,3,2,0,3,2,3,4
1618,1,0,0,1,0,1,0,0,1,0,0,0,0,0,1,0,1,1,4,0,0,2,3,4,1,3,2,3,0,3,2,0,3,2,3,4
1619,1,0,0,1,0,1,0,0,1,0,0,0,0,0,1,0,1,1,2,4,3,0,0,0,0,1,3,4,3,1,1,3,0,4,4,2
1620,0,1,1,0,1,0,1,1,0,1,1,1,1,1,0,1,0,0,3,2,2,1,1,1,4,0,0,2,1,0,0,1,1,0,2,3
1621,1,0,0,1,0,1,0,0,1,0,0,0,0,0,1,0,1,1,1,1,1,3,2,2,0,1,3,4,3,1,4,3,4,4,4,2
1622,1,0,0,1,0,1,0,0,1,0,0,0,0,0,1,0,1,1,4,0,0,2,3,4,0,3,3,4,3,3,3,4,4,1,0,1
1623,1,0,0,1,0,1,0,0,1,0,0,0,0,0,1,0,1,1,2,4,3,0,0,0,0,1,3,4,3,1,1,3,0,4,4,0
1624,1,0,0,1,0,1,0,0,1,0,0,0,0,0,1,0,1,1,1,1,1,3,2,2,0,1,3,4,3,1,4,3,4,4,4,2
1625,1,0,0,1,0,1,0,0,1,0,0,0,0,0,1,0,1,1,1,1,1,3,2,2,2,1,4,1,2,4,4,3,4,4,4,0
1626,1,0,0,1,0,1,0,0,1,0,0,0,0,0,1,0,1,1,4,0,0,2,3,4,1,3,2,3,0,3,2,0,3,2,3,4
1627,1,0,0,1,0,1,0,0,1,0,0,0,0,0,1,0,1,1,2,4,3,0,0,0,1,3,2,3,0,3,2,3,4,4,4,2
1628,1,0,0,1,0,1,0,0,1,0,0,0,0,0,1,0,1,1,1,1,1,3,2,2,0,1,3,4,3,1,4,3,4,4,4,2
1629,1,0,0,1,0,1,0,0,1,0,0,0,0,0,1,0,1,1,1,1,1,3,2,2,1,3,2,3,0,3,1,3,0,4,4,0
1630,1,0,0,1,0,1,0,0,1,0,0,0,0,0,1,0,1,1,1,1,1,3,2,2,2,2,4,1,2,4,4,3,4,4,4,2
1631,1,0,0,1,0,1,0,0,1,0,0,0,0,0,1,0,1,1,2,4,3,0,0,0,0,1,3,4,3,1,4,3,4,4,4,2
1632,0,1,1,0,1,0,1,1,0,1,1,1,1,1,0,1,0,0,3,2,2,1,1,1,4,0,0,2,1,0,0,1,1,0,2,3
1633,1,0,0,1,0,1,0,0,1,0,0,0,0,0,1,0,1,1,1,1,1,3,2,2,3,4,1,0,4,2,4,3,4,4,4,2
1634,1,0,0,1,0,1,0,0,1,0,0,0,0,0,1,0,1,1,1,1,1,3,2,2,3,4,1,0,4,2,1,2,0,3,1,0
1635,1,0,0,1,0,1,0,0,1,0,0,0,0,0,1,0,1,1,1,1,1,3,2,2,2,2,4,1,2,4,3,4,2,1,0,1
1636,1,0,0,1,0,1,0,0,1,0,0,0,0,0,1,0,1,1,1,1,1,3,2,2,3,4,1,0,4,2,3,4,2,1,0,1
1637,1,0,0,1,0,1,0,0,1,0,0,0,0,0,1,0,1,1,1,1,1,2,2,2,1,3,2,3,0,3,4,3,4,4,4,2
1638,1,0,0,1,0,1,0,0,1,0,0,0,0,0,1,0,1,1,2,4,3,0,0,0,0,1,3,4,3,1,4,3,4,4,4,2
1639,1,0,0,1,0,1,0,0,1,0,0,0,0,0,1,0,1,1,1,1,1,3,2,2,1,3,2,3,0,3,4,3,4,4,4,2
1640,1,0,0,1,0,1,0,0,1,0,0,0,0,0,1,0,1,1,1,1,1,3,2,2,2,2,4,1,2,4,3,4,2,1,0,1
1641,1,0,0,1,0,1,0,0,1,0,0,0,0,0,1,0,1,1,2,4,3,0,0,0,0,1,3,4,3,1,4,3,4,4,4,2
1642,1,0,0,1,0,1,0,0,1,0,0,0,0,0,1,0,1,1,4,0,0,2,3,4,1,3,2,3,0,3,2,0,3,2,3,4
1643,1,0,0,1,0,1,0,0,1,0,0,0,0,0,1,0,1,1,2,4,3,0,0,0,3,4,1,0,4,2,4,3,4,4,4,2
1644,1,0,0,1,0,1,0,0,1,0,0,0,0,0,1,0,1,1,1,1,1,3,2,2,3,4,1,0,4,2,4,4,4,1,0,1
1645,1,0,0,1,0,1,0,0,1,0,0,0,0,0,1,0,1,1,4,0,0,2,3,4,3,4,1,0,4,2,1,3,0,4,4,0
1646,1,0,0,1,0,1,0,0,1,0,0,0,0,0,1,0,1,1,1,1,1,3,2,2,3,4,1,0,4,2,4,3,4,4,4,2
1647,1,0,0,1,0,1,0,0,1,0,0,0,0,0,1,0,1,1,1,1,1,3,2,2,3,4,1,0,4,2,4,3,4,4,4,2
1648,1,0,0,1,0,1,0,0,1,0,0,0,0,0,1,0,1,1,4,0,0,2,3,4,3,4,1,0,4,2,2,0,3,2,3,4
1649,1,0,0,1,0,1,0,0,1,0,0,0,0,0,1,0,1,1,1,1,1,3,2,2,3,4,1,0,4,2,3,4,2,1,0,1
1650,1,0,0,1,0,1,0,0,1,0,0,0,0,0,1,0,1,1,1,1,1,3,2,2,3,4,1,0,4,2,4,4,4,1,0,1
1651,1,0,0,1,0,1,0,0,1,0,0,0,0,0,1,0,1,1,1,1,1,3,2,2,3,4,1,0,4,2,3,4,2,1,0,1
1652,0,1,1,0,1,0,1,1,0,1,1,1,1,1,0,1,0,0,0,3,4,4,4,3,4,0,0,2,1,0,1,2,0,3,1,0
1653,1,0,0,1,0,1,0,0,1,0,0,0,0,0,1,0,1,1,1,1,1,3,2,2,3,4,1,0,4,2,4,4,4,1,0,1
1654,1,0,0,1,0,1,0,0,1,0,0,0,0,0,1,0,1,1,1,1,1,3,2,2,2,2,4,1,2,4,4,3,4,4,4,2
1655,1,0,0,1,0,1,0,0,1,0,0,0,0,0,1,0,1,1,2,4,3,0,0,0,3,4,1,0,4,2,4,3,4,4,4,2
1656,1,0,0,1,0,1,0,0,1,0,0,0,0,0,1,0,1,1,1,1,1,3,2,2,3,4,1,0,4,2,4,3,4,4,4,2
1657,1,0,0,1,0,1,0,0,1,0,0,0,0,0,1,0,1,1,1,1,1,3,2,2,3,4,1,0,4,2,4,3,4,1,4,2
1658,1,0,0,1,0,1,0,0,1,0,0,0,0,0,1,0,1,1,2,4,3,0,0,0,3,4,1,0,4,2,4,3,4,4,4,2
1659,1,0,0,1,0,1,0,0,1,0,0,0,0,0,1,0,1,1,0,3,4,4,4,3,0,1,3,4,3,1,1,2,0,3,1,0
1660,1,0,0,1,0,1,0,0,1,0,0,0,0,0,1,0,1,1,2,4,3,0,0,0,3,4,1,0,4,2,2,0,3,2,3,4
1661,1,0,0,1,0,1,0,0,1,0,0,0,0,0,1,0,1,1,1,1,1,3,2,2,3,4,1,0,4,2,4,3,4,4,4,2
1662,0,1,1,0,1,0,0,0,1,0,0,0,0,0,1,0,1,1,0,3,4,4,4,3,3,4,1,0,4,4,3,4,2,1,0,1
1663,1,0,0,1,0,1,0,0,1,0,0,0,0,0,1,0,1,1,4,0,0,2,3,4,1,3,2,3,0,3,2,3,3,4,3,2
1664,1,0,0,1,0,1,0,0,1,0,0,0,0,0,1,0,1,1,1,1,1,3,2,2,3,4,1,0,4,2,4,4,4,1,0,1
1665,0,1,1,0,1,0,1,1,0,1,1,1,1,1,0,1,0,0,3,2,2,1,1,1,4,0,0,2,1,0,0,1,1,0,2,3
1666,1,0,0,1,0,1,0,0,1,0,0,0,0,0,1,0,1,1,4,0,0,2,3,4,1,3,2,3,0,3,1,2,0,3,1,0
1667,1,0,0,1,0,1,1,1,0,1,1,1,1,1,0,1,0,0,0,3,4,4,4,3,0,1,3,4,3,1,1,2,0,3,1,0
1668,0,1,1,0,1,0,1,1,0,1,1,1,1,1,0,1,0,0,0,3,4,4,4,3,4,0,0,2,1,0,1,2,0,3,1,0
1669,1,0,0,1,0,1,0,0,1,0,0,0,0,0,1,0,1,1,2,4,3,0,0,0,0,1,3,4,3,1,4,3,4,4,4,2
1670,1,0,0,1,0,1,0,0,1,0,0,0,0,0,1,0,1,1,4,0,0,2,3,4,0,1,3,4,3,1,1,3,0,4,4,0
1671,1,0,0,1,0,1,0,0,1,0,0,0,0,0,1,0,1,1,2,4,3,0,0,0,0,1,3,4,3,1,2,3,3,4,4,2
1672,1,0,0,1,0,1,1,1,0,1,1,1,0,0,1,0,1,1,2,4,3,0,0,0,0,1,3,4,3,1,1,2,0,3,1,0
1673,1,0,0,1,0,1,1,1,0,1,1,1,1,1,0,1,0,0,0,3,4,4,4,3,0,1,3,4,3,1,1,2,0,3,1,0
1674,1,0,0,1,0,1,1,1,0,1,1,1,0,0,1,0,1,1,0,3,4,4,4,3,0,1,3,4,3,1,4,3,4,4,4,2
1675,1,0,0,1,0,1,0,0,1,0,0,0,0,0,1,0,1,1,0,3,4,4,4,3,0,1,3,4,3,1,1,2,0,3,1,0
1676,1,0,0,1,0,1,0,0,1,0,0,0,0,0,1,0,1,1,2,4,3,0,0,0,0,1,3,4,3,1,4,3,4,4,4,2
1678,1,0,0,1,0,1,0,0,1,0,0,0,0,0,1,0,1,1,2,4,3,0,0,0,1,3,2,3,0,3,2,0,3,2,3,4
1679,1,0,0,1,0,1,0,0,1,0,0,0,0,0,1,0,1,1,2,4,3,0,0,0,1,3,2,3,0,3,2,3,3,4,4,2
1680,1,0,0,1,0,1,0,0,1,0,0,0,0,0,1,0,1,1,4,0,0,2,3,4,3,4,1,0,4,2,2,0,3,2,3,4
1681,1,0,0,1,0,1,0,0,1,0,0,0,0,0,1,0,1,1,4,0,0,2,3,4,1,3,2,3,0,3,2,0,3,2,3,4
1682,1,0,0,1,0,1,0,0,1,0,0,0,0,0,1,0,1,1,1,1,1,3,2,2,3,4,1,0,4,2,3,4,2,1,0,1
1683,0,1,1,0,1,0,1,1,0,1,1,1,0,0,1,0,1,1,0,3,4,4,4,3,0,1,3,4,3,1,1,2,0,3,1,0
1685,1,0,0,1,0,1,0,0,1,0,0,0,0,0,1,0,1,1,4,0,0,2,3,4,1,3,2,3,0,3,2,0,3,2,3,4
1686,1,0,0,1,0,1,0,0,1,0,0,0,0,0,1,0,1,1,2,4,3,0,0,0,1,3,2,3,0,3,3,0,2,2,0,4
1687,1,0,0,1,0,1,0,0,1,0,0,0,0,0,1,0,1,1,1,1,1,3,2,2,2,2,4,1,2,4,4,3,4,4,4,2
1688,1,0,0,1,0,1,0,0,1,0,0,0,0,0,1,0,1,1,2,4,3,0,0,0,3,4,1,0,4,2,4,3,4,4,4,2
1689,1,0,0,1,0,1,0,0,1,0,0,0,0,0,1,0,1,1,4,0,0,2,3,4,1,3,2,3,0,3,2,3,3,2,3,2
1690,1,0,0,1,0,1,0,0,1,0,0,0,0,0,1,0,1,1,4,0,0,2,3,4,1,3,2,3,0,3,2,0,3,2,3,4
1691,1,0,0,1,0,1,0,0,1,0,0,0,0,0,1,0,1,1,4,0,0,2,3,4,1,3,2,3,0,3,2,0,3,2,3,4
1692,1,0,0,1,0,1,0,0,1,0,0,0,0,0,1,0,1,1,2,4,3,0,0,0,1,3,2,3,0,3,2,3,3,4,4,2
1693,1,0,0,1,0,1,0,0,1,0,0,0,0,0,1,0,1,1,1,1,1,3,2,2,0,1,3,4,3,1,4,3,4,4,4,2
1694,1,0,0,1,0,1,0,0,1,0,0,0,0,0,1,0,1,1,4,0,0,2,3,4,1,3,2,3,0,3,4,4,4,1,0,1
1696,1,0,0,1,0,1,0,0,1,0,0,0,0,0,1,0,1,1,2,4,3,0,0,0,3,4,1,0,4,2,4,3,4,4,4,2
1697,1,0,0,1,0,1,0,0,1,0,0,0,0,0,1,0,1,1,1,1,1,3,2,2,3,4,1,0,4,2,4,4,4,1,0,1
1698,1,0,0,1,0,1,0,0,1,0,0,0,0,0,1,0,1,1,4,0,0,2,3,4,1,3,2,3,0,3,2,0,3,2,3,4
1699,1,0,0,1,0,1,0,0,1,0,0,0,0,0,1,0,1,1,2,4,3,0,0,0,3,4,1,0,4,2,3,4,2,1,0,1
1700,1,0,0,1,0,1,0,0,1,0,0,0,0,0,1,0,1,1,1,4,1,0,2,2,0,1,3,4,3,1,4,3,4,4,4,2
1701,1,0,0,1,0,1,0,0,1,0,0,0,0,0,1,0,1,1,2,4,3,0,0,0,1,3,2,3,0,3,2,3,4,4,4,2
1702,1,0,0,1,0,1,0,0,1,0,0,0,0,0,1,0,1,1,4,0,0,2,3,4,1,3,2,3,0,3,2,0,3,2,3,4
1703,1,0,0,1,0,1,0,0,1,0,0,0,0,0,1,0,1,1,1,1,1,3,2,2,0,1,3,4,3,1,4,3,4,4,4,2
1704,1,0,0,1,0,1,1,1,0,1,1,1,1,1,0,1,0,0,2,4,3,4,0,0,0,1,3,4,3,1,1,2,0,3,1,0
1705,1,0,0,1,0,1,0,0,1,0,0,0,0,0,1,0,1,1,2,4,3,0,0,0,1,3,2,3,0,3,2,0,3,2,3,4
1706,1,0,0,1,0,1,0,0,1,0,0,0,0,0,1,0,1,1,4,0,0,2,3,4,1,3,2,3,0,3,2,0,3,2,3,4
1707,0,1,1,0,1,0,1,1,0,1,1,1,1,1,0,1,0,0,0,3,4,4,4,3,4,0,0,2,1,0,0,2,1,3,1,0
1708,1,0,0,1,0,1,0,0,1,0,0,0,0,0,1,0,1,1,4,0,0,2,3,4,0,1,3,4,3,1,1,3,0,4,4,2
1709,1,0,0,1,0,1,1,1,0,1,1,1,0,0,1,0,1,1,2,4,3,0,0,0,0,1,3,4,3,1,1,3,0,4,4,2
1710,1,0,0,1,0,1,0,0,1,0,0,0,0,0,1,0,1,1,2,4,3,0,0,0,1,3,2,3,0,3,2,3,3,2,4,2
1711,1,0,0,1,0,1,0,0,1,0,0,0,0,0,1,0,1,1,4,0,0,2,3,4,1,3,2,3,0,3,2,0,3,2,3,4
1712,1,0,0,1,0,1,0,0,1,0,0,0,0,0,1,0,1,1,2,4,3,0,0,0,3,4,1,0,4,2,2,0,3,2,3,4
1714,1,0,0,1,0,1,0,0,1,0,0,0,0,0,1,0,1,1,4,0,0,2,3,4,1,3,2,3,0,3,2,0,3,2,3,4
1715,1,0,0,1,0,1,0,0,1,0,0,0,0,0,1,0,1,1,2,4,3,0,0,0,3,4,1,0,4,2,2,0,3,2,3,4
1717,1,0,0,1,0,1,0,0,1,0,0,0,0,0,1,0,1,1,2,4,3,0,0,0,1,3,2,3,0,3,2,0,3,2,3,4
1718,1,0,0,1,0,1,0,0,1,0,0,0,0,0,1,0,1,1,2,4,3,0,0,0,3,4,1,0,4,2,2,0,3,2,3,4
1719,1,0,0,1,0,1,1,1,0,1,1,1,0,0,1,0,1,1,4,0,0,2,3,4,4,0,0,2,1,0,3,4,2,1,0,1
1722,1,0,0,1,0,1,0,0,1,0,0,0,0,0,1,0,1,1,4,0,0,2,3,4,1,3,2,3,0,3,2,0,3,2,3,4
1724,1,0,0,1,0,1,0,0,1,0,0,0,0,0,1,0,1,1,4,0,0,2,3,4,1,3,2,3,0,3,2,0,3,2,3,4
1725,1,0,0,1,0,1,0,0,1,0,0,0,0,0,1,0,1,1,4,0,0,2,3,4,1,3,2,3,0,3,2,0,3,2,3,4
1726,0,1,1,0,1,0,1,1,0,1,1,1,1,1,0,1,0,0,0,3,4,4,4,3,4,0,0,2,1,0,1,2,0,3,1,0
1727,1,0,0,1,0,1,0,0,1,0,0,0,0,0,1,0,1,1,4,0,0,2,3,4,1,3,2,3,0,3,2,0,3,2,3,2
1728,1,0,0,1,0,1,0,0,1,0,0,0,0,0,1,0,1,1,4,4,0,2,3,4,1,3,2,3,0,2,2,0,3,2,3,4
1730,1,0,0,1,0,1,0,0,1,0,0,0,0,0,1,0,1,1,1,1,1,3,2,2,3,4,1,0,4,2,3,4,2,1,0,1
1731,1,0,0,1,0,1,0,0,1,0,0,0,0,0,1,0,1,1,2,4,3,0,0,0,3,4,1,0,4,2,3,4,2,1,0,1
1732,1,0,0,1,0,1,0,0,1,0,0,0,0,0,1,0,1,1,4,0,0,2,3,4,1,3,2,3,0,3,2,0,3,2,3,4
1733,1,0,0,1,0,1,0,0,1,0,0,0,0,0,1,0,1,1,2,4,3,0,0,0,3,4,1,0,4,2,2,0,3,2,3,4
1737,1,0,0,1,0,1,0,0,1,0,0,0,0,0,1,0,1,1,4,0,0,2,3,4,1,3,2,3,0,3,2,0,3,2,3,4
1738,1,0,0,1,0,1,0,0,1,0,0,0,0,0,1,0,1,1,4,0,0,2,3,4,1,3,2,3,0,3,2,0,3,2,3,4
1739,1,0,0,1,0,1,0,0,1,0,0,0,0,0,1,0,1,1,4,0,0,2,3,4,1,3,2,3,0,3,2,0,3,2,3,4
1740,1,0,0,1,0,1,0,0,1,0,0,0,0,0,1,0,1,1,4,0,0,2,3,4,1,3,2,3,0,3,1,2,0,3,1,0
1741,1,0,0,1,0,1,0,0,1,0,0,0,0,0,1,0,1,1,4,0,0,2,3,4,1,3,2,3,0,3,2,0,3,2,3,4
1742,1,0,0,1,0,1,0,0,1,0,0,0,0,0,1,0,1,1,4,0,0,2,3,4,1,3,2,3,0,3,2,0,3,2,3,4
1743,1,0,0,1,0,1,0,0,1,0,0,0,0,0,1,0,1,1,4,0,0,2,3,4,1,3,2,3,0,3,2,0,3,2,3,4
1744,1,0,0,1,0,1,0,0,1,0,0,0,0,0,1,0,1,1,4,0,0,2,3,4,1,3,2,3,0,3,2,0,3,2,3,4
1745,1,0,0,1,0,1,0,0,1,0,0,0,0,0,1,0,1,1,4,0,0,2,3,4,1,3,2,3,0,3,2,3,4,4,4,2
1746,1,0,0,1,0,1,0,0,1,0,0,0,0,0,1,0,1,1,4,0,0,2,3,4,1,3,2,3,0,3,2,0,3,2,3,4
1747,1,0,0,1,0,1,0,0,1,0,0,0,0,0,1,0,1,1,4,0,0,2,3,4,1,3,2,3,0,3,2,0,3,2,3,4
1749,1,0,0,1,0,1,0,0,1,0,0,0,0,0,1,0,1,1,4,0,0,2,3,4,1,3,2,3,0,3,3,0,2,2,3,4
1750,1,0,0,1,0,1,0,0,1,0,0,0,0,0,1,0,1,1,4,0,0,2,3,4,1,3,2,3,0,3,2,0,3,2,3,4
1751,1,0,0,1,0,1,0,0,1,0,0,0,0,0,1,0,1,1,4,0,0,2,3,4,1,3,2,3,0,3,2,0,3,2,3,4
1752,1,0,0,1,0,1,0,0,1,0,0,0,0,0,1,0,1,1,4,0,0,2,3,4,1,3,2,3,0,3,2,3,3,4,3,2
1753,1,0,0,1,0,1,0,0,1,0,0,0,0,0,1,0,1,1,4,0,0,2,3,4,1,3,2,3,0,3,2,0,3,2,3,4
1754,1,0,0,1,0,1,0,0,1,0,0,0,0,0,1,0,1,1,4,0,0,2,3,4,1,3,2,3,0,3,3,4,2,2,0,4
1755,1,0,0,1,0,1,0,0,1,0,0,0,0,0,1,0,1,1,4,0,0,2,3,4,1,3,2,3,0,3,2,0,3,2,3,4
1756,1,0,0,1,0,1,0,0,1,0,0,0,0,0,1,0,1,1,4,0,0,2,3,4,1,3,2,3,0,3,2,0,3,2,3,4
1757,1,0,0,1,0,1,0,0,1,0,0,0,0,0,1,0,1,1,4,0,0,2,3,4,1,3,2,3,0,3,2,0,3,2,3,4
1758,0,1,1,0,1,0,1,1,0,1,1,1,1,1,0,1,0,0,0,3,4,4,4,3,4,0,0,2,1,0,0,2,1,3,1,3
1759,1,0,0,1,0,1,0,0,1,0,0,0,0,0,1,0,1,1,4,0,0,2,3,4,1,3,2,3,0,3,2,3,3,4,3,2
1760,1,0,0,1,0,1,1,1,0,1,1,1,0,0,1,0,1,1,4,0,0,2,3,4,1,3,2,3,0,3,2,0,3,2,3,4
1761,1,0,0,1,0,1,0,0,1,0,0,0,0,0,1,0,1,1,4,0,0,2,3,4,1,3,2,3,0,3,2,0,3,2,3,4
1762,1,0,0,1,0,1,0,0,1,0,0,0,0,0,1,0,1,1,4,0,0,2,3,4,1,3,2,3,0,3,2,0,3,2,3,4
1764,0,1,1,0,1,0,1,1,0,1,1,1,1,1,0,1,0,0,0,3,4,4,4,3,4,0,0,2,1,0,1,2,0,3,1,0
1765,1,0,0,1,0,1,1,1,0,1,1,1,1,1,0,1,0,0,0,3,4,4,4,3,0,1,3,4,3,1,1,2,0,3,1,0
1766,1,0,0,1,0,1,0,0,1,0,0,0,0,0,1,0,1,1,2,4,3,0,0,0,0,1,3,4,3,1,4,3,4,4,4,2
1768,1,0,0,1,0,1,0,0,1,0,0,0,0,0,1,0,1,1,2,4,3,0,0,0,3,4,1,0,4,2,4,3,4,4,4,2
1769,1,0,0,1,0,1,0,0,1,0,0,0,0,0,1,0,1,1,2,4,3,0,0,0,0,1,3,4,3,1,4,3,4,4,4,2
1770,1,0,0,1,0,1,0,0,1,0,0,0,0,0,1,0,1,1,2,4,3,0,0,0,0,1,3,4,3,1,4,3,4,4,4,2
1771,1,0,0,1,0,1,0,0,1,0,0,0,0,0,1,0,1,1,2,4,3,0,0,0,1,3,2,3,0,3,2,0,3,2,3,4
1773,1,0,0,1,0,1,0,0,1,0,0,0,0,0,1,0,1,1,2,4,3,0,0,0,3,4,1,0,4,2,2,0,3,2,3,2
1774,1,0,0,1,0,1,0,0,1,0,0,0,0,0,1,0,1,1,2,4,3,0,0,0,1,3,2,3,0,3,3,0,3,2,0,4
1775,1,0,0,1,0,1,0,0,1,0,0,0,0,0,1,0,1,1,2,4,3,0,0,0,3,4,1,0,4,2,4,3,4,4,4,2
1776,1,0,0,1,0,1,0,0,1,0,0,0,0,0,1,0,1,1,2,4,3,0,0,0,3,4,1,0,4,2,2,0,3,2,3,4
1777,1,0,0,1,0,1,0,0,1,0,0,0,0,0,1,0,1,1,2,4,3,0,0,0,0,1,3,4,3,1,4,3,4,4,4,2
1778,1,0,0,1,0,1,0,0,1,0,0,0,0,0,1,0,1,1,2,4,3,0,0,0,3,4,1,0,4,2,1,3,0,4,4,2
1780,1,0,0,1,0,1,0,0,1,0,0,0,0,0,1,0,1,1,2,4,3,0,0,0,1,3,2,3,0,3,4,3,4,4,4,2
1781,1,0,0,1,0,1,0,0,1,0,0,0,0,0,1,0,1,1,2,4,3,0,0,0,3,4,1,0,4,2,4,0,4,2,3,4
1782,1,0,0,1,0,1,0,0,1,0,0,0,0,0,1,0,1,1,2,4,3,0,0,0,0,1,3,4,4,2,4,3,4,4,4,2
1783,0,1,1,0,1,0,1,1,0,1,1,1,1,1,0,1,0,0,0,3,4,4,4,3,4,0,0,2,1,0,0,2,1,3,1,3
1784,1,0,0,1,0,1,0,0,1,0,0,0,0,0,1,0,1,1,4,0,0,2,3,4,1,3,2,3,0,3,2,0,3,2,3,4
1785,1,0,0,1,0,1,0,0,1,0,0,0,0,0,1,0,1,1,2,4,3,0,0,0,1,3,2,3,0,3,4,3,4,4,4,2
1786,1,0,0,1,0,1,0,0,1,0,0,0,0,0,1,0,1,1,2,4,3,0,0,0,3,4,1,0,4,2,4,3,4,4,4,2
1787,1,0,0,1,0,1,0,0,1,0,0,0,0,0,1,0,1,1,2,4,3,0,0,0,1,3,2,3,0,3,1,3,0,4,4,2
1788,1,0,0,1,0,1,0,0,1,0,0,0,0,0,1,0,1,1,2,4,3,0,0,0,0,1,3,4,3,1,4,3,4,4,4,2
1845,0,1,1,0,1,0,1,1,0,1,1,1,1,1,0,1,0,0,3,2,2,1,1,1,4,0,0,2,1,0,0,1,1,0,2,3
1846,1,0,0,1,0,1,0,0,1,0,0,0,1,1,0,1,0,0,4,0,0,2,3,4,1,3,2,3,0,3,1,2,0,3,1,0
1848,1,0,0,1,0,1,0,0,1,0,0,0,0,0,1,0,1,1,4,0,0,2,3,4,1,3,2,3,0,3,2,3,3,4,3,2
1849,1,0,0,1,0,1,0,0,1,0,0,0,0,0,1,0,1,1,4,0,0,2,3,4,1,3,2,3,0,3,2,0,3,2,3,4
1850,1,0,0,1,0,1,0,0,1,0,0,0,0,0,1,0,1,1,2,4,3,0,0,0,3,4,1,0,4,2,2,0,3,2,3,4
1851,1,0,0,1,0,1,0,0,1,0,0,0,0,0,1,0,1,1,4,0,0,2,3,4,1,3,2,3,0,3,2,0,3,2,3,4
1852,1,0,0,1,0,1,0,0,1,0,0,0,0,0,1,0,1,1,4,0,0,2,3,4,1,3,2,3,0,3,2,0,3,2,3,2
1853,1,0,0,1,0,1,0,0,1,0,0,0,0,0,1,0,1,1,4,0,0,2,3,4,1,3,2,3,0,3,2,3,3,4,4,2
1854,1,0,0,1,0,1,0,0,1,0,0,0,0,0,1,0,1,1,2,4,3,0,0,0,3,4,1,0,4,2,2,0,3,2,3,4
1855,1,0,0,1,0,1,0,0,1,0,0,0,0,0,1,0,1,1,2,4,3,0,0,0,1,3,2,3,0,3,2,0,3,2,3,4
1856,1,0,0,1,0,1,0,0,1,0,0,0,0,0,1,0,1,1,4,0,0,2,3,4,1,3,2,3,0,3,2,0,3,2,3,4
1857,1,0,0,1,0,1,0,0,1,0,0,0,0,0,1,0,1,1,2,4,3,0,0,0,1,3,2,3,0,3,2,0,3,2,3,4
1858,1,0,0,1,0,1,0,0,1,0,0,0,0,0,1,0,1,1,4,0,0,2,3,4,1,3,2,3,0,3,2,0,3,2,3,4
1859,1,0,0,1,0,1,0,0,1,0,0,0,0,0,1,0,1,1,2,4,3,0,0,0,1,4,2,3,0,2,2,3,3,4,4,2
1860,1,0,0,1,0,1,0,0,1,0,0,0,0,0,1,0,1,1,2,4,3,0,0,0,3,4,1,0,4,2,2,0,3,2,3,4
1861,1,0,0,1,0,1,0,0,1,0,0,0,0,0,1,0,1,1,2,4,3,0,0,0,0,1,3,4,3,1,1,3,0,4,4,2
1862,1,0,0,1,0,1,0,0,1,0,0,0,0,0,1,0,1,1,2,4,3,0,0,0,1,3,2,3,0,3,2,3,3,4,4,2
1863,0,1,1,0,1,0,1,1,0,1,1,1,1,1,0,1,0,0,0,3,4,4,4,3,0,1,3,4,3,1,1,2,0,3,1,0
1864,1,0,0,1,0,1,0,0,1,0,0,0,0,0,1,0,1,1,4,0,0,2,3,4,1,3,2,3,0,3,2,0,3,2,3,4
1865,1,0,0,1,0,1,0,0,1,0,0,0,0,0,1,0,1,1,2,4,3,0,0,0,1,3,2,3,0,3,2,0,3,2,3,4
1868,1,0,0,1,0,1,0,0,1,0,0,0,0,0,1,0,1,1,2,4,3,0,0,0,3,4,1,0,4,2,2,3,3,4,4,2
1869,1,0,0,1,0,1,0,0,1,0,0,0,0,0,1,0,1,1,2,4,3,0,0,0,3,4,1,0,4,2,2,0,3,2,3,4
1870,1,0,0,1,0,1,0,0,1,0,0,0,0,0,1,0,1,1,4,0,0,2,3,4,1,3,2,3,0,3,2,0,3,2,3,4
1871,1,0,0,1,0,1,0,0,1,0,0,0,0,0,1,0,1,1,4,0,0,2,3,4,3,4,1,0,4,2,2,0,3,2,3,4
1872,1,0,0,1,0,1,0,0,1,0,0,0,0,0,1,0,1,1,4,0,0,2,3,4,1,3,2,3,0,3,2,0,3,2,3,4
1873,1,0,0,1,0,1,0,0,1,0,0,0,0,0,1,0,1,1,2,4,3,0,0,0,1,3,2,3,0,3,2,3,3,4,4,2
1874,0,1,1,0,1,0,1,1,0,1,1,1,1,1,0,1,0,0,3,2,2,1,1,1,4,0,0,2,1,0,0,1,1,0,2,3
1875,1,0,0,1,0,1,1,1,0,1,1,1,1,1,0,1,0,0,0,3,4,4,4,3,0,1,3,4,3,1,1,2,0,3,1,0
1876,1,0,0,1,0,1,1,1,0,1,1,1,1,1,0,1,0,0,0,3,4,4,4,3,0,1,3,4,3,1,1,2,0,3,1,0
1877,0,1,1,0,1,0,1,1,0,1,1,1,1,1,0,1,0,0,0,3,4,4,4,3,4,0,0,2,1,0,1,2,0,3,1,0
1878,1,0,0,1,0,1,0,0,1,0,0,0,0,0,1,0,1,1,2,4,3,0,0,0,1,3,2,3,0,3,4,3,4,4,4,2
1879,1,0,0,1,0,1,1,1,0,1,1,1,0,0,1,0,1,1,4,0,0,2,3,4,0,1,3,4,3,1,1,2,0,3,1,0
1880,1,0,0,1,0,1,0,0,1,0,0,0,0,0,1,0,1,1,4,0,0,2,3,4,1,3,2,3,0,3,1,3,0,4,4,2
1881,0,1,1,0,1,0,1,1,0,1,1,1,1,1,0,1,0,0,0,3,4,4,4,3,4,0,0,2,1,0,1,2,0,3,1,0
1883,1,0,0,1,0,1,1,1,0,1,1,1,1,1,0,1,0,0,4,0,0,2,3,4,0,1,3,4,3,1,1,2,0,3,1,0
1884,1,0,0,1,0,1,0,0,1,0,0,0,0,0,1,0,1,1,4,0,0,2,3,4,1,3,2,3,0,3,2,0,3,2,3,4
1885,1,0,0,1,0,1,0,0,1,0,0,0,0,0,1,0,1,1,2,4,3,0,0,0,1,3,2,3,0,3,1,3,0,4,4,2
1886,1,0,0,1,0,1,0,0,1,0,0,0,0,0,1,0,1,1,4,0,0,2,3,4,1,3,2,3,0,3,2,3,3,4,4,2
1887,1,0,0,1,0,1,0,0,1,0,0,0,0,0,1,0,1,1,4,0,0,2,3,4,1,3,2,3,0,3,2,3,3,4,4,2
1888,1,0,0,1,0,1,0,0,1,0,0,0,0,0,1,0,1,1,4,0,0,2,3,4,1,3,2,3,0,3,2,0,3,4,3,2
1889,1,0,0,1,0,1,0,0,1,0,0,0,0,0,1,0,1,1,4,0,0,2,3,4,1,3,2,3,0,3,2,3,3,4,4,2
1890,0,1,1,0,1,0,1,1,0,1,1,1,1,1,0,1,0,0,0,3,4,4,4,3,4,0,0,2,1,0,0,2,1,3,1,3
1891,1,0,0,1,0,1,0,0,1,0,0,0,0,0,1,0,1,1,4,0,0,2,3,4,1,3,2,3,0,3,3,0,2,2,0,4
1892,1,0,0,1,0,1,0,0,1,0,0,0,0,0,1,0,1,1,4,0,0,2,3,4,1,3,2,3,0,3,4,4,4,1,4,2
1893,1,0,0,1,0,1,0,0,1,0,0,0,0,0,1,0,1,1,4,0,0,2,3,4,1,3,2,3,0,3,2,0,3,2,3,4
1894,1,0,0,1,0,1,0,0,1,0,0,0,0,0,1,0,1,1,2,4,3,0,0,0,3,4,1,0,4,2,2,0,3,2,3,4
1895,1,0,0,1,0,1,0,0,1,0,0,0,0,0,1,0,1,1,4,0,0,2,3,4,0,1,3,4,3,1,4,3,4,4,4,2
1896,1,0,0,1,0,1,0,0,1,0,0,0,0,0,1,0,1,1,4,0,0,2,3,4,1,3,2,3,0,3,2,0,3,2,3,4
1897,1,0,0,1,0,1,0,0,1,0,0,0,0,0,1,0,1,1,1,1,1,3,2,2,0,1,3,4,3,1,3,4,2,1,0,1
1898,1,0,0,1,0,1,0,0,1,0,0,0,0,0,1,0,1,1,4,0,0,2,3,4,1,3,2,3,0,3,2,3,3,4,4,2
1899,1,0,0,1,0,1,0,0,1,0,0,0,0,0,1,0,1,1,4,0,0,2,3,4,1,3,2,3,0,3,1,3,0,4,4,2
1900,1,0,0,1,0,1,0,0,1,0,0,0,0,0,1,0,1,1,4,0,0,2,3,4,1,3,2,3,0,3,2,3,3,4,3,2
1901,1,0,0,1,0,1,0,0,1,0,0,0,0,0,1,0,1,1,2,4,3,0,0,0,1,3,2,3,0,3,2,0,3,2,3,4
1902,1,0,0,1,0,1,0,0,1,0,0,0,0,0,1,0,1,1,4,0,0,2,3,4,1,3,2,3,0,3,2,0,3,2,3,4
1903,1,0,0,1,0,1,0,0,1,0,0,0,0,0,1,0,1,1,2,4,3,0,0,0,1,3,2,3,0,3,4,3,4,4,4,2
1904,1,0,0,1,0,1,0,0,1,0,0,0,0,0,1,0,1,1,1,1,1,3,2,2,0,1,3,4,3,1,4,3,4,4,4,2
1905,0,1,1,0,1,0,1,1,0,1,1,1,1,1,0,1,0,0,0,3,4,4,4,3,0,1,3,4,3,1,1,2,0,3,1,0
1906,1,0,0,1,0,1,1,1,0,1,1,1,0,0,1,0,1,1,0,3,4,4,4,3,0,1,3,4,3,1,1,2,0,3,1,0
1907,1,0,0,1,0,1,0,0,1,0,0,0,0,0,1,0,1,1,4,0,0,2,3,4,1,3,2,3,0,3,2,3,3,4,4,2
1908,1,0,0,1,0,1,0,0,1,0,0,0,0,0,1,0,1,1,4,0,0,2,3,4,1,3,2,3,0,3,2,0,3,2,3,4
1909,1,0,0,1,0,1,0,0,1,0,0,0,0,0,1,0,1,1,4,0,0,2,3,4,1,3,2,3,0,3,2,0,3,2,3,4
1910,1,0,0,1,0,1,0,0,1,0,0,0,0,0,1,0,1,1,2,4,3,0,0,0,1,3,2,3,0,3,2,0,3,2,3,4
1912,1,0,0,1,0,1,0,0,1,0,0,0,0,0,1,0,1,1,2,4,3,0,0,0,0,1,3,4,3,1,2,0,3,2,3,4
1915,1,0,0,1,0,1,0,0,1,0,0,0,0,0,1,0,1,1,4,0,0,2,3,4,1,3,2,3,0,3,2,0,3,2,3,4
1916,1,0,0,1,0,1,0,0,1,0,0,0,0,0,1,0,1,1,4,0,0,2,3,4,1,3,2,3,0,3,2,0,3,2,3,4
1917,1,0,0,1,0,1,0,0,1,0,0,0,0,0,1,0,1,1,4,0,0,2,3,4,1,3,2,3,0,3,2,3,3,4,4,2
1918,1,0,0,1,0,1,0,0,1,0,0,0,0,0,1,0,1,1,4,0,0,2,3,4,1,3,2,3,0,3,2,3,3,4,4,2
1919,0,1,1,0,1,0,1,1,0,1,1,1,1,1,0,1,0,0,0,3,4,4,4,3,0,1,3,4,3,1,1,2,0,3,1,0
1920,0,1,1,0,1,0,1,1,0,1,1,1,1,1,0,1,0,0,4,0,0,2,3,4,4,0,0,2,1,0,1,2,0,3,1,0
1921,1,0,0,1,0,1,0,0,1,0,0,0,0,0,1,0,1,1,4,0,0,2,3,4,1,3,2,3,0,3,2,0,3,2,3,4
1922,1,0,0,1,0,1,1,1,0,1,1,1,0,0,1,0,1,1,4,0,0,2,3,4,0,1,3,4,3,1,1,2,0,3,1,0
1923,1,0,0,1,0,1,0,0,1,0,0,0,0,0,1,0,1,1,2,4,3,0,0,0,3,4,1,0,4,2,2,0,3,2,3,4
1924,1,0,0,1,0,1,0,0,1,0,0,0,0,0,1,0,1,1,4,0,0,2,3,4,1,3,2,3,0,3,2,0,3,2,3,4
1925,1,0,0,1,0,1,0,0,1,0,0,0,0,0,1,0,1,1,4,0,0,2,3,4,1,3,2,3,0,3,2,0,3,2,3,4
1926,1,0,0,1,0,1,0,0,1,0,0,0,0,0,1,0,1,1,4,0,0,2,3,4,1,3,2,3,0,3,2,0,3,2,3,4
1927,1,0,0,1,0,1,0,0,1,0,0,0,0,0,1,0,1,1,4,0,0,2,3,4,1,3,2,3,0,3,2,3,3,4,3,0
1928,1,0,0,1,0,1,0,0,1,0,0,0,0,0,1,0,1,1,4,0,0,2,3,4,1,3,2,3,0,3,2,0,3,2,3,4
1929,1,0,0,1,0,1,0,0,1,0,0,0,0,0,1,0,1,1,4,0,0,2,3,4,1,3,2,3,0,3,2,0,3,2,3,2
1930,1,0,0,1,0,1,0,0,1,0,0,0,0,0,1,0,1,1,4,0,0,2,3,4,1,3,2,3,0,3,1,3,0,4,4,2
1931,1,0,0,1,0,1,0,0,1,0,0,0,0,0,1,0,1,1,4,0,0,2,3,4,1,3,2,3,0,3,2,0,3,2,3,4
1932,1,0,0,1,0,1,0,0,1,0,0,0,0,0,1,0,1,1,4,0,0,2,3,4,1,3,2,3,0,3,2,0,3,2,3,4
1933,1,0,0,1,0,1,0,0,1,0,0,0,0,0,1,0,1,1,4,0,0,2,3,4,1,3,2,3,0,3,2,0,3,2,3,4
1934,1,0,0,1,0,1,0,0,1,0,0,0,0,0,1,0,1,1,4,0,0,2,3,4,1,3,2,3,0,3,1,3,0,4,4,0
1935,1,0,0,1,0,1,0,0,1,0,0,0,0,0,1,0,1,1,4,0,0,2,3,4,1,3,2,3,0,3,2,0,3,2,3,4
1936,0,1,1,0,1,0,0,0,1,0,0,0,1,1,0,1,0,0,4,0,0,2,3,4,1,3,2,3,0,3,2,0,3,2,3,4
1937,1,0,0,1,0,1,0,0,1,0,0,0,0,0,1,0,1,1,2,4,3,0,0,0,1,3,2,3,0,3,2,0,3,2,3,4
1938,1,0,0,1,0,1,0,0,1,0,0,0,0,0,1,0,1,1,4,0,0,2,3,4,1,3,2,3,0,3,2,0,3,2,3,4
1939,1,0,0,1,0,1,0,0,1,0,0,0,0,0,1,0,1,1,4,0,0,2,3,4,1,3,2,3,0,3,1,3,0,4,4,2
1940,1,0,0,1,0,1,0,0,1,0,0,0,0,0,1,0,1,1,4,0,0,2,3,4,1,3,2,3,0,3,2,0,3,2,3,4
1941,1,0,0,1,0,1,0,0,1,0,0,0,0,0,1,0,1,1,4,0,0,2,3,4,1,3,2,3,0,3,1,3,0,4,4,2
1942,1,0,0,1,0,1,0,0,1,0,0,0,0,0,1,0,1,1,4,0,0,2,3,4,1,3,2,3,0,3,2,0,3,2,3,4
1943,1,0,0,1,0,1,0,0,1,0,0,0,0,0,1,0,1,1,4,0,0,2,3,4,1,3,2,3,0,3,2,0,3,2,3,4
1944,1,0,0,1,0,1,0,0,1,0,0,0,0,0,1,0,1,1,4,0,0,2,3,4,1,3,2,3,0,3,2,3,3,4,4,2
1945,1,0,0,1,0,1,0,0,1,0,0,0,0,0,1,0,1,1,4,0,0,2,3,4,1,3,2,3,0,3,2,0,3,2,3,4
1947,1,0,0,1,0,1,0,0,1,0,0,0,0,0,1,0,1,1,4,0,0,2,3,4,3,4,1,0,4,2,4,3,4,4,4,2
1948,1,0,0,1,0,1,0,0,1,0,0,0,0,0,1,0,1,1,1,1,1,3,2,2,3,4,1,0,4,2,4,3,4,4,4,2
1949,1,0,0,1,0,1,0,0,1,0,0,0,0,0,1,0,1,1,4,0,0,2,3,4,1,3,2,3,0,3,2,0,3,2,3,4
1950,1,0,0,1,0,1,0,0,1,0,0,0,0,0,1,0,1,1,2,4,3,0,0,0,1,3,2,3,0,3,2,0,3,2,3,4
1951,1,0,0,1,0,1,0,0,1,0,0,0,0,0,1,0,1,1,2,4,3,0,0,0,1,3,2,3,0,3,2,3,3,4,4,2
1952,0,1,1,0,1,0,1,1,0,1,1,1,1,1,0,1,0,0,3,2,2,1,1,1,4,0,0,2,1,0,0,1,1,0,2,3
1954,1,0,0,1,0,1,0,0,1,0,0,0,0,0,1,0,1,1,1,1,1,3,2,2,2,2,4,1,2,4,3,4,2,1,0,1
1955,0,1,1,0,1,0,1,1,0,1,1,1,0,0,1,0,1,1,0,3,4,4,4,3,2,2,4,1,2,4,3,4,2,1,0,1
1956,1,0,0,1,0,1,0,0,1,0,0,0,0,0,1,0,1,1,1,1,1,3,2,2,2,2,4,1,2,4,3,4,2,1,0,1
1957,0,1,1,0,1,0,1,1,0,1,1,1,0,0,1,0,1,1,0,3,4,4,4,3,0,2,3,4,3,1,4,4,4,1,0,1
1958,1,0,0,1,0,1,0,0,1,0,0,0,0,0,1,0,1,1,1,1,1,3,2,2,2,2,4,1,2,4,1,4,0,1,1,0
1959,1,0,0,1,0,1,0,0,1,0,0,0,0,0,1,0,1,1,1,1,1,3,2,2,2,2,4,1,2,4,3,4,2,1,0,1
1960,1,0,0,1,0,1,0,0,1,0,0,0,0,0,1,0,1,1,1,1,1,3,2,2,2,2,4,1,2,4,4,4,4,1,0,1
1961,0,1,1,0,1,0,1,1,0,1,1,1,0,0,1,0,1,1,0,3,4,4,4,3,0,1,3,4,3,1,4,4,4,1,0,1
1962,1,0,0,1,0,1,1,1,0,1,1,1,0,0,1,0,1,1,1,1,1,3,2,2,0,1,3,4,3,1,4,4,4,1,4,1
1963,1,0,0,1,0,1,0,0,1,0,0,0,0,0,1,0,1,1,1,1,1,3,2,2,0,1,3,4,3,1,4,4,4,1,0,1
1965,1,0,0,1,0,1,0,0,1,0,0,0,0,0,1,0,1,1,1,1,1,3,2,2,3,4,1,0,4,2,3,4,2,1,0,1
1966,1,0,0,1,0,1,0,0,1,0,0,0,0,0,1,0,1,1,1,1,1,3,2,2,2,2,4,1,2,4,3,4,2,1,0,1
1967,1,0,0,1,0,1,0,0,1,0,0,0,0,0,1,0,1,1,1,1,1,3,2,2,2,2,4,1,2,4,3,4,2,1,0,1
1968,1,0,0,1,0,1,0,0,1,0,0,0,0,0,1,0,1,1,1,1,1,3,2,2,0,2,3,4,3,1,4,4,4,1,0,1
1969,1,0,0,1,0,1,0,0,1,0,0,0,0,0,1,0,1,1,1,1,1,3,2,2,0,1,3,4,3,1,4,4,4,1,0,1
1970,1,0,0,1,0,1,0,0,1,0,0,0,0,0,1,0,1,1,1,1,1,3,2,2,0,2,3,4,3,1,4,4,2,1,0,1
1971,0,1,1,0,1,0,1,1,0,1,1,1,1,1,0,1,0,0,3,2,2,1,1,1,4,0,0,2,1,0,0,1,1,0,2,3
1972,1,0,0,1,0,1,0,0,1,0,0,0,0,0,1,0,1,1,1,1,1,3,2,2,0,1,3,4,3,1,1,2,0,3,1,0
1973,1,0,0,1,0,1,0,0,1,0,0,0,0,0,1,0,1,1,1,1,1,3,2,2,0,1,3,4,3,1,4,3,4,4,4,2
1974,1,0,0,1,0,1,1,1,0,1,1,1,1,1,0,1,0,0,0,3,4,4,4,3,0,1,3,4,3,1,1,2,0,3,1,0
1975,1,0,0,1,0,1,0,0,1,0,0,0,0,0,1,0,1,1,2,4,3,0,0,0,0,1,3,4,3,1,4,4,4,1,0,1
1976,1,0,0,1,0,1,0,0,1,0,0,0,0,0,1,0,1,1,2,4,3,0,0,0,3,4,1,0,4,2,4,3,4,4,4,2
1977,0,1,1,0,1,0,1,1,0,1,1,1,1,1,0,1,0,0,3,2,2,1,1,1,4,0,0,2,1,0,0,1,1,0,2,3
1978,1,0,0,1,0,1,1,1,0,1,1,1,0,0,1,0,1,1,1,1,1,3,2,2,0,1,3,4,3,1,1,2,0,3,1,0
1979,0,1,1,0,1,0,1,1,0,1,1,1,1,1,0,1,0,0,3,2,2,1,1,1,4,0,0,2,1,0,0,1,1,0,2,3
1980,1,0,0,1,0,1,0,0,1,0,0,0,0,0,1,0,1,1,0,3,4,4,4,3,1,1,2,3,0,3,4,3,4,4,4,2
1981,1,0,0,1,0,1,1,1,0,1,1,1,0,0,1,0,1,1,0,3,4,4,4,3,0,1,3,4,3,1,4,3,4,4,4,2
1982,1,0,0,1,0,1,0,0,1,0,0,0,1,1,0,1,0,0,4,0,0,2,3,4,0,1,3,4,3,1,1,2,0,3,1,0
1983,1,0,0,1,0,1,0,0,1,0,0,0,0,0,1,0,1,1,2,4,3,0,0,0,0,1,3,4,3,1,1,3,0,4,4,0
1984,1,0,0,1,0,1,0,0,1,0,0,0,0,0,1,0,1,1,2,4,3,0,0,0,3,4,1,0,4,2,2,0,3,2,3,4
1985,1,0,0,1,0,1,1,1,0,1,1,1,1,1,0,1,0,0,0,3,4,4,4,3,0,1,3,4,3,1,1,2,0,3,1,0
1986,0,1,1,0,1,0,1,1,0,1,1,1,1,1,0,1,0,0,0,3,4,4,4,3,4,0,0,2,1,0,1,2,0,3,1,0
1987,1,0,0,1,0,1,0,0,1,0,0,0,0,0,1,0,1,1,0,3,4,4,4,3,0,1,3,4,3,1,1,2,0,3,1,0
1988,1,0,0,1,0,1,0,0,1,0,0,0,0,0,1,0,1,1,2,4,3,0,0,0,0,1,3,4,3,1,4,3,4,4,4,2
1989,1,0,0,1,0,1,0,0,1,0,0,0,0,0,1,0,1,1,2,4,3,0,0,0,3,4,1,0,4,2,4,3,4,4,4,2
1990,1,0,0,1,0,1,0,0,1,0,0,0,1,1,0,1,0,0,0,3,4,4,4,3,0,1,3,4,3,1,1,2,0,3,1,0
1991,1,0,0,1,0,1,0,0,1,0,0,0,0,0,1,0,1,1,2,4,3,0,0,0,0,1,3,4,3,1,1,3,0,4,4,0
1992,1,0,0,1,0,1,0,0,1,0,0,0,0,0,1,0,1,1,2,4,3,0,0,0,0,1,3,4,3,1,4,3,4,4,4,2
1993,1,0,0,1,0,1,1,1,0,1,1,1,1,1,0,1,0,0,0,3,4,4,4,3,0,1,3,4,3,1,1,2,0,3,1,0
1994,1,0,0,1,0,1,0,0,1,0,0,0,0,0,1,0,1,1,2,4,3,0,0,0,1,3,2,3,0,3,4,3,4,4,4,2
1995,1,0,0,1,0,1,1,1,0,1,1,1,1,1,0,1,0,0,0,3,4,4,4,3,0,1,3,4,3,1,1,2,0,3,1,0
1996,1,0,0,1,0,1,0,0,1,0,0,0,0,0,1,0,1,1,2,4,3,0,0,0,0,1,3,4,3,2,4,3,4,4,4,2
1997,1,0,0,1,0,1,0,0,1,0,0,0,0,0,1,0,1,1,2,4,3,0,0,0,0,1,3,4,3,1,4,3,4,4,4,2
1999,1,0,0,1,0,1,0,0,1,0,0,0,1,1,0,1,0,0,0,3,4,4,4,3,0,1,3,4,3,1,1,2,0,3,1,0
2000,0,1,1,0,1,0,1,1,0,1,1,1,1,1,0,1,0,0,0,3,4,4,4,3,4,0,0,2,1,0,0,2,1,3,1,3
2001,1,0,0,1,0,1,0,0,1,0,0,0,0,0,1,0,1,1,2,4,3,0,0,0,3,4,1,0,4,2,4,3,4,4,4,2
2002,1,0,0,1,0,1,0,0,1,0,0,0,0,0,1,0,1,1,2,4,3,0,0,0,0,1,3,4,3,1,1,3,0,4,4,0
2004,0,1,1,0,1,0,1,1,0,1,1,1,1,1,0,1,0,0,0,3,4,4,4,3,4,0,0,2,1,0,0,2,1,3,1,0
2005,1,0,0,1,0,1,1,1,0,1,1,1,1,1,0,1,0,0,0,3,4,4,4,3,0,1,3,4,3,1,1,2,0,3,1,0
2006,0,1,1,0,1,0,1,1,0,1,1,1,1,1,0,1,0,0,0,3,4,4,4,3,0,1,3,4,3,1,1,2,0,3,1,0
2007,1,0,0,1,0,1,0,0,1,0,0,0,0,0,1,0,1,1,2,4,3,0,0,0,3,4,1,0,4,2,4,3,4,4,4,2
2008,1,0,0,1,0,1,1,1,0,1,1,1,0,0,1,0,1,1,1,1,1,3,2,2,0,1,3,4,3,1,1,2,0,3,1,0
2009,1,0,0,1,0,1,0,0,1,0,0,0,0,0,1,0,1,1,2,4,3,0,0,0,0,1,3,4,3,1,4,3,4,4,4,2
2010,1,0,0,1,0,1,1,1,0,1,1,1,1,1,0,1,0,0,0,3,4,4,4,3,0,1,3,4,3,1,1,2,0,3,1,0
2011,1,0,0,1,0,1,0,0,1,0,0,0,0,0,1,0,1,1,0,3,4,4,4,3,0,1,3,4,3,1,1,3,0,4,4,0
2012,1,0,0,1,0,1,0,0,1,0,0,0,0,0,1,0,1,1,1,1,1,3,2,2,0,1,3,4,3,1,4,3,4,4,4,2
2015,1,0,0,1,0,1,0,0,1,0,0,0,0,0,1,0,1,1,1,1,1,3,2,2,0,1,3,4,3,1,4,3,4,4,4,2
2017,1,0,0,1,0,1,0,0,1,0,0,0,0,0,1,0,1,1,1,1,1,3,2,2,2,2,4,1,2,4,4,3,4,4,4,2
2018,1,0,0,1,0,1,0,0,1,0,0,0,0,0,1,0,1,1,1,1,1,3,2,2,3,4,1,0,4,2,4,4,4,1,0,1
2019,1,0,0,1,0,1,0,0,1,0,0,0,0,0,1,0,1,1,0,3,4,4,4,3,0,1,3,4,3,1,1,3,0,4,4,0
2021,1,0,0,1,0,1,0,0,1,0,0,0,0,0,1,0,1,1,2,4,3,0,0,0,0,1,3,4,3,1,4,3,4,4,4,2
2022,1,0,0,1,0,1,0,0,1,0,0,0,0,0,1,0,1,1,1,1,1,3,2,2,3,4,1,0,4,2,3,4,2,1,0,1
2023,1,0,0,1,0,1,0,0,1,0,0,0,0,0,1,0,1,1,1,1,1,3,2,2,3,4,1,0,4,2,4,3,4,1,4,2
2024,1,0,0,1,0,1,1,1,0,1,1,1,1,1,0,1,0,0,0,3,4,4,4,3,0,1,3,4,3,1,1,2,0,3,1,0
2025,1,0,0,1,0,1,0,0,1,0,0,0,0,0,1,0,1,1,1,1,1,3,2,2,2,2,4,1,2,4,1,2,0,3,1,0
2027,1,0,0,1,0,1,0,0,1,0,0,0,0,0,1,0,1,1,2,4,3,0,0,0,0,1,3,4,3,1,4,3,4,4,4,2
2028,1,0,0,1,0,1,0,0,1,0,0,0,0,0,1,0,1,1,4,0,0,2,3,4,3,4,1,0,4,2,4,3,4,4,4,2
2030,1,0,0,1,0,1,0,0,1,0,0,0,0,0,1,0,1,1,1,1,1,3,2,2,0,1,3,4,3,1,4,3,4,4,4,2
2031,1,0,0,1,0,1,0,0,1,0,0,0,0,0,1,0,1,1,2,4,3,0,0,0,3,4,1,0,4,2,4,3,4,4,4,2
2032,0,1,1,0,1,0,1,1,0,1,1,1,1,1,0,1,0,0,0,3,4,4,4,3,0,1,3,4,3,1,1,2,0,3,1,0
2033,0,1,1,0,1,0,1,1,0,1,1,1,1,1,0,1,0,0,0,3,4,4,4,3,4,0,0,2,1,0,1,2,0,3,1,0
2034,1,0,0,1,0,1,0,0,1,0,0,0,0,0,1,0,1,1,1,1,1,3,2,2,0,1,3,4,3,1,1,3,0,4,4,0
2035,1,0,0,1,0,1,0,0,1,0,0,0,0,0,1,0,1,1,2,4,3,0,0,0,3,4,1,0,4,2,4,3,4,4,4,2
2036,1,0,0,1,0,1,0,0,1,0,0,0,0,0,1,0,1,1,1,1,1,3,2,2,0,1,3,4,3,1,4,3,4,4,4,2
2037,1,0,0,1,0,1,0,0,1,0,0,0,0,0,1,0,1,1,1,1,1,3,2,2,3,4,1,0,4,2,4,4,4,1,0,1
2039,1,0,0,1,0,1,0,0,1,0,0,0,0,0,1,0,1,1,2,4,3,0,0,0,0,1,3,4,3,1,4,3,4,4,4,2
2040,1,0,0,1,0,1,1,1,0,1,1,1,0,0,1,0,1,1,0,3,4,4,4,3,0,1,3,4,3,1,1,2,0,3,1,0
2041,1,0,0,1,0,1,0,0,1,0,0,0,0,0,1,0,1,1,2,4,3,0,0,0,3,1,1,0,4,2,4,3,4,4,4,2
2042,1,0,0,1,0,1,0,0,1,0,0,0,0,0,1,0,1,1,2,4,3,0,0,0,0,1,3,4,3,1,4,3,4,4,4,2
2043,1,0,0,1,0,1,0,0,1,0,0,0,0,0,1,0,1,1,1,1,1,3,2,2,3,4,1,0,4,2,3,4,2,1,0,1
2044,0,1,1,0,1,0,1,1,0,1,1,1,1,1,0,1,0,0,0,3,4,4,4,3,4,0,0,2,1,0,0,2,1,3,1,3
2045,1,0,0,1,0,1,0,0,1,0,0,0,0,0,1,0,1,1,2,4,3,0,0,0,0,1,3,4,3,1,1,3,0,4,4,0
2046,1,0,0,1,0,1,0,0,1,0,0,0,0,0,1,0,1,1,2,4,3,0,0,0,1,3,2,3,0,3,2,0,3,4,3,2
2047,1,0,0,1,0,1,1,1,0,1,1,1,1,1,0,1,0,0,2,4,3,0,0,0,0,1,3,4,3,1,1,2,0,3,1,0
2048,1,0,0,1,0,1,0,0,1,0,0,0,1,1,0,1,0,0,2,4,3,0,0,0,0,1,3,4,3,1,1,2,0,3,1,0
2049,1,0,0,1,0,1,0,0,1,0,0,0,0,0,1,0,1,1,2,4,3,0,0,0,3,4,1,0,4,2,3,0,2,2,3,4
2050,1,0,0,1,0,1,0,0,1,0,0,0,0,0,1,0,1,1,2,4,3,0,0,0,3,4,1,0,4,2,2,3,3,4,4,2
2051,1,0,0,1,0,1,0,0,1,0,0,0,0,0,1,0,1,1,2,4,3,0,0,0,0,1,3,4,3,1,4,3,4,4,4,2
2052,1,0,0,1,0,1,0,0,1,0,0,0,0,0,1,0,1,1,2,4,3,0,0,0,3,4,1,0,4,2,2,0,3,2,3,2
2053,1,0,0,1,0,1,0,0,1,0,0,0,0,0,1,0,1,1,2,4,3,0,0,0,1,3,2,3,0,3,2,3,3,4,3,2
2054,1,0,0,1,0,1,0,0,1,0,0,0,0,0,1,0,1,1,1,1,1,3,2,2,3,4,1,0,4,2,3,4,2,1,0,1
2055,1,0,0,1,0,1,0,0,1,0,0,0,0,0,1,0,1,1,2,4,3,0,0,0,3,4,1,0,4,2,2,0,3,4,3,2
2056,1,0,0,1,0,1,0,0,1,0,0,0,0,0,1,0,1,1,4,0,0,2,3,4,3,4,1,0,4,2,2,0,3,2,3,4
2057,1,0,0,1,0,1,0,0,1,0,0,0,0,0,1,0,1,1,1,1,1,3,2,2,3,4,1,0,4,2,3,4,2,1,0,1
2058,1,0,0,1,0,1,0,0,1,0,0,0,0,0,1,0,1,1,2,4,3,0,0,0,3,4,1,0,4,2,2,0,3,2,3,4
2059,1,0,0,1,0,1,0,0,1,0,0,0,0,0,1,0,1,1,2,4,3,0,0,0,3,4,1,0,4,2,4,3,4,4,4,2
2060,1,0,0,1,0,1,0,0,1,0,0,0,0,0,1,0,1,1,1,1,1,4,2,2,0,1,3,4,3,1,1,3,0,4,4,2
2061,1,0,0,1,0,1,0,0,1,0,0,0,0,0,1,0,1,1,4,0,0,2,3,4,1,3,2,3,0,3,2,0,3,2,3,4
2062,1,0,0,1,0,1,0,0,1,0,0,0,0,0,1,0,1,1,2,4,3,0,0,0,0,1,3,4,3,1,1,3,0,4,4,0
2063,0,1,1,0,1,0,1,1,0,1,1,1,1,1,0,1,0,0,0,3,4,4,4,3,4,0,0,2,1,0,1,2,0,3,1,0
2064,1,0,0,1,0,1,0,0,1,0,0,0,0,0,1,0,1,1,2,4,3,0,0,0,3,4,1,0,4,2,2,3,4,4,4,2
2065,1,0,0,1,0,1,0,0,1,0,0,0,0,0,1,0,1,1,2,4,3,0,0,0,1,3,2,3,0,3,2,0,3,2,3,4
2066,1,0,0,1,0,1,0,0,1,0,0,0,0,0,1,0,1,1,2,4,3,0,0,0,3,4,1,0,4,2,2,0,3,2,3,4
2067,1,0,0,1,0,1,0,0,1,0,0,0,0,0,1,0,1,1,4,0,0,2,3,4,1,3,2,3,0,3,2,0,3,2,3,4
2068,1,0,0,1,0,1,0,0,1,0,0,0,0,0,1,0,1,1,2,4,3,0,0,0,1,3,2,3,0,3,2,3,3,4,3,2
2069,1,0,0,1,0,1,0,0,1,0,0,0,0,0,1,0,1,1,4,0,0,2,3,4,3,4,1,0,4,2,4,3,4,2,4,2
2070,1,0,0,1,0,1,0,0,1,0,0,0,0,0,1,0,1,1,2,4,3,0,0,0,0,1,3,4,3,1,1,3,0,4,4,0
2072,1,0,0,1,0,1,0,0,1,0,0,0,0,0,1,0,1,1,4,0,0,2,3,4,1,3,2,3,0,3,2,3,3,4,4,2
2073,1,0,0,1,0,1,0,0,1,0,0,0,0,0,1,0,1,1,4,0,0,2,3,4,1,3,2,3,0,3,2,3,3,4,4,2
2074,0,1,1,0,1,0,1,1,0,1,1,1,1,1,0,1,0,0,4,0,0,2,3,4,4,1,0,2,3,1,1,2,0,3,1,0
2075,1,0,0,1,0,1,0,0,1,0,0,0,0,0,1,0,1,1,4,0,0,2,3,4,1,3,2,3,0,3,2,0,3,4,3,0
2076,1,0,0,1,0,1,0,0,1,0,0,0,1,1,0,1,0,0,4,0,0,2,3,4,1,3,2,3,0,3,1,2,0,3,1,0
2077,1,0,0,1,0,1,0,0,1,0,0,0,0,0,1,0,1,1,4,0,0,2,3,4,1,3,2,3,0,3,2,3,3,4,3,2
2078,1,0,0,1,0,1,0,0,1,0,0,0,0,0,1,0,1,1,4,0,0,2,3,4,3,4,1,0,4,2,3,0,2,2,3,4
2079,1,0,0,1,0,1,0,0,1,0,0,0,0,0,1,0,1,1,4,0,0,2,3,4,1,3,2,3,0,3,2,0,3,2,3,4
2080,1,0,0,1,0,1,0,0,1,0,0,0,0,0,1,0,1,1,4,0,0,2,3,4,1,3,2,3,0,3,2,3,3,4,4,2
2081,1,0,0,1,0,1,0,0,1,0,0,0,0,0,1,0,1,1,4,0,0,2,3,4,1,3,2,3,0,3,2,0,3,2,3,2
2082,1,0,0,1,0,1,0,0,1,0,0,0,0,0,1,0,1,1,4,0,0,2,3,4,1,3,2,3,0,3,2,0,3,2,3,4
2085,1,0,0,1,0,1,0,0,1,0,0,0,0,0,1,0,1,1,4,0,0,2,3,4,1,3,2,3,0,3,2,0,3,2,3,4
2087,1,0,0,1,0,1,0,0,1,0,0,0,0,0,1,0,1,1,4,0,0,2,3,4,1,3,2,3,0,3,2,0,3,2,3,4
2088,1,0,0,1,0,1,0,0,1,0,0,0,0,0,1,0,1,1,4,0,0,2,3,4,1,3,2,3,0,3,2,0,3,2,3,4
2089,1,0,0,1,0,1,0,0,1,0,0,0,0,0,1,0,1,1,4,0,0,2,3,4,3,4,1,0,4,2,2,0,3,2,3,4
2090,1,0,0,1,0,1,0,0,1,0,0,0,0,0,1,0,1,1,4,0,0,2,3,4,1,3,2,3,0,3,2,0,3,2,3,4
2091,1,0,0,1,0,1,0,0,1,0,0,0,0,0,1,0,1,1,4,0,0,2,3,4,1,3,2,3,0,3,2,0,3,2,3,4
2093,1,0,0,1,0,1,0,0,1,0,0,0,0,0,1,0,1,1,4,0,0,2,3,4,1,3,2,3,0,3,2,0,3,2,3,4
2094,1,0,0,1,0,1,0,0,1,0,0,0,0,0,1,0,1,1,4,0,0,2,3,4,3,4,1,0,4,2,2,0,3,2,3,2
2095,1,0,0,1,0,1,0,0,1,0,0,0,0,0,1,0,1,1,4,0,0,2,3,4,1,3,2,3,0,3,2,0,3,2,3,4
2096,1,0,0,1,0,1,0,0,1,0,0,0,0,0,1,0,1,1,4,0,0,2,3,4,1,3,2,3,0,3,2,0,3,2,3,4
2098,1,0,0,1,0,1,0,0,1,0,0,0,0,0,1,0,1,1,4,0,0,2,3,4,1,3,2,3,0,3,2,0,3,2,3,4
2100,1,0,0,1,0,1,0,0,1,0,0,0,0,0,1,0,1,1,2,4,3,0,0,0,1,3,2,3,0,3,2,0,3,2,3,4
2101,0,1,1,0,1,0,1,1,0,1,1,1,1,1,0,1,0,0,3,2,2,1,1,1,4,0,0,2,1,0,0,1,1,0,2,3
2105,1,0,0,1,0,1,0,0,1,0,0,0,0,0,1,0,1,1,2,4,3,0,0,0,0,1,3,4,3,1,4,3,4,4,4,2
2108,1,0,0,1,0,1,1,1,0,1,1,1,1,1,0,1,0,0,2,4,3,0,0,0,0,1,3,4,3,1,1,2,0,3,1,0
2109,1,0,0,1,0,1,0,0,1,0,0,0,0,0,1,0,1,1,2,4,3,0,0,0,0,1,3,4,3,1,1,3,0,4,4,2
2110,1,0,0,1,0,1,0,0,1,0,0,0,0,0,1,0,1,1,2,4,3,0,0,0,1,3,2,3,0,3,2,3,3,4,3,2
2111,1,0,0,1,0,1,0,0,1,0,0,0,0,0,1,0,1,1,2,4,3,0,0,0,0,1,3,4,3,1,2,3,4,4,4,2
2112,1,0,0,1,0,1,0,0,1,0,0,0,0,0,1,0,1,1,2,4,3,0,0,0,3,4,1,0,4,2,2,0,3,2,3,4
2113,1,0,0,1,0,1,0,0,1,0,0,0,0,0,1,0,1,1,2,4,3,0,0,0,1,3,2,3,0,3,1,3,0,4,4,2
2114,1,0,0,1,0,1,0,0,1,0,0,0,0,0,1,0,1,1,2,4,3,0,0,0,1,3,2,3,0,3,2,3,3,4,3,2
2116,1,0,0,1,0,1,0,0,1,0,0,0,0,0,1,0,1,1,2,4,3,0,0,0,3,4,1,0,4,2,2,0,3,2,3,4
2117,1,0,0,1,0,1,0,0,1,0,0,0,0,0,1,0,1,1,2,4,3,0,0,0,1,3,2,3,0,3,1,3,0,4,4,2
2118,1,0,0,1,0,1,0,0,1,0,0,0,0,0,1,0,1,1,2,4,3,0,0,0,1,3,2,3,0,3,2,3,3,4,4,2
2119,0,1,1,0,1,0,1,1,0,1,1,1,1,1,0,1,0,0,0,3,4,4,4,3,4,0,0,2,1,0,0,2,1,3,1,3
2120,1,0,0,1,0,1,0,0,1,0,0,0,0,0,1,0,1,1,2,4,3,0,0,0,1,3,2,3,0,3,1,3,0,4,4,2
2121,1,0,0,1,0,1,0,0,1,0,0,0,0,0,1,0,1,1,4,0,0,2,3,4,1,3,2,3,0,3,2,3,3,4,4,2
2122,1,0,0,1,0,1,0,0,1,0,0,0,0,0,1,0,1,1,2,4,3,0,0,0,1,3,2,3,0,3,2,0,3,2,3,4
2124,1,0,0,1,0,1,1,1,0,1,1,1,1,1,0,1,0,0,4,4,0,2,3,4,0,1,3,4,3,1,1,2,0,3,1,0
2125,1,0,0,1,0,1,0,0,1,0,0,0,0,0,1,0,1,1,2,4,3,0,0,0,1,3,2,3,0,3,2,0,3,2,3,4
2126,1,0,0,1,0,1,0,0,1,0,0,0,0,0,1,0,1,1,2,4,3,0,0,0,1,3,2,3,0,3,2,3,3,4,4,2
2127,1,0,0,1,0,1,0,0,1,0,0,0,0,0,1,0,1,1,1,1,1,3,2,2,3,4,1,0,4,2,2,0,3,2,3,4
2128,1,0,0,1,0,1,0,0,1,0,0,0,0,0,1,0,1,1,2,4,3,0,0,0,3,4,1,0,4,2,4,3,4,4,4,2
2129,1,0,0,1,0,1,0,0,1,0,0,0,0,0,1,0,1,1,2,4,3,0,0,0,1,3,2,3,0,3,2,3,3,4,4,2
2130,1,0,0,1,0,1,0,0,1,0,0,0,0,0,1,0,1,1,2,4,3,0,0,0,3,4,1,0,4,2,3,0,2,2,3,4
2131,1,0,0,1,0,1,0,0,1,0,0,0,0,0,1,0,1,1,2,4,3,0,0,0,0,1,3,4,3,1,4,3,4,4,4,2
2132,1,0,0,1,0,1,0,0,1,0,0,0,0,0,1,0,1,1,2,4,3,0,0,0,1,3,2,3,0,3,2,3,3,4,4,2
2133,1,0,0,1,0,1,0,0,1,0,0,0,0,0,1,0,1,1,2,4,3,0,0,0,1,3,2,3,0,3,2,0,3,2,3,4
2134,1,0,0,1,0,1,0,0,1,0,0,0,0,0,1,0,1,1,2,4,3,0,0,0,3,4,1,0,4,2,4,3,4,4,4,2
2136,1,0,0,1,0,1,0,0,1,0,0,0,0,0,1,0,1,1,2,4,3,0,0,0,2,2,4,1,2,4,2,0,3,2,3,4
2137,1,0,0,1,0,1,0,0,1,0,0,0,0,0,1,0,1,1,2,4,3,0,0,0,1,3,2,3,0,3,2,0,3,4,3,2
2138,1,0,0,1,0,1,0,0,1,0,0,0,0,0,1,0,1,1,2,4,3,0,0,0,1,3,2,3,0,3,4,0,4,4,4,2
2139,1,0,0,1,0,1,0,0,1,0,0,0,0,0,1,0,1,1,2,4,3,0,0,0,3,4,1,0,4,2,2,0,3,2,3,2
2140,1,0,0,1,0,1,0,0,1,0,0,0,0,0,1,0,1,1,4,0,0,2,3,4,1,3,2,3,0,3,2,3,3,4,4,2
2142,1,0,0,1,0,1,0,0,1,0,0,0,0,0,1,0,1,1,4,0,0,2,3,4,1,3,2,3,0,3,2,0,3,2,3,4
2143,1,0,0,1,0,1,0,0,1,0,0,0,0,0,1,0,1,1,2,4,3,0,0,0,3,4,1,0,4,2,2,0,3,2,3,4
2144,0,1,1,0,1,0,1,1,0,1,1,1,1,1,0,1,0,0,3,2,2,1,1,1,4,0,0,2,1,0,0,1,1,0,2,3
2145,1,0,0,1,0,1,0,0,1,0,0,0,0,0,1,0,1,1,2,4,3,0,0,0,3,4,1,0,4,2,2,0,3,2,3,4
2146,1,0,0,1,0,1,1,1,0,1,1,1,0,0,1,0,1,1,1,1,1,3,2,2,0,1,3,4,3,1,4,3,4,4,4,2
2148,1,0,0,1,0,1,0,0,1,0,0,0,0,0,1,0,1,1,1,1,1,3,2,2,0,1,3,4,3,1,4,4,4,1,0,1
2149,1,0,0,1,0,1,0,0,1,0,0,0,0,0,1,0,1,1,1,1,1,3,2,2,2,2,4,1,2,4,4,3,4,4,4,2
2150,1,0,0,1,0,1,0,0,1,0,0,0,0,0,1,0,1,1,2,4,3,0,0,0,3,4,1,0,4,2,4,3,4,4,4,2
2151,1,0,0,1,0,1,0,0,1,0,0,0,0,0,1,0,1,1,2,4,3,0,0,0,3,4,1,0,4,2,4,4,4,1,4,2
2152,1,0,0,1,0,1,0,0,1,0,0,0,0,0,1,0,1,1,1,1,1,3,2,2,3,4,1,0,4,2,4,3,4,4,4,2
2153,1,0,0,1,0,1,0,0,1,0,0,0,0,0,1,0,1,1,4,0,0,2,3,4,1,3,2,3,0,3,2,3,3,4,3,2
2154,1,0,0,1,0,1,0,0,1,0,0,0,0,0,1,0,1,1,1,1,1,3,2,2,3,4,1,0,4,2,4,3,4,4,4,2
2155,1,0,0,1,0,1,0,0,1,0,0,0,0,0,1,0,1,1,1,1,1,3,2,2,0,1,3,4,3,1,4,3,4,4,4,2
2156,1,0,0,1,0,1,0,0,1,0,0,0,0,0,1,0,1,1,1,1,1,3,2,2,3,4,1,0,4,2,4,3,4,4,4,2
2157,1,0,0,1,0,1,0,0,1,0,0,0,0,0,1,0,1,1,1,1,1,3,2,2,3,4,1,0,4,2,4,3,4,4,4,2
2158,1,0,0,1,0,1,0,0,1,0,0,0,0,0,1,0,1,1,2,4,3,0,0,0,3,4,1,0,4,2,4,3,4,4,4,2
2159,1,0,0,1,0,1,0,0,1,0,0,0,0,0,1,0,1,1,1,1,1,3,2,2,3,4,1,0,4,2,4,3,4,4,4,2
2160,1,0,0,1,0,1,0,0,1,0,0,0,0,0,1,0,1,1,2,4,3,0,0,0,3,4,1,0,4,2,4,3,4,4,4,2
2161,0,1,1,0,1,0,1,1,0,1,1,1,1,1,0,1,0,0,3,2,2,1,1,1,4,0,0,2,1,0,0,1,1,0,2,3
2162,1,0,0,1,0,1,0,0,1,0,0,0,0,0,1,0,1,1,2,4,3,0,0,0,3,4,1,0,4,2,4,3,4,4,4,2
2163,1,0,0,1,0,1,0,0,1,0,0,0,0,0,1,0,1,1,1,1,1,3,2,2,3,4,1,0,4,2,4,4,4,1,4,1
2164,0,1,1,0,1,0,1,1,0,1,1,1,1,1,0,1,0,0,0,3,4,4,4,3,4,0,0,2,1,0,0,1,1,0,2,3
2165,1,0,0,1,0,1,1,1,0,1,1,1,0,0,1,0,1,1,2,4,3,0,0,0,0,1,3,4,3,1,1,2,0,3,1,0
2167,1,0,0,1,0,1,1,1,0,1,1,1,1,1,0,1,0,0,4,4,0,2,3,4,0,1,3,4,3,1,1,2,0,3,1,0
2168,1,0,0,1,0,1,1,1,0,1,1,1,1,1,0,1,0,0,4,0,0,2,3,4,0,1,3,4,3,1,1,2,0,3,1,0
2169,0,1,1,0,1,0,1,1,0,1,1,1,1,1,0,1,0,0,0,3,4,4,4,3,4,0,0,2,1,0,1,2,0,3,1,0
2171,1,0,0,1,0,1,0,0,1,0,0,0,0,0,1,0,1,1,2,4,3,0,0,0,1,3,2,3,0,3,2,0,3,4,3,2
2172,1,0,0,1,0,1,0,0,1,0,0,0,0,0,1,0,1,1,4,0,0,2,3,4,1,3,2,3,0,3,2,0,3,4,3,2
2173,1,0,0,1,0,1,0,0,1,0,0,0,0,0,1,0,1,1,4,0,0,2,3,4,1,3,2,3,0,3,1,3,0,4,1,0
2174,1,0,0,1,0,1,0,0,1,0,0,0,0,0,1,0,1,1,2,4,3,0,0,0,1,3,2,3,0,3,2,3,3,4,4,2
2175,1,0,0,1,0,1,0,0,1,0,0,0,0,0,1,0,1,1,4,0,0,2,3,4,1,3,2,3,0,3,2,0,3,2,3,4
2176,1,0,0,1,0,1,0,0,1,0,0,0,0,0,1,0,1,1,2,4,3,0,0,0,3,4,1,0,4,2,2,0,3,2,3,4
2177,1,0,0,1,0,1,0,0,1,0,0,0,0,0,1,0,1,1,2,4,3,0,0,0,0,1,3,4,3,1,1,3,0,4,1,0
2178,1,0,0,1,0,1,0,0,1,0,0,0,0,0,1,0,1,1,2,4,3,0,0,0,3,4,1,0,4,2,2,0,3,2,3,4
2179,1,0,0,1,0,1,0,0,1,0,0,0,0,0,1,0,1,1,4,0,0,2,3,4,1,3,2,3,0,3,2,3,3,4,4,2
2180,1,0,0,1,0,1,0,0,1,0,0,0,0,0,1,0,1,1,2,4,3,0,0,0,1,3,2,3,0,3,2,3,3,4,4,2
2181,1,0,0,1,0,1,0,0,1,0,0,0,0,0,1,0,1,1,2,4,3,0,0,0,1,3,2,3,0,3,2,0,3,2,3,2
2182,1,0,0,1,0,1,0,0,1,0,0,0,0,0,1,0,1,1,2,4,3,0,0,0,1,3,2,3,0,3,2,0,3,2,3,4
2183,1,0,0,1,0,1,0,0,1,0,0,0,0,0,1,0,1,1,2,4,3,0,0,0,0,1,3,4,3,1,2,3,4,4,4,2
2184,1,0,0,1,0,1,0,0,1,0,0,0,0,0,1,0,1,1,4,0,0,2,3,4,1,3,2,3,0,3,2,3,3,4,4,2
2185,1,0,0,1,0,1,0,0,1,0,0,0,0,0,1,0,1,1,4,0,0,2,3,4,1,3,2,3,0,3,2,0,3,2,3,4
2186,1,0,0,1,0,1,1,1,0,1,1,1,0,0,1,0,1,1,4,0,0,2,3,4,0,1,3,4,3,1,1,2,0,3,1,0
2187,1,0,0,1,0,1,0,0,1,0,0,0,0,0,1,0,1,1,2,4,3,0,0,0,0,1,3,4,3,1,4,3,4,4,4,2
2188,1,0,0,1,0,1,1,1,0,1,1,1,1,1,0,1,0,0,4,0,0,2,3,4,0,1,3,4,3,1,1,2,0,3,1,0
2189,1,0,0,1,0,1,0,0,1,0,0,0,0,0,1,0,1,1,2,4,3,0,0,0,1,3,2,3,0,3,1,3,0,4,4,2
2190,0,1,1,0,1,0,1,1,0,1,1,1,1,1,0,1,0,0,3,2,2,1,1,1,4,0,0,2,1,0,0,1,1,0,2,3
2191,1,0,0,1,0,1,1,1,0,1,1,1,0,0,1,0,1,1,0,3,4,4,4,3,0,1,3,4,3,1,1,2,0,3,1,0
2192,1,0,0,1,0,1,1,1,0,1,1,1,1,1,0,1,0,0,0,3,4,4,4,3,0,1,3,4,3,1,1,2,0,3,1,0
2193,0,1,1,0,1,0,1,1,0,1,1,1,1,1,0,1,0,0,0,3,4,4,4,3,4,0,0,2,1,0,0,2,1,3,1,0
2194,1,0,0,1,0,1,1,1,0,1,1,1,1,1,0,1,0,0,0,3,4,4,4,3,0,1,3,4,3,1,1,2,0,3,1,0
2195,1,0,0,1,0,1,0,0,1,0,0,0,0,0,1,0,1,1,0,3,4,4,4,3,0,1,3,4,3,1,1,3,4,4,4,2
2196,1,0,0,1,0,1,0,0,1,0,0,0,0,0,1,0,1,1,4,0,0,2,3,4,1,3,2,3,0,3,2,0,3,2,3,4
2197,1,0,0,1,0,1,0,0,1,0,0,0,0,0,1,0,1,1,4,0,0,2,3,4,1,3,2,3,0,3,2,0,3,2,3,4
2198,1,0,0,1,0,1,0,0,1,0,0,0,0,0,1,0,1,1,2,4,3,0,0,0,1,3,2,3,0,3,4,3,4,4,4,2
2199,1,0,0,1,0,1,0,0,1,0,0,0,0,0,1,0,1,1,1,1,1,3,2,2,0,1,3,4,3,1,4,4,4,1,0,1
2200,1,0,0,1,0,1,0,0,1,0,0,0,0,0,1,0,1,1,1,1,1,3,2,2,3,4,1,0,4,2,4,3,4,4,4,2
2201,1,0,0,1,0,1,0,0,1,0,0,0,0,0,1,0,1,1,1,1,1,3,2,2,2,2,4,1,2,4,1,2,0,3,1,0
2202,1,0,0,1,0,1,0,0,1,0,0,0,0,0,1,0,1,1,0,3,4,4,4,3,0,1,3,4,3,1,4,4,4,1,4,1
2203,1,0,0,1,0,1,0,0,1,0,0,0,0,0,1,0,1,1,0,3,4,4,4,3,2,2,4,1,2,4,1,2,0,3,1,0
2204,1,0,0,1,0,1,0,0,1,0,0,0,0,0,1,0,1,1,2,4,3,0,0,0,0,1,3,4,3,1,4,3,4,4,4,2
2205,1,0,0,1,0,1,0,0,1,0,0,0,0,0,1,0,1,1,1,1,1,3,2,2,3,4,1,0,4,2,4,3,4,4,4,2
2206,1,0,0,1,0,1,0,0,1,0,0,0,0,0,1,0,1,1,1,1,1,3,2,2,0,1,3,4,3,1,4,3,4,4,4,2
2207,1,0,0,1,0,1,0,0,1,0,0,0,0,0,1,0,1,1,2,4,3,0,0,0,3,4,1,0,4,2,2,0,3,2,3,4
2208,1,0,0,1,0,1,0,0,1,0,0,0,0,0,1,0,1,1,1,1,1,3,2,2,2,2,4,1,2,4,3,4,2,1,0,1
2210,0,1,1,0,1,0,1,1,0,1,1,1,1,1,0,1,0,0,0,3,4,4,4,3,4,0,0,2,1,0,0,2,1,3,1,3
2211,1,0,0,1,0,1,0,0,1,0,0,0,0,0,1,0,1,1,2,4,3,0,0,0,0,1,3,4,3,1,4,3,4,4,4,2
2212,1,0,0,1,0,1,0,0,1,0,0,0,0,0,1,0,1,1,1,1,1,3,2,2,0,1,3,4,3,1,4,3,4,4,4,2
2213,1,0,0,1,0,1,0,0,1,0,0,0,0,0,1,0,1,1,4,0,0,2,3,4,1,3,2,3,0,3,4,3,4,4,4,2
2215,1,0,0,1,0,1,0,0,1,0,0,0,0,0,1,0,1,1,1,1,1,3,2,2,3,4,1,0,4,2,4,3,4,4,4,2
2216,0,1,1,0,1,0,1,1,0,1,1,1,1,1,0,1,0,0,0,3,4,4,4,3,4,0,0,2,1,0,0,1,1,0,2,3
2217,0,1,1,0,1,0,1,1,0,1,1,1,1,1,0,1,0,0,0,3,4,4,4,3,4,0,0,2,1,0,1,2,0,3,1,0
2218,1,0,0,1,0,1,0,0,1,0,0,0,1,1,0,1,0,0,2,4,3,0,0,0,0,1,3,4,3,1,1,2,0,3,1,0
2219,0,1,1,0,1,0,1,1,0,1,1,1,1,1,0,1,0,0,0,3,4,4,4,3,0,1,3,4,3,1,1,2,0,3,1,0
2220,0,1,1,0,1,0,1,1,0,1,1,1,1,1,0,1,0,0,0,3,4,4,4,3,4,0,0,2,1,0,1,2,0,3,1,0
2221,0,1,1,0,1,0,1,1,0,1,1,1,1,1,0,1,0,0,0,3,4,4,4,3,4,0,0,2,1,0,0,1,1,0,2,3
2222,0,1,1,0,1,0,1,1,0,1,1,1,1,1,0,1,0,0,0,3,4,4,4,3,0,1,3,4,3,1,1,2,0,3,1,0
2223,1,0,0,1,0,1,0,0,1,0,0,0,0,0,1,0,1,1,2,4,3,0,0,0,0,1,3,4,3,1,1,3,0,4,4,2
2224,1,0,0,1,0,1,1,1,0,1,1,1,1,1,0,1,0,0,0,3,4,4,4,3,0,1,3,4,3,1,1,2,0,3,1,0
2225,1,0,0,1,0,1,0,0,1,0,0,0,0,0,1,0,1,1,2,4,3,0,0,0,0,1,3,4,3,1,4,3,4,4,4,2
2226,0,1,1,0,1,0,1,1,0,1,1,1,1,1,0,1,0,0,0,3,4,4,4,3,4,0,0,2,1,0,0,1,1,0,2,3
2227,0,1,1,0,1,0,1,1,0,1,1,1,1,1,0,1,0,0,0,3,4,4,4,3,0,1,3,4,3,1,1,2,0,3,1,0
2228,0,1,1,0,1,0,1,1,0,1,1,1,1,1,0,1,0,0,0,3,4,4,4,3,0,1,3,4,3,1,1,2,0,3,1,0
2229,1,0,0,1,0,1,1,1,0,1,1,1,1,1,0,1,0,0,0,3,4,4,4,3,0,1,3,4,3,1,1,3,0,3,4,0
2230,1,0,0,1,0,1,0,0,1,0,0,0,0,0,1,0,1,1,2,4,3,0,0,0,2,2,4,1,2,4,3,4,2,1,0,1
2231,1,0,0,1,0,1,0,0,1,0,0,0,0,0,1,0,1,1,2,4,3,0,0,0,0,1,3,4,3,1,1,3,0,4,4,2
2232,1,0,0,1,0,1,0,0,1,0,0,0,0,0,1,0,1,1,2,4,3,0,0,0,0,1,3,4,3,1,1,3,0,4,4,0
2233,1,0,0,1,0,1,0,0,1,0,0,0,0,0,1,0,1,1,2,4,3,0,0,0,0,1,3,4,3,1,4,3,4,4,4,2
2234,1,0,0,1,0,1,0,0,1,0,0,0,0,0,1,0,1,1,2,4,3,0,0,0,0,1,3,4,3,1,4,3,4,4,4,2
2235,1,0,0,1,0,1,1,1,0,1,1,1,0,0,1,0,1,1,0,3,4,4,4,3,0,1,3,4,3,1,1,3,0,3,4,0
2236,1,0,0,1,0,1,1,1,0,1,1,1,0,0,1,1,0,1,0,3,4,4,4,3,0,1,3,4,3,1,1,2,0,3,1,0
2237,0,1,1,0,1,0,0,0,1,0,0,0,1,1,0,1,0,0,0,3,4,4,4,3,2,2,4,1,2,4,1,2,0,3,1,0
2238,0,1,1,0,1,0,1,1,0,1,1,1,1,1,0,1,0,0,0,3,4,4,4,3,0,1,3,4,3,1,1,2,0,3,1,0
2241,1,0,0,1,0,1,0,0,1,0,0,0,0,0,1,0,1,1,2,4,3,0,0,0,0,1,3,4,3,1,1,3,0,4,4,2
2242,0,1,1,0,1,0,1,1,0,1,1,1,1,1,0,1,0,0,3,2,2,1,1,1,4,0,0,2,1,0,0,1,1,0,2,3
2243,0,1,1,0,1,0,1,1,0,1,1,1,1,1,0,1,0,0,0,3,4,4,4,3,0,1,3,4,3,1,1,2,0,3,1,0
2244,1,0,0,1,0,1,0,0,1,0,0,0,0,0,1,0,1,1,1,1,1,3,2,2,0,1,3,4,3,1,4,4,4,1,0,1
2245,0,1,1,0,1,0,1,1,0,1,1,1,1,1,0,1,0,0,0,3,4,4,4,3,0,1,3,4,3,1,1,2,0,3,1,0
2248,1,0,0,1,0,1,1,1,0,1,1,1,0,0,1,0,1,1,2,4,3,0,0,0,0,1,3,4,3,1,1,3,0,4,4,0
2249,1,0,0,1,0,1,0,0,1,0,0,0,0,0,1,0,1,1,1,1,1,3,2,2,3,2,1,0,2,4,3,4,2,1,0,1
2250,1,0,0,1,0,1,0,0,1,0,0,0,0,0,1,0,1,1,1,1,1,3,2,2,0,1,3,4,3,1,4,3,4,1,4,1
2251,0,1,1,0,1,0,1,1,0,1,1,1,1,1,0,1,0,0,3,2,2,1,1,1,4,0,0,2,1,0,0,1,1,0,2,3
2252,0,1,1,0,1,0,1,1,0,1,1,1,1,1,0,1,0,0,0,3,4,4,4,3,0,1,3,4,3,1,1,2,0,3,1,0
2253,1,0,0,1,0,1,0,0,1,0,0,0,0,0,1,0,1,1,4,0,0,2,3,4,3,4,1,0,4,2,2,0,3,2,3,2
2254,1,0,0,1,0,1,0,0,1,0,0,0,0,0,1,0,1,1,4,0,0,2,3,4,1,3,2,3,0,3,2,0,3,2,3,4
2255,1,0,0,1,0,1,0,0,1,0,0,0,0,0,1,0,1,1,4,0,0,2,3,4,1,3,2,3,0,3,2,3,3,4,4,2
2256,1,0,0,1,0,1,0,0,1,0,0,0,0,0,1,0,1,1,4,0,0,2,3,4,1,3,2,3,0,3,2,0,3,2,3,4
2257,1,0,0,1,0,1,0,0,1,0,0,0,0,0,1,0,1,1,4,0,0,2,3,4,1,3,2,3,0,3,2,0,3,2,3,4
2258,1,0,0,1,0,1,0,0,1,0,0,0,0,0,1,0,1,1,4,0,0,2,3,4,1,3,2,3,0,3,2,0,3,2,3,4
2259,1,0,0,1,0,1,0,0,1,0,0,0,0,0,1,0,1,1,4,0,0,2,3,4,1,3,2,3,0,3,2,0,3,2,3,4
2260,1,0,0,1,0,1,0,0,1,0,0,0,0,0,1,0,1,1,1,1,1,3,2,2,1,3,2,3,0,3,4,0,4,2,3,2
2262,1,0,0,1,0,1,0,0,1,0,0,0,0,0,1,0,1,1,4,0,0,2,3,4,1,3,2,3,0,3,2,0,3,2,3,4
2264,1,0,0,1,0,1,0,0,1,0,0,0,0,0,1,0,1,1,2,4,3,0,0,0,1,3,2,3,0,3,4,3,4,4,4,2
2265,1,0,0,1,0,1,0,0,1,0,0,0,0,0,1,0,1,1,4,0,0,2,3,4,1,3,2,3,0,3,2,0,3,2,3,4
2266,1,0,0,1,0,1,0,0,1,0,0,0,0,0,1,0,1,1,4,0,0,2,3,4,1,3,2,3,0,3,2,0,3,2,3,4
2267,1,0,0,1,0,1,0,0,1,0,0,0,0,0,1,0,1,1,4,0,0,2,3,4,3,4,1,0,4,2,2,0,3,2,3,4
2268,1,0,0,1,0,1,0,0,1,0,0,0,0,0,1,0,1,1,4,0,0,2,3,4,3,4,1,0,4,2,2,0,3,2,3,4
2269,1,0,0,1,0,1,0,0,1,0,0,0,0,0,1,0,1,1,2,4,3,0,0,0,3,4,1,0,4,2,3,0,2,2,0,4
2270,1,0,0,1,0,1,0,0,1,0,0,0,0,0,1,0,1,1,4,0,0,2,3,4,1,3,2,3,0,3,2,0,3,2,3,4
2271,1,0,0,1,0,1,0,0,1,0,0,0,0,0,1,0,1,1,4,0,0,2,3,4,3,4,1,0,4,2,2,0,3,2,3,4
2272,1,0,0,1,0,1,0,0,1,0,0,0,0,0,1,0,1,1,2,4,3,0,0,0,3,4,1,0,4,2,4,3,4,4,4,2
2274,1,0,0,1,0,1,0,0,1,0,0,0,0,0,1,0,1,1,4,0,0,2,3,4,3,4,1,0,4,2,1,3,0,4,4,0
2275,0,1,1,0,1,0,1,1,0,1,1,1,1,1,0,1,0,0,3,2,2,1,1,1,4,0,0,2,1,0,0,1,1,0,2,3
2276,1,0,0,1,0,1,0,0,1,0,0,0,0,0,1,0,1,1,1,1,1,3,2,2,0,1,3,4,3,1,1,3,0,4,4,2
2278,1,0,0,1,0,1,0,0,1,0,0,0,0,0,1,0,1,1,2,4,3,0,0,0,3,4,1,0,4,2,4,3,4,4,4,2
2279,0,1,1,0,1,0,1,1,0,1,1,1,1,1,0,1,0,0,0,3,4,4,4,3,4,0,0,2,1,0,1,2,0,3,1,0
2280,1,0,0,1,0,1,1,1,0,1,1,1,1,1,0,1,0,0,0,3,4,4,4,3,0,1,3,4,3,1,1,2,0,3,1,0
2281,0,1,1,0,1,0,1,1,0,1,1,1,1,1,0,1,0,0,0,3,4,4,4,3,4,0,0,2,1,0,0,1,1,0,2,3
2282,0,1,1,0,1,0,1,1,0,1,1,1,1,1,0,1,0,0,0,3,4,4,4,3,4,0,0,2,1,0,1,2,0,3,1,0
2286,1,0,0,1,0,1,1,1,0,1,1,1,1,1,0,1,0,0,0,3,4,4,4,3,0,1,3,4,3,1,1,2,0,3,1,0
2287,1,0,0,1,0,1,0,0,1,0,0,0,0,0,1,0,1,1,2,4,3,0,0,0,0,1,3,4,3,1,1,3,0,4,4,0
2288,1,0,0,1,0,1,1,1,0,1,1,1,1,1,0,1,0,0,0,3,4,4,4,3,0,1,3,4,3,1,1,2,0,3,1,0
2289,1,0,0,1,0,1,1,1,0,1,1,1,1,1,0,1,0,0,0,3,4,4,4,3,0,1,3,4,3,1,1,2,0,3,1,0
2292,1,0,0,1,0,1,0,0,1,0,0,0,0,0,1,0,1,1,1,1,1,3,2,2,3,4,1,0,4,2,4,3,4,4,4,2
2293,1,0,0,1,0,1,0,0,1,0,0,0,0,0,1,0,1,1,2,4,3,0,0,0,0,1,3,4,3,1,4,3,4,4,4,2
2294,1,0,0,1,0,1,0,0,1,0,0,0,0,0,1,0,1,1,2,4,3,0,0,0,1,3,2,3,0,3,1,3,0,4,4,2
2295,1,0,0,1,0,1,0,0,1,0,0,0,0,0,1,0,1,1,1,1,1,3,2,2,2,2,4,1,2,4,1,2,0,3,1,0
2296,1,0,0,1,0,1,0,0,1,0,0,0,0,0,1,0,1,1,4,0,0,2,3,4,0,1,3,4,3,1,4,3,4,4,4,2
2297,1,0,0,1,0,1,0,0,1,0,0,0,0,0,1,0,1,1,2,4,3,0,0,0,3,4,1,0,4,2,4,3,4,4,4,2
2298,1,0,0,1,0,1,0,0,1,0,0,0,0,0,1,0,1,1,4,0,0,2,3,4,3,4,1,0,4,2,4,3,4,4,4,2
2299,1,0,0,1,0,1,0,0,1,0,0,0,0,0,1,0,1,1,2,4,3,0,0,0,0,1,3,4,3,1,4,3,4,4,4,2
2300,1,0,0,1,0,1,0,0,1,0,0,0,0,0,1,0,1,1,1,1,1,3,2,2,0,1,3,4,3,1,4,3,4,4,4,2
2301,1,0,0,1,0,1,0,0,1,0,0,0,0,0,1,0,1,1,4,0,0,2,3,4,0,1,3,4,3,1,1,3,0,4,4,2
2302,1,0,0,1,0,1,0,0,1,0,0,0,0,0,1,0,1,1,1,1,1,3,2,2,3,4,1,0,4,2,4,4,4,1,0,1
2303,1,0,0,1,0,1,0,0,1,0,0,0,0,0,1,0,1,1,1,1,1,3,2,2,0,1,3,4,3,1,1,2,0,3,1,0
2304,1,0,0,1,0,1,0,0,1,0,0,0,0,0,1,0,1,1,1,1,1,3,2,2,3,4,1,0,4,2,4,3,4,4,4,2
2305,1,0,0,1,0,1,0,0,1,0,0,0,0,0,1,0,1,1,1,1,1,3,2,2,3,4,1,0,4,2,4,3,4,1,4,2
2307,1,0,0,1,0,1,0,0,1,0,0,0,0,0,1,0,1,1,4,0,0,2,3,4,3,4,1,0,4,2,3,4,2,1,0,1
2308,1,0,0,1,0,1,0,0,1,0,0,0,0,0,1,0,1,1,4,0,0,2,3,4,1,3,2,3,0,3,4,3,4,4,4,2
2309,1,0,0,1,0,1,0,0,1,0,0,0,0,0,1,0,1,1,4,0,0,2,3,4,3,4,1,0,4,2,2,0,3,2,3,4
2310,1,0,0,1,0,1,0,0,1,0,0,0,0,0,1,0,1,1,4,4,0,0,3,4,0,1,3,4,3,1,4,3,4,4,4,2
2311,1,0,0,1,0,1,1,1,0,1,1,1,0,0,1,0,1,1,1,1,1,3,2,2,0,1,3,4,3,1,1,2,0,3,1,0
2312,0,1,1,0,1,0,1,1,0,1,1,1,1,1,0,1,0,0,0,3,4,4,4,3,4,0,0,2,1,0,0,2,1,3,1,3
2314,1,0,0,1,0,1,0,0,1,0,0,0,0,0,1,0,1,1,1,1,1,3,2,2,3,4,1,0,4,2,4,4,4,1,0,1
2315,1,0,0,1,0,1,0,0,1,0,0,0,0,0,1,0,1,1,2,4,3,0,0,0,3,4,1,0,4,2,4,3,4,4,4,2
2316,1,0,0,1,0,1,0,0,1,0,0,0,0,0,1,0,1,1,2,4,3,0,0,0,3,4,1,0,4,2,4,3,4,4,4,2
2317,1,0,0,1,0,1,0,0,1,0,0,0,0,0,1,0,1,1,1,1,1,3,2,2,2,2,4,1,2,4,4,4,4,1,0,1
2318,0,1,1,0,1,0,1,1,0,1,1,1,1,1,0,1,0,0,0,3,4,4,4,3,4,0,0,2,1,0,0,2,1,3,1,3
2320,0,1,1,0,1,0,1,1,0,1,1,1,1,1,0,1,0,0,0,3,4,4,4,3,0,1,3,4,3,1,1,2,0,3,1,0
2321,1,0,0,1,0,1,0,0,1,0,0,0,0,0,1,0,1,1,2,4,3,0,0,0,3,4,1,0,4,2,2,0,3,2,3,4
2322,1,0,0,1,0,1,0,0,1,0,0,0,0,0,1,0,1,1,2,4,3,0,0,0,3,4,1,0,4,2,4,3,4,4,4,2
2323,1,0,0,1,0,1,0,0,1,0,0,0,0,0,1,0,1,1,2,4,3,0,0,0,3,4,1,0,4,2,2,0,3,2,3,4
2324,1,0,0,1,0,1,0,0,1,0,0,0,0,0,1,0,1,1,2,4,3,0,0,0,3,4,1,0,4,2,4,3,4,4,4,2
2325,1,0,0,1,0,1,0,0,1,0,0,0,0,0,1,0,1,1,2,4,3,0,0,0,3,4,1,0,4,2,4,3,4,4,4,2
2326,1,0,0,1,0,1,0,0,1,0,0,0,0,0,1,0,1,1,2,4,3,0,0,0,3,4,1,0,4,2,4,3,4,4,4,2
2327,1,0,0,1,0,1,0,0,1,0,0,0,0,0,1,0,1,1,2,4,3,0,0,0,3,4,1,0,4,2,4,3,4,4,4,2
2328,1,0,0,1,0,1,0,0,1,0,0,0,0,0,1,0,1,1,2,4,3,0,0,0,3,4,1,0,4,2,4,3,4,4,4,2
2329,1,0,0,1,0,1,0,0,1,0,0,0,0,0,1,0,1,1,2,4,3,0,0,0,3,4,1,0,4,2,4,3,4,4,4,2
2330,1,0,0,1,0,1,0,0,1,0,0,0,0,0,1,0,1,1,2,4,3,0,0,0,3,4,1,0,4,2,4,3,4,4,4,2
2332,1,0,0,1,0,1,0,0,1,0,0,0,0,0,1,0,1,1,1,4,1,0,2,2,3,4,1,0,4,2,4,3,4,4,4,2
2333,1,0,0,1,0,1,1,1,0,1,1,1,0,0,1,0,1,1,2,4,3,0,0,0,0,1,3,4,3,1,1,3,0,4,4,2
2334,1,0,0,1,0,1,0,0,1,0,0,0,0,0,1,0,1,1,2,4,3,0,0,0,3,4,1,0,4,2,3,0,2,2,3,4
2335,1,0,0,1,0,1,0,0,1,0,0,0,0,0,1,0,1,1,2,4,3,0,0,0,0,1,3,4,3,1,1,2,0,3,1,0
2336,1,0,0,1,0,1,0,0,1,0,0,0,0,0,1,0,1,1,2,4,3,0,0,0,0,1,3,4,3,1,1,3,0,4,4,0
2337,0,1,1,0,1,0,1,1,0,1,1,1,1,1,0,1,0,0,0,3,4,4,4,3,4,0,0,2,1,0,1,2,0,3,1,0
2338,1,0,0,1,0,1,1,1,0,1,1,1,1,1,0,1,0,0,0,3,4,4,4,3,0,1,3,4,3,1,1,2,0,3,1,0
2339,1,0,0,1,0,1,0,0,1,0,0,0,0,0,1,0,1,1,1,1,1,3,2,2,2,2,4,1,2,4,3,4,2,1,0,1
2340,1,0,0,1,0,1,0,0,1,0,0,0,0,0,1,0,1,1,1,1,1,3,2,2,0,1,3,4,3,1,1,3,0,4,4,0
2341,1,0,0,1,0,1,0,0,1,0,0,0,0,0,1,0,1,1,1,1,1,3,2,2,0,1,3,4,3,1,4,4,4,1,4,1
2342,1,0,0,1,0,1,0,0,1,0,0,0,0,0,1,0,1,1,1,1,1,3,2,2,2,2,4,1,2,4,3,4,2,1,0,1
2343,1,0,0,1,0,1,0,0,1,0,0,0,0,0,1,0,1,1,1,1,1,3,2,2,2,2,4,1,2,4,3,4,2,1,0,1
2349,1,0,0,1,0,1,1,1,0,1,1,1,0,0,1,0,1,1,1,1,1,3,2,2,0,1,3,4,3,1,3,4,2,1,0,1
2462,0,1,1,0,1,0,1,1,0,1,1,1,1,1,0,1,0,0,3,2,2,1,1,1,4,0,0,2,1,0,0,1,1,0,2,3
2463,0,1,1,0,1,0,1,1,0,1,1,1,1,1,0,1,0,0,3,2,2,1,1,1,4,0,0,2,1,0,0,1,1,0,2,3
2464,0,1,1,0,1,0,1,1,0,1,1,1,1,1,0,1,0,0,3,2,2,1,1,1,4,0,0,2,1,0,0,1,1,0,2,3
2465,0,1,1,0,1,0,1,1,0,1,1,1,1,1,0,1,0,0,3,2,2,1,1,1,4,0,0,2,1,0,0,1,1,0,2,3
2466,0,1,1,0,1,0,1,1,0,1,1,1,1,1,0,1,0,0,3,2,2,1,1,1,4,0,0,2,1,0,0,1,1,0,2,3
2467,0,1,1,0,1,0,1,1,0,1,1,1,1,1,0,1,0,0,3,2,2,1,1,1,4,0,0,2,1,0,0,1,1,0,2,3
2468,0,1,1,0,1,0,1,1,0,1,1,1,1,1,0,1,0,0,3,2,2,1,1,1,4,0,0,2,1,0,0,1,1,0,2,3
2469,0,1,1,0,1,0,1,1,0,1,1,1,1,1,0,1,0,0,3,2,2,1,1,1,4,0,0,2,1,0,0,1,1,0,2,3
2470,0,1,1,0,1,0,1,1,0,1,1,1,1,1,0,1,0,0,3,2,2,1,1,1,4,0,0,2,1,0,0,1,1,0,2,3
2471,0,1,1,0,1,0,1,1,0,1,1,1,1,1,0,1,0,0,3,2,2,1,1,1,4,0,0,2,1,0,0,1,1,0,2,3
2472,0,1,1,0,1,0,1,1,0,1,1,1,1,1,0,1,0,0,3,2,2,1,1,1,4,0,0,2,1,0,0,1,1,0,2,3
2473,0,1,1,0,1,0,1,1,0,1,1,1,1,1,0,1,0,0,3,2,2,1,1,1,4,0,0,2,1,0,0,1,1,0,2,3
2474,0,1,1,0,1,0,1,1,0,1,1,1,1,1,0,1,0,0,3,2,2,1,1,1,4,0,0,2,1,0,0,1,1,0,2,3
2475,0,1,1,0,1,0,1,1,0,1,1,1,1,1,0,1,0,0,3,2,2,1,1,1,4,0,0,2,1,0,0,1,1,0,2,3
2476,0,1,1,0,1,0,1,1,0,1,1,1,1,1,0,1,0,0,3,2,2,1,1,1,4,0,0,2,1,0,0,1,1,0,2,3
2477,0,1,1,0,1,0,1,1,0,1,1,1,1,1,0,1,0,0,3,2,2,1,1,1,4,0,0,2,1,0,0,1,1,0,2,3
2478,0,1,1,0,1,0,1,1,0,1,1,1,1,1,0,1,0,0,3,2,2,1,1,1,4,0,0,2,1,0,0,1,1,0,2,3
2479,0,1,1,0,1,0,1,1,0,1,1,1,1,1,0,1,0,0,3,2,2,1,1,1,4,0,0,2,1,0,0,1,1,0,2,3
2480,0,1,1,0,1,0,1,1,0,1,1,1,1,1,0,1,0,0,3,2,2,1,1,1,4,0,0,2,1,0,0,1,1,0,2,3
2481,0,1,1,0,1,0,1,1,0,1,1,1,1,1,0,1,0,0,3,2,2,1,1,1,4,0,0,2,1,0,0,1,1,0,2,3
2482,0,1,1,0,1,0,1,1,0,1,1,1,1,1,0,1,0,0,3,2,2,1,1,1,4,0,0,2,1,0,0,1,1,0,2,3
2483,0,1,1,0,1,0,1,1,0,1,1,1,1,1,0,1,0,0,3,2,2,1,1,1,4,0,0,2,1,0,0,1,1,0,2,3
2484,0,1,1,0,1,0,1,1,0,1,1,1,1,1,0,1,0,0,3,2,2,1,1,1,4,0,0,2,1,0,0,1,1,0,2,3
2485,0,1,1,0,1,0,1,1,0,1,1,1,1,1,0,1,0,0,3,2,2,1,1,1,4,0,0,2,1,0,0,1,1,0,2,3
2486,0,1,1,0,1,0,1,1,0,1,1,1,1,1,0,1,0,0,3,2,2,1,1,1,4,0,0,2,1,0,0,1,1,0,2,3
2487,0,1,1,0,1,0,1,1,0,1,1,1,1,1,0,1,0,0,3,2,2,1,1,1,4,0,0,2,1,0,0,1,1,0,2,3
2488,0,1,1,0,1,0,1,1,0,1,1,1,1,1,0,1,0,0,3,2,2,1,1,1,4,0,0,2,1,0,0,1,1,0,2,3
2489,0,1,1,0,1,0,1,1,0,1,1,1,1,1,0,1,0,0,3,2,2,1,1,1,4,0,0,2,1,0,0,1,1,0,2,3
2490,0,1,1,0,1,0,1,1,0,1,1,1,1,1,0,1,0,0,3,2,2,1,1,1,4,0,0,2,1,0,0,1,1,0,2,3
2491,0,1,1,0,1,0,1,1,0,1,1,1,1,1,0,1,0,0,3,2,2,1,1,1,4,0,0,2,1,0,0,1,1,0,2,3
2492,0,1,1,0,1,0,1,1,0,1,1,1,1,1,0,1,0,0,3,2,2,1,1,1,4,0,0,2,1,0,0,1,1,0,2,3
2493,0,1,1,0,1,0,1,1,0,1,1,1,1,1,0,1,0,0,3,2,2,1,1,1,4,0,0,2,1,0,0,1,1,0,2,3
2494,0,1,1,0,1,0,1,1,0,1,1,1,1,1,0,1,0,0,3,2,2,1,1,1,4,0,0,2,1,0,0,1,1,0,2,3
2495,0,1,1,0,1,0,1,1,0,1,1,1,1,1,0,1,0,0,3,2,2,1,1,1,4,0,0,2,1,0,0,1,1,0,2,3
2496,0,1,1,0,1,0,1,1,0,1,1,1,1,1,0,1,0,0,3,2,2,1,1,1,4,0,0,2,1,0,0,1,1,0,2,3
2497,0,1,1,0,1,0,1,1,0,1,1,1,1,1,0,1,0,0,3,2,2,1,1,1,4,0,0,2,1,0,0,1,1,0,2,3
2498,0,1,1,0,1,0,1,1,0,1,1,1,1,1,0,1,0,0,3,2,2,1,1,1,4,0,0,2,1,0,0,1,1,0,2,3
2499,0,1,1,0,1,0,1,1,0,1,1,1,1,1,0,1,0,0,3,2,2,1,1,1,4,0,0,2,1,0,0,1,1,0,2,3
2500,0,1,1,0,1,0,1,1,0,1,1,1,1,1,0,1,0,0,3,2,2,1,1,1,4,0,0,2,1,0,0,1,1,0,2,3
2501,0,1,1,0,1,0,1,1,0,1,1,1,1,1,0,1,0,0,3,2,2,1,1,1,4,0,0,2,1,0,0,1,1,0,2,3
2502,0,1,1,0,1,0,1,1,0,1,1,1,1,1,0,1,0,0,3,2,2,1,1,1,4,0,0,2,1,0,0,1,1,0,2,3
2503,0,1,1,0,1,0,1,1,0,1,1,1,1,1,0,1,0,0,3,2,2,1,1,1,4,0,0,2,1,0,0,1,1,0,2,3
2504,0,1,1,0,1,0,1,1,0,1,1,1,1,1,0,1,0,0,3,2,2,1,1,1,4,0,0,2,1,0,0,1,1,0,2,3
2505,0,1,1,0,1,0,1,1,0,1,1,1,1,1,0,1,0,0,3,2,2,1,1,1,4,0,0,2,1,0,0,1,1,0,2,3
2506,0,1,1,0,1,0,1,1,0,1,1,1,1,1,0,1,0,0,3,2,2,1,1,1,4,0,0,2,1,0,0,1,1,0,2,3
2507,0,1,1,0,1,0,1,1,0,1,1,1,1,1,0,1,0,0,3,2,2,1,1,1,4,0,0,2,1,0,0,1,1,0,2,3
2508,0,1,1,0,1,0,1,1,0,1,1,1,1,1,0,1,0,0,3,2,2,1,1,1,4,0,0,2,1,0,0,1,1,0,2,3
2509,0,1,1,0,1,0,1,1,0,1,1,1,1,1,0,1,0,0,3,2,2,1,1,1,4,0,0,2,1,0,0,1,1,0,2,3
2510,0,1,1,0,1,0,1,1,0,1,1,1,1,1,0,1,0,0,3,2,2,1,1,1,4,0,0,2,1,0,0,1,1,0,2,3
2511,0,1,1,0,1,0,1,1,0,1,1,1,1,1,0,1,0,0,3,2,2,1,1,1,4,0,0,2,1,0,0,1,1,0,2,3
2512,0,1,1,0,1,0,1,1,0,1,1,1,1,1,0,1,0,0,3,2,2,1,1,1,4,0,0,2,1,0,0,1,1,0,2,3
2513,0,1,1,0,1,0,1,1,0,1,1,1,1,1,0,1,0,0,3,2,2,1,1,1,4,0,0,2,1,0,0,1,1,0,2,3
2514,0,1,1,0,1,0,1,1,0,1,1,1,1,1,0,1,0,0,3,2,2,1,1,1,4,0,0,2,1,0,0,1,1,0,2,3
2515,0,1,1,0,1,0,1,1,0,1,1,1,1,1,0,1,0,0,3,2,2,1,1,1,4,0,0,2,1,0,0,1,1,0,2,3
2516,0,1,1,0,1,0,1,1,0,1,1,1,1,1,0,1,0,0,3,2,2,1,1,1,4,0,0,2,1,0,0,1,1,0,2,3
2517,0,1,1,0,1,0,1,1,0,1,1,1,1,1,0,1,0,0,3,2,2,1,1,1,4,0,0,2,1,0,0,1,1,0,2,3
2518,0,1,1,0,1,0,1,1,0,1,1,1,1,1,0,1,0,0,3,2,2,1,1,1,4,0,0,2,1,0,0,1,1,0,2,3
2519,0,1,1,0,1,0,1,1,0,1,1,1,1,1,0,1,0,0,3,2,2,1,1,1,4,0,0,2,1,0,0,1,1,0,2,3
2520,0,1,1,0,1,0,1,1,0,1,1,1,1,1,0,1,0,0,3,2,2,1,1,1,4,0,0,2,1,0,0,1,1,0,2,3
2521,0,1,1,0,1,0,1,1,0,1,1,1,1,1,0,1,0,0,3,2,2,1,1,1,4,0,0,2,1,0,0,1,1,0,2,3
2522,0,1,1,0,1,0,1,1,0,1,1,1,1,1,0,1,0,0,3,2,2,1,1,1,4,0,0,2,1,0,0,1,1,0,2,3
2523,0,1,1,0,1,0,1,1,0,1,1,1,1,1,0,1,0,0,3,2,2,1,1,1,4,0,0,2,1,0,0,1,1,0,2,3
2524,0,1,1,0,1,0,1,1,0,1,1,1,1,1,0,1,0,0,3,2,2,1,1,1,4,0,0,2,1,0,0,1,1,0,2,3
2525,0,1,1,0,1,0,1,1,0,1,1,1,1,1,0,1,0,0,3,2,2,1,1,1,4,0,0,2,1,0,0,1,1,0,2,3
2526,0,1,1,0,1,0,1,1,0,1,1,1,1,1,0,1,0,0,3,2,2,1,1,1,4,0,0,2,1,0,0,1,1,0,2,3
2527,0,1,1,0,1,0,1,1,0,1,1,1,1,1,0,1,0,0,3,2,2,1,1,1,4,0,0,2,1,0,0,1,1,0,2,3
2528,0,1,1,0,1,0,1,1,0,1,1,1,1,1,0,1,0,0,3,2,2,1,1,1,4,0,0,2,1,0,0,1,1,0,2,3
2529,0,1,1,0,1,0,1,1,0,1,1,1,1,1,0,1,0,0,3,2,2,1,1,1,4,0,0,2,1,0,0,1,1,0,2,3
2530,0,1,1,0,1,0,1,1,0,1,1,1,1,1,0,1,0,0,3,2,2,1,1,1,4,0,0,2,1,0,0,1,1,0,2,3
2531,0,1,1,0,1,0,1,1,0,1,1,1,1,1,0,1,0,0,3,2,2,1,1,1,4,0,0,2,1,0,0,1,1,0,2,3
2532,0,1,1,0,1,0,1,1,0,1,1,1,1,1,0,1,0,0,3,2,2,1,1,1,4,0,0,2,1,0,0,1,1,0,2,3
2533,0,1,1,0,1,0,1,1,0,1,1,1,1,1,0,1,0,0,3,2,2,1,1,1,4,0,0,2,1,0,0,1,1,0,2,3
2534,0,1,1,0,1,0,1,1,0,1,1,1,1,1,0,1,0,0,3,2,2,1,1,1,4,0,0,2,1,0,0,1,1,0,2,3
2535,0,1,1,0,1,0,1,1,0,1,1,1,1,1,0,1,0,0,3,2,2,1,1,1,4,0,0,2,1,0,0,1,1,0,2,3
2536,0,1,1,0,1,0,1,1,0,1,1,1,1,1,0,1,0,0,3,2,2,1,1,1,4,0,0,2,1,0,0,1,1,0,2,3
2537,0,1,1,0,1,0,1,1,0,1,1,1,1,1,0,1,0,0,3,2,2,1,1,1,4,0,0,2,1,0,0,1,1,0,2,3
2538,0,1,1,0,1,0,1,1,0,1,1,1,1,1,0,1,0,0,3,2,2,1,1,1,4,0,0,2,1,0,0,1,1,0,2,3
2539,0,1,1,0,1,0,1,1,0,1,1,1,1,1,0,1,0,0,3,2,2,1,1,1,4,0,0,2,1,0,0,1,1,0,2,3
2540,0,1,1,0,1,0,1,1,0,1,1,1,1,1,0,1,0,0,3,2,2,1,1,1,4,0,0,2,1,0,0,1,1,0,2,3
2541,0,1,1,0,1,0,1,1,0,1,1,1,1,1,0,1,0,0,3,2,2,1,1,1,4,0,0,2,1,0,0,1,1,0,2,3
2542,0,1,1,0,1,0,1,1,0,1,1,1,1,1,0,1,0,0,3,2,2,1,1,1,4,0,0,2,1,0,0,1,1,0,2,3
2543,0,1,1,0,1,0,1,1,0,1,1,1,1,1,0,1,0,0,3,2,2,1,1,1,4,0,0,2,1,0,0,1,1,0,2,3
2544,0,1,1,0,1,0,1,1,0,1,1,1,1,1,0,1,0,0,3,2,2,1,1,1,4,0,0,2,1,0,0,1,1,0,2,3
2545,0,1,1,0,1,0,1,1,0,1,1,1,1,1,0,1,0,0,3,2,2,1,1,1,4,0,0,2,1,0,0,1,1,0,2,3
2546,0,1,1,0,1,0,1,1,0,1,1,1,1,1,0,1,0,0,3,2,2,1,1,1,4,0,0,2,1,0,0,1,1,0,2,3
2547,0,1,1,0,1,0,1,1,0,1,1,1,1,1,0,1,0,0,0,3,4,4,4,3,4,0,0,2,1,0,0,1,1,0,2,3
2548,0,1,1,0,1,0,1,1,0,1,1,1,1,1,0,1,0,0,3,2,2,1,1,1,4,0,0,2,1,0,0,1,1,0,2,3
2549,0,1,1,0,1,0,1,1,0,1,1,1,1,1,0,1,0,0,3,2,2,1,1,1,4,0,0,2,1,0,0,1,1,0,2,3
2550,0,1,1,0,1,0,1,1,0,1,1,1,1,1,0,1,0,0,3,2,2,1,1,1,4,0,0,2,1,0,0,1,1,0,2,3
2551,0,1,1,0,1,0,1,1,0,1,1,1,1,1,0,1,0,0,3,2,2,1,1,1,4,0,0,2,1,0,0,1,1,0,2,3
2552,0,1,1,0,1,0,1,1,0,1,1,1,1,1,0,1,0,0,3,2,2,1,1,1,4,0,0,2,1,0,0,1,1,0,2,3
2553,0,1,1,0,1,0,1,1,0,1,1,1,1,1,0,1,0,0,3,2,2,1,1,1,4,0,0,2,1,0,0,1,1,0,2,3
2554,0,1,1,0,1,0,1,1,0,1,1,1,1,1,0,1,0,0,3,2,2,1,1,1,4,0,0,2,1,0,0,1,1,0,2,3
2555,0,1,1,0,1,0,1,1,0,1,1,1,1,1,0,1,0,0,3,2,2,1,1,1,4,0,0,2,1,0,0,1,1,0,2,3
2556,0,1,1,0,1,0,1,1,0,1,1,1,1,1,0,1,0,0,3,2,2,1,1,1,4,0,0,2,1,0,0,1,1,0,2,3
2557,0,1,1,0,1,0,1,1,0,1,1,1,1,1,0,1,0,0,3,2,2,1,1,1,4,0,0,2,1,0,0,1,1,0,2,3
2558,0,1,1,0,1,0,1,1,0,1,1,1,1,1,0,1,0,0,3,2,2,1,1,1,4,0,0,2,1,0,0,1,1,0,2,3
2559,0,1,1,0,1,0,1,1,0,1,1,1,1,1,0,1,0,0,3,2,2,1,1,1,4,0,0,2,1,0,0,1,1,0,2,3
2560,0,1,1,0,1,0,1,1,0,1,1,1,1,1,0,1,0,0,3,2,2,1,1,1,4,0,0,2,1,0,0,1,1,0,2,3
2561,0,1,1,0,1,0,1,1,0,1,1,1,1,1,0,1,0,0,3,2,2,1,1,1,4,0,0,2,1,0,0,1,1,0,2,3
2562,0,1,1,0,1,0,1,1,0,1,1,1,1,1,0,1,0,0,3,2,2,1,1,1,4,0,0,2,1,0,0,1,1,0,2,3
2563,0,1,1,0,1,0,1,1,0,1,1,1,1,1,0,1,0,0,3,2,2,1,1,1,4,0,0,2,1,0,0,1,1,0,2,3
2564,0,1,1,0,1,0,1,1,0,1,1,1,1,1,0,1,0,0,3,2,2,1,1,1,4,0,0,2,1,0,0,1,1,0,2,3
2565,0,1,1,0,1,0,1,1,0,1,1,1,1,1,0,1,0,0,3,2,2,1,1,1,4,0,0,2,1,0,0,1,1,0,2,3
2566,0,1,1,0,1,0,1,1,0,1,1,1,1,1,0,1,0,0,3,2,2,1,1,1,4,0,0,2,1,0,0,1,1,0,2,3
2567,0,1,1,0,1,0,1,1,0,1,1,1,1,1,0,1,0,0,3,2,2,1,1,1,4,0,0,2,1,0,0,1,1,0,2,3
2568,0,1,1,0,1,0,1,1,0,1,1,1,1,1,0,1,0,0,3,2,2,1,1,1,4,0,0,2,1,0,0,1,1,0,2,3
2569,0,1,1,0,1,0,1,1,0,1,1,1,1,1,0,1,0,0,3,2,2,1,1,1,4,0,0,2,1,0,0,1,1,0,2,3
2570,0,1,1,0,1,0,1,1,0,1,1,1,1,1,0,1,0,0,3,2,2,1,1,1,4,0,0,2,1,0,0,1,1,0,2,3
2571,0,1,1,0,1,0,1,1,0,1,1,1,1,1,0,1,0,0,3,2,2,1,1,1,4,0,0,2,1,0,0,1,1,0,2,3
2572,0,1,1,0,1,0,1,1,0,1,1,1,1,1,0,1,0,0,3,2,2,1,1,1,4,0,0,2,1,0,0,1,1,0,2,3
2573,0,1,1,0,1,0,1,1,0,1,1,1,1,1,0,1,0,0,3,2,2,1,1,1,4,0,0,2,1,0,0,1,1,0,2,3
2574,0,1,1,0,1,0,1,1,0,1,1,1,1,1,0,1,0,0,3,2,2,1,1,1,4,0,0,2,1,0,0,1,1,0,2,3
2575,0,1,1,0,1,0,1,1,0,1,1,1,1,1,0,1,0,0,3,2,2,1,1,1,4,0,0,2,1,0,0,1,1,0,2,3
2576,0,1,1,0,1,0,1,1,0,1,1,1,1,1,0,1,0,0,3,2,2,1,1,1,4,0,0,2,1,0,0,1,1,0,2,3
2577,0,1,1,0,1,0,1,1,0,1,1,1,1,1,0,1,0,0,3,2,2,1,1,1,4,0,0,2,1,0,0,1,1,0,2,3
2578,0,1,1,0,1,0,1,1,0,1,1,1,1,1,0,1,0,0,3,2,2,1,1,1,4,0,0,2,1,0,0,1,1,0,2,3
2579,0,1,1,0,1,0,1,1,0,1,1,1,1,1,0,1,0,0,3,2,2,1,1,1,4,0,0,2,1,0,0,1,1,0,2,3
2580,0,1,1,0,1,0,1,1,0,1,1,1,1,1,0,1,0,0,3,2,2,1,1,1,4,0,0,2,1,0,0,1,1,0,2,3
2581,0,1,1,0,1,0,1,1,0,1,1,1,1,1,0,1,0,0,3,2,2,1,1,1,4,0,0,2,1,0,0,1,1,0,2,3
2582,0,1,1,0,1,0,1,1,0,1,1,1,1,1,0,1,0,0,3,2,2,1,1,1,4,0,0,2,1,0,0,1,1,0,2,3
2583,0,1,1,0,1,0,1,1,0,1,1,1,1,1,0,1,0,0,3,2,2,1,1,1,4,0,0,2,1,0,0,1,1,0,2,3
2584,0,1,1,0,1,0,1,1,0,1,1,1,1,1,0,1,0,0,3,2,2,1,1,1,4,0,0,2,1,0,0,1,1,0,2,3
2585,0,1,1,0,1,0,1,1,0,1,1,1,1,1,0,1,0,0,3,2,2,1,1,1,4,0,0,2,1,0,0,1,1,0,2,3
2586,0,1,1,0,1,0,1,1,0,1,1,1,1,1,0,1,0,0,3,2,2,1,1,1,4,0,0,2,1,0,0,1,1,0,2,3
2587,0,1,1,0,1,0,1,1,0,1,1,1,1,1,0,1,0,0,3,2,2,1,1,1,4,0,0,2,1,0,0,1,1,0,2,3
2588,0,1,1,0,1,0,1,1,0,1,1,1,1,1,0,1,0,0,3,2,2,1,1,1,4,0,0,2,1,0,0,1,1,0,2,3
2589,0,1,1,0,1,0,1,1,0,1,1,1,1,1,0,1,0,0,3,2,2,1,1,1,4,0,0,2,1,0,0,1,1,0,2,3
2590,0,1,1,0,1,0,1,1,0,1,1,1,1,1,0,1,0,0,3,2,2,1,1,1,4,0,0,2,1,0,0,1,1,0,2,3
2591,0,1,1,0,1,0,1,1,0,1,1,1,1,1,0,1,0,0,4,3,0,4,3,4,0,1,3,4,3,1,1,2,0,3,1,0
2592,0,1,1,0,1,0,1,1,0,1,1,1,1,1,0,1,0,0,3,2,2,1,1,1,4,0,0,2,1,0,0,1,1,0,2,3
2593,1,0,0,1,0,1,0,0,1,0,0,0,0,0,1,0,1,1,4,0,0,2,3,4,3,4,1,0,4,2,2,0,3,2,3,4
2595,1,0,0,1,0,1,0,0,1,0,0,0,0,0,1,0,1,1,2,4,3,0,0,0,3,4,1,0,4,2,2,0,3,2,3,4
2596,0,1,1,0,1,0,1,1,0,1,1,1,1,1,0,1,0,0,0,3,4,4,4,3,4,0,0,2,1,0,1,2,0,3,1,0
2597,0,1,1,0,1,0,1,1,0,1,1,1,1,1,0,1,0,0,0,3,4,4,4,3,4,0,0,2,1,0,0,2,1,3,1,3
2598,1,0,0,1,0,1,0,0,1,0,0,0,0,0,1,0,1,1,2,4,3,0,0,0,3,4,1,0,4,2,2,0,3,2,3,4
2599,0,1,1,0,1,0,1,1,0,1,1,1,1,1,0,1,0,0,3,2,2,1,1,1,4,0,0,2,1,0,0,1,1,0,2,3
2600,0,1,1,0,1,0,1,1,0,1,1,1,1,1,0,1,0,0,3,2,2,1,1,1,4,0,0,2,1,0,0,1,1,0,2,3
2601,0,1,1,0,1,0,1,1,0,1,1,1,1,1,0,1,0,0,0,3,4,4,4,3,4,0,0,2,1,0,1,2,0,3,1,0
2602,0,1,1,0,1,0,1,1,0,1,1,1,1,1,0,1,0,0,3,2,2,1,1,1,4,0,0,2,1,0,0,1,1,0,2,3
2604,0,1,1,0,1,0,1,1,0,1,1,1,1,1,0,1,0,0,3,2,2,1,1,1,4,0,0,2,1,0,0,1,1,0,2,3
2605,0,1,1,0,1,0,1,1,0,1,1,1,1,1,0,1,0,0,3,2,2,1,1,1,4,0,0,2,1,0,0,1,1,0,2,3
2606,0,1,1,0,1,0,1,1,0,1,1,1,1,1,0,1,0,0,3,2,2,1,1,1,4,0,0,2,1,0,0,1,1,0,2,3
2607,0,1,1,0,1,0,0,0,1,0,0,0,1,1,0,1,0,0,0,3,4,4,4,3,3,4,1,0,4,2,1,2,0,3,1,0
2618,1,0,0,1,0,1,0,0,1,0,0,0,0,0,1,0,1,1,2,4,3,0,0,0,0,1,3,4,3,1,4,3,4,4,4,2
2619,1,0,0,1,0,1,0,0,1,0,0,0,1,1,0,1,0,0,2,4,3,0,0,0,0,1,3,4,3,1,1,2,0,3,1,0
2620,1,0,0,1,0,1,1,1,0,1,1,1,1,1,0,1,0,0,0,3,4,4,4,3,0,1,3,4,3,1,1,2,0,3,1,0
2621,0,1,1,0,1,0,1,1,0,1,1,1,1,1,0,1,0,0,0,3,4,4,4,3,0,1,3,4,3,1,1,2,0,3,1,0
2644,0,1,1,0,1,0,1,1,0,1,1,1,1,1,0,1,0,0,0,3,4,4,4,3,4,0,0,2,1,0,0,1,1,0,2,3
2646,0,1,1,0,1,0,1,1,0,1,1,1,1,1,0,1,0,0,3,2,2,1,1,1,4,0,0,2,1,0,0,1,1,0,2,3
2647,0,1,1,0,1,0,1,1,0,1,1,1,1,1,0,1,0,0,0,3,4,4,4,3,0,1,3,4,3,1,1,2,0,3,1,0
2648,0,1,1,0,1,0,1,1,0,1,1,1,1,1,0,1,0,0,0,3,4,4,4,3,4,0,0,2,1,0,1,2,0,3,1,0
2649,0,1,1,0,1,0,1,1,0,1,1,1,1,1,0,1,0,0,3,2,2,1,1,1,4,0,0,2,1,0,0,1,1,0,2,3
2651,0,1,1,0,1,0,1,1,0,1,1,1,1,1,0,1,0,0,3,2,2,1,1,1,4,0,0,2,1,0,0,1,1,0,2,3
2652,0,1,1,0,1,0,1,1,0,1,1,1,1,1,0,1,0,0,0,3,4,4,4,3,4,0,0,2,1,0,1,2,0,3,1,0
2710,1,0,0,1,0,1,1,1,0,1,1,1,1,1,0,1,0,0,4,0,0,2,3,4,0,1,3,4,3,1,1,2,0,3,1,0
2808,0,1,1,0,1,0,1,1,0,1,1,1,1,1,0,1,0,0,0,3,4,4,4,3,4,0,0,2,1,0,0,2,1,3,1,3
2809,0,1,1,0,1,0,1,1,0,1,1,1,1,1,0,1,0,0,0,3,4,4,4,3,0,1,3,4,3,1,1,2,0,3,1,0
2813,1,0,0,1,0,1,1,1,0,1,1,1,1,1,0,1,0,0,2,4,3,0,0,0,0,1,3,4,3,1,1,2,0,3,1,0
2814,0,1,1,0,1,0,1,1,0,1,1,1,1,1,0,1,0,0,3,2,2,1,1,1,4,0,0,2,1,0,0,1,1,0,2,3
2872,1,0,0,1,0,1,0,0,1,0,0,0,0,0,1,0,1,1,1,1,1,3,2,2,3,4,1,0,4,2,4,4,4,1,4,1
2876,0,1,1,0,1,0,1,1,0,1,1,1,1,1,0,1,0,0,3,2,2,1,1,1,4,0,0,2,1,0,0,1,1,0,2,3
2879,0,1,1,0,1,0,1,1,0,1,1,1,1,1,0,1,0,0,0,3,4,4,4,3,0,1,3,4,3,1,1,2,0,3,1,0
2880,1,0,0,1,0,1,1,1,0,1,1,1,0,0,1,0,1,1,0,3,4,4,4,3,0,1,3,4,3,1,1,3,0,4,4,0
2881,0,1,1,0,1,0,1,1,0,1,1,1,1,1,0,1,0,0,3,2,2,1,1,1,4,0,0,2,1,0,0,1,1,0,2,3
2882,0,1,1,0,1,0,1,1,0,1,1,1,0,0,1,0,1,1,0,3,4,4,4,3,0,1,3,4,3,1,1,3,0,4,4,2
2883,1,0,0,1,0,1,1,1,0,1,1,1,1,1,0,1,0,0,2,4,3,0,0,0,0,1,3,4,3,1,1,2,0,3,1,0
2884,1,0,0,1,0,1,1,1,0,1,1,1,1,1,0,1,0,0,0,3,4,4,4,3,0,1,3,4,3,1,1,2,0,3,1,0
2885,1,0,0,1,0,1,1,1,0,1,1,1,1,1,0,1,0,0,0,3,4,4,4,3,0,1,3,4,3,1,1,2,0,3,1,0
2886,1,0,0,1,0,1,0,0,1,0,0,0,0,0,1,0,1,1,2,4,3,0,0,0,0,1,3,4,3,1,4,3,4,4,4,2
2887,0,1,1,0,1,0,1,1,0,1,1,1,1,1,0,1,0,0,3,2,2,1,1,1,4,0,0,2,1,0,0,1,1,0,2,3
3005,1,0,0,1,0,1,1,1,0,1,1,1,1,1,0,1,0,0,0,3,4,4,4,3,0,1,3,4,3,1,1,2,0,3,1,0
3007,1,0,0,1,0,1,1,1,0,1,1,1,0,0,1,0,1,1,0,3,4,4,4,3,0,1,3,4,3,1,4,3,4,4,4,2
3009,0,1,1,0,1,0,1,1,0,1,1,1,1,1,0,1,0,0,0,3,4,4,4,3,4,0,0,2,1,0,0,2,1,3,1,0
3011,0,1,1,0,1,0,1,1,0,1,1,1,1,1,0,1,0,0,0,3,4,4,4,3,0,1,3,4,3,1,1,2,0,3,1,0
3012,1,0,0,1,0,1,0,0,1,0,0,0,0,0,1,0,1,1,1,1,1,3,2,2,3,4,1,0,4,2,4,3,4,4,4,2
3013,0,1,1,0,1,0,1,1,0,1,1,1,1,1,0,1,0,0,0,3,4,4,4,3,4,0,0,2,1,0,0,2,1,3,1,3
