family,seed,form,amplitude,bank,mode,hits,events,recall
gaussian,0,common_down,2,base,independent_calibration,87,200,0.435
gaussian,0,common_down,2,base,matched_realized_test_null,89,200,0.445
gaussian,0,common_down,2,extended,independent_calibration,99,200,0.495
gaussian,0,common_down,2,extended,matched_realized_test_null,101,200,0.505
gaussian,0,common_down,4,base,independent_calibration,181,200,0.905
gaussian,0,common_down,4,base,matched_realized_test_null,183,200,0.915
gaussian,0,common_down,4,extended,independent_calibration,193,200,0.965
gaussian,0,common_down,4,extended,matched_realized_test_null,193,200,0.965
gaussian,0,common_down,6,base,independent_calibration,200,200,1.0
gaussian,0,common_down,6,base,matched_realized_test_null,200,200,1.0
gaussian,0,common_down,6,extended,independent_calibration,200,200,1.0
gaussian,0,common_down,6,extended,matched_realized_test_null,200,200,1.0
gaussian,0,common_up,2,base,independent_calibration,81,200,0.405
gaussian,0,common_up,2,base,matched_realized_test_null,84,200,0.42
gaussian,0,common_up,2,extended,independent_calibration,90,200,0.45
gaussian,0,common_up,2,extended,matched_realized_test_null,91,200,0.455
gaussian,0,common_up,4,base,independent_calibration,184,200,0.92
gaussian,0,common_up,4,base,matched_realized_test_null,184,200,0.92
gaussian,0,common_up,4,extended,independent_calibration,190,200,0.95
gaussian,0,common_up,4,extended,matched_realized_test_null,190,200,0.95
gaussian,0,common_up,6,base,independent_calibration,200,200,1.0
gaussian,0,common_up,6,base,matched_realized_test_null,200,200,1.0
gaussian,0,common_up,6,extended,independent_calibration,200,200,1.0
gaussian,0,common_up,6,extended,matched_realized_test_null,200,200,1.0
gaussian,0,sparse_down,2,base,independent_calibration,110,200,0.55
gaussian,0,sparse_down,2,base,matched_realized_test_null,113,200,0.565
gaussian,0,sparse_down,2,extended,independent_calibration,88,200,0.44
gaussian,0,sparse_down,2,extended,matched_realized_test_null,89,200,0.445
gaussian,0,sparse_down,4,base,independent_calibration,200,200,1.0
gaussian,0,sparse_down,4,base,matched_realized_test_null,200,200,1.0
gaussian,0,sparse_down,4,extended,independent_calibration,197,200,0.985
gaussian,0,sparse_down,4,extended,matched_realized_test_null,197,200,0.985
gaussian,0,sparse_down,6,base,independent_calibration,200,200,1.0
gaussian,0,sparse_down,6,base,matched_realized_test_null,200,200,1.0
gaussian,0,sparse_down,6,extended,independent_calibration,200,200,1.0
gaussian,0,sparse_down,6,extended,matched_realized_test_null,200,200,1.0
gaussian,0,opposed,2,base,independent_calibration,117,200,0.585
gaussian,0,opposed,2,base,matched_realized_test_null,119,200,0.595
gaussian,0,opposed,2,extended,independent_calibration,89,200,0.445
gaussian,0,opposed,2,extended,matched_realized_test_null,89,200,0.445
gaussian,0,opposed,4,base,independent_calibration,200,200,1.0
gaussian,0,opposed,4,base,matched_realized_test_null,200,200,1.0
gaussian,0,opposed,4,extended,independent_calibration,197,200,0.985
gaussian,0,opposed,4,extended,matched_realized_test_null,197,200,0.985
gaussian,0,opposed,6,base,independent_calibration,200,200,1.0
gaussian,0,opposed,6,base,matched_realized_test_null,200,200,1.0
gaussian,0,opposed,6,extended,independent_calibration,200,200,1.0
gaussian,0,opposed,6,extended,matched_realized_test_null,200,200,1.0
gaussian,0,ramp_down,2,base,independent_calibration,46,200,0.23
gaussian,0,ramp_down,2,base,matched_realized_test_null,51,200,0.255
gaussian,0,ramp_down,2,extended,independent_calibration,67,200,0.335
gaussian,0,ramp_down,2,extended,matched_realized_test_null,68,200,0.34
gaussian,0,ramp_down,4,base,independent_calibration,143,200,0.715
gaussian,0,ramp_down,4,base,matched_realized_test_null,146,200,0.73
gaussian,0,ramp_down,4,extended,independent_calibration,161,200,0.805
gaussian,0,ramp_down,4,extended,matched_realized_test_null,162,200,0.81
gaussian,0,ramp_down,6,base,independent_calibration,198,200,0.99
gaussian,0,ramp_down,6,base,matched_realized_test_null,198,200,0.99
gaussian,0,ramp_down,6,extended,independent_calibration,198,200,0.99
gaussian,0,ramp_down,6,extended,matched_realized_test_null,198,200,0.99
gaussian,1,common_down,2,base,independent_calibration,78,200,0.39
gaussian,1,common_down,2,base,matched_realized_test_null,81,200,0.405
gaussian,1,common_down,2,extended,independent_calibration,102,200,0.51
gaussian,1,common_down,2,extended,matched_realized_test_null,102,200,0.51
gaussian,1,common_down,4,base,independent_calibration,187,200,0.935
gaussian,1,common_down,4,base,matched_realized_test_null,188,200,0.94
gaussian,1,common_down,4,extended,independent_calibration,196,200,0.98
gaussian,1,common_down,4,extended,matched_realized_test_null,197,200,0.985
gaussian,1,common_down,6,base,independent_calibration,200,200,1.0
gaussian,1,common_down,6,base,matched_realized_test_null,200,200,1.0
gaussian,1,common_down,6,extended,independent_calibration,200,200,1.0
gaussian,1,common_down,6,extended,matched_realized_test_null,200,200,1.0
gaussian,1,common_up,2,base,independent_calibration,74,200,0.37
gaussian,1,common_up,2,base,matched_realized_test_null,77,200,0.385
gaussian,1,common_up,2,extended,independent_calibration,73,200,0.365
gaussian,1,common_up,2,extended,matched_realized_test_null,73,200,0.365
gaussian,1,common_up,4,base,independent_calibration,177,200,0.885
gaussian,1,common_up,4,base,matched_realized_test_null,177,200,0.885
gaussian,1,common_up,4,extended,independent_calibration,190,200,0.95
gaussian,1,common_up,4,extended,matched_realized_test_null,190,200,0.95
gaussian,1,common_up,6,base,independent_calibration,200,200,1.0
gaussian,1,common_up,6,base,matched_realized_test_null,200,200,1.0
gaussian,1,common_up,6,extended,independent_calibration,200,200,1.0
gaussian,1,common_up,6,extended,matched_realized_test_null,200,200,1.0
gaussian,1,sparse_down,2,base,independent_calibration,104,200,0.52
gaussian,1,sparse_down,2,base,matched_realized_test_null,107,200,0.535
gaussian,1,sparse_down,2,extended,independent_calibration,78,200,0.39
gaussian,1,sparse_down,2,extended,matched_realized_test_null,79,200,0.395
gaussian,1,sparse_down,4,base,independent_calibration,200,200,1.0
gaussian,1,sparse_down,4,base,matched_realized_test_null,200,200,1.0
gaussian,1,sparse_down,4,extended,independent_calibration,199,200,0.995
gaussian,1,sparse_down,4,extended,matched_realized_test_null,199,200,0.995
gaussian,1,sparse_down,6,base,independent_calibration,200,200,1.0
gaussian,1,sparse_down,6,base,matched_realized_test_null,200,200,1.0
gaussian,1,sparse_down,6,extended,independent_calibration,200,200,1.0
gaussian,1,sparse_down,6,extended,matched_realized_test_null,200,200,1.0
gaussian,1,opposed,2,base,independent_calibration,118,200,0.59
gaussian,1,opposed,2,base,matched_realized_test_null,118,200,0.59
gaussian,1,opposed,2,extended,independent_calibration,93,200,0.465
gaussian,1,opposed,2,extended,matched_realized_test_null,93,200,0.465
gaussian,1,opposed,4,base,independent_calibration,199,200,0.995
gaussian,1,opposed,4,base,matched_realized_test_null,199,200,0.995
gaussian,1,opposed,4,extended,independent_calibration,197,200,0.985
gaussian,1,opposed,4,extended,matched_realized_test_null,197,200,0.985
gaussian,1,opposed,6,base,independent_calibration,200,200,1.0
gaussian,1,opposed,6,base,matched_realized_test_null,200,200,1.0
gaussian,1,opposed,6,extended,independent_calibration,200,200,1.0
gaussian,1,opposed,6,extended,matched_realized_test_null,200,200,1.0
gaussian,1,ramp_down,2,base,independent_calibration,53,200,0.265
gaussian,1,ramp_down,2,base,matched_realized_test_null,56,200,0.28
gaussian,1,ramp_down,2,extended,independent_calibration,65,200,0.325
gaussian,1,ramp_down,2,extended,matched_realized_test_null,65,200,0.325
gaussian,1,ramp_down,4,base,independent_calibration,154,200,0.77
gaussian,1,ramp_down,4,base,matched_realized_test_null,156,200,0.78
gaussian,1,ramp_down,4,extended,independent_calibration,168,200,0.84
gaussian,1,ramp_down,4,extended,matched_realized_test_null,168,200,0.84
gaussian,1,ramp_down,6,base,independent_calibration,199,200,0.995
gaussian,1,ramp_down,6,base,matched_realized_test_null,199,200,0.995
gaussian,1,ramp_down,6,extended,independent_calibration,200,200,1.0
gaussian,1,ramp_down,6,extended,matched_realized_test_null,200,200,1.0
gaussian,2,common_down,2,base,independent_calibration,82,200,0.41
gaussian,2,common_down,2,base,matched_realized_test_null,83,200,0.415
gaussian,2,common_down,2,extended,independent_calibration,96,200,0.48
gaussian,2,common_down,2,extended,matched_realized_test_null,96,200,0.48
gaussian,2,common_down,4,base,independent_calibration,188,200,0.94
gaussian,2,common_down,4,base,matched_realized_test_null,189,200,0.945
gaussian,2,common_down,4,extended,independent_calibration,194,200,0.97
gaussian,2,common_down,4,extended,matched_realized_test_null,194,200,0.97
gaussian,2,common_down,6,base,independent_calibration,200,200,1.0
gaussian,2,common_down,6,base,matched_realized_test_null,200,200,1.0
gaussian,2,common_down,6,extended,independent_calibration,200,200,1.0
gaussian,2,common_down,6,extended,matched_realized_test_null,200,200,1.0
gaussian,2,common_up,2,base,independent_calibration,68,200,0.34
gaussian,2,common_up,2,base,matched_realized_test_null,70,200,0.35
gaussian,2,common_up,2,extended,independent_calibration,82,200,0.41
gaussian,2,common_up,2,extended,matched_realized_test_null,82,200,0.41
gaussian,2,common_up,4,base,independent_calibration,189,200,0.945
gaussian,2,common_up,4,base,matched_realized_test_null,189,200,0.945
gaussian,2,common_up,4,extended,independent_calibration,197,200,0.985
gaussian,2,common_up,4,extended,matched_realized_test_null,197,200,0.985
gaussian,2,common_up,6,base,independent_calibration,200,200,1.0
gaussian,2,common_up,6,base,matched_realized_test_null,200,200,1.0
gaussian,2,common_up,6,extended,independent_calibration,200,200,1.0
gaussian,2,common_up,6,extended,matched_realized_test_null,200,200,1.0
gaussian,2,sparse_down,2,base,independent_calibration,100,200,0.5
gaussian,2,sparse_down,2,base,matched_realized_test_null,102,200,0.51
gaussian,2,sparse_down,2,extended,independent_calibration,72,200,0.36
gaussian,2,sparse_down,2,extended,matched_realized_test_null,73,200,0.365
gaussian,2,sparse_down,4,base,independent_calibration,199,200,0.995
gaussian,2,sparse_down,4,base,matched_realized_test_null,200,200,1.0
gaussian,2,sparse_down,4,extended,independent_calibration,199,200,0.995
gaussian,2,sparse_down,4,extended,matched_realized_test_null,199,200,0.995
gaussian,2,sparse_down,6,base,independent_calibration,200,200,1.0
gaussian,2,sparse_down,6,base,matched_realized_test_null,200,200,1.0
gaussian,2,sparse_down,6,extended,independent_calibration,200,200,1.0
gaussian,2,sparse_down,6,extended,matched_realized_test_null,200,200,1.0
gaussian,2,opposed,2,base,independent_calibration,107,200,0.535
gaussian,2,opposed,2,base,matched_realized_test_null,111,200,0.555
gaussian,2,opposed,2,extended,independent_calibration,90,200,0.45
gaussian,2,opposed,2,extended,matched_realized_test_null,90,200,0.45
gaussian,2,opposed,4,base,independent_calibration,199,200,0.995
gaussian,2,opposed,4,base,matched_realized_test_null,199,200,0.995
gaussian,2,opposed,4,extended,independent_calibration,197,200,0.985
gaussian,2,opposed,4,extended,matched_realized_test_null,197,200,0.985
gaussian,2,opposed,6,base,independent_calibration,200,200,1.0
gaussian,2,opposed,6,base,matched_realized_test_null,200,200,1.0
gaussian,2,opposed,6,extended,independent_calibration,200,200,1.0
gaussian,2,opposed,6,extended,matched_realized_test_null,200,200,1.0
gaussian,2,ramp_down,2,base,independent_calibration,56,200,0.28
gaussian,2,ramp_down,2,base,matched_realized_test_null,57,200,0.285
gaussian,2,ramp_down,2,extended,independent_calibration,60,200,0.3
gaussian,2,ramp_down,2,extended,matched_realized_test_null,62,200,0.31
gaussian,2,ramp_down,4,base,independent_calibration,154,200,0.77
gaussian,2,ramp_down,4,base,matched_realized_test_null,155,200,0.775
gaussian,2,ramp_down,4,extended,independent_calibration,170,200,0.85
gaussian,2,ramp_down,4,extended,matched_realized_test_null,172,200,0.86
gaussian,2,ramp_down,6,base,independent_calibration,195,200,0.975
gaussian,2,ramp_down,6,base,matched_realized_test_null,195,200,0.975
gaussian,2,ramp_down,6,extended,independent_calibration,198,200,0.99
gaussian,2,ramp_down,6,extended,matched_realized_test_null,198,200,0.99
gaussian,3,common_down,2,base,independent_calibration,83,200,0.415
gaussian,3,common_down,2,base,matched_realized_test_null,85,200,0.425
gaussian,3,common_down,2,extended,independent_calibration,104,200,0.52
gaussian,3,common_down,2,extended,matched_realized_test_null,104,200,0.52
gaussian,3,common_down,4,base,independent_calibration,183,200,0.915
gaussian,3,common_down,4,base,matched_realized_test_null,184,200,0.92
gaussian,3,common_down,4,extended,independent_calibration,197,200,0.985
gaussian,3,common_down,4,extended,matched_realized_test_null,197,200,0.985
gaussian,3,common_down,6,base,independent_calibration,200,200,1.0
gaussian,3,common_down,6,base,matched_realized_test_null,200,200,1.0
gaussian,3,common_down,6,extended,independent_calibration,200,200,1.0
gaussian,3,common_down,6,extended,matched_realized_test_null,200,200,1.0
gaussian,3,common_up,2,base,independent_calibration,68,200,0.34
gaussian,3,common_up,2,base,matched_realized_test_null,71,200,0.355
gaussian,3,common_up,2,extended,independent_calibration,79,200,0.395
gaussian,3,common_up,2,extended,matched_realized_test_null,79,200,0.395
gaussian,3,common_up,4,base,independent_calibration,185,200,0.925
gaussian,3,common_up,4,base,matched_realized_test_null,187,200,0.935
gaussian,3,common_up,4,extended,independent_calibration,188,200,0.94
gaussian,3,common_up,4,extended,matched_realized_test_null,188,200,0.94
gaussian,3,common_up,6,base,independent_calibration,198,200,0.99
gaussian,3,common_up,6,base,matched_realized_test_null,199,200,0.995
gaussian,3,common_up,6,extended,independent_calibration,200,200,1.0
gaussian,3,common_up,6,extended,matched_realized_test_null,200,200,1.0
gaussian,3,sparse_down,2,base,independent_calibration,112,200,0.56
gaussian,3,sparse_down,2,base,matched_realized_test_null,116,200,0.58
gaussian,3,sparse_down,2,extended,independent_calibration,88,200,0.44
gaussian,3,sparse_down,2,extended,matched_realized_test_null,88,200,0.44
gaussian,3,sparse_down,4,base,independent_calibration,199,200,0.995
gaussian,3,sparse_down,4,base,matched_realized_test_null,199,200,0.995
gaussian,3,sparse_down,4,extended,independent_calibration,197,200,0.985
gaussian,3,sparse_down,4,extended,matched_realized_test_null,197,200,0.985
gaussian,3,sparse_down,6,base,independent_calibration,200,200,1.0
gaussian,3,sparse_down,6,base,matched_realized_test_null,200,200,1.0
gaussian,3,sparse_down,6,extended,independent_calibration,200,200,1.0
gaussian,3,sparse_down,6,extended,matched_realized_test_null,200,200,1.0
gaussian,3,opposed,2,base,independent_calibration,95,200,0.475
gaussian,3,opposed,2,base,matched_realized_test_null,98,200,0.49
gaussian,3,opposed,2,extended,independent_calibration,81,200,0.405
gaussian,3,opposed,2,extended,matched_realized_test_null,81,200,0.405
gaussian,3,opposed,4,base,independent_calibration,200,200,1.0
gaussian,3,opposed,4,base,matched_realized_test_null,200,200,1.0
gaussian,3,opposed,4,extended,independent_calibration,200,200,1.0
gaussian,3,opposed,4,extended,matched_realized_test_null,200,200,1.0
gaussian,3,opposed,6,base,independent_calibration,200,200,1.0
gaussian,3,opposed,6,base,matched_realized_test_null,200,200,1.0
gaussian,3,opposed,6,extended,independent_calibration,200,200,1.0
gaussian,3,opposed,6,extended,matched_realized_test_null,200,200,1.0
gaussian,3,ramp_down,2,base,independent_calibration,54,200,0.27
gaussian,3,ramp_down,2,base,matched_realized_test_null,56,200,0.28
gaussian,3,ramp_down,2,extended,independent_calibration,62,200,0.31
gaussian,3,ramp_down,2,extended,matched_realized_test_null,62,200,0.31
gaussian,3,ramp_down,4,base,independent_calibration,151,200,0.755
gaussian,3,ramp_down,4,base,matched_realized_test_null,153,200,0.765
gaussian,3,ramp_down,4,extended,independent_calibration,163,200,0.815
gaussian,3,ramp_down,4,extended,matched_realized_test_null,163,200,0.815
gaussian,3,ramp_down,6,base,independent_calibration,198,200,0.99
gaussian,3,ramp_down,6,base,matched_realized_test_null,198,200,0.99
gaussian,3,ramp_down,6,extended,independent_calibration,197,200,0.985
gaussian,3,ramp_down,6,extended,matched_realized_test_null,197,200,0.985
gaussian,4,common_down,2,base,independent_calibration,84,200,0.42
gaussian,4,common_down,2,base,matched_realized_test_null,84,200,0.42
gaussian,4,common_down,2,extended,independent_calibration,93,200,0.465
gaussian,4,common_down,2,extended,matched_realized_test_null,93,200,0.465
gaussian,4,common_down,4,base,independent_calibration,179,200,0.895
gaussian,4,common_down,4,base,matched_realized_test_null,179,200,0.895
gaussian,4,common_down,4,extended,independent_calibration,187,200,0.935
gaussian,4,common_down,4,extended,matched_realized_test_null,187,200,0.935
gaussian,4,common_down,6,base,independent_calibration,200,200,1.0
gaussian,4,common_down,6,base,matched_realized_test_null,200,200,1.0
gaussian,4,common_down,6,extended,independent_calibration,200,200,1.0
gaussian,4,common_down,6,extended,matched_realized_test_null,200,200,1.0
gaussian,4,common_up,2,base,independent_calibration,84,200,0.42
gaussian,4,common_up,2,base,matched_realized_test_null,89,200,0.445
gaussian,4,common_up,2,extended,independent_calibration,97,200,0.485
gaussian,4,common_up,2,extended,matched_realized_test_null,97,200,0.485
gaussian,4,common_up,4,base,independent_calibration,188,200,0.94
gaussian,4,common_up,4,base,matched_realized_test_null,188,200,0.94
gaussian,4,common_up,4,extended,independent_calibration,195,200,0.975
gaussian,4,common_up,4,extended,matched_realized_test_null,195,200,0.975
gaussian,4,common_up,6,base,independent_calibration,200,200,1.0
gaussian,4,common_up,6,base,matched_realized_test_null,200,200,1.0
gaussian,4,common_up,6,extended,independent_calibration,200,200,1.0
gaussian,4,common_up,6,extended,matched_realized_test_null,200,200,1.0
gaussian,4,sparse_down,2,base,independent_calibration,101,200,0.505
gaussian,4,sparse_down,2,base,matched_realized_test_null,103,200,0.515
gaussian,4,sparse_down,2,extended,independent_calibration,89,200,0.445
gaussian,4,sparse_down,2,extended,matched_realized_test_null,89,200,0.445
gaussian,4,sparse_down,4,base,independent_calibration,199,200,0.995
gaussian,4,sparse_down,4,base,matched_realized_test_null,199,200,0.995
gaussian,4,sparse_down,4,extended,independent_calibration,198,200,0.99
gaussian,4,sparse_down,4,extended,matched_realized_test_null,198,200,0.99
gaussian,4,sparse_down,6,base,independent_calibration,200,200,1.0
gaussian,4,sparse_down,6,base,matched_realized_test_null,200,200,1.0
gaussian,4,sparse_down,6,extended,independent_calibration,200,200,1.0
gaussian,4,sparse_down,6,extended,matched_realized_test_null,200,200,1.0
gaussian,4,opposed,2,base,independent_calibration,104,200,0.52
gaussian,4,opposed,2,base,matched_realized_test_null,108,200,0.54
gaussian,4,opposed,2,extended,independent_calibration,83,200,0.415
gaussian,4,opposed,2,extended,matched_realized_test_null,84,200,0.42
gaussian,4,opposed,4,base,independent_calibration,198,200,0.99
gaussian,4,opposed,4,base,matched_realized_test_null,198,200,0.99
gaussian,4,opposed,4,extended,independent_calibration,196,200,0.98
gaussian,4,opposed,4,extended,matched_realized_test_null,196,200,0.98
gaussian,4,opposed,6,base,independent_calibration,200,200,1.0
gaussian,4,opposed,6,base,matched_realized_test_null,200,200,1.0
gaussian,4,opposed,6,extended,independent_calibration,200,200,1.0
gaussian,4,opposed,6,extended,matched_realized_test_null,200,200,1.0
gaussian,4,ramp_down,2,base,independent_calibration,52,200,0.26
gaussian,4,ramp_down,2,base,matched_realized_test_null,52,200,0.26
gaussian,4,ramp_down,2,extended,independent_calibration,59,200,0.295
gaussian,4,ramp_down,2,extended,matched_realized_test_null,59,200,0.295
gaussian,4,ramp_down,4,base,independent_calibration,146,200,0.73
gaussian,4,ramp_down,4,base,matched_realized_test_null,146,200,0.73
gaussian,4,ramp_down,4,extended,independent_calibration,161,200,0.805
gaussian,4,ramp_down,4,extended,matched_realized_test_null,161,200,0.805
gaussian,4,ramp_down,6,base,independent_calibration,197,200,0.985
gaussian,4,ramp_down,6,base,matched_realized_test_null,197,200,0.985
gaussian,4,ramp_down,6,extended,independent_calibration,196,200,0.98
gaussian,4,ramp_down,6,extended,matched_realized_test_null,196,200,0.98
gaussian,5,common_down,2,base,independent_calibration,68,200,0.34
gaussian,5,common_down,2,base,matched_realized_test_null,68,200,0.34
gaussian,5,common_down,2,extended,independent_calibration,83,200,0.415
gaussian,5,common_down,2,extended,matched_realized_test_null,83,200,0.415
gaussian,5,common_down,4,base,independent_calibration,183,200,0.915
gaussian,5,common_down,4,base,matched_realized_test_null,184,200,0.92
gaussian,5,common_down,4,extended,independent_calibration,197,200,0.985
gaussian,5,common_down,4,extended,matched_realized_test_null,197,200,0.985
gaussian,5,common_down,6,base,independent_calibration,200,200,1.0
gaussian,5,common_down,6,base,matched_realized_test_null,200,200,1.0
gaussian,5,common_down,6,extended,independent_calibration,200,200,1.0
gaussian,5,common_down,6,extended,matched_realized_test_null,200,200,1.0
gaussian,5,common_up,2,base,independent_calibration,83,200,0.415
gaussian,5,common_up,2,base,matched_realized_test_null,83,200,0.415
gaussian,5,common_up,2,extended,independent_calibration,94,200,0.47
gaussian,5,common_up,2,extended,matched_realized_test_null,94,200,0.47
gaussian,5,common_up,4,base,independent_calibration,190,200,0.95
gaussian,5,common_up,4,base,matched_realized_test_null,190,200,0.95
gaussian,5,common_up,4,extended,independent_calibration,194,200,0.97
gaussian,5,common_up,4,extended,matched_realized_test_null,194,200,0.97
gaussian,5,common_up,6,base,independent_calibration,200,200,1.0
gaussian,5,common_up,6,base,matched_realized_test_null,200,200,1.0
gaussian,5,common_up,6,extended,independent_calibration,200,200,1.0
gaussian,5,common_up,6,extended,matched_realized_test_null,200,200,1.0
gaussian,5,sparse_down,2,base,independent_calibration,93,200,0.465
gaussian,5,sparse_down,2,base,matched_realized_test_null,96,200,0.48
gaussian,5,sparse_down,2,extended,independent_calibration,81,200,0.405
gaussian,5,sparse_down,2,extended,matched_realized_test_null,81,200,0.405
gaussian,5,sparse_down,4,base,independent_calibration,198,200,0.99
gaussian,5,sparse_down,4,base,matched_realized_test_null,198,200,0.99
gaussian,5,sparse_down,4,extended,independent_calibration,197,200,0.985
gaussian,5,sparse_down,4,extended,matched_realized_test_null,198,200,0.99
gaussian,5,sparse_down,6,base,independent_calibration,200,200,1.0
gaussian,5,sparse_down,6,base,matched_realized_test_null,200,200,1.0
gaussian,5,sparse_down,6,extended,independent_calibration,200,200,1.0
gaussian,5,sparse_down,6,extended,matched_realized_test_null,200,200,1.0
gaussian,5,opposed,2,base,independent_calibration,94,200,0.47
gaussian,5,opposed,2,base,matched_realized_test_null,99,200,0.495
gaussian,5,opposed,2,extended,independent_calibration,71,200,0.355
gaussian,5,opposed,2,extended,matched_realized_test_null,71,200,0.355
gaussian,5,opposed,4,base,independent_calibration,199,200,0.995
gaussian,5,opposed,4,base,matched_realized_test_null,199,200,0.995
gaussian,5,opposed,4,extended,independent_calibration,198,200,0.99
gaussian,5,opposed,4,extended,matched_realized_test_null,198,200,0.99
gaussian,5,opposed,6,base,independent_calibration,200,200,1.0
gaussian,5,opposed,6,base,matched_realized_test_null,200,200,1.0
gaussian,5,opposed,6,extended,independent_calibration,200,200,1.0
gaussian,5,opposed,6,extended,matched_realized_test_null,200,200,1.0
gaussian,5,ramp_down,2,base,independent_calibration,49,200,0.245
gaussian,5,ramp_down,2,base,matched_realized_test_null,49,200,0.245
gaussian,5,ramp_down,2,extended,independent_calibration,56,200,0.28
gaussian,5,ramp_down,2,extended,matched_realized_test_null,56,200,0.28
gaussian,5,ramp_down,4,base,independent_calibration,142,200,0.71
gaussian,5,ramp_down,4,base,matched_realized_test_null,143,200,0.715
gaussian,5,ramp_down,4,extended,independent_calibration,165,200,0.825
gaussian,5,ramp_down,4,extended,matched_realized_test_null,165,200,0.825
gaussian,5,ramp_down,6,base,independent_calibration,195,200,0.975
gaussian,5,ramp_down,6,base,matched_realized_test_null,195,200,0.975
gaussian,5,ramp_down,6,extended,independent_calibration,199,200,0.995
gaussian,5,ramp_down,6,extended,matched_realized_test_null,199,200,0.995
gaussian,6,common_down,2,base,independent_calibration,84,200,0.42
gaussian,6,common_down,2,base,matched_realized_test_null,89,200,0.445
gaussian,6,common_down,2,extended,independent_calibration,100,200,0.5
gaussian,6,common_down,2,extended,matched_realized_test_null,102,200,0.51
gaussian,6,common_down,4,base,independent_calibration,185,200,0.925
gaussian,6,common_down,4,base,matched_realized_test_null,185,200,0.925
gaussian,6,common_down,4,extended,independent_calibration,192,200,0.96
gaussian,6,common_down,4,extended,matched_realized_test_null,192,200,0.96
gaussian,6,common_down,6,base,independent_calibration,200,200,1.0
gaussian,6,common_down,6,base,matched_realized_test_null,200,200,1.0
gaussian,6,common_down,6,extended,independent_calibration,200,200,1.0
gaussian,6,common_down,6,extended,matched_realized_test_null,200,200,1.0
gaussian,6,common_up,2,base,independent_calibration,86,200,0.43
gaussian,6,common_up,2,base,matched_realized_test_null,89,200,0.445
gaussian,6,common_up,2,extended,independent_calibration,92,200,0.46
gaussian,6,common_up,2,extended,matched_realized_test_null,92,200,0.46
gaussian,6,common_up,4,base,independent_calibration,184,200,0.92
gaussian,6,common_up,4,base,matched_realized_test_null,186,200,0.93
gaussian,6,common_up,4,extended,independent_calibration,194,200,0.97
gaussian,6,common_up,4,extended,matched_realized_test_null,194,200,0.97
gaussian,6,common_up,6,base,independent_calibration,200,200,1.0
gaussian,6,common_up,6,base,matched_realized_test_null,200,200,1.0
gaussian,6,common_up,6,extended,independent_calibration,200,200,1.0
gaussian,6,common_up,6,extended,matched_realized_test_null,200,200,1.0
gaussian,6,sparse_down,2,base,independent_calibration,126,200,0.63
gaussian,6,sparse_down,2,base,matched_realized_test_null,128,200,0.64
gaussian,6,sparse_down,2,extended,independent_calibration,105,200,0.525
gaussian,6,sparse_down,2,extended,matched_realized_test_null,106,200,0.53
gaussian,6,sparse_down,4,base,independent_calibration,198,200,0.99
gaussian,6,sparse_down,4,base,matched_realized_test_null,198,200,0.99
gaussian,6,sparse_down,4,extended,independent_calibration,194,200,0.97
gaussian,6,sparse_down,4,extended,matched_realized_test_null,194,200,0.97
gaussian,6,sparse_down,6,base,independent_calibration,200,200,1.0
gaussian,6,sparse_down,6,base,matched_realized_test_null,200,200,1.0
gaussian,6,sparse_down,6,extended,independent_calibration,200,200,1.0
gaussian,6,sparse_down,6,extended,matched_realized_test_null,200,200,1.0
gaussian,6,opposed,2,base,independent_calibration,115,200,0.575
gaussian,6,opposed,2,base,matched_realized_test_null,115,200,0.575
gaussian,6,opposed,2,extended,independent_calibration,95,200,0.475
gaussian,6,opposed,2,extended,matched_realized_test_null,96,200,0.48
gaussian,6,opposed,4,base,independent_calibration,199,200,0.995
gaussian,6,opposed,4,base,matched_realized_test_null,200,200,1.0
gaussian,6,opposed,4,extended,independent_calibration,196,200,0.98
gaussian,6,opposed,4,extended,matched_realized_test_null,196,200,0.98
gaussian,6,opposed,6,base,independent_calibration,200,200,1.0
gaussian,6,opposed,6,base,matched_realized_test_null,200,200,1.0
gaussian,6,opposed,6,extended,independent_calibration,200,200,1.0
gaussian,6,opposed,6,extended,matched_realized_test_null,200,200,1.0
gaussian,6,ramp_down,2,base,independent_calibration,54,200,0.27
gaussian,6,ramp_down,2,base,matched_realized_test_null,56,200,0.28
gaussian,6,ramp_down,2,extended,independent_calibration,64,200,0.32
gaussian,6,ramp_down,2,extended,matched_realized_test_null,65,200,0.325
gaussian,6,ramp_down,4,base,independent_calibration,157,200,0.785
gaussian,6,ramp_down,4,base,matched_realized_test_null,157,200,0.785
gaussian,6,ramp_down,4,extended,independent_calibration,162,200,0.81
gaussian,6,ramp_down,4,extended,matched_realized_test_null,163,200,0.815
gaussian,6,ramp_down,6,base,independent_calibration,198,200,0.99
gaussian,6,ramp_down,6,base,matched_realized_test_null,198,200,0.99
gaussian,6,ramp_down,6,extended,independent_calibration,198,200,0.99
gaussian,6,ramp_down,6,extended,matched_realized_test_null,198,200,0.99
gaussian,7,common_down,2,base,independent_calibration,84,200,0.42
gaussian,7,common_down,2,base,matched_realized_test_null,86,200,0.43
gaussian,7,common_down,2,extended,independent_calibration,95,200,0.475
gaussian,7,common_down,2,extended,matched_realized_test_null,96,200,0.48
gaussian,7,common_down,4,base,independent_calibration,189,200,0.945
gaussian,7,common_down,4,base,matched_realized_test_null,190,200,0.95
gaussian,7,common_down,4,extended,independent_calibration,195,200,0.975
gaussian,7,common_down,4,extended,matched_realized_test_null,196,200,0.98
gaussian,7,common_down,6,base,independent_calibration,200,200,1.0
gaussian,7,common_down,6,base,matched_realized_test_null,200,200,1.0
gaussian,7,common_down,6,extended,independent_calibration,200,200,1.0
gaussian,7,common_down,6,extended,matched_realized_test_null,200,200,1.0
gaussian,7,common_up,2,base,independent_calibration,86,200,0.43
gaussian,7,common_up,2,base,matched_realized_test_null,88,200,0.44
gaussian,7,common_up,2,extended,independent_calibration,85,200,0.425
gaussian,7,common_up,2,extended,matched_realized_test_null,86,200,0.43
gaussian,7,common_up,4,base,independent_calibration,183,200,0.915
gaussian,7,common_up,4,base,matched_realized_test_null,183,200,0.915
gaussian,7,common_up,4,extended,independent_calibration,191,200,0.955
gaussian,7,common_up,4,extended,matched_realized_test_null,191,200,0.955
gaussian,7,common_up,6,base,independent_calibration,200,200,1.0
gaussian,7,common_up,6,base,matched_realized_test_null,200,200,1.0
gaussian,7,common_up,6,extended,independent_calibration,200,200,1.0
gaussian,7,common_up,6,extended,matched_realized_test_null,200,200,1.0
gaussian,7,sparse_down,2,base,independent_calibration,108,200,0.54
gaussian,7,sparse_down,2,base,matched_realized_test_null,110,200,0.55
gaussian,7,sparse_down,2,extended,independent_calibration,91,200,0.455
gaussian,7,sparse_down,2,extended,matched_realized_test_null,92,200,0.46
gaussian,7,sparse_down,4,base,independent_calibration,200,200,1.0
gaussian,7,sparse_down,4,base,matched_realized_test_null,200,200,1.0
gaussian,7,sparse_down,4,extended,independent_calibration,198,200,0.99
gaussian,7,sparse_down,4,extended,matched_realized_test_null,198,200,0.99
gaussian,7,sparse_down,6,base,independent_calibration,200,200,1.0
gaussian,7,sparse_down,6,base,matched_realized_test_null,200,200,1.0
gaussian,7,sparse_down,6,extended,independent_calibration,200,200,1.0
gaussian,7,sparse_down,6,extended,matched_realized_test_null,200,200,1.0
gaussian,7,opposed,2,base,independent_calibration,104,200,0.52
gaussian,7,opposed,2,base,matched_realized_test_null,110,200,0.55
gaussian,7,opposed,2,extended,independent_calibration,87,200,0.435
gaussian,7,opposed,2,extended,matched_realized_test_null,87,200,0.435
gaussian,7,opposed,4,base,independent_calibration,198,200,0.99
gaussian,7,opposed,4,base,matched_realized_test_null,198,200,0.99
gaussian,7,opposed,4,extended,independent_calibration,198,200,0.99
gaussian,7,opposed,4,extended,matched_realized_test_null,198,200,0.99
gaussian,7,opposed,6,base,independent_calibration,200,200,1.0
gaussian,7,opposed,6,base,matched_realized_test_null,200,200,1.0
gaussian,7,opposed,6,extended,independent_calibration,200,200,1.0
gaussian,7,opposed,6,extended,matched_realized_test_null,200,200,1.0
gaussian,7,ramp_down,2,base,independent_calibration,55,200,0.275
gaussian,7,ramp_down,2,base,matched_realized_test_null,57,200,0.285
gaussian,7,ramp_down,2,extended,independent_calibration,61,200,0.305
gaussian,7,ramp_down,2,extended,matched_realized_test_null,62,200,0.31
gaussian,7,ramp_down,4,base,independent_calibration,153,200,0.765
gaussian,7,ramp_down,4,base,matched_realized_test_null,154,200,0.77
gaussian,7,ramp_down,4,extended,independent_calibration,172,200,0.86
gaussian,7,ramp_down,4,extended,matched_realized_test_null,172,200,0.86
gaussian,7,ramp_down,6,base,independent_calibration,196,200,0.98
gaussian,7,ramp_down,6,base,matched_realized_test_null,196,200,0.98
gaussian,7,ramp_down,6,extended,independent_calibration,198,200,0.99
gaussian,7,ramp_down,6,extended,matched_realized_test_null,199,200,0.995
gaussian,8,common_down,2,base,independent_calibration,83,200,0.415
gaussian,8,common_down,2,base,matched_realized_test_null,86,200,0.43
gaussian,8,common_down,2,extended,independent_calibration,95,200,0.475
gaussian,8,common_down,2,extended,matched_realized_test_null,96,200,0.48
gaussian,8,common_down,4,base,independent_calibration,182,200,0.91
gaussian,8,common_down,4,base,matched_realized_test_null,183,200,0.915
gaussian,8,common_down,4,extended,independent_calibration,192,200,0.96
gaussian,8,common_down,4,extended,matched_realized_test_null,192,200,0.96
gaussian,8,common_down,6,base,independent_calibration,200,200,1.0
gaussian,8,common_down,6,base,matched_realized_test_null,200,200,1.0
gaussian,8,common_down,6,extended,independent_calibration,200,200,1.0
gaussian,8,common_down,6,extended,matched_realized_test_null,200,200,1.0
gaussian,8,common_up,2,base,independent_calibration,72,200,0.36
gaussian,8,common_up,2,base,matched_realized_test_null,77,200,0.385
gaussian,8,common_up,2,extended,independent_calibration,78,200,0.39
gaussian,8,common_up,2,extended,matched_realized_test_null,79,200,0.395
gaussian,8,common_up,4,base,independent_calibration,180,200,0.9
gaussian,8,common_up,4,base,matched_realized_test_null,181,200,0.905
gaussian,8,common_up,4,extended,independent_calibration,191,200,0.955
gaussian,8,common_up,4,extended,matched_realized_test_null,191,200,0.955
gaussian,8,common_up,6,base,independent_calibration,200,200,1.0
gaussian,8,common_up,6,base,matched_realized_test_null,200,200,1.0
gaussian,8,common_up,6,extended,independent_calibration,200,200,1.0
gaussian,8,common_up,6,extended,matched_realized_test_null,200,200,1.0
gaussian,8,sparse_down,2,base,independent_calibration,116,200,0.58
gaussian,8,sparse_down,2,base,matched_realized_test_null,119,200,0.595
gaussian,8,sparse_down,2,extended,independent_calibration,93,200,0.465
gaussian,8,sparse_down,2,extended,matched_realized_test_null,93,200,0.465
gaussian,8,sparse_down,4,base,independent_calibration,198,200,0.99
gaussian,8,sparse_down,4,base,matched_realized_test_null,198,200,0.99
gaussian,8,sparse_down,4,extended,independent_calibration,196,200,0.98
gaussian,8,sparse_down,4,extended,matched_realized_test_null,196,200,0.98
gaussian,8,sparse_down,6,base,independent_calibration,200,200,1.0
gaussian,8,sparse_down,6,base,matched_realized_test_null,200,200,1.0
gaussian,8,sparse_down,6,extended,independent_calibration,200,200,1.0
gaussian,8,sparse_down,6,extended,matched_realized_test_null,200,200,1.0
gaussian,8,opposed,2,base,independent_calibration,99,200,0.495
gaussian,8,opposed,2,base,matched_realized_test_null,101,200,0.505
gaussian,8,opposed,2,extended,independent_calibration,81,200,0.405
gaussian,8,opposed,2,extended,matched_realized_test_null,81,200,0.405
gaussian,8,opposed,4,base,independent_calibration,199,200,0.995
gaussian,8,opposed,4,base,matched_realized_test_null,199,200,0.995
gaussian,8,opposed,4,extended,independent_calibration,197,200,0.985
gaussian,8,opposed,4,extended,matched_realized_test_null,197,200,0.985
gaussian,8,opposed,6,base,independent_calibration,200,200,1.0
gaussian,8,opposed,6,base,matched_realized_test_null,200,200,1.0
gaussian,8,opposed,6,extended,independent_calibration,200,200,1.0
gaussian,8,opposed,6,extended,matched_realized_test_null,200,200,1.0
gaussian,8,ramp_down,2,base,independent_calibration,66,200,0.33
gaussian,8,ramp_down,2,base,matched_realized_test_null,67,200,0.335
gaussian,8,ramp_down,2,extended,independent_calibration,71,200,0.355
gaussian,8,ramp_down,2,extended,matched_realized_test_null,71,200,0.355
gaussian,8,ramp_down,4,base,independent_calibration,143,200,0.715
gaussian,8,ramp_down,4,base,matched_realized_test_null,146,200,0.73
gaussian,8,ramp_down,4,extended,independent_calibration,162,200,0.81
gaussian,8,ramp_down,4,extended,matched_realized_test_null,162,200,0.81
gaussian,8,ramp_down,6,base,independent_calibration,197,200,0.985
gaussian,8,ramp_down,6,base,matched_realized_test_null,197,200,0.985
gaussian,8,ramp_down,6,extended,independent_calibration,198,200,0.99
gaussian,8,ramp_down,6,extended,matched_realized_test_null,198,200,0.99
gaussian,9,common_down,2,base,independent_calibration,75,200,0.375
gaussian,9,common_down,2,base,matched_realized_test_null,79,200,0.395
gaussian,9,common_down,2,extended,independent_calibration,105,200,0.525
gaussian,9,common_down,2,extended,matched_realized_test_null,106,200,0.53
gaussian,9,common_down,4,base,independent_calibration,188,200,0.94
gaussian,9,common_down,4,base,matched_realized_test_null,188,200,0.94
gaussian,9,common_down,4,extended,independent_calibration,192,200,0.96
gaussian,9,common_down,4,extended,matched_realized_test_null,193,200,0.965
gaussian,9,common_down,6,base,independent_calibration,200,200,1.0
gaussian,9,common_down,6,base,matched_realized_test_null,200,200,1.0
gaussian,9,common_down,6,extended,independent_calibration,200,200,1.0
gaussian,9,common_down,6,extended,matched_realized_test_null,200,200,1.0
gaussian,9,common_up,2,base,independent_calibration,77,200,0.385
gaussian,9,common_up,2,base,matched_realized_test_null,79,200,0.395
gaussian,9,common_up,2,extended,independent_calibration,89,200,0.445
gaussian,9,common_up,2,extended,matched_realized_test_null,89,200,0.445
gaussian,9,common_up,4,base,independent_calibration,184,200,0.92
gaussian,9,common_up,4,base,matched_realized_test_null,184,200,0.92
gaussian,9,common_up,4,extended,independent_calibration,193,200,0.965
gaussian,9,common_up,4,extended,matched_realized_test_null,193,200,0.965
gaussian,9,common_up,6,base,independent_calibration,199,200,0.995
gaussian,9,common_up,6,base,matched_realized_test_null,199,200,0.995
gaussian,9,common_up,6,extended,independent_calibration,200,200,1.0
gaussian,9,common_up,6,extended,matched_realized_test_null,200,200,1.0
gaussian,9,sparse_down,2,base,independent_calibration,114,200,0.57
gaussian,9,sparse_down,2,base,matched_realized_test_null,114,200,0.57
gaussian,9,sparse_down,2,extended,independent_calibration,86,200,0.43
gaussian,9,sparse_down,2,extended,matched_realized_test_null,87,200,0.435
gaussian,9,sparse_down,4,base,independent_calibration,198,200,0.99
gaussian,9,sparse_down,4,base,matched_realized_test_null,198,200,0.99
gaussian,9,sparse_down,4,extended,independent_calibration,198,200,0.99
gaussian,9,sparse_down,4,extended,matched_realized_test_null,198,200,0.99
gaussian,9,sparse_down,6,base,independent_calibration,200,200,1.0
gaussian,9,sparse_down,6,base,matched_realized_test_null,200,200,1.0
gaussian,9,sparse_down,6,extended,independent_calibration,200,200,1.0
gaussian,9,sparse_down,6,extended,matched_realized_test_null,200,200,1.0
gaussian,9,opposed,2,base,independent_calibration,100,200,0.5
gaussian,9,opposed,2,base,matched_realized_test_null,104,200,0.52
gaussian,9,opposed,2,extended,independent_calibration,83,200,0.415
gaussian,9,opposed,2,extended,matched_realized_test_null,83,200,0.415
gaussian,9,opposed,4,base,independent_calibration,199,200,0.995
gaussian,9,opposed,4,base,matched_realized_test_null,199,200,0.995
gaussian,9,opposed,4,extended,independent_calibration,196,200,0.98
gaussian,9,opposed,4,extended,matched_realized_test_null,196,200,0.98
gaussian,9,opposed,6,base,independent_calibration,200,200,1.0
gaussian,9,opposed,6,base,matched_realized_test_null,200,200,1.0
gaussian,9,opposed,6,extended,independent_calibration,200,200,1.0
gaussian,9,opposed,6,extended,matched_realized_test_null,200,200,1.0
gaussian,9,ramp_down,2,base,independent_calibration,53,200,0.265
gaussian,9,ramp_down,2,base,matched_realized_test_null,54,200,0.27
gaussian,9,ramp_down,2,extended,independent_calibration,60,200,0.3
gaussian,9,ramp_down,2,extended,matched_realized_test_null,60,200,0.3
gaussian,9,ramp_down,4,base,independent_calibration,153,200,0.765
gaussian,9,ramp_down,4,base,matched_realized_test_null,153,200,0.765
gaussian,9,ramp_down,4,extended,independent_calibration,164,200,0.82
gaussian,9,ramp_down,4,extended,matched_realized_test_null,165,200,0.825
gaussian,9,ramp_down,6,base,independent_calibration,194,200,0.97
gaussian,9,ramp_down,6,base,matched_realized_test_null,195,200,0.975
gaussian,9,ramp_down,6,extended,independent_calibration,196,200,0.98
gaussian,9,ramp_down,6,extended,matched_realized_test_null,196,200,0.98
gaussian,10,common_down,2,base,independent_calibration,76,200,0.38
gaussian,10,common_down,2,base,matched_realized_test_null,78,200,0.39
gaussian,10,common_down,2,extended,independent_calibration,103,200,0.515
gaussian,10,common_down,2,extended,matched_realized_test_null,103,200,0.515
gaussian,10,common_down,4,base,independent_calibration,185,200,0.925
gaussian,10,common_down,4,base,matched_realized_test_null,185,200,0.925
gaussian,10,common_down,4,extended,independent_calibration,196,200,0.98
gaussian,10,common_down,4,extended,matched_realized_test_null,196,200,0.98
gaussian,10,common_down,6,base,independent_calibration,200,200,1.0
gaussian,10,common_down,6,base,matched_realized_test_null,200,200,1.0
gaussian,10,common_down,6,extended,independent_calibration,200,200,1.0
gaussian,10,common_down,6,extended,matched_realized_test_null,200,200,1.0
gaussian,10,common_up,2,base,independent_calibration,76,200,0.38
gaussian,10,common_up,2,base,matched_realized_test_null,78,200,0.39
gaussian,10,common_up,2,extended,independent_calibration,80,200,0.4
gaussian,10,common_up,2,extended,matched_realized_test_null,81,200,0.405
gaussian,10,common_up,4,base,independent_calibration,183,200,0.915
gaussian,10,common_up,4,base,matched_realized_test_null,183,200,0.915
gaussian,10,common_up,4,extended,independent_calibration,193,200,0.965
gaussian,10,common_up,4,extended,matched_realized_test_null,193,200,0.965
gaussian,10,common_up,6,base,independent_calibration,200,200,1.0
gaussian,10,common_up,6,base,matched_realized_test_null,200,200,1.0
gaussian,10,common_up,6,extended,independent_calibration,200,200,1.0
gaussian,10,common_up,6,extended,matched_realized_test_null,200,200,1.0
gaussian,10,sparse_down,2,base,independent_calibration,101,200,0.505
gaussian,10,sparse_down,2,base,matched_realized_test_null,103,200,0.515
gaussian,10,sparse_down,2,extended,independent_calibration,86,200,0.43
gaussian,10,sparse_down,2,extended,matched_realized_test_null,87,200,0.435
gaussian,10,sparse_down,4,base,independent_calibration,199,200,0.995
gaussian,10,sparse_down,4,base,matched_realized_test_null,199,200,0.995
gaussian,10,sparse_down,4,extended,independent_calibration,195,200,0.975
gaussian,10,sparse_down,4,extended,matched_realized_test_null,196,200,0.98
gaussian,10,sparse_down,6,base,independent_calibration,200,200,1.0
gaussian,10,sparse_down,6,base,matched_realized_test_null,200,200,1.0
gaussian,10,sparse_down,6,extended,independent_calibration,200,200,1.0
gaussian,10,sparse_down,6,extended,matched_realized_test_null,200,200,1.0
gaussian,10,opposed,2,base,independent_calibration,94,200,0.47
gaussian,10,opposed,2,base,matched_realized_test_null,95,200,0.475
gaussian,10,opposed,2,extended,independent_calibration,70,200,0.35
gaussian,10,opposed,2,extended,matched_realized_test_null,71,200,0.355
gaussian,10,opposed,4,base,independent_calibration,198,200,0.99
gaussian,10,opposed,4,base,matched_realized_test_null,198,200,0.99
gaussian,10,opposed,4,extended,independent_calibration,197,200,0.985
gaussian,10,opposed,4,extended,matched_realized_test_null,197,200,0.985
gaussian,10,opposed,6,base,independent_calibration,200,200,1.0
gaussian,10,opposed,6,base,matched_realized_test_null,200,200,1.0
gaussian,10,opposed,6,extended,independent_calibration,200,200,1.0
gaussian,10,opposed,6,extended,matched_realized_test_null,200,200,1.0
gaussian,10,ramp_down,2,base,independent_calibration,45,200,0.225
gaussian,10,ramp_down,2,base,matched_realized_test_null,46,200,0.23
gaussian,10,ramp_down,2,extended,independent_calibration,56,200,0.28
gaussian,10,ramp_down,2,extended,matched_realized_test_null,56,200,0.28
gaussian,10,ramp_down,4,base,independent_calibration,146,200,0.73
gaussian,10,ramp_down,4,base,matched_realized_test_null,147,200,0.735
gaussian,10,ramp_down,4,extended,independent_calibration,163,200,0.815
gaussian,10,ramp_down,4,extended,matched_realized_test_null,163,200,0.815
gaussian,10,ramp_down,6,base,independent_calibration,196,200,0.98
gaussian,10,ramp_down,6,base,matched_realized_test_null,196,200,0.98
gaussian,10,ramp_down,6,extended,independent_calibration,198,200,0.99
gaussian,10,ramp_down,6,extended,matched_realized_test_null,198,200,0.99
gaussian,11,common_down,2,base,independent_calibration,79,200,0.395
gaussian,11,common_down,2,base,matched_realized_test_null,84,200,0.42
gaussian,11,common_down,2,extended,independent_calibration,90,200,0.45
gaussian,11,common_down,2,extended,matched_realized_test_null,90,200,0.45
gaussian,11,common_down,4,base,independent_calibration,187,200,0.935
gaussian,11,common_down,4,base,matched_realized_test_null,189,200,0.945
gaussian,11,common_down,4,extended,independent_calibration,193,200,0.965
gaussian,11,common_down,4,extended,matched_realized_test_null,193,200,0.965
gaussian,11,common_down,6,base,independent_calibration,200,200,1.0
gaussian,11,common_down,6,base,matched_realized_test_null,200,200,1.0
gaussian,11,common_down,6,extended,independent_calibration,200,200,1.0
gaussian,11,common_down,6,extended,matched_realized_test_null,200,200,1.0
gaussian,11,common_up,2,base,independent_calibration,79,200,0.395
gaussian,11,common_up,2,base,matched_realized_test_null,80,200,0.4
gaussian,11,common_up,2,extended,independent_calibration,84,200,0.42
gaussian,11,common_up,2,extended,matched_realized_test_null,86,200,0.43
gaussian,11,common_up,4,base,independent_calibration,191,200,0.955
gaussian,11,common_up,4,base,matched_realized_test_null,191,200,0.955
gaussian,11,common_up,4,extended,independent_calibration,194,200,0.97
gaussian,11,common_up,4,extended,matched_realized_test_null,194,200,0.97
gaussian,11,common_up,6,base,independent_calibration,200,200,1.0
gaussian,11,common_up,6,base,matched_realized_test_null,200,200,1.0
gaussian,11,common_up,6,extended,independent_calibration,200,200,1.0
gaussian,11,common_up,6,extended,matched_realized_test_null,200,200,1.0
gaussian,11,sparse_down,2,base,independent_calibration,104,200,0.52
gaussian,11,sparse_down,2,base,matched_realized_test_null,108,200,0.54
gaussian,11,sparse_down,2,extended,independent_calibration,85,200,0.425
gaussian,11,sparse_down,2,extended,matched_realized_test_null,85,200,0.425
gaussian,11,sparse_down,4,base,independent_calibration,198,200,0.99
gaussian,11,sparse_down,4,base,matched_realized_test_null,198,200,0.99
gaussian,11,sparse_down,4,extended,independent_calibration,198,200,0.99
gaussian,11,sparse_down,4,extended,matched_realized_test_null,198,200,0.99
gaussian,11,sparse_down,6,base,independent_calibration,200,200,1.0
gaussian,11,sparse_down,6,base,matched_realized_test_null,200,200,1.0
gaussian,11,sparse_down,6,extended,independent_calibration,200,200,1.0
gaussian,11,sparse_down,6,extended,matched_realized_test_null,200,200,1.0
gaussian,11,opposed,2,base,independent_calibration,111,200,0.555
gaussian,11,opposed,2,base,matched_realized_test_null,114,200,0.57
gaussian,11,opposed,2,extended,independent_calibration,90,200,0.45
gaussian,11,opposed,2,extended,matched_realized_test_null,91,200,0.455
gaussian,11,opposed,4,base,independent_calibration,200,200,1.0
gaussian,11,opposed,4,base,matched_realized_test_null,200,200,1.0
gaussian,11,opposed,4,extended,independent_calibration,200,200,1.0
gaussian,11,opposed,4,extended,matched_realized_test_null,200,200,1.0
gaussian,11,opposed,6,base,independent_calibration,200,200,1.0
gaussian,11,opposed,6,base,matched_realized_test_null,200,200,1.0
gaussian,11,opposed,6,extended,independent_calibration,200,200,1.0
gaussian,11,opposed,6,extended,matched_realized_test_null,200,200,1.0
gaussian,11,ramp_down,2,base,independent_calibration,54,200,0.27
gaussian,11,ramp_down,2,base,matched_realized_test_null,57,200,0.285
gaussian,11,ramp_down,2,extended,independent_calibration,60,200,0.3
gaussian,11,ramp_down,2,extended,matched_realized_test_null,60,200,0.3
gaussian,11,ramp_down,4,base,independent_calibration,138,200,0.69
gaussian,11,ramp_down,4,base,matched_realized_test_null,138,200,0.69
gaussian,11,ramp_down,4,extended,independent_calibration,157,200,0.785
gaussian,11,ramp_down,4,extended,matched_realized_test_null,158,200,0.79
gaussian,11,ramp_down,6,base,independent_calibration,194,200,0.97
gaussian,11,ramp_down,6,base,matched_realized_test_null,195,200,0.975
gaussian,11,ramp_down,6,extended,independent_calibration,196,200,0.98
gaussian,11,ramp_down,6,extended,matched_realized_test_null,196,200,0.98
gaussian,12,common_down,2,base,independent_calibration,84,200,0.42
gaussian,12,common_down,2,base,matched_realized_test_null,84,200,0.42
gaussian,12,common_down,2,extended,independent_calibration,99,200,0.495
gaussian,12,common_down,2,extended,matched_realized_test_null,99,200,0.495
gaussian,12,common_down,4,base,independent_calibration,186,200,0.93
gaussian,12,common_down,4,base,matched_realized_test_null,187,200,0.935
gaussian,12,common_down,4,extended,independent_calibration,192,200,0.96
gaussian,12,common_down,4,extended,matched_realized_test_null,192,200,0.96
gaussian,12,common_down,6,base,independent_calibration,200,200,1.0
gaussian,12,common_down,6,base,matched_realized_test_null,200,200,1.0
gaussian,12,common_down,6,extended,independent_calibration,200,200,1.0
gaussian,12,common_down,6,extended,matched_realized_test_null,200,200,1.0
gaussian,12,common_up,2,base,independent_calibration,79,200,0.395
gaussian,12,common_up,2,base,matched_realized_test_null,80,200,0.4
gaussian,12,common_up,2,extended,independent_calibration,88,200,0.44
gaussian,12,common_up,2,extended,matched_realized_test_null,88,200,0.44
gaussian,12,common_up,4,base,independent_calibration,183,200,0.915
gaussian,12,common_up,4,base,matched_realized_test_null,183,200,0.915
gaussian,12,common_up,4,extended,independent_calibration,192,200,0.96
gaussian,12,common_up,4,extended,matched_realized_test_null,192,200,0.96
gaussian,12,common_up,6,base,independent_calibration,200,200,1.0
gaussian,12,common_up,6,base,matched_realized_test_null,200,200,1.0
gaussian,12,common_up,6,extended,independent_calibration,200,200,1.0
gaussian,12,common_up,6,extended,matched_realized_test_null,200,200,1.0
gaussian,12,sparse_down,2,base,independent_calibration,111,200,0.555
gaussian,12,sparse_down,2,base,matched_realized_test_null,113,200,0.565
gaussian,12,sparse_down,2,extended,independent_calibration,84,200,0.42
gaussian,12,sparse_down,2,extended,matched_realized_test_null,85,200,0.425
gaussian,12,sparse_down,4,base,independent_calibration,199,200,0.995
gaussian,12,sparse_down,4,base,matched_realized_test_null,200,200,1.0
gaussian,12,sparse_down,4,extended,independent_calibration,199,200,0.995
gaussian,12,sparse_down,4,extended,matched_realized_test_null,199,200,0.995
gaussian,12,sparse_down,6,base,independent_calibration,200,200,1.0
gaussian,12,sparse_down,6,base,matched_realized_test_null,200,200,1.0
gaussian,12,sparse_down,6,extended,independent_calibration,200,200,1.0
gaussian,12,sparse_down,6,extended,matched_realized_test_null,200,200,1.0
gaussian,12,opposed,2,base,independent_calibration,117,200,0.585
gaussian,12,opposed,2,base,matched_realized_test_null,121,200,0.605
gaussian,12,opposed,2,extended,independent_calibration,92,200,0.46
gaussian,12,opposed,2,extended,matched_realized_test_null,92,200,0.46
gaussian,12,opposed,4,base,independent_calibration,197,200,0.985
gaussian,12,opposed,4,base,matched_realized_test_null,197,200,0.985
gaussian,12,opposed,4,extended,independent_calibration,196,200,0.98
gaussian,12,opposed,4,extended,matched_realized_test_null,196,200,0.98
gaussian,12,opposed,6,base,independent_calibration,200,200,1.0
gaussian,12,opposed,6,base,matched_realized_test_null,200,200,1.0
gaussian,12,opposed,6,extended,independent_calibration,200,200,1.0
gaussian,12,opposed,6,extended,matched_realized_test_null,200,200,1.0
gaussian,12,ramp_down,2,base,independent_calibration,56,200,0.28
gaussian,12,ramp_down,2,base,matched_realized_test_null,58,200,0.29
gaussian,12,ramp_down,2,extended,independent_calibration,64,200,0.32
gaussian,12,ramp_down,2,extended,matched_realized_test_null,64,200,0.32
gaussian,12,ramp_down,4,base,independent_calibration,155,200,0.775
gaussian,12,ramp_down,4,base,matched_realized_test_null,157,200,0.785
gaussian,12,ramp_down,4,extended,independent_calibration,169,200,0.845
gaussian,12,ramp_down,4,extended,matched_realized_test_null,169,200,0.845
gaussian,12,ramp_down,6,base,independent_calibration,194,200,0.97
gaussian,12,ramp_down,6,base,matched_realized_test_null,195,200,0.975
gaussian,12,ramp_down,6,extended,independent_calibration,199,200,0.995
gaussian,12,ramp_down,6,extended,matched_realized_test_null,199,200,0.995
gaussian,13,common_down,2,base,independent_calibration,85,200,0.425
gaussian,13,common_down,2,base,matched_realized_test_null,86,200,0.43
gaussian,13,common_down,2,extended,independent_calibration,97,200,0.485
gaussian,13,common_down,2,extended,matched_realized_test_null,97,200,0.485
gaussian,13,common_down,4,base,independent_calibration,184,200,0.92
gaussian,13,common_down,4,base,matched_realized_test_null,185,200,0.925
gaussian,13,common_down,4,extended,independent_calibration,195,200,0.975
gaussian,13,common_down,4,extended,matched_realized_test_null,195,200,0.975
gaussian,13,common_down,6,base,independent_calibration,200,200,1.0
gaussian,13,common_down,6,base,matched_realized_test_null,200,200,1.0
gaussian,13,common_down,6,extended,independent_calibration,200,200,1.0
gaussian,13,common_down,6,extended,matched_realized_test_null,200,200,1.0
gaussian,13,common_up,2,base,independent_calibration,73,200,0.365
gaussian,13,common_up,2,base,matched_realized_test_null,76,200,0.38
gaussian,13,common_up,2,extended,independent_calibration,87,200,0.435
gaussian,13,common_up,2,extended,matched_realized_test_null,87,200,0.435
gaussian,13,common_up,4,base,independent_calibration,188,200,0.94
gaussian,13,common_up,4,base,matched_realized_test_null,189,200,0.945
gaussian,13,common_up,4,extended,independent_calibration,194,200,0.97
gaussian,13,common_up,4,extended,matched_realized_test_null,194,200,0.97
gaussian,13,common_up,6,base,independent_calibration,200,200,1.0
gaussian,13,common_up,6,base,matched_realized_test_null,200,200,1.0
gaussian,13,common_up,6,extended,independent_calibration,200,200,1.0
gaussian,13,common_up,6,extended,matched_realized_test_null,200,200,1.0
gaussian,13,sparse_down,2,base,independent_calibration,84,200,0.42
gaussian,13,sparse_down,2,base,matched_realized_test_null,89,200,0.445
gaussian,13,sparse_down,2,extended,independent_calibration,70,200,0.35
gaussian,13,sparse_down,2,extended,matched_realized_test_null,72,200,0.36
gaussian,13,sparse_down,4,base,independent_calibration,200,200,1.0
gaussian,13,sparse_down,4,base,matched_realized_test_null,200,200,1.0
gaussian,13,sparse_down,4,extended,independent_calibration,198,200,0.99
gaussian,13,sparse_down,4,extended,matched_realized_test_null,198,200,0.99
gaussian,13,sparse_down,6,base,independent_calibration,200,200,1.0
gaussian,13,sparse_down,6,base,matched_realized_test_null,200,200,1.0
gaussian,13,sparse_down,6,extended,independent_calibration,200,200,1.0
gaussian,13,sparse_down,6,extended,matched_realized_test_null,200,200,1.0
gaussian,13,opposed,2,base,independent_calibration,97,200,0.485
gaussian,13,opposed,2,base,matched_realized_test_null,99,200,0.495
gaussian,13,opposed,2,extended,independent_calibration,77,200,0.385
gaussian,13,opposed,2,extended,matched_realized_test_null,77,200,0.385
gaussian,13,opposed,4,base,independent_calibration,197,200,0.985
gaussian,13,opposed,4,base,matched_realized_test_null,197,200,0.985
gaussian,13,opposed,4,extended,independent_calibration,194,200,0.97
gaussian,13,opposed,4,extended,matched_realized_test_null,194,200,0.97
gaussian,13,opposed,6,base,independent_calibration,200,200,1.0
gaussian,13,opposed,6,base,matched_realized_test_null,200,200,1.0
gaussian,13,opposed,6,extended,independent_calibration,200,200,1.0
gaussian,13,opposed,6,extended,matched_realized_test_null,200,200,1.0
gaussian,13,ramp_down,2,base,independent_calibration,56,200,0.28
gaussian,13,ramp_down,2,base,matched_realized_test_null,56,200,0.28
gaussian,13,ramp_down,2,extended,independent_calibration,67,200,0.335
gaussian,13,ramp_down,2,extended,matched_realized_test_null,67,200,0.335
gaussian,13,ramp_down,4,base,independent_calibration,146,200,0.73
gaussian,13,ramp_down,4,base,matched_realized_test_null,148,200,0.74
gaussian,13,ramp_down,4,extended,independent_calibration,166,200,0.83
gaussian,13,ramp_down,4,extended,matched_realized_test_null,166,200,0.83
gaussian,13,ramp_down,6,base,independent_calibration,199,200,0.995
gaussian,13,ramp_down,6,base,matched_realized_test_null,199,200,0.995
gaussian,13,ramp_down,6,extended,independent_calibration,200,200,1.0
gaussian,13,ramp_down,6,extended,matched_realized_test_null,200,200,1.0
gaussian,14,common_down,2,base,independent_calibration,89,200,0.445
gaussian,14,common_down,2,base,matched_realized_test_null,92,200,0.46
gaussian,14,common_down,2,extended,independent_calibration,106,200,0.53
gaussian,14,common_down,2,extended,matched_realized_test_null,106,200,0.53
gaussian,14,common_down,4,base,independent_calibration,193,200,0.965
gaussian,14,common_down,4,base,matched_realized_test_null,193,200,0.965
gaussian,14,common_down,4,extended,independent_calibration,197,200,0.985
gaussian,14,common_down,4,extended,matched_realized_test_null,197,200,0.985
gaussian,14,common_down,6,base,independent_calibration,200,200,1.0
gaussian,14,common_down,6,base,matched_realized_test_null,200,200,1.0
gaussian,14,common_down,6,extended,independent_calibration,200,200,1.0
gaussian,14,common_down,6,extended,matched_realized_test_null,200,200,1.0
gaussian,14,common_up,2,base,independent_calibration,65,200,0.325
gaussian,14,common_up,2,base,matched_realized_test_null,67,200,0.335
gaussian,14,common_up,2,extended,independent_calibration,75,200,0.375
gaussian,14,common_up,2,extended,matched_realized_test_null,75,200,0.375
gaussian,14,common_up,4,base,independent_calibration,188,200,0.94
gaussian,14,common_up,4,base,matched_realized_test_null,189,200,0.945
gaussian,14,common_up,4,extended,independent_calibration,192,200,0.96
gaussian,14,common_up,4,extended,matched_realized_test_null,192,200,0.96
gaussian,14,common_up,6,base,independent_calibration,200,200,1.0
gaussian,14,common_up,6,base,matched_realized_test_null,200,200,1.0
gaussian,14,common_up,6,extended,independent_calibration,200,200,1.0
gaussian,14,common_up,6,extended,matched_realized_test_null,200,200,1.0
gaussian,14,sparse_down,2,base,independent_calibration,95,200,0.475
gaussian,14,sparse_down,2,base,matched_realized_test_null,102,200,0.51
gaussian,14,sparse_down,2,extended,independent_calibration,76,200,0.38
gaussian,14,sparse_down,2,extended,matched_realized_test_null,77,200,0.385
gaussian,14,sparse_down,4,base,independent_calibration,199,200,0.995
gaussian,14,sparse_down,4,base,matched_realized_test_null,199,200,0.995
gaussian,14,sparse_down,4,extended,independent_calibration,198,200,0.99
gaussian,14,sparse_down,4,extended,matched_realized_test_null,198,200,0.99
gaussian,14,sparse_down,6,base,independent_calibration,200,200,1.0
gaussian,14,sparse_down,6,base,matched_realized_test_null,200,200,1.0
gaussian,14,sparse_down,6,extended,independent_calibration,200,200,1.0
gaussian,14,sparse_down,6,extended,matched_realized_test_null,200,200,1.0
gaussian,14,opposed,2,base,independent_calibration,97,200,0.485
gaussian,14,opposed,2,base,matched_realized_test_null,99,200,0.495
gaussian,14,opposed,2,extended,independent_calibration,77,200,0.385
gaussian,14,opposed,2,extended,matched_realized_test_null,77,200,0.385
gaussian,14,opposed,4,base,independent_calibration,200,200,1.0
gaussian,14,opposed,4,base,matched_realized_test_null,200,200,1.0
gaussian,14,opposed,4,extended,independent_calibration,196,200,0.98
gaussian,14,opposed,4,extended,matched_realized_test_null,196,200,0.98
gaussian,14,opposed,6,base,independent_calibration,200,200,1.0
gaussian,14,opposed,6,base,matched_realized_test_null,200,200,1.0
gaussian,14,opposed,6,extended,independent_calibration,200,200,1.0
gaussian,14,opposed,6,extended,matched_realized_test_null,200,200,1.0
gaussian,14,ramp_down,2,base,independent_calibration,50,200,0.25
gaussian,14,ramp_down,2,base,matched_realized_test_null,53,200,0.265
gaussian,14,ramp_down,2,extended,independent_calibration,67,200,0.335
gaussian,14,ramp_down,2,extended,matched_realized_test_null,67,200,0.335
gaussian,14,ramp_down,4,base,independent_calibration,158,200,0.79
gaussian,14,ramp_down,4,base,matched_realized_test_null,159,200,0.795
gaussian,14,ramp_down,4,extended,independent_calibration,170,200,0.85
gaussian,14,ramp_down,4,extended,matched_realized_test_null,172,200,0.86
gaussian,14,ramp_down,6,base,independent_calibration,199,200,0.995
gaussian,14,ramp_down,6,base,matched_realized_test_null,199,200,0.995
gaussian,14,ramp_down,6,extended,independent_calibration,200,200,1.0
gaussian,14,ramp_down,6,extended,matched_realized_test_null,200,200,1.0
gaussian,15,common_down,2,base,independent_calibration,84,200,0.42
gaussian,15,common_down,2,base,matched_realized_test_null,86,200,0.43
gaussian,15,common_down,2,extended,independent_calibration,104,200,0.52
gaussian,15,common_down,2,extended,matched_realized_test_null,105,200,0.525
gaussian,15,common_down,4,base,independent_calibration,190,200,0.95
gaussian,15,common_down,4,base,matched_realized_test_null,191,200,0.955
gaussian,15,common_down,4,extended,independent_calibration,196,200,0.98
gaussian,15,common_down,4,extended,matched_realized_test_null,196,200,0.98
gaussian,15,common_down,6,base,independent_calibration,200,200,1.0
gaussian,15,common_down,6,base,matched_realized_test_null,200,200,1.0
gaussian,15,common_down,6,extended,independent_calibration,200,200,1.0
gaussian,15,common_down,6,extended,matched_realized_test_null,200,200,1.0
gaussian,15,common_up,2,base,independent_calibration,80,200,0.4
gaussian,15,common_up,2,base,matched_realized_test_null,83,200,0.415
gaussian,15,common_up,2,extended,independent_calibration,74,200,0.37
gaussian,15,common_up,2,extended,matched_realized_test_null,74,200,0.37
gaussian,15,common_up,4,base,independent_calibration,190,200,0.95
gaussian,15,common_up,4,base,matched_realized_test_null,190,200,0.95
gaussian,15,common_up,4,extended,independent_calibration,196,200,0.98
gaussian,15,common_up,4,extended,matched_realized_test_null,196,200,0.98
gaussian,15,common_up,6,base,independent_calibration,200,200,1.0
gaussian,15,common_up,6,base,matched_realized_test_null,200,200,1.0
gaussian,15,common_up,6,extended,independent_calibration,200,200,1.0
gaussian,15,common_up,6,extended,matched_realized_test_null,200,200,1.0
gaussian,15,sparse_down,2,base,independent_calibration,112,200,0.56
gaussian,15,sparse_down,2,base,matched_realized_test_null,112,200,0.56
gaussian,15,sparse_down,2,extended,independent_calibration,90,200,0.45
gaussian,15,sparse_down,2,extended,matched_realized_test_null,90,200,0.45
gaussian,15,sparse_down,4,base,independent_calibration,198,200,0.99
gaussian,15,sparse_down,4,base,matched_realized_test_null,198,200,0.99
gaussian,15,sparse_down,4,extended,independent_calibration,195,200,0.975
gaussian,15,sparse_down,4,extended,matched_realized_test_null,195,200,0.975
gaussian,15,sparse_down,6,base,independent_calibration,200,200,1.0
gaussian,15,sparse_down,6,base,matched_realized_test_null,200,200,1.0
gaussian,15,sparse_down,6,extended,independent_calibration,200,200,1.0
gaussian,15,sparse_down,6,extended,matched_realized_test_null,200,200,1.0
gaussian,15,opposed,2,base,independent_calibration,111,200,0.555
gaussian,15,opposed,2,base,matched_realized_test_null,114,200,0.57
gaussian,15,opposed,2,extended,independent_calibration,92,200,0.46
gaussian,15,opposed,2,extended,matched_realized_test_null,92,200,0.46
gaussian,15,opposed,4,base,independent_calibration,199,200,0.995
gaussian,15,opposed,4,base,matched_realized_test_null,199,200,0.995
gaussian,15,opposed,4,extended,independent_calibration,199,200,0.995
gaussian,15,opposed,4,extended,matched_realized_test_null,199,200,0.995
gaussian,15,opposed,6,base,independent_calibration,200,200,1.0
gaussian,15,opposed,6,base,matched_realized_test_null,200,200,1.0
gaussian,15,opposed,6,extended,independent_calibration,200,200,1.0
gaussian,15,opposed,6,extended,matched_realized_test_null,200,200,1.0
gaussian,15,ramp_down,2,base,independent_calibration,54,200,0.27
gaussian,15,ramp_down,2,base,matched_realized_test_null,57,200,0.285
gaussian,15,ramp_down,2,extended,independent_calibration,58,200,0.29
gaussian,15,ramp_down,2,extended,matched_realized_test_null,59,200,0.295
gaussian,15,ramp_down,4,base,independent_calibration,156,200,0.78
gaussian,15,ramp_down,4,base,matched_realized_test_null,157,200,0.785
gaussian,15,ramp_down,4,extended,independent_calibration,173,200,0.865
gaussian,15,ramp_down,4,extended,matched_realized_test_null,173,200,0.865
gaussian,15,ramp_down,6,base,independent_calibration,197,200,0.985
gaussian,15,ramp_down,6,base,matched_realized_test_null,197,200,0.985
gaussian,15,ramp_down,6,extended,independent_calibration,198,200,0.99
gaussian,15,ramp_down,6,extended,matched_realized_test_null,198,200,0.99
gaussian,16,common_down,2,base,independent_calibration,82,200,0.41
gaussian,16,common_down,2,base,matched_realized_test_null,83,200,0.415
gaussian,16,common_down,2,extended,independent_calibration,94,200,0.47
gaussian,16,common_down,2,extended,matched_realized_test_null,96,200,0.48
gaussian,16,common_down,4,base,independent_calibration,177,200,0.885
gaussian,16,common_down,4,base,matched_realized_test_null,177,200,0.885
gaussian,16,common_down,4,extended,independent_calibration,194,200,0.97
gaussian,16,common_down,4,extended,matched_realized_test_null,194,200,0.97
gaussian,16,common_down,6,base,independent_calibration,200,200,1.0
gaussian,16,common_down,6,base,matched_realized_test_null,200,200,1.0
gaussian,16,common_down,6,extended,independent_calibration,200,200,1.0
gaussian,16,common_down,6,extended,matched_realized_test_null,200,200,1.0
gaussian,16,common_up,2,base,independent_calibration,93,200,0.465
gaussian,16,common_up,2,base,matched_realized_test_null,96,200,0.48
gaussian,16,common_up,2,extended,independent_calibration,93,200,0.465
gaussian,16,common_up,2,extended,matched_realized_test_null,95,200,0.475
gaussian,16,common_up,4,base,independent_calibration,192,200,0.96
gaussian,16,common_up,4,base,matched_realized_test_null,193,200,0.965
gaussian,16,common_up,4,extended,independent_calibration,197,200,0.985
gaussian,16,common_up,4,extended,matched_realized_test_null,197,200,0.985
gaussian,16,common_up,6,base,independent_calibration,200,200,1.0
gaussian,16,common_up,6,base,matched_realized_test_null,200,200,1.0
gaussian,16,common_up,6,extended,independent_calibration,200,200,1.0
gaussian,16,common_up,6,extended,matched_realized_test_null,200,200,1.0
gaussian,16,sparse_down,2,base,independent_calibration,99,200,0.495
gaussian,16,sparse_down,2,base,matched_realized_test_null,100,200,0.5
gaussian,16,sparse_down,2,extended,independent_calibration,78,200,0.39
gaussian,16,sparse_down,2,extended,matched_realized_test_null,78,200,0.39
gaussian,16,sparse_down,4,base,independent_calibration,199,200,0.995
gaussian,16,sparse_down,4,base,matched_realized_test_null,199,200,0.995
gaussian,16,sparse_down,4,extended,independent_calibration,198,200,0.99
gaussian,16,sparse_down,4,extended,matched_realized_test_null,198,200,0.99
gaussian,16,sparse_down,6,base,independent_calibration,200,200,1.0
gaussian,16,sparse_down,6,base,matched_realized_test_null,200,200,1.0
gaussian,16,sparse_down,6,extended,independent_calibration,200,200,1.0
gaussian,16,sparse_down,6,extended,matched_realized_test_null,200,200,1.0
gaussian,16,opposed,2,base,independent_calibration,109,200,0.545
gaussian,16,opposed,2,base,matched_realized_test_null,110,200,0.55
gaussian,16,opposed,2,extended,independent_calibration,88,200,0.44
gaussian,16,opposed,2,extended,matched_realized_test_null,88,200,0.44
gaussian,16,opposed,4,base,independent_calibration,198,200,0.99
gaussian,16,opposed,4,base,matched_realized_test_null,198,200,0.99
gaussian,16,opposed,4,extended,independent_calibration,197,200,0.985
gaussian,16,opposed,4,extended,matched_realized_test_null,197,200,0.985
gaussian,16,opposed,6,base,independent_calibration,200,200,1.0
gaussian,16,opposed,6,base,matched_realized_test_null,200,200,1.0
gaussian,16,opposed,6,extended,independent_calibration,200,200,1.0
gaussian,16,opposed,6,extended,matched_realized_test_null,200,200,1.0
gaussian,16,ramp_down,2,base,independent_calibration,52,200,0.26
gaussian,16,ramp_down,2,base,matched_realized_test_null,53,200,0.265
gaussian,16,ramp_down,2,extended,independent_calibration,62,200,0.31
gaussian,16,ramp_down,2,extended,matched_realized_test_null,63,200,0.315
gaussian,16,ramp_down,4,base,independent_calibration,139,200,0.695
gaussian,16,ramp_down,4,base,matched_realized_test_null,141,200,0.705
gaussian,16,ramp_down,4,extended,independent_calibration,163,200,0.815
gaussian,16,ramp_down,4,extended,matched_realized_test_null,163,200,0.815
gaussian,16,ramp_down,6,base,independent_calibration,200,200,1.0
gaussian,16,ramp_down,6,base,matched_realized_test_null,200,200,1.0
gaussian,16,ramp_down,6,extended,independent_calibration,199,200,0.995
gaussian,16,ramp_down,6,extended,matched_realized_test_null,199,200,0.995
gaussian,17,common_down,2,base,independent_calibration,64,200,0.32
gaussian,17,common_down,2,base,matched_realized_test_null,68,200,0.34
gaussian,17,common_down,2,extended,independent_calibration,89,200,0.445
gaussian,17,common_down,2,extended,matched_realized_test_null,91,200,0.455
gaussian,17,common_down,4,base,independent_calibration,182,200,0.91
gaussian,17,common_down,4,base,matched_realized_test_null,183,200,0.915
gaussian,17,common_down,4,extended,independent_calibration,191,200,0.955
gaussian,17,common_down,4,extended,matched_realized_test_null,191,200,0.955
gaussian,17,common_down,6,base,independent_calibration,200,200,1.0
gaussian,17,common_down,6,base,matched_realized_test_null,200,200,1.0
gaussian,17,common_down,6,extended,independent_calibration,200,200,1.0
gaussian,17,common_down,6,extended,matched_realized_test_null,200,200,1.0
gaussian,17,common_up,2,base,independent_calibration,86,200,0.43
gaussian,17,common_up,2,base,matched_realized_test_null,88,200,0.44
gaussian,17,common_up,2,extended,independent_calibration,93,200,0.465
gaussian,17,common_up,2,extended,matched_realized_test_null,94,200,0.47
gaussian,17,common_up,4,base,independent_calibration,187,200,0.935
gaussian,17,common_up,4,base,matched_realized_test_null,188,200,0.94
gaussian,17,common_up,4,extended,independent_calibration,194,200,0.97
gaussian,17,common_up,4,extended,matched_realized_test_null,194,200,0.97
gaussian,17,common_up,6,base,independent_calibration,200,200,1.0
gaussian,17,common_up,6,base,matched_realized_test_null,200,200,1.0
gaussian,17,common_up,6,extended,independent_calibration,200,200,1.0
gaussian,17,common_up,6,extended,matched_realized_test_null,200,200,1.0
gaussian,17,sparse_down,2,base,independent_calibration,91,200,0.455
gaussian,17,sparse_down,2,base,matched_realized_test_null,93,200,0.465
gaussian,17,sparse_down,2,extended,independent_calibration,64,200,0.32
gaussian,17,sparse_down,2,extended,matched_realized_test_null,64,200,0.32
gaussian,17,sparse_down,4,base,independent_calibration,200,200,1.0
gaussian,17,sparse_down,4,base,matched_realized_test_null,200,200,1.0
gaussian,17,sparse_down,4,extended,independent_calibration,199,200,0.995
gaussian,17,sparse_down,4,extended,matched_realized_test_null,199,200,0.995
gaussian,17,sparse_down,6,base,independent_calibration,200,200,1.0
gaussian,17,sparse_down,6,base,matched_realized_test_null,200,200,1.0
gaussian,17,sparse_down,6,extended,independent_calibration,200,200,1.0
gaussian,17,sparse_down,6,extended,matched_realized_test_null,200,200,1.0
gaussian,17,opposed,2,base,independent_calibration,102,200,0.51
gaussian,17,opposed,2,base,matched_realized_test_null,103,200,0.515
gaussian,17,opposed,2,extended,independent_calibration,82,200,0.41
gaussian,17,opposed,2,extended,matched_realized_test_null,83,200,0.415
gaussian,17,opposed,4,base,independent_calibration,199,200,0.995
gaussian,17,opposed,4,base,matched_realized_test_null,200,200,1.0
gaussian,17,opposed,4,extended,independent_calibration,199,200,0.995
gaussian,17,opposed,4,extended,matched_realized_test_null,199,200,0.995
gaussian,17,opposed,6,base,independent_calibration,200,200,1.0
gaussian,17,opposed,6,base,matched_realized_test_null,200,200,1.0
gaussian,17,opposed,6,extended,independent_calibration,200,200,1.0
gaussian,17,opposed,6,extended,matched_realized_test_null,200,200,1.0
gaussian,17,ramp_down,2,base,independent_calibration,40,200,0.2
gaussian,17,ramp_down,2,base,matched_realized_test_null,42,200,0.21
gaussian,17,ramp_down,2,extended,independent_calibration,51,200,0.255
gaussian,17,ramp_down,2,extended,matched_realized_test_null,52,200,0.26
gaussian,17,ramp_down,4,base,independent_calibration,142,200,0.71
gaussian,17,ramp_down,4,base,matched_realized_test_null,142,200,0.71
gaussian,17,ramp_down,4,extended,independent_calibration,155,200,0.775
gaussian,17,ramp_down,4,extended,matched_realized_test_null,155,200,0.775
gaussian,17,ramp_down,6,base,independent_calibration,194,200,0.97
gaussian,17,ramp_down,6,base,matched_realized_test_null,194,200,0.97
gaussian,17,ramp_down,6,extended,independent_calibration,198,200,0.99
gaussian,17,ramp_down,6,extended,matched_realized_test_null,198,200,0.99
gaussian,18,common_down,2,base,independent_calibration,80,200,0.4
gaussian,18,common_down,2,base,matched_realized_test_null,81,200,0.405
gaussian,18,common_down,2,extended,independent_calibration,100,200,0.5
gaussian,18,common_down,2,extended,matched_realized_test_null,100,200,0.5
gaussian,18,common_down,4,base,independent_calibration,188,200,0.94
gaussian,18,common_down,4,base,matched_realized_test_null,188,200,0.94
gaussian,18,common_down,4,extended,independent_calibration,196,200,0.98
gaussian,18,common_down,4,extended,matched_realized_test_null,196,200,0.98
gaussian,18,common_down,6,base,independent_calibration,200,200,1.0
gaussian,18,common_down,6,base,matched_realized_test_null,200,200,1.0
gaussian,18,common_down,6,extended,independent_calibration,200,200,1.0
gaussian,18,common_down,6,extended,matched_realized_test_null,200,200,1.0
gaussian,18,common_up,2,base,independent_calibration,68,200,0.34
gaussian,18,common_up,2,base,matched_realized_test_null,70,200,0.35
gaussian,18,common_up,2,extended,independent_calibration,82,200,0.41
gaussian,18,common_up,2,extended,matched_realized_test_null,82,200,0.41
gaussian,18,common_up,4,base,independent_calibration,177,200,0.885
gaussian,18,common_up,4,base,matched_realized_test_null,179,200,0.895
gaussian,18,common_up,4,extended,independent_calibration,187,200,0.935
gaussian,18,common_up,4,extended,matched_realized_test_null,187,200,0.935
gaussian,18,common_up,6,base,independent_calibration,200,200,1.0
gaussian,18,common_up,6,base,matched_realized_test_null,200,200,1.0
gaussian,18,common_up,6,extended,independent_calibration,200,200,1.0
gaussian,18,common_up,6,extended,matched_realized_test_null,200,200,1.0
gaussian,18,sparse_down,2,base,independent_calibration,108,200,0.54
gaussian,18,sparse_down,2,base,matched_realized_test_null,109,200,0.545
gaussian,18,sparse_down,2,extended,independent_calibration,92,200,0.46
gaussian,18,sparse_down,2,extended,matched_realized_test_null,92,200,0.46
gaussian,18,sparse_down,4,base,independent_calibration,200,200,1.0
gaussian,18,sparse_down,4,base,matched_realized_test_null,200,200,1.0
gaussian,18,sparse_down,4,extended,independent_calibration,199,200,0.995
gaussian,18,sparse_down,4,extended,matched_realized_test_null,199,200,0.995
gaussian,18,sparse_down,6,base,independent_calibration,200,200,1.0
gaussian,18,sparse_down,6,base,matched_realized_test_null,200,200,1.0
gaussian,18,sparse_down,6,extended,independent_calibration,200,200,1.0
gaussian,18,sparse_down,6,extended,matched_realized_test_null,200,200,1.0
gaussian,18,opposed,2,base,independent_calibration,117,200,0.585
gaussian,18,opposed,2,base,matched_realized_test_null,119,200,0.595
gaussian,18,opposed,2,extended,independent_calibration,93,200,0.465
gaussian,18,opposed,2,extended,matched_realized_test_null,93,200,0.465
gaussian,18,opposed,4,base,independent_calibration,200,200,1.0
gaussian,18,opposed,4,base,matched_realized_test_null,200,200,1.0
gaussian,18,opposed,4,extended,independent_calibration,200,200,1.0
gaussian,18,opposed,4,extended,matched_realized_test_null,200,200,1.0
gaussian,18,opposed,6,base,independent_calibration,200,200,1.0
gaussian,18,opposed,6,base,matched_realized_test_null,200,200,1.0
gaussian,18,opposed,6,extended,independent_calibration,200,200,1.0
gaussian,18,opposed,6,extended,matched_realized_test_null,200,200,1.0
gaussian,18,ramp_down,2,base,independent_calibration,55,200,0.275
gaussian,18,ramp_down,2,base,matched_realized_test_null,55,200,0.275
gaussian,18,ramp_down,2,extended,independent_calibration,78,200,0.39
gaussian,18,ramp_down,2,extended,matched_realized_test_null,78,200,0.39
gaussian,18,ramp_down,4,base,independent_calibration,157,200,0.785
gaussian,18,ramp_down,4,base,matched_realized_test_null,158,200,0.79
gaussian,18,ramp_down,4,extended,independent_calibration,163,200,0.815
gaussian,18,ramp_down,4,extended,matched_realized_test_null,164,200,0.82
gaussian,18,ramp_down,6,base,independent_calibration,196,200,0.98
gaussian,18,ramp_down,6,base,matched_realized_test_null,196,200,0.98
gaussian,18,ramp_down,6,extended,independent_calibration,198,200,0.99
gaussian,18,ramp_down,6,extended,matched_realized_test_null,198,200,0.99
gaussian,19,common_down,2,base,independent_calibration,86,200,0.43
gaussian,19,common_down,2,base,matched_realized_test_null,90,200,0.45
gaussian,19,common_down,2,extended,independent_calibration,102,200,0.51
gaussian,19,common_down,2,extended,matched_realized_test_null,103,200,0.515
gaussian,19,common_down,4,base,independent_calibration,188,200,0.94
gaussian,19,common_down,4,base,matched_realized_test_null,188,200,0.94
gaussian,19,common_down,4,extended,independent_calibration,197,200,0.985
gaussian,19,common_down,4,extended,matched_realized_test_null,197,200,0.985
gaussian,19,common_down,6,base,independent_calibration,200,200,1.0
gaussian,19,common_down,6,base,matched_realized_test_null,200,200,1.0
gaussian,19,common_down,6,extended,independent_calibration,200,200,1.0
gaussian,19,common_down,6,extended,matched_realized_test_null,200,200,1.0
gaussian,19,common_up,2,base,independent_calibration,83,200,0.415
gaussian,19,common_up,2,base,matched_realized_test_null,83,200,0.415
gaussian,19,common_up,2,extended,independent_calibration,88,200,0.44
gaussian,19,common_up,2,extended,matched_realized_test_null,89,200,0.445
gaussian,19,common_up,4,base,independent_calibration,189,200,0.945
gaussian,19,common_up,4,base,matched_realized_test_null,189,200,0.945
gaussian,19,common_up,4,extended,independent_calibration,194,200,0.97
gaussian,19,common_up,4,extended,matched_realized_test_null,194,200,0.97
gaussian,19,common_up,6,base,independent_calibration,200,200,1.0
gaussian,19,common_up,6,base,matched_realized_test_null,200,200,1.0
gaussian,19,common_up,6,extended,independent_calibration,200,200,1.0
gaussian,19,common_up,6,extended,matched_realized_test_null,200,200,1.0
gaussian,19,sparse_down,2,base,independent_calibration,121,200,0.605
gaussian,19,sparse_down,2,base,matched_realized_test_null,124,200,0.62
gaussian,19,sparse_down,2,extended,independent_calibration,95,200,0.475
gaussian,19,sparse_down,2,extended,matched_realized_test_null,97,200,0.485
gaussian,19,sparse_down,4,base,independent_calibration,198,200,0.99
gaussian,19,sparse_down,4,base,matched_realized_test_null,198,200,0.99
gaussian,19,sparse_down,4,extended,independent_calibration,197,200,0.985
gaussian,19,sparse_down,4,extended,matched_realized_test_null,197,200,0.985
gaussian,19,sparse_down,6,base,independent_calibration,200,200,1.0
gaussian,19,sparse_down,6,base,matched_realized_test_null,200,200,1.0
gaussian,19,sparse_down,6,extended,independent_calibration,200,200,1.0
gaussian,19,sparse_down,6,extended,matched_realized_test_null,200,200,1.0
gaussian,19,opposed,2,base,independent_calibration,119,200,0.595
gaussian,19,opposed,2,base,matched_realized_test_null,122,200,0.61
gaussian,19,opposed,2,extended,independent_calibration,88,200,0.44
gaussian,19,opposed,2,extended,matched_realized_test_null,89,200,0.445
gaussian,19,opposed,4,base,independent_calibration,198,200,0.99
gaussian,19,opposed,4,base,matched_realized_test_null,199,200,0.995
gaussian,19,opposed,4,extended,independent_calibration,197,200,0.985
gaussian,19,opposed,4,extended,matched_realized_test_null,197,200,0.985
gaussian,19,opposed,6,base,independent_calibration,200,200,1.0
gaussian,19,opposed,6,base,matched_realized_test_null,200,200,1.0
gaussian,19,opposed,6,extended,independent_calibration,200,200,1.0
gaussian,19,opposed,6,extended,matched_realized_test_null,200,200,1.0
gaussian,19,ramp_down,2,base,independent_calibration,62,200,0.31
gaussian,19,ramp_down,2,base,matched_realized_test_null,63,200,0.315
gaussian,19,ramp_down,2,extended,independent_calibration,70,200,0.35
gaussian,19,ramp_down,2,extended,matched_realized_test_null,70,200,0.35
gaussian,19,ramp_down,4,base,independent_calibration,150,200,0.75
gaussian,19,ramp_down,4,base,matched_realized_test_null,151,200,0.755
gaussian,19,ramp_down,4,extended,independent_calibration,164,200,0.82
gaussian,19,ramp_down,4,extended,matched_realized_test_null,165,200,0.825
gaussian,19,ramp_down,6,base,independent_calibration,199,200,0.995
gaussian,19,ramp_down,6,base,matched_realized_test_null,199,200,0.995
gaussian,19,ramp_down,6,extended,independent_calibration,200,200,1.0
gaussian,19,ramp_down,6,extended,matched_realized_test_null,200,200,1.0
student5,0,common_down,2,base,independent_calibration,43,200,0.215
student5,0,common_down,2,base,matched_realized_test_null,43,200,0.215
student5,0,common_down,2,extended,independent_calibration,78,200,0.39
student5,0,common_down,2,extended,matched_realized_test_null,76,200,0.38
student5,0,common_down,4,base,independent_calibration,146,200,0.73
student5,0,common_down,4,base,matched_realized_test_null,146,200,0.73
student5,0,common_down,4,extended,independent_calibration,190,200,0.95
student5,0,common_down,4,extended,matched_realized_test_null,190,200,0.95
student5,0,common_down,6,base,independent_calibration,200,200,1.0
student5,0,common_down,6,base,matched_realized_test_null,200,200,1.0
student5,0,common_down,6,extended,independent_calibration,200,200,1.0
student5,0,common_down,6,extended,matched_realized_test_null,200,200,1.0
student5,0,common_up,2,base,independent_calibration,42,200,0.21
student5,0,common_up,2,base,matched_realized_test_null,42,200,0.21
student5,0,common_up,2,extended,independent_calibration,51,200,0.255
student5,0,common_up,2,extended,matched_realized_test_null,49,200,0.245
student5,0,common_up,4,base,independent_calibration,134,200,0.67
student5,0,common_up,4,base,matched_realized_test_null,134,200,0.67
student5,0,common_up,4,extended,independent_calibration,182,200,0.91
student5,0,common_up,4,extended,matched_realized_test_null,181,200,0.905
student5,0,common_up,6,base,independent_calibration,200,200,1.0
student5,0,common_up,6,base,matched_realized_test_null,200,200,1.0
student5,0,common_up,6,extended,independent_calibration,200,200,1.0
student5,0,common_up,6,extended,matched_realized_test_null,200,200,1.0
student5,0,sparse_down,2,base,independent_calibration,41,200,0.205
student5,0,sparse_down,2,base,matched_realized_test_null,42,200,0.21
student5,0,sparse_down,2,extended,independent_calibration,39,200,0.195
student5,0,sparse_down,2,extended,matched_realized_test_null,33,200,0.165
student5,0,sparse_down,4,base,independent_calibration,192,200,0.96
student5,0,sparse_down,4,base,matched_realized_test_null,192,200,0.96
student5,0,sparse_down,4,extended,independent_calibration,164,200,0.82
student5,0,sparse_down,4,extended,matched_realized_test_null,160,200,0.8
student5,0,sparse_down,6,base,independent_calibration,200,200,1.0
student5,0,sparse_down,6,base,matched_realized_test_null,200,200,1.0
student5,0,sparse_down,6,extended,independent_calibration,200,200,1.0
student5,0,sparse_down,6,extended,matched_realized_test_null,200,200,1.0
student5,0,opposed,2,base,independent_calibration,41,200,0.205
student5,0,opposed,2,base,matched_realized_test_null,41,200,0.205
student5,0,opposed,2,extended,independent_calibration,24,200,0.12
student5,0,opposed,2,extended,matched_realized_test_null,23,200,0.115
student5,0,opposed,4,base,independent_calibration,190,200,0.95
student5,0,opposed,4,base,matched_realized_test_null,190,200,0.95
student5,0,opposed,4,extended,independent_calibration,150,200,0.75
student5,0,opposed,4,extended,matched_realized_test_null,144,200,0.72
student5,0,opposed,6,base,independent_calibration,200,200,1.0
student5,0,opposed,6,base,matched_realized_test_null,200,200,1.0
student5,0,opposed,6,extended,independent_calibration,200,200,1.0
student5,0,opposed,6,extended,matched_realized_test_null,200,200,1.0
student5,0,ramp_down,2,base,independent_calibration,31,200,0.155
student5,0,ramp_down,2,base,matched_realized_test_null,31,200,0.155
student5,0,ramp_down,2,extended,independent_calibration,49,200,0.245
student5,0,ramp_down,2,extended,matched_realized_test_null,46,200,0.23
student5,0,ramp_down,4,base,independent_calibration,99,200,0.495
student5,0,ramp_down,4,base,matched_realized_test_null,99,200,0.495
student5,0,ramp_down,4,extended,independent_calibration,158,200,0.79
student5,0,ramp_down,4,extended,matched_realized_test_null,154,200,0.77
student5,0,ramp_down,6,base,independent_calibration,190,200,0.95
student5,0,ramp_down,6,base,matched_realized_test_null,190,200,0.95
student5,0,ramp_down,6,extended,independent_calibration,197,200,0.985
student5,0,ramp_down,6,extended,matched_realized_test_null,197,200,0.985
student5,1,common_down,2,base,independent_calibration,30,200,0.15
student5,1,common_down,2,base,matched_realized_test_null,30,200,0.15
student5,1,common_down,2,extended,independent_calibration,60,200,0.3
student5,1,common_down,2,extended,matched_realized_test_null,57,200,0.285
student5,1,common_down,4,base,independent_calibration,144,200,0.72
student5,1,common_down,4,base,matched_realized_test_null,144,200,0.72
student5,1,common_down,4,extended,independent_calibration,186,200,0.93
student5,1,common_down,4,extended,matched_realized_test_null,184,200,0.92
student5,1,common_down,6,base,independent_calibration,200,200,1.0
student5,1,common_down,6,base,matched_realized_test_null,200,200,1.0
student5,1,common_down,6,extended,independent_calibration,200,200,1.0
student5,1,common_down,6,extended,matched_realized_test_null,200,200,1.0
student5,1,common_up,2,base,independent_calibration,28,200,0.14
student5,1,common_up,2,base,matched_realized_test_null,28,200,0.14
student5,1,common_up,2,extended,independent_calibration,44,200,0.22
student5,1,common_up,2,extended,matched_realized_test_null,44,200,0.22
student5,1,common_up,4,base,independent_calibration,132,200,0.66
student5,1,common_up,4,base,matched_realized_test_null,132,200,0.66
student5,1,common_up,4,extended,independent_calibration,181,200,0.905
student5,1,common_up,4,extended,matched_realized_test_null,181,200,0.905
student5,1,common_up,6,base,independent_calibration,198,200,0.99
student5,1,common_up,6,base,matched_realized_test_null,198,200,0.99
student5,1,common_up,6,extended,independent_calibration,200,200,1.0
student5,1,common_up,6,extended,matched_realized_test_null,200,200,1.0
student5,1,sparse_down,2,base,independent_calibration,37,200,0.185
student5,1,sparse_down,2,base,matched_realized_test_null,38,200,0.19
student5,1,sparse_down,2,extended,independent_calibration,26,200,0.13
student5,1,sparse_down,2,extended,matched_realized_test_null,26,200,0.13
student5,1,sparse_down,4,base,independent_calibration,191,200,0.955
student5,1,sparse_down,4,base,matched_realized_test_null,192,200,0.96
student5,1,sparse_down,4,extended,independent_calibration,149,200,0.745
student5,1,sparse_down,4,extended,matched_realized_test_null,144,200,0.72
student5,1,sparse_down,6,base,independent_calibration,200,200,1.0
student5,1,sparse_down,6,base,matched_realized_test_null,200,200,1.0
student5,1,sparse_down,6,extended,independent_calibration,200,200,1.0
student5,1,sparse_down,6,extended,matched_realized_test_null,200,200,1.0
student5,1,opposed,2,base,independent_calibration,35,200,0.175
student5,1,opposed,2,base,matched_realized_test_null,35,200,0.175
student5,1,opposed,2,extended,independent_calibration,22,200,0.11
student5,1,opposed,2,extended,matched_realized_test_null,21,200,0.105
student5,1,opposed,4,base,independent_calibration,191,200,0.955
student5,1,opposed,4,base,matched_realized_test_null,191,200,0.955
student5,1,opposed,4,extended,independent_calibration,153,200,0.765
student5,1,opposed,4,extended,matched_realized_test_null,147,200,0.735
student5,1,opposed,6,base,independent_calibration,200,200,1.0
student5,1,opposed,6,base,matched_realized_test_null,200,200,1.0
student5,1,opposed,6,extended,independent_calibration,200,200,1.0
student5,1,opposed,6,extended,matched_realized_test_null,200,200,1.0
student5,1,ramp_down,2,base,independent_calibration,20,200,0.1
student5,1,ramp_down,2,base,matched_realized_test_null,20,200,0.1
student5,1,ramp_down,2,extended,independent_calibration,36,200,0.18
student5,1,ramp_down,2,extended,matched_realized_test_null,34,200,0.17
student5,1,ramp_down,4,base,independent_calibration,90,200,0.45
student5,1,ramp_down,4,base,matched_realized_test_null,91,200,0.455
student5,1,ramp_down,4,extended,independent_calibration,152,200,0.76
student5,1,ramp_down,4,extended,matched_realized_test_null,147,200,0.735
student5,1,ramp_down,6,base,independent_calibration,182,200,0.91
student5,1,ramp_down,6,base,matched_realized_test_null,182,200,0.91
student5,1,ramp_down,6,extended,independent_calibration,196,200,0.98
student5,1,ramp_down,6,extended,matched_realized_test_null,195,200,0.975
student5,2,common_down,2,base,independent_calibration,34,200,0.17
student5,2,common_down,2,base,matched_realized_test_null,34,200,0.17
student5,2,common_down,2,extended,independent_calibration,65,200,0.325
student5,2,common_down,2,extended,matched_realized_test_null,61,200,0.305
student5,2,common_down,4,base,independent_calibration,141,200,0.705
student5,2,common_down,4,base,matched_realized_test_null,141,200,0.705
student5,2,common_down,4,extended,independent_calibration,191,200,0.955
student5,2,common_down,4,extended,matched_realized_test_null,191,200,0.955
student5,2,common_down,6,base,independent_calibration,200,200,1.0
student5,2,common_down,6,base,matched_realized_test_null,200,200,1.0
student5,2,common_down,6,extended,independent_calibration,200,200,1.0
student5,2,common_down,6,extended,matched_realized_test_null,200,200,1.0
student5,2,common_up,2,base,independent_calibration,33,200,0.165
student5,2,common_up,2,base,matched_realized_test_null,33,200,0.165
student5,2,common_up,2,extended,independent_calibration,40,200,0.2
student5,2,common_up,2,extended,matched_realized_test_null,39,200,0.195
student5,2,common_up,4,base,independent_calibration,123,200,0.615
student5,2,common_up,4,base,matched_realized_test_null,124,200,0.62
student5,2,common_up,4,extended,independent_calibration,176,200,0.88
student5,2,common_up,4,extended,matched_realized_test_null,175,200,0.875
student5,2,common_up,6,base,independent_calibration,200,200,1.0
student5,2,common_up,6,base,matched_realized_test_null,200,200,1.0
student5,2,common_up,6,extended,independent_calibration,200,200,1.0
student5,2,common_up,6,extended,matched_realized_test_null,200,200,1.0
student5,2,sparse_down,2,base,independent_calibration,39,200,0.195
student5,2,sparse_down,2,base,matched_realized_test_null,40,200,0.2
student5,2,sparse_down,2,extended,independent_calibration,34,200,0.17
student5,2,sparse_down,2,extended,matched_realized_test_null,30,200,0.15
student5,2,sparse_down,4,base,independent_calibration,190,200,0.95
student5,2,sparse_down,4,base,matched_realized_test_null,190,200,0.95
student5,2,sparse_down,4,extended,independent_calibration,150,200,0.75
student5,2,sparse_down,4,extended,matched_realized_test_null,146,200,0.73
student5,2,sparse_down,6,base,independent_calibration,200,200,1.0
student5,2,sparse_down,6,base,matched_realized_test_null,200,200,1.0
student5,2,sparse_down,6,extended,independent_calibration,200,200,1.0
student5,2,sparse_down,6,extended,matched_realized_test_null,200,200,1.0
student5,2,opposed,2,base,independent_calibration,35,200,0.175
student5,2,opposed,2,base,matched_realized_test_null,35,200,0.175
student5,2,opposed,2,extended,independent_calibration,27,200,0.135
student5,2,opposed,2,extended,matched_realized_test_null,26,200,0.13
student5,2,opposed,4,base,independent_calibration,182,200,0.91
student5,2,opposed,4,base,matched_realized_test_null,182,200,0.91
student5,2,opposed,4,extended,independent_calibration,143,200,0.715
student5,2,opposed,4,extended,matched_realized_test_null,137,200,0.685
student5,2,opposed,6,base,independent_calibration,200,200,1.0
student5,2,opposed,6,base,matched_realized_test_null,200,200,1.0
student5,2,opposed,6,extended,independent_calibration,200,200,1.0
student5,2,opposed,6,extended,matched_realized_test_null,200,200,1.0
student5,2,ramp_down,2,base,independent_calibration,27,200,0.135
student5,2,ramp_down,2,base,matched_realized_test_null,27,200,0.135
student5,2,ramp_down,2,extended,independent_calibration,40,200,0.2
student5,2,ramp_down,2,extended,matched_realized_test_null,39,200,0.195
student5,2,ramp_down,4,base,independent_calibration,82,200,0.41
student5,2,ramp_down,4,base,matched_realized_test_null,82,200,0.41
student5,2,ramp_down,4,extended,independent_calibration,155,200,0.775
student5,2,ramp_down,4,extended,matched_realized_test_null,152,200,0.76
student5,2,ramp_down,6,base,independent_calibration,188,200,0.94
student5,2,ramp_down,6,base,matched_realized_test_null,188,200,0.94
student5,2,ramp_down,6,extended,independent_calibration,197,200,0.985
student5,2,ramp_down,6,extended,matched_realized_test_null,197,200,0.985
student5,3,common_down,2,base,independent_calibration,30,200,0.15
student5,3,common_down,2,base,matched_realized_test_null,31,200,0.155
student5,3,common_down,2,extended,independent_calibration,66,200,0.33
student5,3,common_down,2,extended,matched_realized_test_null,64,200,0.32
student5,3,common_down,4,base,independent_calibration,154,200,0.77
student5,3,common_down,4,base,matched_realized_test_null,155,200,0.775
student5,3,common_down,4,extended,independent_calibration,196,200,0.98
student5,3,common_down,4,extended,matched_realized_test_null,196,200,0.98
student5,3,common_down,6,base,independent_calibration,200,200,1.0
student5,3,common_down,6,base,matched_realized_test_null,200,200,1.0
student5,3,common_down,6,extended,independent_calibration,200,200,1.0
student5,3,common_down,6,extended,matched_realized_test_null,200,200,1.0
student5,3,common_up,2,base,independent_calibration,36,200,0.18
student5,3,common_up,2,base,matched_realized_test_null,36,200,0.18
student5,3,common_up,2,extended,independent_calibration,46,200,0.23
student5,3,common_up,2,extended,matched_realized_test_null,46,200,0.23
student5,3,common_up,4,base,independent_calibration,145,200,0.725
student5,3,common_up,4,base,matched_realized_test_null,145,200,0.725
student5,3,common_up,4,extended,independent_calibration,191,200,0.955
student5,3,common_up,4,extended,matched_realized_test_null,191,200,0.955
student5,3,common_up,6,base,independent_calibration,199,200,0.995
student5,3,common_up,6,base,matched_realized_test_null,199,200,0.995
student5,3,common_up,6,extended,independent_calibration,200,200,1.0
student5,3,common_up,6,extended,matched_realized_test_null,200,200,1.0
student5,3,sparse_down,2,base,independent_calibration,51,200,0.255
student5,3,sparse_down,2,base,matched_realized_test_null,52,200,0.26
student5,3,sparse_down,2,extended,independent_calibration,31,200,0.155
student5,3,sparse_down,2,extended,matched_realized_test_null,31,200,0.155
student5,3,sparse_down,4,base,independent_calibration,190,200,0.95
student5,3,sparse_down,4,base,matched_realized_test_null,191,200,0.955
student5,3,sparse_down,4,extended,independent_calibration,146,200,0.73
student5,3,sparse_down,4,extended,matched_realized_test_null,145,200,0.725
student5,3,sparse_down,6,base,independent_calibration,200,200,1.0
student5,3,sparse_down,6,base,matched_realized_test_null,200,200,1.0
student5,3,sparse_down,6,extended,independent_calibration,200,200,1.0
student5,3,sparse_down,6,extended,matched_realized_test_null,200,200,1.0
student5,3,opposed,2,base,independent_calibration,43,200,0.215
student5,3,opposed,2,base,matched_realized_test_null,45,200,0.225
student5,3,opposed,2,extended,independent_calibration,30,200,0.15
student5,3,opposed,2,extended,matched_realized_test_null,29,200,0.145
student5,3,opposed,4,base,independent_calibration,178,200,0.89
student5,3,opposed,4,base,matched_realized_test_null,181,200,0.905
student5,3,opposed,4,extended,independent_calibration,141,200,0.705
student5,3,opposed,4,extended,matched_realized_test_null,136,200,0.68
student5,3,opposed,6,base,independent_calibration,200,200,1.0
student5,3,opposed,6,base,matched_realized_test_null,200,200,1.0
student5,3,opposed,6,extended,independent_calibration,200,200,1.0
student5,3,opposed,6,extended,matched_realized_test_null,200,200,1.0
student5,3,ramp_down,2,base,independent_calibration,27,200,0.135
student5,3,ramp_down,2,base,matched_realized_test_null,27,200,0.135
student5,3,ramp_down,2,extended,independent_calibration,41,200,0.205
student5,3,ramp_down,2,extended,matched_realized_test_null,40,200,0.2
student5,3,ramp_down,4,base,independent_calibration,101,200,0.505
student5,3,ramp_down,4,base,matched_realized_test_null,102,200,0.51
student5,3,ramp_down,4,extended,independent_calibration,153,200,0.765
student5,3,ramp_down,4,extended,matched_realized_test_null,152,200,0.76
student5,3,ramp_down,6,base,independent_calibration,190,200,0.95
student5,3,ramp_down,6,base,matched_realized_test_null,190,200,0.95
student5,3,ramp_down,6,extended,independent_calibration,198,200,0.99
student5,3,ramp_down,6,extended,matched_realized_test_null,198,200,0.99
student5,4,common_down,2,base,independent_calibration,33,200,0.165
student5,4,common_down,2,base,matched_realized_test_null,34,200,0.17
student5,4,common_down,2,extended,independent_calibration,52,200,0.26
student5,4,common_down,2,extended,matched_realized_test_null,50,200,0.25
student5,4,common_down,4,base,independent_calibration,128,200,0.64
student5,4,common_down,4,base,matched_realized_test_null,129,200,0.645
student5,4,common_down,4,extended,independent_calibration,187,200,0.935
student5,4,common_down,4,extended,matched_realized_test_null,186,200,0.93
student5,4,common_down,6,base,independent_calibration,199,200,0.995
student5,4,common_down,6,base,matched_realized_test_null,199,200,0.995
student5,4,common_down,6,extended,independent_calibration,200,200,1.0
student5,4,common_down,6,extended,matched_realized_test_null,200,200,1.0
student5,4,common_up,2,base,independent_calibration,38,200,0.19
student5,4,common_up,2,base,matched_realized_test_null,38,200,0.19
student5,4,common_up,2,extended,independent_calibration,56,200,0.28
student5,4,common_up,2,extended,matched_realized_test_null,54,200,0.27
student5,4,common_up,4,base,independent_calibration,148,200,0.74
student5,4,common_up,4,base,matched_realized_test_null,149,200,0.745
student5,4,common_up,4,extended,independent_calibration,186,200,0.93
student5,4,common_up,4,extended,matched_realized_test_null,185,200,0.925
student5,4,common_up,6,base,independent_calibration,200,200,1.0
student5,4,common_up,6,base,matched_realized_test_null,200,200,1.0
student5,4,common_up,6,extended,independent_calibration,200,200,1.0
student5,4,common_up,6,extended,matched_realized_test_null,200,200,1.0
student5,4,sparse_down,2,base,independent_calibration,39,200,0.195
student5,4,sparse_down,2,base,matched_realized_test_null,40,200,0.2
student5,4,sparse_down,2,extended,independent_calibration,32,200,0.16
student5,4,sparse_down,2,extended,matched_realized_test_null,30,200,0.15
student5,4,sparse_down,4,base,independent_calibration,189,200,0.945
student5,4,sparse_down,4,base,matched_realized_test_null,189,200,0.945
student5,4,sparse_down,4,extended,independent_calibration,147,200,0.735
student5,4,sparse_down,4,extended,matched_realized_test_null,138,200,0.69
student5,4,sparse_down,6,base,independent_calibration,200,200,1.0
student5,4,sparse_down,6,base,matched_realized_test_null,200,200,1.0
student5,4,sparse_down,6,extended,independent_calibration,200,200,1.0
student5,4,sparse_down,6,extended,matched_realized_test_null,200,200,1.0
student5,4,opposed,2,base,independent_calibration,42,200,0.21
student5,4,opposed,2,base,matched_realized_test_null,44,200,0.22
student5,4,opposed,2,extended,independent_calibration,28,200,0.14
student5,4,opposed,2,extended,matched_realized_test_null,26,200,0.13
student5,4,opposed,4,base,independent_calibration,179,200,0.895
student5,4,opposed,4,base,matched_realized_test_null,180,200,0.9
student5,4,opposed,4,extended,independent_calibration,138,200,0.69
student5,4,opposed,4,extended,matched_realized_test_null,138,200,0.69
student5,4,opposed,6,base,independent_calibration,200,200,1.0
student5,4,opposed,6,base,matched_realized_test_null,200,200,1.0
student5,4,opposed,6,extended,independent_calibration,200,200,1.0
student5,4,opposed,6,extended,matched_realized_test_null,200,200,1.0
student5,4,ramp_down,2,base,independent_calibration,22,200,0.11
student5,4,ramp_down,2,base,matched_realized_test_null,22,200,0.11
student5,4,ramp_down,2,extended,independent_calibration,30,200,0.15
student5,4,ramp_down,2,extended,matched_realized_test_null,28,200,0.14
student5,4,ramp_down,4,base,independent_calibration,73,200,0.365
student5,4,ramp_down,4,base,matched_realized_test_null,73,200,0.365
student5,4,ramp_down,4,extended,independent_calibration,145,200,0.725
student5,4,ramp_down,4,extended,matched_realized_test_null,138,200,0.69
student5,4,ramp_down,6,base,independent_calibration,185,200,0.925
student5,4,ramp_down,6,base,matched_realized_test_null,185,200,0.925
student5,4,ramp_down,6,extended,independent_calibration,196,200,0.98
student5,4,ramp_down,6,extended,matched_realized_test_null,196,200,0.98
student5,5,common_down,2,base,independent_calibration,28,200,0.14
student5,5,common_down,2,base,matched_realized_test_null,28,200,0.14
student5,5,common_down,2,extended,independent_calibration,67,200,0.335
student5,5,common_down,2,extended,matched_realized_test_null,60,200,0.3
student5,5,common_down,4,base,independent_calibration,135,200,0.675
student5,5,common_down,4,base,matched_realized_test_null,136,200,0.68
student5,5,common_down,4,extended,independent_calibration,189,200,0.945
student5,5,common_down,4,extended,matched_realized_test_null,187,200,0.935
student5,5,common_down,6,base,independent_calibration,200,200,1.0
student5,5,common_down,6,base,matched_realized_test_null,200,200,1.0
student5,5,common_down,6,extended,independent_calibration,200,200,1.0
student5,5,common_down,6,extended,matched_realized_test_null,200,200,1.0
student5,5,common_up,2,base,independent_calibration,33,200,0.165
student5,5,common_up,2,base,matched_realized_test_null,33,200,0.165
student5,5,common_up,2,extended,independent_calibration,50,200,0.25
student5,5,common_up,2,extended,matched_realized_test_null,46,200,0.23
student5,5,common_up,4,base,independent_calibration,135,200,0.675
student5,5,common_up,4,base,matched_realized_test_null,137,200,0.685
student5,5,common_up,4,extended,independent_calibration,185,200,0.925
student5,5,common_up,4,extended,matched_realized_test_null,185,200,0.925
student5,5,common_up,6,base,independent_calibration,199,200,0.995
student5,5,common_up,6,base,matched_realized_test_null,199,200,0.995
student5,5,common_up,6,extended,independent_calibration,200,200,1.0
student5,5,common_up,6,extended,matched_realized_test_null,200,200,1.0
student5,5,sparse_down,2,base,independent_calibration,38,200,0.19
student5,5,sparse_down,2,base,matched_realized_test_null,38,200,0.19
student5,5,sparse_down,2,extended,independent_calibration,26,200,0.13
student5,5,sparse_down,2,extended,matched_realized_test_null,23,200,0.115
student5,5,sparse_down,4,base,independent_calibration,192,200,0.96
student5,5,sparse_down,4,base,matched_realized_test_null,193,200,0.965
student5,5,sparse_down,4,extended,independent_calibration,145,200,0.725
student5,5,sparse_down,4,extended,matched_realized_test_null,137,200,0.685
student5,5,sparse_down,6,base,independent_calibration,200,200,1.0
student5,5,sparse_down,6,base,matched_realized_test_null,200,200,1.0
student5,5,sparse_down,6,extended,independent_calibration,200,200,1.0
student5,5,sparse_down,6,extended,matched_realized_test_null,200,200,1.0
student5,5,opposed,2,base,independent_calibration,38,200,0.19
student5,5,opposed,2,base,matched_realized_test_null,40,200,0.2
student5,5,opposed,2,extended,independent_calibration,24,200,0.12
student5,5,opposed,2,extended,matched_realized_test_null,24,200,0.12
student5,5,opposed,4,base,independent_calibration,185,200,0.925
student5,5,opposed,4,base,matched_realized_test_null,185,200,0.925
student5,5,opposed,4,extended,independent_calibration,152,200,0.76
student5,5,opposed,4,extended,matched_realized_test_null,148,200,0.74
student5,5,opposed,6,base,independent_calibration,200,200,1.0
student5,5,opposed,6,base,matched_realized_test_null,200,200,1.0
student5,5,opposed,6,extended,independent_calibration,200,200,1.0
student5,5,opposed,6,extended,matched_realized_test_null,200,200,1.0
student5,5,ramp_down,2,base,independent_calibration,20,200,0.1
student5,5,ramp_down,2,base,matched_realized_test_null,21,200,0.105
student5,5,ramp_down,2,extended,independent_calibration,40,200,0.2
student5,5,ramp_down,2,extended,matched_realized_test_null,38,200,0.19
student5,5,ramp_down,4,base,independent_calibration,83,200,0.415
student5,5,ramp_down,4,base,matched_realized_test_null,83,200,0.415
student5,5,ramp_down,4,extended,independent_calibration,144,200,0.72
student5,5,ramp_down,4,extended,matched_realized_test_null,143,200,0.715
student5,5,ramp_down,6,base,independent_calibration,177,200,0.885
student5,5,ramp_down,6,base,matched_realized_test_null,178,200,0.89
student5,5,ramp_down,6,extended,independent_calibration,197,200,0.985
student5,5,ramp_down,6,extended,matched_realized_test_null,197,200,0.985
student5,6,common_down,2,base,independent_calibration,35,200,0.175
student5,6,common_down,2,base,matched_realized_test_null,35,200,0.175
student5,6,common_down,2,extended,independent_calibration,66,200,0.33
student5,6,common_down,2,extended,matched_realized_test_null,62,200,0.31
student5,6,common_down,4,base,independent_calibration,142,200,0.71
student5,6,common_down,4,base,matched_realized_test_null,144,200,0.72
student5,6,common_down,4,extended,independent_calibration,186,200,0.93
student5,6,common_down,4,extended,matched_realized_test_null,186,200,0.93
student5,6,common_down,6,base,independent_calibration,200,200,1.0
student5,6,common_down,6,base,matched_realized_test_null,200,200,1.0
student5,6,common_down,6,extended,independent_calibration,200,200,1.0
student5,6,common_down,6,extended,matched_realized_test_null,200,200,1.0
student5,6,common_up,2,base,independent_calibration,35,200,0.175
student5,6,common_up,2,base,matched_realized_test_null,35,200,0.175
student5,6,common_up,2,extended,independent_calibration,48,200,0.24
student5,6,common_up,2,extended,matched_realized_test_null,45,200,0.225
student5,6,common_up,4,base,independent_calibration,138,200,0.69
student5,6,common_up,4,base,matched_realized_test_null,140,200,0.7
student5,6,common_up,4,extended,independent_calibration,187,200,0.935
student5,6,common_up,4,extended,matched_realized_test_null,186,200,0.93
student5,6,common_up,6,base,independent_calibration,197,200,0.985
student5,6,common_up,6,base,matched_realized_test_null,197,200,0.985
student5,6,common_up,6,extended,independent_calibration,199,200,0.995
student5,6,common_up,6,extended,matched_realized_test_null,199,200,0.995
student5,6,sparse_down,2,base,independent_calibration,44,200,0.22
student5,6,sparse_down,2,base,matched_realized_test_null,45,200,0.225
student5,6,sparse_down,2,extended,independent_calibration,26,200,0.13
student5,6,sparse_down,2,extended,matched_realized_test_null,24,200,0.12
student5,6,sparse_down,4,base,independent_calibration,195,200,0.975
student5,6,sparse_down,4,base,matched_realized_test_null,197,200,0.985
student5,6,sparse_down,4,extended,independent_calibration,156,200,0.78
student5,6,sparse_down,4,extended,matched_realized_test_null,151,200,0.755
student5,6,sparse_down,6,base,independent_calibration,200,200,1.0
student5,6,sparse_down,6,base,matched_realized_test_null,200,200,1.0
student5,6,sparse_down,6,extended,independent_calibration,200,200,1.0
student5,6,sparse_down,6,extended,matched_realized_test_null,200,200,1.0
student5,6,opposed,2,base,independent_calibration,32,200,0.16
student5,6,opposed,2,base,matched_realized_test_null,33,200,0.165
student5,6,opposed,2,extended,independent_calibration,24,200,0.12
student5,6,opposed,2,extended,matched_realized_test_null,24,200,0.12
student5,6,opposed,4,base,independent_calibration,180,200,0.9
student5,6,opposed,4,base,matched_realized_test_null,180,200,0.9
student5,6,opposed,4,extended,independent_calibration,140,200,0.7
student5,6,opposed,4,extended,matched_realized_test_null,135,200,0.675
student5,6,opposed,6,base,independent_calibration,200,200,1.0
student5,6,opposed,6,base,matched_realized_test_null,200,200,1.0
student5,6,opposed,6,extended,independent_calibration,200,200,1.0
student5,6,opposed,6,extended,matched_realized_test_null,200,200,1.0
student5,6,ramp_down,2,base,independent_calibration,21,200,0.105
student5,6,ramp_down,2,base,matched_realized_test_null,23,200,0.115
student5,6,ramp_down,2,extended,independent_calibration,36,200,0.18
student5,6,ramp_down,2,extended,matched_realized_test_null,34,200,0.17
student5,6,ramp_down,4,base,independent_calibration,77,200,0.385
student5,6,ramp_down,4,base,matched_realized_test_null,79,200,0.395
student5,6,ramp_down,4,extended,independent_calibration,134,200,0.67
student5,6,ramp_down,4,extended,matched_realized_test_null,133,200,0.665
student5,6,ramp_down,6,base,independent_calibration,188,200,0.94
student5,6,ramp_down,6,base,matched_realized_test_null,188,200,0.94
student5,6,ramp_down,6,extended,independent_calibration,200,200,1.0
student5,6,ramp_down,6,extended,matched_realized_test_null,200,200,1.0
student5,7,common_down,2,base,independent_calibration,36,200,0.18
student5,7,common_down,2,base,matched_realized_test_null,36,200,0.18
student5,7,common_down,2,extended,independent_calibration,75,200,0.375
student5,7,common_down,2,extended,matched_realized_test_null,72,200,0.36
student5,7,common_down,4,base,independent_calibration,149,200,0.745
student5,7,common_down,4,base,matched_realized_test_null,150,200,0.75
student5,7,common_down,4,extended,independent_calibration,198,200,0.99
student5,7,common_down,4,extended,matched_realized_test_null,196,200,0.98
student5,7,common_down,6,base,independent_calibration,199,200,0.995
student5,7,common_down,6,base,matched_realized_test_null,199,200,0.995
student5,7,common_down,6,extended,independent_calibration,200,200,1.0
student5,7,common_down,6,extended,matched_realized_test_null,200,200,1.0
student5,7,common_up,2,base,independent_calibration,22,200,0.11
student5,7,common_up,2,base,matched_realized_test_null,23,200,0.115
student5,7,common_up,2,extended,independent_calibration,32,200,0.16
student5,7,common_up,2,extended,matched_realized_test_null,28,200,0.14
student5,7,common_up,4,base,independent_calibration,129,200,0.645
student5,7,common_up,4,base,matched_realized_test_null,130,200,0.65
student5,7,common_up,4,extended,independent_calibration,179,200,0.895
student5,7,common_up,4,extended,matched_realized_test_null,175,200,0.875
student5,7,common_up,6,base,independent_calibration,200,200,1.0
student5,7,common_up,6,base,matched_realized_test_null,200,200,1.0
student5,7,common_up,6,extended,independent_calibration,200,200,1.0
student5,7,common_up,6,extended,matched_realized_test_null,200,200,1.0
student5,7,sparse_down,2,base,independent_calibration,39,200,0.195
student5,7,sparse_down,2,base,matched_realized_test_null,39,200,0.195
student5,7,sparse_down,2,extended,independent_calibration,33,200,0.165
student5,7,sparse_down,2,extended,matched_realized_test_null,31,200,0.155
student5,7,sparse_down,4,base,independent_calibration,191,200,0.955
student5,7,sparse_down,4,base,matched_realized_test_null,191,200,0.955
student5,7,sparse_down,4,extended,independent_calibration,148,200,0.74
student5,7,sparse_down,4,extended,matched_realized_test_null,145,200,0.725
student5,7,sparse_down,6,base,independent_calibration,200,200,1.0
student5,7,sparse_down,6,base,matched_realized_test_null,200,200,1.0
student5,7,sparse_down,6,extended,independent_calibration,200,200,1.0
student5,7,sparse_down,6,extended,matched_realized_test_null,200,200,1.0
student5,7,opposed,2,base,independent_calibration,33,200,0.165
student5,7,opposed,2,base,matched_realized_test_null,33,200,0.165
student5,7,opposed,2,extended,independent_calibration,25,200,0.125
student5,7,opposed,2,extended,matched_realized_test_null,25,200,0.125
student5,7,opposed,4,base,independent_calibration,182,200,0.91
student5,7,opposed,4,base,matched_realized_test_null,182,200,0.91
student5,7,opposed,4,extended,independent_calibration,148,200,0.74
student5,7,opposed,4,extended,matched_realized_test_null,144,200,0.72
student5,7,opposed,6,base,independent_calibration,200,200,1.0
student5,7,opposed,6,base,matched_realized_test_null,200,200,1.0
student5,7,opposed,6,extended,independent_calibration,200,200,1.0
student5,7,opposed,6,extended,matched_realized_test_null,200,200,1.0
student5,7,ramp_down,2,base,independent_calibration,25,200,0.125
student5,7,ramp_down,2,base,matched_realized_test_null,25,200,0.125
student5,7,ramp_down,2,extended,independent_calibration,52,200,0.26
student5,7,ramp_down,2,extended,matched_realized_test_null,51,200,0.255
student5,7,ramp_down,4,base,independent_calibration,94,200,0.47
student5,7,ramp_down,4,base,matched_realized_test_null,95,200,0.475
student5,7,ramp_down,4,extended,independent_calibration,155,200,0.775
student5,7,ramp_down,4,extended,matched_realized_test_null,151,200,0.755
student5,7,ramp_down,6,base,independent_calibration,190,200,0.95
student5,7,ramp_down,6,base,matched_realized_test_null,190,200,0.95
student5,7,ramp_down,6,extended,independent_calibration,198,200,0.99
student5,7,ramp_down,6,extended,matched_realized_test_null,198,200,0.99
student5,8,common_down,2,base,independent_calibration,31,200,0.155
student5,8,common_down,2,base,matched_realized_test_null,31,200,0.155
student5,8,common_down,2,extended,independent_calibration,56,200,0.28
student5,8,common_down,2,extended,matched_realized_test_null,54,200,0.27
student5,8,common_down,4,base,independent_calibration,133,200,0.665
student5,8,common_down,4,base,matched_realized_test_null,134,200,0.67
student5,8,common_down,4,extended,independent_calibration,190,200,0.95
student5,8,common_down,4,extended,matched_realized_test_null,190,200,0.95
student5,8,common_down,6,base,independent_calibration,200,200,1.0
student5,8,common_down,6,base,matched_realized_test_null,200,200,1.0
student5,8,common_down,6,extended,independent_calibration,200,200,1.0
student5,8,common_down,6,extended,matched_realized_test_null,200,200,1.0
student5,8,common_up,2,base,independent_calibration,33,200,0.165
student5,8,common_up,2,base,matched_realized_test_null,33,200,0.165
student5,8,common_up,2,extended,independent_calibration,49,200,0.245
student5,8,common_up,2,extended,matched_realized_test_null,47,200,0.235
student5,8,common_up,4,base,independent_calibration,134,200,0.67
student5,8,common_up,4,base,matched_realized_test_null,134,200,0.67
student5,8,common_up,4,extended,independent_calibration,188,200,0.94
student5,8,common_up,4,extended,matched_realized_test_null,185,200,0.925
student5,8,common_up,6,base,independent_calibration,199,200,0.995
student5,8,common_up,6,base,matched_realized_test_null,199,200,0.995
student5,8,common_up,6,extended,independent_calibration,200,200,1.0
student5,8,common_up,6,extended,matched_realized_test_null,200,200,1.0
student5,8,sparse_down,2,base,independent_calibration,37,200,0.185
student5,8,sparse_down,2,base,matched_realized_test_null,39,200,0.195
student5,8,sparse_down,2,extended,independent_calibration,26,200,0.13
student5,8,sparse_down,2,extended,matched_realized_test_null,25,200,0.125
student5,8,sparse_down,4,base,independent_calibration,189,200,0.945
student5,8,sparse_down,4,base,matched_realized_test_null,190,200,0.95
student5,8,sparse_down,4,extended,independent_calibration,138,200,0.69
student5,8,sparse_down,4,extended,matched_realized_test_null,136,200,0.68
student5,8,sparse_down,6,base,independent_calibration,200,200,1.0
student5,8,sparse_down,6,base,matched_realized_test_null,200,200,1.0
student5,8,sparse_down,6,extended,independent_calibration,200,200,1.0
student5,8,sparse_down,6,extended,matched_realized_test_null,200,200,1.0
student5,8,opposed,2,base,independent_calibration,35,200,0.175
student5,8,opposed,2,base,matched_realized_test_null,35,200,0.175
student5,8,opposed,2,extended,independent_calibration,26,200,0.13
student5,8,opposed,2,extended,matched_realized_test_null,23,200,0.115
student5,8,opposed,4,base,independent_calibration,179,200,0.895
student5,8,opposed,4,base,matched_realized_test_null,180,200,0.9
student5,8,opposed,4,extended,independent_calibration,138,200,0.69
student5,8,opposed,4,extended,matched_realized_test_null,137,200,0.685
student5,8,opposed,6,base,independent_calibration,200,200,1.0
student5,8,opposed,6,base,matched_realized_test_null,200,200,1.0
student5,8,opposed,6,extended,independent_calibration,200,200,1.0
student5,8,opposed,6,extended,matched_realized_test_null,200,200,1.0
student5,8,ramp_down,2,base,independent_calibration,22,200,0.11
student5,8,ramp_down,2,base,matched_realized_test_null,22,200,0.11
student5,8,ramp_down,2,extended,independent_calibration,33,200,0.165
student5,8,ramp_down,2,extended,matched_realized_test_null,32,200,0.16
student5,8,ramp_down,4,base,independent_calibration,89,200,0.445
student5,8,ramp_down,4,base,matched_realized_test_null,90,200,0.45
student5,8,ramp_down,4,extended,independent_calibration,153,200,0.765
student5,8,ramp_down,4,extended,matched_realized_test_null,150,200,0.75
student5,8,ramp_down,6,base,independent_calibration,185,200,0.925
student5,8,ramp_down,6,base,matched_realized_test_null,185,200,0.925
student5,8,ramp_down,6,extended,independent_calibration,197,200,0.985
student5,8,ramp_down,6,extended,matched_realized_test_null,196,200,0.98
student5,9,common_down,2,base,independent_calibration,31,200,0.155
student5,9,common_down,2,base,matched_realized_test_null,33,200,0.165
student5,9,common_down,2,extended,independent_calibration,65,200,0.325
student5,9,common_down,2,extended,matched_realized_test_null,61,200,0.305
student5,9,common_down,4,base,independent_calibration,147,200,0.735
student5,9,common_down,4,base,matched_realized_test_null,147,200,0.735
student5,9,common_down,4,extended,independent_calibration,196,200,0.98
student5,9,common_down,4,extended,matched_realized_test_null,194,200,0.97
student5,9,common_down,6,base,independent_calibration,200,200,1.0
student5,9,common_down,6,base,matched_realized_test_null,200,200,1.0
student5,9,common_down,6,extended,independent_calibration,200,200,1.0
student5,9,common_down,6,extended,matched_realized_test_null,200,200,1.0
student5,9,common_up,2,base,independent_calibration,33,200,0.165
student5,9,common_up,2,base,matched_realized_test_null,33,200,0.165
student5,9,common_up,2,extended,independent_calibration,43,200,0.215
student5,9,common_up,2,extended,matched_realized_test_null,42,200,0.21
student5,9,common_up,4,base,independent_calibration,140,200,0.7
student5,9,common_up,4,base,matched_realized_test_null,140,200,0.7
student5,9,common_up,4,extended,independent_calibration,189,200,0.945
student5,9,common_up,4,extended,matched_realized_test_null,189,200,0.945
student5,9,common_up,6,base,independent_calibration,200,200,1.0
student5,9,common_up,6,base,matched_realized_test_null,200,200,1.0
student5,9,common_up,6,extended,independent_calibration,200,200,1.0
student5,9,common_up,6,extended,matched_realized_test_null,200,200,1.0
student5,9,sparse_down,2,base,independent_calibration,47,200,0.235
student5,9,sparse_down,2,base,matched_realized_test_null,47,200,0.235
student5,9,sparse_down,2,extended,independent_calibration,36,200,0.18
student5,9,sparse_down,2,extended,matched_realized_test_null,35,200,0.175
student5,9,sparse_down,4,base,independent_calibration,196,200,0.98
student5,9,sparse_down,4,base,matched_realized_test_null,196,200,0.98
student5,9,sparse_down,4,extended,independent_calibration,163,200,0.815
student5,9,sparse_down,4,extended,matched_realized_test_null,153,200,0.765
student5,9,sparse_down,6,base,independent_calibration,200,200,1.0
student5,9,sparse_down,6,base,matched_realized_test_null,200,200,1.0
student5,9,sparse_down,6,extended,independent_calibration,200,200,1.0
student5,9,sparse_down,6,extended,matched_realized_test_null,200,200,1.0
student5,9,opposed,2,base,independent_calibration,43,200,0.215
student5,9,opposed,2,base,matched_realized_test_null,44,200,0.22
student5,9,opposed,2,extended,independent_calibration,31,200,0.155
student5,9,opposed,2,extended,matched_realized_test_null,30,200,0.15
student5,9,opposed,4,base,independent_calibration,186,200,0.93
student5,9,opposed,4,base,matched_realized_test_null,186,200,0.93
student5,9,opposed,4,extended,independent_calibration,153,200,0.765
student5,9,opposed,4,extended,matched_realized_test_null,149,200,0.745
student5,9,opposed,6,base,independent_calibration,200,200,1.0
student5,9,opposed,6,base,matched_realized_test_null,200,200,1.0
student5,9,opposed,6,extended,independent_calibration,200,200,1.0
student5,9,opposed,6,extended,matched_realized_test_null,200,200,1.0
student5,9,ramp_down,2,base,independent_calibration,25,200,0.125
student5,9,ramp_down,2,base,matched_realized_test_null,27,200,0.135
student5,9,ramp_down,2,extended,independent_calibration,42,200,0.21
student5,9,ramp_down,2,extended,matched_realized_test_null,40,200,0.2
student5,9,ramp_down,4,base,independent_calibration,97,200,0.485
student5,9,ramp_down,4,base,matched_realized_test_null,97,200,0.485
student5,9,ramp_down,4,extended,independent_calibration,159,200,0.795
student5,9,ramp_down,4,extended,matched_realized_test_null,156,200,0.78
student5,9,ramp_down,6,base,independent_calibration,184,200,0.92
student5,9,ramp_down,6,base,matched_realized_test_null,184,200,0.92
student5,9,ramp_down,6,extended,independent_calibration,198,200,0.99
student5,9,ramp_down,6,extended,matched_realized_test_null,198,200,0.99
student5,10,common_down,2,base,independent_calibration,28,200,0.14
student5,10,common_down,2,base,matched_realized_test_null,28,200,0.14
student5,10,common_down,2,extended,independent_calibration,57,200,0.285
student5,10,common_down,2,extended,matched_realized_test_null,52,200,0.26
student5,10,common_down,4,base,independent_calibration,136,200,0.68
student5,10,common_down,4,base,matched_realized_test_null,136,200,0.68
student5,10,common_down,4,extended,independent_calibration,188,200,0.94
student5,10,common_down,4,extended,matched_realized_test_null,188,200,0.94
student5,10,common_down,6,base,independent_calibration,200,200,1.0
student5,10,common_down,6,base,matched_realized_test_null,200,200,1.0
student5,10,common_down,6,extended,independent_calibration,200,200,1.0
student5,10,common_down,6,extended,matched_realized_test_null,200,200,1.0
student5,10,common_up,2,base,independent_calibration,39,200,0.195
student5,10,common_up,2,base,matched_realized_test_null,39,200,0.195
student5,10,common_up,2,extended,independent_calibration,40,200,0.2
student5,10,common_up,2,extended,matched_realized_test_null,40,200,0.2
student5,10,common_up,4,base,independent_calibration,150,200,0.75
student5,10,common_up,4,base,matched_realized_test_null,152,200,0.76
student5,10,common_up,4,extended,independent_calibration,189,200,0.945
student5,10,common_up,4,extended,matched_realized_test_null,188,200,0.94
student5,10,common_up,6,base,independent_calibration,200,200,1.0
student5,10,common_up,6,base,matched_realized_test_null,200,200,1.0
student5,10,common_up,6,extended,independent_calibration,200,200,1.0
student5,10,common_up,6,extended,matched_realized_test_null,200,200,1.0
student5,10,sparse_down,2,base,independent_calibration,46,200,0.23
student5,10,sparse_down,2,base,matched_realized_test_null,46,200,0.23
student5,10,sparse_down,2,extended,independent_calibration,30,200,0.15
student5,10,sparse_down,2,extended,matched_realized_test_null,28,200,0.14
student5,10,sparse_down,4,base,independent_calibration,192,200,0.96
student5,10,sparse_down,4,base,matched_realized_test_null,192,200,0.96
student5,10,sparse_down,4,extended,independent_calibration,148,200,0.74
student5,10,sparse_down,4,extended,matched_realized_test_null,141,200,0.705
student5,10,sparse_down,6,base,independent_calibration,200,200,1.0
student5,10,sparse_down,6,base,matched_realized_test_null,200,200,1.0
student5,10,sparse_down,6,extended,independent_calibration,200,200,1.0
student5,10,sparse_down,6,extended,matched_realized_test_null,200,200,1.0
student5,10,opposed,2,base,independent_calibration,40,200,0.2
student5,10,opposed,2,base,matched_realized_test_null,42,200,0.21
student5,10,opposed,2,extended,independent_calibration,25,200,0.125
student5,10,opposed,2,extended,matched_realized_test_null,22,200,0.11
student5,10,opposed,4,base,independent_calibration,178,200,0.89
student5,10,opposed,4,base,matched_realized_test_null,178,200,0.89
student5,10,opposed,4,extended,independent_calibration,152,200,0.76
student5,10,opposed,4,extended,matched_realized_test_null,144,200,0.72
student5,10,opposed,6,base,independent_calibration,200,200,1.0
student5,10,opposed,6,base,matched_realized_test_null,200,200,1.0
student5,10,opposed,6,extended,independent_calibration,200,200,1.0
student5,10,opposed,6,extended,matched_realized_test_null,200,200,1.0
student5,10,ramp_down,2,base,independent_calibration,19,200,0.095
student5,10,ramp_down,2,base,matched_realized_test_null,19,200,0.095
student5,10,ramp_down,2,extended,independent_calibration,34,200,0.17
student5,10,ramp_down,2,extended,matched_realized_test_null,31,200,0.155
student5,10,ramp_down,4,base,independent_calibration,80,200,0.4
student5,10,ramp_down,4,base,matched_realized_test_null,80,200,0.4
student5,10,ramp_down,4,extended,independent_calibration,140,200,0.7
student5,10,ramp_down,4,extended,matched_realized_test_null,137,200,0.685
student5,10,ramp_down,6,base,independent_calibration,181,200,0.905
student5,10,ramp_down,6,base,matched_realized_test_null,183,200,0.915
student5,10,ramp_down,6,extended,independent_calibration,199,200,0.995
student5,10,ramp_down,6,extended,matched_realized_test_null,199,200,0.995
student5,11,common_down,2,base,independent_calibration,39,200,0.195
student5,11,common_down,2,base,matched_realized_test_null,39,200,0.195
student5,11,common_down,2,extended,independent_calibration,70,200,0.35
student5,11,common_down,2,extended,matched_realized_test_null,67,200,0.335
student5,11,common_down,4,base,independent_calibration,138,200,0.69
student5,11,common_down,4,base,matched_realized_test_null,139,200,0.695
student5,11,common_down,4,extended,independent_calibration,188,200,0.94
student5,11,common_down,4,extended,matched_realized_test_null,186,200,0.93
student5,11,common_down,6,base,independent_calibration,199,200,0.995
student5,11,common_down,6,base,matched_realized_test_null,199,200,0.995
student5,11,common_down,6,extended,independent_calibration,200,200,1.0
student5,11,common_down,6,extended,matched_realized_test_null,200,200,1.0
student5,11,common_up,2,base,independent_calibration,31,200,0.155
student5,11,common_up,2,base,matched_realized_test_null,31,200,0.155
student5,11,common_up,2,extended,independent_calibration,52,200,0.26
student5,11,common_up,2,extended,matched_realized_test_null,49,200,0.245
student5,11,common_up,4,base,independent_calibration,141,200,0.705
student5,11,common_up,4,base,matched_realized_test_null,141,200,0.705
student5,11,common_up,4,extended,independent_calibration,180,200,0.9
student5,11,common_up,4,extended,matched_realized_test_null,180,200,0.9
student5,11,common_up,6,base,independent_calibration,200,200,1.0
student5,11,common_up,6,base,matched_realized_test_null,200,200,1.0
student5,11,common_up,6,extended,independent_calibration,200,200,1.0
student5,11,common_up,6,extended,matched_realized_test_null,200,200,1.0
student5,11,sparse_down,2,base,independent_calibration,36,200,0.18
student5,11,sparse_down,2,base,matched_realized_test_null,37,200,0.185
student5,11,sparse_down,2,extended,independent_calibration,28,200,0.14
student5,11,sparse_down,2,extended,matched_realized_test_null,25,200,0.125
student5,11,sparse_down,4,base,independent_calibration,193,200,0.965
student5,11,sparse_down,4,base,matched_realized_test_null,195,200,0.975
student5,11,sparse_down,4,extended,independent_calibration,160,200,0.8
student5,11,sparse_down,4,extended,matched_realized_test_null,150,200,0.75
student5,11,sparse_down,6,base,independent_calibration,200,200,1.0
student5,11,sparse_down,6,base,matched_realized_test_null,200,200,1.0
student5,11,sparse_down,6,extended,independent_calibration,200,200,1.0
student5,11,sparse_down,6,extended,matched_realized_test_null,200,200,1.0
student5,11,opposed,2,base,independent_calibration,40,200,0.2
student5,11,opposed,2,base,matched_realized_test_null,40,200,0.2
student5,11,opposed,2,extended,independent_calibration,25,200,0.125
student5,11,opposed,2,extended,matched_realized_test_null,21,200,0.105
student5,11,opposed,4,base,independent_calibration,187,200,0.935
student5,11,opposed,4,base,matched_realized_test_null,188,200,0.94
student5,11,opposed,4,extended,independent_calibration,144,200,0.72
student5,11,opposed,4,extended,matched_realized_test_null,140,200,0.7
student5,11,opposed,6,base,independent_calibration,200,200,1.0
student5,11,opposed,6,base,matched_realized_test_null,200,200,1.0
student5,11,opposed,6,extended,independent_calibration,200,200,1.0
student5,11,opposed,6,extended,matched_realized_test_null,200,200,1.0
student5,11,ramp_down,2,base,independent_calibration,22,200,0.11
student5,11,ramp_down,2,base,matched_realized_test_null,22,200,0.11
student5,11,ramp_down,2,extended,independent_calibration,42,200,0.21
student5,11,ramp_down,2,extended,matched_realized_test_null,35,200,0.175
student5,11,ramp_down,4,base,independent_calibration,92,200,0.46
student5,11,ramp_down,4,base,matched_realized_test_null,94,200,0.47
student5,11,ramp_down,4,extended,independent_calibration,145,200,0.725
student5,11,ramp_down,4,extended,matched_realized_test_null,141,200,0.705
student5,11,ramp_down,6,base,independent_calibration,183,200,0.915
student5,11,ramp_down,6,base,matched_realized_test_null,184,200,0.92
student5,11,ramp_down,6,extended,independent_calibration,196,200,0.98
student5,11,ramp_down,6,extended,matched_realized_test_null,196,200,0.98
student5,12,common_down,2,base,independent_calibration,37,200,0.185
student5,12,common_down,2,base,matched_realized_test_null,37,200,0.185
student5,12,common_down,2,extended,independent_calibration,62,200,0.31
student5,12,common_down,2,extended,matched_realized_test_null,61,200,0.305
student5,12,common_down,4,base,independent_calibration,140,200,0.7
student5,12,common_down,4,base,matched_realized_test_null,141,200,0.705
student5,12,common_down,4,extended,independent_calibration,187,200,0.935
student5,12,common_down,4,extended,matched_realized_test_null,187,200,0.935
student5,12,common_down,6,base,independent_calibration,197,200,0.985
student5,12,common_down,6,base,matched_realized_test_null,198,200,0.99
student5,12,common_down,6,extended,independent_calibration,200,200,1.0
student5,12,common_down,6,extended,matched_realized_test_null,200,200,1.0
student5,12,common_up,2,base,independent_calibration,29,200,0.145
student5,12,common_up,2,base,matched_realized_test_null,29,200,0.145
student5,12,common_up,2,extended,independent_calibration,44,200,0.22
student5,12,common_up,2,extended,matched_realized_test_null,42,200,0.21
student5,12,common_up,4,base,independent_calibration,138,200,0.69
student5,12,common_up,4,base,matched_realized_test_null,139,200,0.695
student5,12,common_up,4,extended,independent_calibration,184,200,0.92
student5,12,common_up,4,extended,matched_realized_test_null,183,200,0.915
student5,12,common_up,6,base,independent_calibration,200,200,1.0
student5,12,common_up,6,base,matched_realized_test_null,200,200,1.0
student5,12,common_up,6,extended,independent_calibration,200,200,1.0
student5,12,common_up,6,extended,matched_realized_test_null,200,200,1.0
student5,12,sparse_down,2,base,independent_calibration,43,200,0.215
student5,12,sparse_down,2,base,matched_realized_test_null,44,200,0.22
student5,12,sparse_down,2,extended,independent_calibration,29,200,0.145
student5,12,sparse_down,2,extended,matched_realized_test_null,27,200,0.135
student5,12,sparse_down,4,base,independent_calibration,188,200,0.94
student5,12,sparse_down,4,base,matched_realized_test_null,189,200,0.945
student5,12,sparse_down,4,extended,independent_calibration,152,200,0.76
student5,12,sparse_down,4,extended,matched_realized_test_null,146,200,0.73
student5,12,sparse_down,6,base,independent_calibration,200,200,1.0
student5,12,sparse_down,6,base,matched_realized_test_null,200,200,1.0
student5,12,sparse_down,6,extended,independent_calibration,199,200,0.995
student5,12,sparse_down,6,extended,matched_realized_test_null,199,200,0.995
student5,12,opposed,2,base,independent_calibration,40,200,0.2
student5,12,opposed,2,base,matched_realized_test_null,40,200,0.2
student5,12,opposed,2,extended,independent_calibration,24,200,0.12
student5,12,opposed,2,extended,matched_realized_test_null,24,200,0.12
student5,12,opposed,4,base,independent_calibration,186,200,0.93
student5,12,opposed,4,base,matched_realized_test_null,188,200,0.94
student5,12,opposed,4,extended,independent_calibration,140,200,0.7
student5,12,opposed,4,extended,matched_realized_test_null,137,200,0.685
student5,12,opposed,6,base,independent_calibration,200,200,1.0
student5,12,opposed,6,base,matched_realized_test_null,200,200,1.0
student5,12,opposed,6,extended,independent_calibration,200,200,1.0
student5,12,opposed,6,extended,matched_realized_test_null,200,200,1.0
student5,12,ramp_down,2,base,independent_calibration,26,200,0.13
student5,12,ramp_down,2,base,matched_realized_test_null,26,200,0.13
student5,12,ramp_down,2,extended,independent_calibration,41,200,0.205
student5,12,ramp_down,2,extended,matched_realized_test_null,41,200,0.205
student5,12,ramp_down,4,base,independent_calibration,94,200,0.47
student5,12,ramp_down,4,base,matched_realized_test_null,94,200,0.47
student5,12,ramp_down,4,extended,independent_calibration,144,200,0.72
student5,12,ramp_down,4,extended,matched_realized_test_null,140,200,0.7
student5,12,ramp_down,6,base,independent_calibration,190,200,0.95
student5,12,ramp_down,6,base,matched_realized_test_null,190,200,0.95
student5,12,ramp_down,6,extended,independent_calibration,199,200,0.995
student5,12,ramp_down,6,extended,matched_realized_test_null,199,200,0.995
student5,13,common_down,2,base,independent_calibration,34,200,0.17
student5,13,common_down,2,base,matched_realized_test_null,34,200,0.17
student5,13,common_down,2,extended,independent_calibration,64,200,0.32
student5,13,common_down,2,extended,matched_realized_test_null,59,200,0.295
student5,13,common_down,4,base,independent_calibration,141,200,0.705
student5,13,common_down,4,base,matched_realized_test_null,141,200,0.705
student5,13,common_down,4,extended,independent_calibration,195,200,0.975
student5,13,common_down,4,extended,matched_realized_test_null,193,200,0.965
student5,13,common_down,6,base,independent_calibration,200,200,1.0
student5,13,common_down,6,base,matched_realized_test_null,200,200,1.0
student5,13,common_down,6,extended,independent_calibration,200,200,1.0
student5,13,common_down,6,extended,matched_realized_test_null,200,200,1.0
student5,13,common_up,2,base,independent_calibration,35,200,0.175
student5,13,common_up,2,base,matched_realized_test_null,35,200,0.175
student5,13,common_up,2,extended,independent_calibration,50,200,0.25
student5,13,common_up,2,extended,matched_realized_test_null,47,200,0.235
student5,13,common_up,4,base,independent_calibration,136,200,0.68
student5,13,common_up,4,base,matched_realized_test_null,137,200,0.685
student5,13,common_up,4,extended,independent_calibration,186,200,0.93
student5,13,common_up,4,extended,matched_realized_test_null,186,200,0.93
student5,13,common_up,6,base,independent_calibration,200,200,1.0
student5,13,common_up,6,base,matched_realized_test_null,200,200,1.0
student5,13,common_up,6,extended,independent_calibration,200,200,1.0
student5,13,common_up,6,extended,matched_realized_test_null,200,200,1.0
student5,13,sparse_down,2,base,independent_calibration,46,200,0.23
student5,13,sparse_down,2,base,matched_realized_test_null,46,200,0.23
student5,13,sparse_down,2,extended,independent_calibration,24,200,0.12
student5,13,sparse_down,2,extended,matched_realized_test_null,20,200,0.1
student5,13,sparse_down,4,base,independent_calibration,186,200,0.93
student5,13,sparse_down,4,base,matched_realized_test_null,186,200,0.93
student5,13,sparse_down,4,extended,independent_calibration,159,200,0.795
student5,13,sparse_down,4,extended,matched_realized_test_null,153,200,0.765
student5,13,sparse_down,6,base,independent_calibration,200,200,1.0
student5,13,sparse_down,6,base,matched_realized_test_null,200,200,1.0
student5,13,sparse_down,6,extended,independent_calibration,200,200,1.0
student5,13,sparse_down,6,extended,matched_realized_test_null,200,200,1.0
student5,13,opposed,2,base,independent_calibration,42,200,0.21
student5,13,opposed,2,base,matched_realized_test_null,43,200,0.215
student5,13,opposed,2,extended,independent_calibration,27,200,0.135
student5,13,opposed,2,extended,matched_realized_test_null,26,200,0.13
student5,13,opposed,4,base,independent_calibration,181,200,0.905
student5,13,opposed,4,base,matched_realized_test_null,181,200,0.905
student5,13,opposed,4,extended,independent_calibration,149,200,0.745
student5,13,opposed,4,extended,matched_realized_test_null,143,200,0.715
student5,13,opposed,6,base,independent_calibration,200,200,1.0
student5,13,opposed,6,base,matched_realized_test_null,200,200,1.0
student5,13,opposed,6,extended,independent_calibration,200,200,1.0
student5,13,opposed,6,extended,matched_realized_test_null,200,200,1.0
student5,13,ramp_down,2,base,independent_calibration,24,200,0.12
student5,13,ramp_down,2,base,matched_realized_test_null,24,200,0.12
student5,13,ramp_down,2,extended,independent_calibration,32,200,0.16
student5,13,ramp_down,2,extended,matched_realized_test_null,30,200,0.15
student5,13,ramp_down,4,base,independent_calibration,85,200,0.425
student5,13,ramp_down,4,base,matched_realized_test_null,86,200,0.43
student5,13,ramp_down,4,extended,independent_calibration,146,200,0.73
student5,13,ramp_down,4,extended,matched_realized_test_null,137,200,0.685
student5,13,ramp_down,6,base,independent_calibration,187,200,0.935
student5,13,ramp_down,6,base,matched_realized_test_null,187,200,0.935
student5,13,ramp_down,6,extended,independent_calibration,198,200,0.99
student5,13,ramp_down,6,extended,matched_realized_test_null,198,200,0.99
student5,14,common_down,2,base,independent_calibration,35,200,0.175
student5,14,common_down,2,base,matched_realized_test_null,35,200,0.175
student5,14,common_down,2,extended,independent_calibration,59,200,0.295
student5,14,common_down,2,extended,matched_realized_test_null,58,200,0.29
student5,14,common_down,4,base,independent_calibration,136,200,0.68
student5,14,common_down,4,base,matched_realized_test_null,137,200,0.685
student5,14,common_down,4,extended,independent_calibration,187,200,0.935
student5,14,common_down,4,extended,matched_realized_test_null,185,200,0.925
student5,14,common_down,6,base,independent_calibration,199,200,0.995
student5,14,common_down,6,base,matched_realized_test_null,199,200,0.995
student5,14,common_down,6,extended,independent_calibration,200,200,1.0
student5,14,common_down,6,extended,matched_realized_test_null,200,200,1.0
student5,14,common_up,2,base,independent_calibration,41,200,0.205
student5,14,common_up,2,base,matched_realized_test_null,41,200,0.205
student5,14,common_up,2,extended,independent_calibration,52,200,0.26
student5,14,common_up,2,extended,matched_realized_test_null,50,200,0.25
student5,14,common_up,4,base,independent_calibration,157,200,0.785
student5,14,common_up,4,base,matched_realized_test_null,157,200,0.785
student5,14,common_up,4,extended,independent_calibration,192,200,0.96
student5,14,common_up,4,extended,matched_realized_test_null,190,200,0.95
student5,14,common_up,6,base,independent_calibration,198,200,0.99
student5,14,common_up,6,base,matched_realized_test_null,198,200,0.99
student5,14,common_up,6,extended,independent_calibration,199,200,0.995
student5,14,common_up,6,extended,matched_realized_test_null,199,200,0.995
student5,14,sparse_down,2,base,independent_calibration,48,200,0.24
student5,14,sparse_down,2,base,matched_realized_test_null,48,200,0.24
student5,14,sparse_down,2,extended,independent_calibration,31,200,0.155
student5,14,sparse_down,2,extended,matched_realized_test_null,30,200,0.15
student5,14,sparse_down,4,base,independent_calibration,188,200,0.94
student5,14,sparse_down,4,base,matched_realized_test_null,190,200,0.95
student5,14,sparse_down,4,extended,independent_calibration,144,200,0.72
student5,14,sparse_down,4,extended,matched_realized_test_null,140,200,0.7
student5,14,sparse_down,6,base,independent_calibration,200,200,1.0
student5,14,sparse_down,6,base,matched_realized_test_null,200,200,1.0
student5,14,sparse_down,6,extended,independent_calibration,200,200,1.0
student5,14,sparse_down,6,extended,matched_realized_test_null,200,200,1.0
student5,14,opposed,2,base,independent_calibration,42,200,0.21
student5,14,opposed,2,base,matched_realized_test_null,44,200,0.22
student5,14,opposed,2,extended,independent_calibration,33,200,0.165
student5,14,opposed,2,extended,matched_realized_test_null,33,200,0.165
student5,14,opposed,4,base,independent_calibration,173,200,0.865
student5,14,opposed,4,base,matched_realized_test_null,175,200,0.875
student5,14,opposed,4,extended,independent_calibration,154,200,0.77
student5,14,opposed,4,extended,matched_realized_test_null,150,200,0.75
student5,14,opposed,6,base,independent_calibration,200,200,1.0
student5,14,opposed,6,base,matched_realized_test_null,200,200,1.0
student5,14,opposed,6,extended,independent_calibration,200,200,1.0
student5,14,opposed,6,extended,matched_realized_test_null,200,200,1.0
student5,14,ramp_down,2,base,independent_calibration,28,200,0.14
student5,14,ramp_down,2,base,matched_realized_test_null,28,200,0.14
student5,14,ramp_down,2,extended,independent_calibration,44,200,0.22
student5,14,ramp_down,2,extended,matched_realized_test_null,43,200,0.215
student5,14,ramp_down,4,base,independent_calibration,90,200,0.45
student5,14,ramp_down,4,base,matched_realized_test_null,91,200,0.455
student5,14,ramp_down,4,extended,independent_calibration,144,200,0.72
student5,14,ramp_down,4,extended,matched_realized_test_null,142,200,0.71
student5,14,ramp_down,6,base,independent_calibration,182,200,0.91
student5,14,ramp_down,6,base,matched_realized_test_null,182,200,0.91
student5,14,ramp_down,6,extended,independent_calibration,197,200,0.985
student5,14,ramp_down,6,extended,matched_realized_test_null,195,200,0.975
student5,15,common_down,2,base,independent_calibration,34,200,0.17
student5,15,common_down,2,base,matched_realized_test_null,34,200,0.17
student5,15,common_down,2,extended,independent_calibration,64,200,0.32
student5,15,common_down,2,extended,matched_realized_test_null,59,200,0.295
student5,15,common_down,4,base,independent_calibration,134,200,0.67
student5,15,common_down,4,base,matched_realized_test_null,136,200,0.68
student5,15,common_down,4,extended,independent_calibration,184,200,0.92
student5,15,common_down,4,extended,matched_realized_test_null,182,200,0.91
student5,15,common_down,6,base,independent_calibration,200,200,1.0
student5,15,common_down,6,base,matched_realized_test_null,200,200,1.0
student5,15,common_down,6,extended,independent_calibration,200,200,1.0
student5,15,common_down,6,extended,matched_realized_test_null,200,200,1.0
student5,15,common_up,2,base,independent_calibration,37,200,0.185
student5,15,common_up,2,base,matched_realized_test_null,38,200,0.19
student5,15,common_up,2,extended,independent_calibration,48,200,0.24
student5,15,common_up,2,extended,matched_realized_test_null,46,200,0.23
student5,15,common_up,4,base,independent_calibration,131,200,0.655
student5,15,common_up,4,base,matched_realized_test_null,132,200,0.66
student5,15,common_up,4,extended,independent_calibration,187,200,0.935
student5,15,common_up,4,extended,matched_realized_test_null,183,200,0.915
student5,15,common_up,6,base,independent_calibration,199,200,0.995
student5,15,common_up,6,base,matched_realized_test_null,199,200,0.995
student5,15,common_up,6,extended,independent_calibration,200,200,1.0
student5,15,common_up,6,extended,matched_realized_test_null,200,200,1.0
student5,15,sparse_down,2,base,independent_calibration,40,200,0.2
student5,15,sparse_down,2,base,matched_realized_test_null,40,200,0.2
student5,15,sparse_down,2,extended,independent_calibration,28,200,0.14
student5,15,sparse_down,2,extended,matched_realized_test_null,25,200,0.125
student5,15,sparse_down,4,base,independent_calibration,194,200,0.97
student5,15,sparse_down,4,base,matched_realized_test_null,196,200,0.98
student5,15,sparse_down,4,extended,independent_calibration,140,200,0.7
student5,15,sparse_down,4,extended,matched_realized_test_null,133,200,0.665
student5,15,sparse_down,6,base,independent_calibration,200,200,1.0
student5,15,sparse_down,6,base,matched_realized_test_null,200,200,1.0
student5,15,sparse_down,6,extended,independent_calibration,200,200,1.0
student5,15,sparse_down,6,extended,matched_realized_test_null,200,200,1.0
student5,15,opposed,2,base,independent_calibration,38,200,0.19
student5,15,opposed,2,base,matched_realized_test_null,38,200,0.19
student5,15,opposed,2,extended,independent_calibration,22,200,0.11
student5,15,opposed,2,extended,matched_realized_test_null,22,200,0.11
student5,15,opposed,4,base,independent_calibration,177,200,0.885
student5,15,opposed,4,base,matched_realized_test_null,177,200,0.885
student5,15,opposed,4,extended,independent_calibration,146,200,0.73
student5,15,opposed,4,extended,matched_realized_test_null,142,200,0.71
student5,15,opposed,6,base,independent_calibration,200,200,1.0
student5,15,opposed,6,base,matched_realized_test_null,200,200,1.0
student5,15,opposed,6,extended,independent_calibration,200,200,1.0
student5,15,opposed,6,extended,matched_realized_test_null,200,200,1.0
student5,15,ramp_down,2,base,independent_calibration,27,200,0.135
student5,15,ramp_down,2,base,matched_realized_test_null,27,200,0.135
student5,15,ramp_down,2,extended,independent_calibration,37,200,0.185
student5,15,ramp_down,2,extended,matched_realized_test_null,34,200,0.17
student5,15,ramp_down,4,base,independent_calibration,83,200,0.415
student5,15,ramp_down,4,base,matched_realized_test_null,84,200,0.42
student5,15,ramp_down,4,extended,independent_calibration,142,200,0.71
student5,15,ramp_down,4,extended,matched_realized_test_null,138,200,0.69
student5,15,ramp_down,6,base,independent_calibration,181,200,0.905
student5,15,ramp_down,6,base,matched_realized_test_null,184,200,0.92
student5,15,ramp_down,6,extended,independent_calibration,197,200,0.985
student5,15,ramp_down,6,extended,matched_realized_test_null,197,200,0.985
student5,16,common_down,2,base,independent_calibration,39,200,0.195
student5,16,common_down,2,base,matched_realized_test_null,39,200,0.195
student5,16,common_down,2,extended,independent_calibration,66,200,0.33
student5,16,common_down,2,extended,matched_realized_test_null,63,200,0.315
student5,16,common_down,4,base,independent_calibration,130,200,0.65
student5,16,common_down,4,base,matched_realized_test_null,131,200,0.655
student5,16,common_down,4,extended,independent_calibration,185,200,0.925
student5,16,common_down,4,extended,matched_realized_test_null,183,200,0.915
student5,16,common_down,6,base,independent_calibration,199,200,0.995
student5,16,common_down,6,base,matched_realized_test_null,199,200,0.995
student5,16,common_down,6,extended,independent_calibration,200,200,1.0
student5,16,common_down,6,extended,matched_realized_test_null,200,200,1.0
student5,16,common_up,2,base,independent_calibration,46,200,0.23
student5,16,common_up,2,base,matched_realized_test_null,46,200,0.23
student5,16,common_up,2,extended,independent_calibration,71,200,0.355
student5,16,common_up,2,extended,matched_realized_test_null,70,200,0.35
student5,16,common_up,4,base,independent_calibration,139,200,0.695
student5,16,common_up,4,base,matched_realized_test_null,139,200,0.695
student5,16,common_up,4,extended,independent_calibration,185,200,0.925
student5,16,common_up,4,extended,matched_realized_test_null,182,200,0.91
student5,16,common_up,6,base,independent_calibration,199,200,0.995
student5,16,common_up,6,base,matched_realized_test_null,199,200,0.995
student5,16,common_up,6,extended,independent_calibration,200,200,1.0
student5,16,common_up,6,extended,matched_realized_test_null,200,200,1.0
student5,16,sparse_down,2,base,independent_calibration,46,200,0.23
student5,16,sparse_down,2,base,matched_realized_test_null,46,200,0.23
student5,16,sparse_down,2,extended,independent_calibration,31,200,0.155
student5,16,sparse_down,2,extended,matched_realized_test_null,29,200,0.145
student5,16,sparse_down,4,base,independent_calibration,188,200,0.94
student5,16,sparse_down,4,base,matched_realized_test_null,190,200,0.95
student5,16,sparse_down,4,extended,independent_calibration,144,200,0.72
student5,16,sparse_down,4,extended,matched_realized_test_null,139,200,0.695
student5,16,sparse_down,6,base,independent_calibration,200,200,1.0
student5,16,sparse_down,6,base,matched_realized_test_null,200,200,1.0
student5,16,sparse_down,6,extended,independent_calibration,200,200,1.0
student5,16,sparse_down,6,extended,matched_realized_test_null,200,200,1.0
student5,16,opposed,2,base,independent_calibration,50,200,0.25
student5,16,opposed,2,base,matched_realized_test_null,50,200,0.25
student5,16,opposed,2,extended,independent_calibration,30,200,0.15
student5,16,opposed,2,extended,matched_realized_test_null,27,200,0.135
student5,16,opposed,4,base,independent_calibration,185,200,0.925
student5,16,opposed,4,base,matched_realized_test_null,185,200,0.925
student5,16,opposed,4,extended,independent_calibration,153,200,0.765
student5,16,opposed,4,extended,matched_realized_test_null,149,200,0.745
student5,16,opposed,6,base,independent_calibration,200,200,1.0
student5,16,opposed,6,base,matched_realized_test_null,200,200,1.0
student5,16,opposed,6,extended,independent_calibration,200,200,1.0
student5,16,opposed,6,extended,matched_realized_test_null,200,200,1.0
student5,16,ramp_down,2,base,independent_calibration,27,200,0.135
student5,16,ramp_down,2,base,matched_realized_test_null,27,200,0.135
student5,16,ramp_down,2,extended,independent_calibration,41,200,0.205
student5,16,ramp_down,2,extended,matched_realized_test_null,38,200,0.19
student5,16,ramp_down,4,base,independent_calibration,89,200,0.445
student5,16,ramp_down,4,base,matched_realized_test_null,89,200,0.445
student5,16,ramp_down,4,extended,independent_calibration,150,200,0.75
student5,16,ramp_down,4,extended,matched_realized_test_null,148,200,0.74
student5,16,ramp_down,6,base,independent_calibration,185,200,0.925
student5,16,ramp_down,6,base,matched_realized_test_null,185,200,0.925
student5,16,ramp_down,6,extended,independent_calibration,200,200,1.0
student5,16,ramp_down,6,extended,matched_realized_test_null,199,200,0.995
student5,17,common_down,2,base,independent_calibration,35,200,0.175
student5,17,common_down,2,base,matched_realized_test_null,35,200,0.175
student5,17,common_down,2,extended,independent_calibration,64,200,0.32
student5,17,common_down,2,extended,matched_realized_test_null,60,200,0.3
student5,17,common_down,4,base,independent_calibration,136,200,0.68
student5,17,common_down,4,base,matched_realized_test_null,136,200,0.68
student5,17,common_down,4,extended,independent_calibration,189,200,0.945
student5,17,common_down,4,extended,matched_realized_test_null,187,200,0.935
student5,17,common_down,6,base,independent_calibration,200,200,1.0
student5,17,common_down,6,base,matched_realized_test_null,200,200,1.0
student5,17,common_down,6,extended,independent_calibration,200,200,1.0
student5,17,common_down,6,extended,matched_realized_test_null,200,200,1.0
student5,17,common_up,2,base,independent_calibration,35,200,0.175
student5,17,common_up,2,base,matched_realized_test_null,35,200,0.175
student5,17,common_up,2,extended,independent_calibration,54,200,0.27
student5,17,common_up,2,extended,matched_realized_test_null,52,200,0.26
student5,17,common_up,4,base,independent_calibration,145,200,0.725
student5,17,common_up,4,base,matched_realized_test_null,145,200,0.725
student5,17,common_up,4,extended,independent_calibration,182,200,0.91
student5,17,common_up,4,extended,matched_realized_test_null,181,200,0.905
student5,17,common_up,6,base,independent_calibration,200,200,1.0
student5,17,common_up,6,base,matched_realized_test_null,200,200,1.0
student5,17,common_up,6,extended,independent_calibration,200,200,1.0
student5,17,common_up,6,extended,matched_realized_test_null,200,200,1.0
student5,17,sparse_down,2,base,independent_calibration,42,200,0.21
student5,17,sparse_down,2,base,matched_realized_test_null,43,200,0.215
student5,17,sparse_down,2,extended,independent_calibration,34,200,0.17
student5,17,sparse_down,2,extended,matched_realized_test_null,34,200,0.17
student5,17,sparse_down,4,base,independent_calibration,192,200,0.96
student5,17,sparse_down,4,base,matched_realized_test_null,192,200,0.96
student5,17,sparse_down,4,extended,independent_calibration,145,200,0.725
student5,17,sparse_down,4,extended,matched_realized_test_null,141,200,0.705
student5,17,sparse_down,6,base,independent_calibration,200,200,1.0
student5,17,sparse_down,6,base,matched_realized_test_null,200,200,1.0
student5,17,sparse_down,6,extended,independent_calibration,200,200,1.0
student5,17,sparse_down,6,extended,matched_realized_test_null,200,200,1.0
student5,17,opposed,2,base,independent_calibration,37,200,0.185
student5,17,opposed,2,base,matched_realized_test_null,38,200,0.19
student5,17,opposed,2,extended,independent_calibration,23,200,0.115
student5,17,opposed,2,extended,matched_realized_test_null,21,200,0.105
student5,17,opposed,4,base,independent_calibration,185,200,0.925
student5,17,opposed,4,base,matched_realized_test_null,185,200,0.925
student5,17,opposed,4,extended,independent_calibration,158,200,0.79
student5,17,opposed,4,extended,matched_realized_test_null,152,200,0.76
student5,17,opposed,6,base,independent_calibration,200,200,1.0
student5,17,opposed,6,base,matched_realized_test_null,200,200,1.0
student5,17,opposed,6,extended,independent_calibration,200,200,1.0
student5,17,opposed,6,extended,matched_realized_test_null,200,200,1.0
student5,17,ramp_down,2,base,independent_calibration,26,200,0.13
student5,17,ramp_down,2,base,matched_realized_test_null,27,200,0.135
student5,17,ramp_down,2,extended,independent_calibration,37,200,0.185
student5,17,ramp_down,2,extended,matched_realized_test_null,34,200,0.17
student5,17,ramp_down,4,base,independent_calibration,86,200,0.43
student5,17,ramp_down,4,base,matched_realized_test_null,86,200,0.43
student5,17,ramp_down,4,extended,independent_calibration,145,200,0.725
student5,17,ramp_down,4,extended,matched_realized_test_null,139,200,0.695
student5,17,ramp_down,6,base,independent_calibration,186,200,0.93
student5,17,ramp_down,6,base,matched_realized_test_null,186,200,0.93
student5,17,ramp_down,6,extended,independent_calibration,198,200,0.99
student5,17,ramp_down,6,extended,matched_realized_test_null,197,200,0.985
student5,18,common_down,2,base,independent_calibration,38,200,0.19
student5,18,common_down,2,base,matched_realized_test_null,38,200,0.19
student5,18,common_down,2,extended,independent_calibration,68,200,0.34
student5,18,common_down,2,extended,matched_realized_test_null,62,200,0.31
student5,18,common_down,4,base,independent_calibration,134,200,0.67
student5,18,common_down,4,base,matched_realized_test_null,135,200,0.675
student5,18,common_down,4,extended,independent_calibration,188,200,0.94
student5,18,common_down,4,extended,matched_realized_test_null,186,200,0.93
student5,18,common_down,6,base,independent_calibration,198,200,0.99
student5,18,common_down,6,base,matched_realized_test_null,199,200,0.995
student5,18,common_down,6,extended,independent_calibration,200,200,1.0
student5,18,common_down,6,extended,matched_realized_test_null,200,200,1.0
student5,18,common_up,2,base,independent_calibration,28,200,0.14
student5,18,common_up,2,base,matched_realized_test_null,28,200,0.14
student5,18,common_up,2,extended,independent_calibration,41,200,0.205
student5,18,common_up,2,extended,matched_realized_test_null,41,200,0.205
student5,18,common_up,4,base,independent_calibration,138,200,0.69
student5,18,common_up,4,base,matched_realized_test_null,139,200,0.695
student5,18,common_up,4,extended,independent_calibration,181,200,0.905
student5,18,common_up,4,extended,matched_realized_test_null,179,200,0.895
student5,18,common_up,6,base,independent_calibration,198,200,0.99
student5,18,common_up,6,base,matched_realized_test_null,198,200,0.99
student5,18,common_up,6,extended,independent_calibration,200,200,1.0
student5,18,common_up,6,extended,matched_realized_test_null,200,200,1.0
student5,18,sparse_down,2,base,independent_calibration,44,200,0.22
student5,18,sparse_down,2,base,matched_realized_test_null,44,200,0.22
student5,18,sparse_down,2,extended,independent_calibration,37,200,0.185
student5,18,sparse_down,2,extended,matched_realized_test_null,31,200,0.155
student5,18,sparse_down,4,base,independent_calibration,190,200,0.95
student5,18,sparse_down,4,base,matched_realized_test_null,190,200,0.95
student5,18,sparse_down,4,extended,independent_calibration,141,200,0.705
student5,18,sparse_down,4,extended,matched_realized_test_null,137,200,0.685
student5,18,sparse_down,6,base,independent_calibration,200,200,1.0
student5,18,sparse_down,6,base,matched_realized_test_null,200,200,1.0
student5,18,sparse_down,6,extended,independent_calibration,200,200,1.0
student5,18,sparse_down,6,extended,matched_realized_test_null,200,200,1.0
student5,18,opposed,2,base,independent_calibration,34,200,0.17
student5,18,opposed,2,base,matched_realized_test_null,34,200,0.17
student5,18,opposed,2,extended,independent_calibration,22,200,0.11
student5,18,opposed,2,extended,matched_realized_test_null,22,200,0.11
student5,18,opposed,4,base,independent_calibration,183,200,0.915
student5,18,opposed,4,base,matched_realized_test_null,185,200,0.925
student5,18,opposed,4,extended,independent_calibration,145,200,0.725
student5,18,opposed,4,extended,matched_realized_test_null,140,200,0.7
student5,18,opposed,6,base,independent_calibration,200,200,1.0
student5,18,opposed,6,base,matched_realized_test_null,200,200,1.0
student5,18,opposed,6,extended,independent_calibration,200,200,1.0
student5,18,opposed,6,extended,matched_realized_test_null,200,200,1.0
student5,18,ramp_down,2,base,independent_calibration,29,200,0.145
student5,18,ramp_down,2,base,matched_realized_test_null,30,200,0.15
student5,18,ramp_down,2,extended,independent_calibration,49,200,0.245
student5,18,ramp_down,2,extended,matched_realized_test_null,46,200,0.23
student5,18,ramp_down,4,base,independent_calibration,98,200,0.49
student5,18,ramp_down,4,base,matched_realized_test_null,98,200,0.49
student5,18,ramp_down,4,extended,independent_calibration,153,200,0.765
student5,18,ramp_down,4,extended,matched_realized_test_null,149,200,0.745
student5,18,ramp_down,6,base,independent_calibration,189,200,0.945
student5,18,ramp_down,6,base,matched_realized_test_null,191,200,0.955
student5,18,ramp_down,6,extended,independent_calibration,197,200,0.985
student5,18,ramp_down,6,extended,matched_realized_test_null,197,200,0.985
student5,19,common_down,2,base,independent_calibration,37,200,0.185
student5,19,common_down,2,base,matched_realized_test_null,37,200,0.185
student5,19,common_down,2,extended,independent_calibration,70,200,0.35
student5,19,common_down,2,extended,matched_realized_test_null,67,200,0.335
student5,19,common_down,4,base,independent_calibration,148,200,0.74
student5,19,common_down,4,base,matched_realized_test_null,150,200,0.75
student5,19,common_down,4,extended,independent_calibration,194,200,0.97
student5,19,common_down,4,extended,matched_realized_test_null,193,200,0.965
student5,19,common_down,6,base,independent_calibration,200,200,1.0
student5,19,common_down,6,base,matched_realized_test_null,200,200,1.0
student5,19,common_down,6,extended,independent_calibration,200,200,1.0
student5,19,common_down,6,extended,matched_realized_test_null,200,200,1.0
student5,19,common_up,2,base,independent_calibration,36,200,0.18
student5,19,common_up,2,base,matched_realized_test_null,37,200,0.185
student5,19,common_up,2,extended,independent_calibration,48,200,0.24
student5,19,common_up,2,extended,matched_realized_test_null,46,200,0.23
student5,19,common_up,4,base,independent_calibration,137,200,0.685
student5,19,common_up,4,base,matched_realized_test_null,137,200,0.685
student5,19,common_up,4,extended,independent_calibration,182,200,0.91
student5,19,common_up,4,extended,matched_realized_test_null,180,200,0.9
student5,19,common_up,6,base,independent_calibration,199,200,0.995
student5,19,common_up,6,base,matched_realized_test_null,199,200,0.995
student5,19,common_up,6,extended,independent_calibration,200,200,1.0
student5,19,common_up,6,extended,matched_realized_test_null,200,200,1.0
student5,19,sparse_down,2,base,independent_calibration,49,200,0.245
student5,19,sparse_down,2,base,matched_realized_test_null,50,200,0.25
student5,19,sparse_down,2,extended,independent_calibration,29,200,0.145
student5,19,sparse_down,2,extended,matched_realized_test_null,29,200,0.145
student5,19,sparse_down,4,base,independent_calibration,188,200,0.94
student5,19,sparse_down,4,base,matched_realized_test_null,188,200,0.94
student5,19,sparse_down,4,extended,independent_calibration,138,200,0.69
student5,19,sparse_down,4,extended,matched_realized_test_null,133,200,0.665
student5,19,sparse_down,6,base,independent_calibration,200,200,1.0
student5,19,sparse_down,6,base,matched_realized_test_null,200,200,1.0
student5,19,sparse_down,6,extended,independent_calibration,200,200,1.0
student5,19,sparse_down,6,extended,matched_realized_test_null,200,200,1.0
student5,19,opposed,2,base,independent_calibration,40,200,0.2
student5,19,opposed,2,base,matched_realized_test_null,44,200,0.22
student5,19,opposed,2,extended,independent_calibration,22,200,0.11
student5,19,opposed,2,extended,matched_realized_test_null,22,200,0.11
student5,19,opposed,4,base,independent_calibration,187,200,0.935
student5,19,opposed,4,base,matched_realized_test_null,187,200,0.935
student5,19,opposed,4,extended,independent_calibration,144,200,0.72
student5,19,opposed,4,extended,matched_realized_test_null,140,200,0.7
student5,19,opposed,6,base,independent_calibration,200,200,1.0
student5,19,opposed,6,base,matched_realized_test_null,200,200,1.0
student5,19,opposed,6,extended,independent_calibration,200,200,1.0
student5,19,opposed,6,extended,matched_realized_test_null,200,200,1.0
student5,19,ramp_down,2,base,independent_calibration,29,200,0.145
student5,19,ramp_down,2,base,matched_realized_test_null,29,200,0.145
student5,19,ramp_down,2,extended,independent_calibration,43,200,0.215
student5,19,ramp_down,2,extended,matched_realized_test_null,43,200,0.215
student5,19,ramp_down,4,base,independent_calibration,87,200,0.435
student5,19,ramp_down,4,base,matched_realized_test_null,88,200,0.44
student5,19,ramp_down,4,extended,independent_calibration,157,200,0.785
student5,19,ramp_down,4,extended,matched_realized_test_null,149,200,0.745
student5,19,ramp_down,6,base,independent_calibration,187,200,0.935
student5,19,ramp_down,6,base,matched_realized_test_null,187,200,0.935
student5,19,ramp_down,6,extended,independent_calibration,198,200,0.99
student5,19,ramp_down,6,extended,matched_realized_test_null,198,200,0.99
