family,seed,form,amplitude,target_fa,method,events,hits,null_alarm_cells,null_cells,mean_delay_with_misses
gaussian,0,common_down,2.0,0.01,stouffer_down,200,98,103,9000,1.885
gaussian,0,common_down,2.0,0.03,stouffer_down,200,128,288,9000,1.51
gaussian,0,common_down,2.0,0.01,stouffer_two_sided,200,77,117,9000,2.14
gaussian,0,common_down,2.0,0.03,stouffer_two_sided,200,109,327,9000,1.72
gaussian,0,common_down,2.0,0.01,max_absolute,200,42,104,9000,2.585
gaussian,0,common_down,2.0,0.03,max_absolute,200,69,298,9000,2.28
gaussian,0,common_down,2.0,0.01,glr_two_sided,200,80,109,9000,2.27
gaussian,0,common_down,2.0,0.03,glr_two_sided,200,106,302,9000,1.93
gaussian,0,common_down,2.0,0.01,energy,200,69,109,9000,2.27
gaussian,0,common_down,2.0,0.03,energy,200,101,292,9000,1.89
gaussian,0,common_down,2.0,0.01,mahalanobis,200,39,86,9000,2.595
gaussian,0,common_down,2.0,0.03,mahalanobis,200,72,271,9000,2.225
gaussian,0,common_down,4.0,0.01,stouffer_down,200,193,103,9000,0.335
gaussian,0,common_down,4.0,0.03,stouffer_down,200,199,288,9000,0.175
gaussian,0,common_down,4.0,0.01,stouffer_two_sided,200,187,117,9000,0.47
gaussian,0,common_down,4.0,0.03,stouffer_two_sided,200,195,327,9000,0.255
gaussian,0,common_down,4.0,0.01,max_absolute,200,151,104,9000,1.245
gaussian,0,common_down,4.0,0.03,max_absolute,200,176,298,9000,0.76
gaussian,0,common_down,4.0,0.01,glr_two_sided,200,189,109,9000,0.83
gaussian,0,common_down,4.0,0.03,glr_two_sided,200,196,302,9000,0.455
gaussian,0,common_down,4.0,0.01,energy,200,182,109,9000,0.585
gaussian,0,common_down,4.0,0.03,energy,200,195,292,9000,0.325
gaussian,0,common_down,4.0,0.01,mahalanobis,200,141,86,9000,1.29
gaussian,0,common_down,4.0,0.03,mahalanobis,200,175,271,9000,0.8
gaussian,0,common_down,6.0,0.01,stouffer_down,200,200,103,9000,0.035
gaussian,0,common_down,6.0,0.03,stouffer_down,200,200,288,9000,0.005
gaussian,0,common_down,6.0,0.01,stouffer_two_sided,200,200,117,9000,0.04
gaussian,0,common_down,6.0,0.03,stouffer_two_sided,200,200,327,9000,0.025
gaussian,0,common_down,6.0,0.01,max_absolute,200,200,104,9000,0.195
gaussian,0,common_down,6.0,0.03,max_absolute,200,200,298,9000,0.1
gaussian,0,common_down,6.0,0.01,glr_two_sided,200,200,109,9000,0.085
gaussian,0,common_down,6.0,0.03,glr_two_sided,200,200,302,9000,0.035
gaussian,0,common_down,6.0,0.01,energy,200,200,109,9000,0.055
gaussian,0,common_down,6.0,0.03,energy,200,200,292,9000,0.03
gaussian,0,common_down,6.0,0.01,mahalanobis,200,199,86,9000,0.165
gaussian,0,common_down,6.0,0.03,mahalanobis,200,200,271,9000,0.07
gaussian,0,common_up,2.0,0.01,stouffer_down,200,0,103,9000,3.0
gaussian,0,common_up,2.0,0.03,stouffer_down,200,0,288,9000,3.0
gaussian,0,common_up,2.0,0.01,stouffer_two_sided,200,69,117,9000,2.235
gaussian,0,common_up,2.0,0.03,stouffer_two_sided,200,99,327,9000,1.92
gaussian,0,common_up,2.0,0.01,max_absolute,200,44,104,9000,2.555
gaussian,0,common_up,2.0,0.03,max_absolute,200,79,298,9000,2.115
gaussian,0,common_up,2.0,0.01,glr_two_sided,200,70,109,9000,2.375
gaussian,0,common_up,2.0,0.03,glr_two_sided,200,94,302,9000,2.1
gaussian,0,common_up,2.0,0.01,energy,200,60,109,9000,2.36
gaussian,0,common_up,2.0,0.03,energy,200,90,292,9000,1.99
gaussian,0,common_up,2.0,0.01,mahalanobis,200,41,86,9000,2.575
gaussian,0,common_up,2.0,0.03,mahalanobis,200,60,271,9000,2.36
gaussian,0,common_up,4.0,0.01,stouffer_down,200,0,103,9000,3.0
gaussian,0,common_up,4.0,0.03,stouffer_down,200,0,288,9000,3.0
gaussian,0,common_up,4.0,0.01,stouffer_two_sided,200,186,117,9000,0.54
gaussian,0,common_up,4.0,0.03,stouffer_two_sided,200,194,327,9000,0.315
gaussian,0,common_up,4.0,0.01,max_absolute,200,137,104,9000,1.35
gaussian,0,common_up,4.0,0.03,max_absolute,200,175,298,9000,0.8
gaussian,0,common_up,4.0,0.01,glr_two_sided,200,187,109,9000,0.905
gaussian,0,common_up,4.0,0.03,glr_two_sided,200,194,302,9000,0.515
gaussian,0,common_up,4.0,0.01,energy,200,179,109,9000,0.685
gaussian,0,common_up,4.0,0.03,energy,200,191,292,9000,0.385
gaussian,0,common_up,4.0,0.01,mahalanobis,200,137,86,9000,1.33
gaussian,0,common_up,4.0,0.03,mahalanobis,200,166,271,9000,0.9
gaussian,0,common_up,6.0,0.01,stouffer_down,200,0,103,9000,3.0
gaussian,0,common_up,6.0,0.03,stouffer_down,200,0,288,9000,3.0
gaussian,0,common_up,6.0,0.01,stouffer_two_sided,200,200,117,9000,0.05
gaussian,0,common_up,6.0,0.03,stouffer_two_sided,200,200,327,9000,0.015
gaussian,0,common_up,6.0,0.01,max_absolute,200,198,104,9000,0.23
gaussian,0,common_up,6.0,0.03,max_absolute,200,200,298,9000,0.11
gaussian,0,common_up,6.0,0.01,glr_two_sided,200,200,109,9000,0.12
gaussian,0,common_up,6.0,0.03,glr_two_sided,200,200,302,9000,0.055
gaussian,0,common_up,6.0,0.01,energy,200,200,109,9000,0.08
gaussian,0,common_up,6.0,0.03,energy,200,200,292,9000,0.04
gaussian,0,common_up,6.0,0.01,mahalanobis,200,198,86,9000,0.23
gaussian,0,common_up,6.0,0.03,mahalanobis,200,200,271,9000,0.09
gaussian,0,sparse_down,2.0,0.01,stouffer_down,200,36,103,9000,2.625
gaussian,0,sparse_down,2.0,0.03,stouffer_down,200,64,288,9000,2.31
gaussian,0,sparse_down,2.0,0.01,stouffer_two_sided,200,28,117,9000,2.7
gaussian,0,sparse_down,2.0,0.03,stouffer_two_sided,200,47,327,9000,2.505
gaussian,0,sparse_down,2.0,0.01,max_absolute,200,79,104,9000,2.115
gaussian,0,sparse_down,2.0,0.03,max_absolute,200,118,298,9000,1.66
gaussian,0,sparse_down,2.0,0.01,glr_two_sided,200,17,109,9000,2.85
gaussian,0,sparse_down,2.0,0.03,glr_two_sided,200,38,302,9000,2.615
gaussian,0,sparse_down,2.0,0.01,energy,200,61,109,9000,2.355
gaussian,0,sparse_down,2.0,0.03,energy,200,101,292,9000,1.865
gaussian,0,sparse_down,2.0,0.01,mahalanobis,200,74,86,9000,2.17
gaussian,0,sparse_down,2.0,0.03,mahalanobis,200,112,271,9000,1.705
gaussian,0,sparse_down,4.0,0.01,stouffer_down,200,81,103,9000,2.095
gaussian,0,sparse_down,4.0,0.03,stouffer_down,200,114,288,9000,1.665
gaussian,0,sparse_down,4.0,0.01,stouffer_two_sided,200,67,117,9000,2.275
gaussian,0,sparse_down,4.0,0.03,stouffer_two_sided,200,100,327,9000,1.875
gaussian,0,sparse_down,4.0,0.01,max_absolute,200,198,104,9000,0.255
gaussian,0,sparse_down,4.0,0.03,max_absolute,200,198,298,9000,0.15
gaussian,0,sparse_down,4.0,0.01,glr_two_sided,200,64,109,9000,2.42
gaussian,0,sparse_down,4.0,0.03,glr_two_sided,200,92,302,9000,2.08
gaussian,0,sparse_down,4.0,0.01,energy,200,189,109,9000,0.6
gaussian,0,sparse_down,4.0,0.03,energy,200,196,292,9000,0.26
gaussian,0,sparse_down,4.0,0.01,mahalanobis,200,197,86,9000,0.28
gaussian,0,sparse_down,4.0,0.03,mahalanobis,200,200,271,9000,0.15
gaussian,0,sparse_down,6.0,0.01,stouffer_down,200,133,103,9000,1.425
gaussian,0,sparse_down,6.0,0.03,stouffer_down,200,170,288,9000,0.855
gaussian,0,sparse_down,6.0,0.01,stouffer_two_sided,200,116,117,9000,1.64
gaussian,0,sparse_down,6.0,0.03,stouffer_two_sided,200,144,327,9000,1.26
gaussian,0,sparse_down,6.0,0.01,max_absolute,200,200,104,9000,0.0
gaussian,0,sparse_down,6.0,0.03,max_absolute,200,200,298,9000,0.0
gaussian,0,sparse_down,6.0,0.01,glr_two_sided,200,127,109,9000,1.76
gaussian,0,sparse_down,6.0,0.03,glr_two_sided,200,152,302,9000,1.385
gaussian,0,sparse_down,6.0,0.01,energy,200,200,109,9000,0.0
gaussian,0,sparse_down,6.0,0.03,energy,200,200,292,9000,0.0
gaussian,0,sparse_down,6.0,0.01,mahalanobis,200,200,86,9000,0.0
gaussian,0,sparse_down,6.0,0.03,mahalanobis,200,200,271,9000,0.0
gaussian,0,opposed,2.0,0.01,stouffer_down,200,11,103,9000,2.895
gaussian,0,opposed,2.0,0.03,stouffer_down,200,25,288,9000,2.725
gaussian,0,opposed,2.0,0.01,stouffer_two_sided,200,15,117,9000,2.87
gaussian,0,opposed,2.0,0.03,stouffer_two_sided,200,36,327,9000,2.645
gaussian,0,opposed,2.0,0.01,max_absolute,200,62,104,9000,2.31
gaussian,0,opposed,2.0,0.03,max_absolute,200,109,298,9000,1.735
gaussian,0,opposed,2.0,0.01,glr_two_sided,200,10,109,9000,2.915
gaussian,0,opposed,2.0,0.03,glr_two_sided,200,21,302,9000,2.815
gaussian,0,opposed,2.0,0.01,energy,200,56,109,9000,2.41
gaussian,0,opposed,2.0,0.03,energy,200,105,292,9000,1.835
gaussian,0,opposed,2.0,0.01,mahalanobis,200,95,86,9000,1.945
gaussian,0,opposed,2.0,0.03,mahalanobis,200,129,271,9000,1.51
gaussian,0,opposed,4.0,0.01,stouffer_down,200,11,103,9000,2.895
gaussian,0,opposed,4.0,0.03,stouffer_down,200,25,288,9000,2.725
gaussian,0,opposed,4.0,0.01,stouffer_two_sided,200,15,117,9000,2.87
gaussian,0,opposed,4.0,0.03,stouffer_two_sided,200,36,327,9000,2.645
gaussian,0,opposed,4.0,0.01,max_absolute,200,194,104,9000,0.405
gaussian,0,opposed,4.0,0.03,max_absolute,200,199,298,9000,0.185
gaussian,0,opposed,4.0,0.01,glr_two_sided,200,10,109,9000,2.915
gaussian,0,opposed,4.0,0.03,glr_two_sided,200,21,302,9000,2.815
gaussian,0,opposed,4.0,0.01,energy,200,195,109,9000,0.365
gaussian,0,opposed,4.0,0.03,energy,200,200,292,9000,0.14
gaussian,0,opposed,4.0,0.01,mahalanobis,200,200,86,9000,0.095
gaussian,0,opposed,4.0,0.03,mahalanobis,200,200,271,9000,0.05
gaussian,0,opposed,6.0,0.01,stouffer_down,200,11,103,9000,2.895
gaussian,0,opposed,6.0,0.03,stouffer_down,200,25,288,9000,2.725
gaussian,0,opposed,6.0,0.01,stouffer_two_sided,200,15,117,9000,2.87
gaussian,0,opposed,6.0,0.03,stouffer_two_sided,200,36,327,9000,2.645
gaussian,0,opposed,6.0,0.01,max_absolute,200,200,104,9000,0.005
gaussian,0,opposed,6.0,0.03,max_absolute,200,200,298,9000,0.0
gaussian,0,opposed,6.0,0.01,glr_two_sided,200,10,109,9000,2.915
gaussian,0,opposed,6.0,0.03,glr_two_sided,200,21,302,9000,2.815
gaussian,0,opposed,6.0,0.01,energy,200,200,109,9000,0.0
gaussian,0,opposed,6.0,0.03,energy,200,200,292,9000,0.0
gaussian,0,opposed,6.0,0.01,mahalanobis,200,200,86,9000,0.0
gaussian,0,opposed,6.0,0.03,mahalanobis,200,200,271,9000,0.0
gaussian,0,ramp_down,2.0,0.01,stouffer_down,200,65,103,9000,2.445
gaussian,0,ramp_down,2.0,0.03,stouffer_down,200,105,288,9000,2.07
gaussian,0,ramp_down,2.0,0.01,stouffer_two_sided,200,50,117,9000,2.58
gaussian,0,ramp_down,2.0,0.03,stouffer_two_sided,200,75,327,9000,2.36
gaussian,0,ramp_down,2.0,0.01,max_absolute,200,27,104,9000,2.78
gaussian,0,ramp_down,2.0,0.03,max_absolute,200,52,298,9000,2.545
gaussian,0,ramp_down,2.0,0.01,glr_two_sided,200,38,109,9000,2.74
gaussian,0,ramp_down,2.0,0.03,glr_two_sided,200,69,302,9000,2.46
gaussian,0,ramp_down,2.0,0.01,energy,200,41,109,9000,2.655
gaussian,0,ramp_down,2.0,0.03,energy,200,75,292,9000,2.355
gaussian,0,ramp_down,2.0,0.01,mahalanobis,200,23,86,9000,2.815
gaussian,0,ramp_down,2.0,0.03,mahalanobis,200,49,271,9000,2.575
gaussian,0,ramp_down,4.0,0.01,stouffer_down,200,163,103,9000,1.66
gaussian,0,ramp_down,4.0,0.03,stouffer_down,200,187,288,9000,1.25
gaussian,0,ramp_down,4.0,0.01,stouffer_two_sided,200,151,117,9000,1.81
gaussian,0,ramp_down,4.0,0.03,stouffer_two_sided,200,175,327,9000,1.485
gaussian,0,ramp_down,4.0,0.01,max_absolute,200,95,104,9000,2.31
gaussian,0,ramp_down,4.0,0.03,max_absolute,200,137,298,9000,1.96
gaussian,0,ramp_down,4.0,0.01,glr_two_sided,200,139,109,9000,2.035
gaussian,0,ramp_down,4.0,0.03,glr_two_sided,200,168,302,9000,1.61
gaussian,0,ramp_down,4.0,0.01,energy,200,144,109,9000,1.875
gaussian,0,ramp_down,4.0,0.03,energy,200,169,292,9000,1.61
gaussian,0,ramp_down,4.0,0.01,mahalanobis,200,96,86,9000,2.3
gaussian,0,ramp_down,4.0,0.03,mahalanobis,200,136,271,9000,1.95
gaussian,0,ramp_down,6.0,0.01,stouffer_down,200,196,103,9000,1.015
gaussian,0,ramp_down,6.0,0.03,stouffer_down,200,199,288,9000,0.795
gaussian,0,ramp_down,6.0,0.01,stouffer_two_sided,200,195,117,9000,1.12
gaussian,0,ramp_down,6.0,0.03,stouffer_two_sided,200,197,327,9000,0.9
gaussian,0,ramp_down,6.0,0.01,max_absolute,200,180,104,9000,1.635
gaussian,0,ramp_down,6.0,0.03,max_absolute,200,191,298,9000,1.345
gaussian,0,ramp_down,6.0,0.01,glr_two_sided,200,194,109,9000,1.385
gaussian,0,ramp_down,6.0,0.03,glr_two_sided,200,196,302,9000,1.155
gaussian,0,ramp_down,6.0,0.01,energy,200,194,109,9000,1.22
gaussian,0,ramp_down,6.0,0.03,energy,200,196,292,9000,1.02
gaussian,0,ramp_down,6.0,0.01,mahalanobis,200,183,86,9000,1.605
gaussian,0,ramp_down,6.0,0.03,mahalanobis,200,191,271,9000,1.29
gaussian,1,common_down,2.0,0.01,stouffer_down,200,83,111,9000,2.125
gaussian,1,common_down,2.0,0.03,stouffer_down,200,136,292,9000,1.45
gaussian,1,common_down,2.0,0.01,stouffer_two_sided,200,65,121,9000,2.34
gaussian,1,common_down,2.0,0.03,stouffer_two_sided,200,110,348,9000,1.795
gaussian,1,common_down,2.0,0.01,max_absolute,200,33,108,9000,2.705
gaussian,1,common_down,2.0,0.03,max_absolute,200,67,311,9000,2.32
gaussian,1,common_down,2.0,0.01,glr_two_sided,200,66,111,9000,2.425
gaussian,1,common_down,2.0,0.03,glr_two_sided,200,102,298,9000,2.015
gaussian,1,common_down,2.0,0.01,energy,200,58,109,9000,2.41
gaussian,1,common_down,2.0,0.03,energy,200,89,314,9000,2.085
gaussian,1,common_down,2.0,0.01,mahalanobis,200,25,90,9000,2.73
gaussian,1,common_down,2.0,0.03,mahalanobis,200,57,259,9000,2.44
gaussian,1,common_down,4.0,0.01,stouffer_down,200,194,111,9000,0.38
gaussian,1,common_down,4.0,0.03,stouffer_down,200,199,292,9000,0.15
gaussian,1,common_down,4.0,0.01,stouffer_two_sided,200,186,121,9000,0.52
gaussian,1,common_down,4.0,0.03,stouffer_two_sided,200,197,348,9000,0.28
gaussian,1,common_down,4.0,0.01,max_absolute,200,140,108,9000,1.41
gaussian,1,common_down,4.0,0.03,max_absolute,200,178,311,9000,0.845
gaussian,1,common_down,4.0,0.01,glr_two_sided,200,192,111,9000,0.805
gaussian,1,common_down,4.0,0.03,glr_two_sided,200,196,298,9000,0.505
gaussian,1,common_down,4.0,0.01,energy,200,186,109,9000,0.67
gaussian,1,common_down,4.0,0.03,energy,200,193,314,9000,0.395
gaussian,1,common_down,4.0,0.01,mahalanobis,200,143,90,9000,1.385
gaussian,1,common_down,4.0,0.03,mahalanobis,200,177,259,9000,0.865
gaussian,1,common_down,6.0,0.01,stouffer_down,200,200,111,9000,0.03
gaussian,1,common_down,6.0,0.03,stouffer_down,200,200,292,9000,0.0
gaussian,1,common_down,6.0,0.01,stouffer_two_sided,200,200,121,9000,0.035
gaussian,1,common_down,6.0,0.03,stouffer_two_sided,200,200,348,9000,0.02
gaussian,1,common_down,6.0,0.01,max_absolute,200,199,108,9000,0.225
gaussian,1,common_down,6.0,0.03,max_absolute,200,200,311,9000,0.1
gaussian,1,common_down,6.0,0.01,glr_two_sided,200,200,111,9000,0.1
gaussian,1,common_down,6.0,0.03,glr_two_sided,200,200,298,9000,0.045
gaussian,1,common_down,6.0,0.01,energy,200,200,109,9000,0.05
gaussian,1,common_down,6.0,0.03,energy,200,200,314,9000,0.03
gaussian,1,common_down,6.0,0.01,mahalanobis,200,198,90,9000,0.175
gaussian,1,common_down,6.0,0.03,mahalanobis,200,200,259,9000,0.07
gaussian,1,common_up,2.0,0.01,stouffer_down,200,0,111,9000,3.0
gaussian,1,common_up,2.0,0.03,stouffer_down,200,0,292,9000,3.0
gaussian,1,common_up,2.0,0.01,stouffer_two_sided,200,72,121,9000,2.21
gaussian,1,common_up,2.0,0.03,stouffer_two_sided,200,108,348,9000,1.785
gaussian,1,common_up,2.0,0.01,max_absolute,200,41,108,9000,2.6
gaussian,1,common_up,2.0,0.03,max_absolute,200,77,311,9000,2.21
gaussian,1,common_up,2.0,0.01,glr_two_sided,200,76,111,9000,2.34
gaussian,1,common_up,2.0,0.03,glr_two_sided,200,108,298,9000,1.97
gaussian,1,common_up,2.0,0.01,energy,200,60,109,9000,2.355
gaussian,1,common_up,2.0,0.03,energy,200,98,314,9000,1.9
gaussian,1,common_up,2.0,0.01,mahalanobis,200,32,90,9000,2.695
gaussian,1,common_up,2.0,0.03,mahalanobis,200,69,259,9000,2.305
gaussian,1,common_up,4.0,0.01,stouffer_down,200,0,111,9000,3.0
gaussian,1,common_up,4.0,0.03,stouffer_down,200,0,292,9000,3.0
gaussian,1,common_up,4.0,0.01,stouffer_two_sided,200,189,121,9000,0.48
gaussian,1,common_up,4.0,0.03,stouffer_two_sided,200,195,348,9000,0.255
gaussian,1,common_up,4.0,0.01,max_absolute,200,142,108,9000,1.33
gaussian,1,common_up,4.0,0.03,max_absolute,200,175,311,9000,0.82
gaussian,1,common_up,4.0,0.01,glr_two_sided,200,194,111,9000,0.71
gaussian,1,common_up,4.0,0.03,glr_two_sided,200,197,298,9000,0.445
gaussian,1,common_up,4.0,0.01,energy,200,182,109,9000,0.67
gaussian,1,common_up,4.0,0.03,energy,200,196,314,9000,0.345
gaussian,1,common_up,4.0,0.01,mahalanobis,200,142,90,9000,1.315
gaussian,1,common_up,4.0,0.03,mahalanobis,200,171,259,9000,0.835
gaussian,1,common_up,6.0,0.01,stouffer_down,200,0,111,9000,3.0
gaussian,1,common_up,6.0,0.03,stouffer_down,200,0,292,9000,3.0
gaussian,1,common_up,6.0,0.01,stouffer_two_sided,200,200,121,9000,0.03
gaussian,1,common_up,6.0,0.03,stouffer_two_sided,200,200,348,9000,0.01
gaussian,1,common_up,6.0,0.01,max_absolute,200,199,108,9000,0.23
gaussian,1,common_up,6.0,0.03,max_absolute,200,200,311,9000,0.065
gaussian,1,common_up,6.0,0.01,glr_two_sided,200,200,111,9000,0.095
gaussian,1,common_up,6.0,0.03,glr_two_sided,200,200,298,9000,0.04
gaussian,1,common_up,6.0,0.01,energy,200,200,109,9000,0.035
gaussian,1,common_up,6.0,0.03,energy,200,200,314,9000,0.015
gaussian,1,common_up,6.0,0.01,mahalanobis,200,200,90,9000,0.135
gaussian,1,common_up,6.0,0.03,mahalanobis,200,200,259,9000,0.06
gaussian,1,sparse_down,2.0,0.01,stouffer_down,200,28,111,9000,2.725
gaussian,1,sparse_down,2.0,0.03,stouffer_down,200,51,292,9000,2.485
gaussian,1,sparse_down,2.0,0.01,stouffer_two_sided,200,15,121,9000,2.86
gaussian,1,sparse_down,2.0,0.03,stouffer_two_sided,200,35,348,9000,2.645
gaussian,1,sparse_down,2.0,0.01,max_absolute,200,72,108,9000,2.19
gaussian,1,sparse_down,2.0,0.03,max_absolute,200,107,311,9000,1.77
gaussian,1,sparse_down,2.0,0.01,glr_two_sided,200,15,111,9000,2.885
gaussian,1,sparse_down,2.0,0.03,glr_two_sided,200,29,298,9000,2.735
gaussian,1,sparse_down,2.0,0.01,energy,200,47,109,9000,2.525
gaussian,1,sparse_down,2.0,0.03,energy,200,96,314,9000,1.985
gaussian,1,sparse_down,2.0,0.01,mahalanobis,200,76,90,9000,2.18
gaussian,1,sparse_down,2.0,0.03,mahalanobis,200,128,259,9000,1.59
gaussian,1,sparse_down,4.0,0.01,stouffer_down,200,66,111,9000,2.32
gaussian,1,sparse_down,4.0,0.03,stouffer_down,200,126,292,9000,1.625
gaussian,1,sparse_down,4.0,0.01,stouffer_two_sided,200,53,121,9000,2.46
gaussian,1,sparse_down,4.0,0.03,stouffer_two_sided,200,85,348,9000,2.1
gaussian,1,sparse_down,4.0,0.01,max_absolute,200,198,108,9000,0.2
gaussian,1,sparse_down,4.0,0.03,max_absolute,200,200,311,9000,0.1
gaussian,1,sparse_down,4.0,0.01,glr_two_sided,200,54,111,9000,2.545
gaussian,1,sparse_down,4.0,0.03,glr_two_sided,200,83,298,9000,2.22
gaussian,1,sparse_down,4.0,0.01,energy,200,190,109,9000,0.48
gaussian,1,sparse_down,4.0,0.03,energy,200,196,314,9000,0.27
gaussian,1,sparse_down,4.0,0.01,mahalanobis,200,195,90,9000,0.29
gaussian,1,sparse_down,4.0,0.03,mahalanobis,200,199,259,9000,0.125
gaussian,1,sparse_down,6.0,0.01,stouffer_down,200,145,111,9000,1.345
gaussian,1,sparse_down,6.0,0.03,stouffer_down,200,176,292,9000,0.855
gaussian,1,sparse_down,6.0,0.01,stouffer_two_sided,200,128,121,9000,1.615
gaussian,1,sparse_down,6.0,0.03,stouffer_two_sided,200,154,348,9000,1.215
gaussian,1,sparse_down,6.0,0.01,max_absolute,200,200,108,9000,0.0
gaussian,1,sparse_down,6.0,0.03,max_absolute,200,200,311,9000,0.0
gaussian,1,sparse_down,6.0,0.01,glr_two_sided,200,124,111,9000,1.875
gaussian,1,sparse_down,6.0,0.03,glr_two_sided,200,155,298,9000,1.4
gaussian,1,sparse_down,6.0,0.01,energy,200,200,109,9000,0.0
gaussian,1,sparse_down,6.0,0.03,energy,200,200,314,9000,0.0
gaussian,1,sparse_down,6.0,0.01,mahalanobis,200,200,90,9000,0.0
gaussian,1,sparse_down,6.0,0.03,mahalanobis,200,200,259,9000,0.0
gaussian,1,opposed,2.0,0.01,stouffer_down,200,6,111,9000,2.945
gaussian,1,opposed,2.0,0.03,stouffer_down,200,15,292,9000,2.86
gaussian,1,opposed,2.0,0.01,stouffer_two_sided,200,2,121,9000,2.99
gaussian,1,opposed,2.0,0.03,stouffer_two_sided,200,17,348,9000,2.825
gaussian,1,opposed,2.0,0.01,max_absolute,200,54,108,9000,2.44
gaussian,1,opposed,2.0,0.03,max_absolute,200,92,311,9000,1.985
gaussian,1,opposed,2.0,0.01,glr_two_sided,200,3,111,9000,2.97
gaussian,1,opposed,2.0,0.03,glr_two_sided,200,10,298,9000,2.9
gaussian,1,opposed,2.0,0.01,energy,200,41,109,9000,2.64
gaussian,1,opposed,2.0,0.03,energy,200,83,314,9000,2.165
gaussian,1,opposed,2.0,0.01,mahalanobis,200,74,90,9000,2.255
gaussian,1,opposed,2.0,0.03,mahalanobis,200,117,259,9000,1.7
gaussian,1,opposed,4.0,0.01,stouffer_down,200,6,111,9000,2.945
gaussian,1,opposed,4.0,0.03,stouffer_down,200,15,292,9000,2.86
gaussian,1,opposed,4.0,0.01,stouffer_two_sided,200,2,121,9000,2.99
gaussian,1,opposed,4.0,0.03,stouffer_two_sided,200,17,348,9000,2.825
gaussian,1,opposed,4.0,0.01,max_absolute,200,188,108,9000,0.485
gaussian,1,opposed,4.0,0.03,max_absolute,200,200,311,9000,0.2
gaussian,1,opposed,4.0,0.01,glr_two_sided,200,3,111,9000,2.97
gaussian,1,opposed,4.0,0.03,glr_two_sided,200,10,298,9000,2.9
gaussian,1,opposed,4.0,0.01,energy,200,193,109,9000,0.45
gaussian,1,opposed,4.0,0.03,energy,200,200,314,9000,0.205
gaussian,1,opposed,4.0,0.01,mahalanobis,200,200,90,9000,0.2
gaussian,1,opposed,4.0,0.03,mahalanobis,200,200,259,9000,0.1
gaussian,1,opposed,6.0,0.01,stouffer_down,200,6,111,9000,2.945
gaussian,1,opposed,6.0,0.03,stouffer_down,200,15,292,9000,2.86
gaussian,1,opposed,6.0,0.01,stouffer_two_sided,200,2,121,9000,2.99
gaussian,1,opposed,6.0,0.03,stouffer_two_sided,200,17,348,9000,2.825
gaussian,1,opposed,6.0,0.01,max_absolute,200,200,108,9000,0.0
gaussian,1,opposed,6.0,0.03,max_absolute,200,200,311,9000,0.0
gaussian,1,opposed,6.0,0.01,glr_two_sided,200,3,111,9000,2.97
gaussian,1,opposed,6.0,0.03,glr_two_sided,200,10,298,9000,2.9
gaussian,1,opposed,6.0,0.01,energy,200,200,109,9000,0.0
gaussian,1,opposed,6.0,0.03,energy,200,200,314,9000,0.0
gaussian,1,opposed,6.0,0.01,mahalanobis,200,200,90,9000,0.0
gaussian,1,opposed,6.0,0.03,mahalanobis,200,200,259,9000,0.0
gaussian,1,ramp_down,2.0,0.01,stouffer_down,200,55,111,9000,2.61
gaussian,1,ramp_down,2.0,0.03,stouffer_down,200,94,292,9000,2.215
gaussian,1,ramp_down,2.0,0.01,stouffer_two_sided,200,41,121,9000,2.715
gaussian,1,ramp_down,2.0,0.03,stouffer_two_sided,200,70,348,9000,2.47
gaussian,1,ramp_down,2.0,0.01,max_absolute,200,25,108,9000,2.815
gaussian,1,ramp_down,2.0,0.03,max_absolute,200,48,311,9000,2.625
gaussian,1,ramp_down,2.0,0.01,glr_two_sided,200,33,111,9000,2.79
gaussian,1,ramp_down,2.0,0.03,glr_two_sided,200,55,298,9000,2.605
gaussian,1,ramp_down,2.0,0.01,energy,200,38,109,9000,2.74
gaussian,1,ramp_down,2.0,0.03,energy,200,63,314,9000,2.52
gaussian,1,ramp_down,2.0,0.01,mahalanobis,200,21,90,9000,2.83
gaussian,1,ramp_down,2.0,0.03,mahalanobis,200,44,259,9000,2.655
gaussian,1,ramp_down,4.0,0.01,stouffer_down,200,158,111,9000,1.685
gaussian,1,ramp_down,4.0,0.03,stouffer_down,200,180,292,9000,1.345
gaussian,1,ramp_down,4.0,0.01,stouffer_two_sided,200,146,121,9000,1.86
gaussian,1,ramp_down,4.0,0.03,stouffer_two_sided,200,169,348,9000,1.575
gaussian,1,ramp_down,4.0,0.01,max_absolute,200,87,108,9000,2.42
gaussian,1,ramp_down,4.0,0.03,max_absolute,200,125,311,9000,2.07
gaussian,1,ramp_down,4.0,0.01,glr_two_sided,200,139,111,9000,2.085
gaussian,1,ramp_down,4.0,0.03,glr_two_sided,200,163,298,9000,1.74
gaussian,1,ramp_down,4.0,0.01,energy,200,131,109,9000,2.045
gaussian,1,ramp_down,4.0,0.03,energy,200,158,314,9000,1.67
gaussian,1,ramp_down,4.0,0.01,mahalanobis,200,89,90,9000,2.4
gaussian,1,ramp_down,4.0,0.03,mahalanobis,200,125,259,9000,2.095
gaussian,1,ramp_down,6.0,0.01,stouffer_down,200,199,111,9000,1.075
gaussian,1,ramp_down,6.0,0.03,stouffer_down,200,200,292,9000,0.765
gaussian,1,ramp_down,6.0,0.01,stouffer_two_sided,200,196,121,9000,1.205
gaussian,1,ramp_down,6.0,0.03,stouffer_two_sided,200,200,348,9000,0.94
gaussian,1,ramp_down,6.0,0.01,max_absolute,200,172,108,9000,1.71
gaussian,1,ramp_down,6.0,0.03,max_absolute,200,189,311,9000,1.335
gaussian,1,ramp_down,6.0,0.01,glr_two_sided,200,194,111,9000,1.39
gaussian,1,ramp_down,6.0,0.03,glr_two_sided,200,197,298,9000,1.17
gaussian,1,ramp_down,6.0,0.01,energy,200,195,109,9000,1.285
gaussian,1,ramp_down,6.0,0.03,energy,200,199,314,9000,1.065
gaussian,1,ramp_down,6.0,0.01,mahalanobis,200,180,90,9000,1.625
gaussian,1,ramp_down,6.0,0.03,mahalanobis,200,196,259,9000,1.35
gaussian,2,common_down,2.0,0.01,stouffer_down,200,85,96,9000,2.05
gaussian,2,common_down,2.0,0.03,stouffer_down,200,127,288,9000,1.515
gaussian,2,common_down,2.0,0.01,stouffer_two_sided,200,68,132,9000,2.26
gaussian,2,common_down,2.0,0.03,stouffer_two_sided,200,101,305,9000,1.855
gaussian,2,common_down,2.0,0.01,max_absolute,200,42,106,9000,2.555
gaussian,2,common_down,2.0,0.03,max_absolute,200,75,301,9000,2.185
gaussian,2,common_down,2.0,0.01,glr_two_sided,200,69,111,9000,2.385
gaussian,2,common_down,2.0,0.03,glr_two_sided,200,99,317,9000,2.03
gaussian,2,common_down,2.0,0.01,energy,200,60,113,9000,2.34
gaussian,2,common_down,2.0,0.03,energy,200,91,305,9000,1.955
gaussian,2,common_down,2.0,0.01,mahalanobis,200,34,105,9000,2.635
gaussian,2,common_down,2.0,0.03,mahalanobis,200,68,289,9000,2.27
gaussian,2,common_down,4.0,0.01,stouffer_down,200,190,96,9000,0.355
gaussian,2,common_down,4.0,0.03,stouffer_down,200,196,288,9000,0.175
gaussian,2,common_down,4.0,0.01,stouffer_two_sided,200,184,132,9000,0.5
gaussian,2,common_down,4.0,0.03,stouffer_two_sided,200,192,305,9000,0.31
gaussian,2,common_down,4.0,0.01,max_absolute,200,141,106,9000,1.365
gaussian,2,common_down,4.0,0.03,max_absolute,200,174,301,9000,0.81
gaussian,2,common_down,4.0,0.01,glr_two_sided,200,187,111,9000,0.835
gaussian,2,common_down,4.0,0.03,glr_two_sided,200,193,317,9000,0.535
gaussian,2,common_down,4.0,0.01,energy,200,174,113,9000,0.735
gaussian,2,common_down,4.0,0.03,energy,200,187,305,9000,0.465
gaussian,2,common_down,4.0,0.01,mahalanobis,200,142,105,9000,1.34
gaussian,2,common_down,4.0,0.03,mahalanobis,200,166,289,9000,0.945
gaussian,2,common_down,6.0,0.01,stouffer_down,200,200,96,9000,0.035
gaussian,2,common_down,6.0,0.03,stouffer_down,200,200,288,9000,0.005
gaussian,2,common_down,6.0,0.01,stouffer_two_sided,200,200,132,9000,0.045
gaussian,2,common_down,6.0,0.03,stouffer_two_sided,200,200,305,9000,0.015
gaussian,2,common_down,6.0,0.01,max_absolute,200,193,106,9000,0.305
gaussian,2,common_down,6.0,0.03,max_absolute,200,197,301,9000,0.155
gaussian,2,common_down,6.0,0.01,glr_two_sided,200,200,111,9000,0.095
gaussian,2,common_down,6.0,0.03,glr_two_sided,200,200,317,9000,0.06
gaussian,2,common_down,6.0,0.01,energy,200,199,113,9000,0.08
gaussian,2,common_down,6.0,0.03,energy,200,200,305,9000,0.025
gaussian,2,common_down,6.0,0.01,mahalanobis,200,195,105,9000,0.225
gaussian,2,common_down,6.0,0.03,mahalanobis,200,198,289,9000,0.1
gaussian,2,common_up,2.0,0.01,stouffer_down,200,0,96,9000,3.0
gaussian,2,common_up,2.0,0.03,stouffer_down,200,1,288,9000,2.99
gaussian,2,common_up,2.0,0.01,stouffer_two_sided,200,64,132,9000,2.28
gaussian,2,common_up,2.0,0.03,stouffer_two_sided,200,99,305,9000,1.885
gaussian,2,common_up,2.0,0.01,max_absolute,200,37,106,9000,2.63
gaussian,2,common_up,2.0,0.03,max_absolute,200,68,301,9000,2.28
gaussian,2,common_up,2.0,0.01,glr_two_sided,200,70,111,9000,2.375
gaussian,2,common_up,2.0,0.03,glr_two_sided,200,99,317,9000,2.055
gaussian,2,common_up,2.0,0.01,energy,200,61,113,9000,2.33
gaussian,2,common_up,2.0,0.03,energy,200,87,305,9000,2.005
gaussian,2,common_up,2.0,0.01,mahalanobis,200,29,105,9000,2.72
gaussian,2,common_up,2.0,0.03,mahalanobis,200,59,289,9000,2.365
gaussian,2,common_up,4.0,0.01,stouffer_down,200,0,96,9000,3.0
gaussian,2,common_up,4.0,0.03,stouffer_down,200,0,288,9000,3.0
gaussian,2,common_up,4.0,0.01,stouffer_two_sided,200,183,132,9000,0.545
gaussian,2,common_up,4.0,0.03,stouffer_two_sided,200,196,305,9000,0.275
gaussian,2,common_up,4.0,0.01,max_absolute,200,136,106,9000,1.38
gaussian,2,common_up,4.0,0.03,max_absolute,200,175,301,9000,0.815
gaussian,2,common_up,4.0,0.01,glr_two_sided,200,191,111,9000,0.79
gaussian,2,common_up,4.0,0.03,glr_two_sided,200,196,317,9000,0.48
gaussian,2,common_up,4.0,0.01,energy,200,179,113,9000,0.65
gaussian,2,common_up,4.0,0.03,energy,200,193,305,9000,0.36
gaussian,2,common_up,4.0,0.01,mahalanobis,200,133,105,9000,1.425
gaussian,2,common_up,4.0,0.03,mahalanobis,200,173,289,9000,0.805
gaussian,2,common_up,6.0,0.01,stouffer_down,200,0,96,9000,3.0
gaussian,2,common_up,6.0,0.03,stouffer_down,200,0,288,9000,3.0
gaussian,2,common_up,6.0,0.01,stouffer_two_sided,200,200,132,9000,0.04
gaussian,2,common_up,6.0,0.03,stouffer_two_sided,200,200,305,9000,0.0
gaussian,2,common_up,6.0,0.01,max_absolute,200,197,106,9000,0.25
gaussian,2,common_up,6.0,0.03,max_absolute,200,200,301,9000,0.095
gaussian,2,common_up,6.0,0.01,glr_two_sided,200,200,111,9000,0.095
gaussian,2,common_up,6.0,0.03,glr_two_sided,200,200,317,9000,0.055
gaussian,2,common_up,6.0,0.01,energy,200,200,113,9000,0.055
gaussian,2,common_up,6.0,0.03,energy,200,200,305,9000,0.02
gaussian,2,common_up,6.0,0.01,mahalanobis,200,200,105,9000,0.145
gaussian,2,common_up,6.0,0.03,mahalanobis,200,200,289,9000,0.085
gaussian,2,sparse_down,2.0,0.01,stouffer_down,200,28,96,9000,2.7
gaussian,2,sparse_down,2.0,0.03,stouffer_down,200,55,288,9000,2.4
gaussian,2,sparse_down,2.0,0.01,stouffer_two_sided,200,22,132,9000,2.77
gaussian,2,sparse_down,2.0,0.03,stouffer_two_sided,200,39,305,9000,2.585
gaussian,2,sparse_down,2.0,0.01,max_absolute,200,75,106,9000,2.19
gaussian,2,sparse_down,2.0,0.03,max_absolute,200,110,301,9000,1.79
gaussian,2,sparse_down,2.0,0.01,glr_two_sided,200,12,111,9000,2.89
gaussian,2,sparse_down,2.0,0.03,glr_two_sided,200,27,317,9000,2.77
gaussian,2,sparse_down,2.0,0.01,energy,200,46,113,9000,2.51
gaussian,2,sparse_down,2.0,0.03,energy,200,91,305,9000,2.02
gaussian,2,sparse_down,2.0,0.01,mahalanobis,200,72,105,9000,2.23
gaussian,2,sparse_down,2.0,0.03,mahalanobis,200,106,289,9000,1.795
gaussian,2,sparse_down,4.0,0.01,stouffer_down,200,70,96,9000,2.235
gaussian,2,sparse_down,4.0,0.03,stouffer_down,200,116,288,9000,1.695
gaussian,2,sparse_down,4.0,0.01,stouffer_two_sided,200,56,132,9000,2.39
gaussian,2,sparse_down,4.0,0.03,stouffer_two_sided,200,85,305,9000,2.05
gaussian,2,sparse_down,4.0,0.01,max_absolute,200,196,106,9000,0.285
gaussian,2,sparse_down,4.0,0.03,max_absolute,200,199,301,9000,0.14
gaussian,2,sparse_down,4.0,0.01,glr_two_sided,200,53,111,9000,2.54
gaussian,2,sparse_down,4.0,0.03,glr_two_sided,200,82,317,9000,2.215
gaussian,2,sparse_down,4.0,0.01,energy,200,186,113,9000,0.66
gaussian,2,sparse_down,4.0,0.03,energy,200,197,305,9000,0.28
gaussian,2,sparse_down,4.0,0.01,mahalanobis,200,199,105,9000,0.27
gaussian,2,sparse_down,4.0,0.03,mahalanobis,200,199,289,9000,0.125
gaussian,2,sparse_down,6.0,0.01,stouffer_down,200,128,96,9000,1.5
gaussian,2,sparse_down,6.0,0.03,stouffer_down,200,165,288,9000,0.93
gaussian,2,sparse_down,6.0,0.01,stouffer_two_sided,200,117,132,9000,1.675
gaussian,2,sparse_down,6.0,0.03,stouffer_two_sided,200,141,305,9000,1.28
gaussian,2,sparse_down,6.0,0.01,max_absolute,200,200,106,9000,0.005
gaussian,2,sparse_down,6.0,0.03,max_absolute,200,200,301,9000,0.0
gaussian,2,sparse_down,6.0,0.01,glr_two_sided,200,122,111,9000,1.885
gaussian,2,sparse_down,6.0,0.03,glr_two_sided,200,150,317,9000,1.435
gaussian,2,sparse_down,6.0,0.01,energy,200,200,113,9000,0.005
gaussian,2,sparse_down,6.0,0.03,energy,200,200,305,9000,0.0
gaussian,2,sparse_down,6.0,0.01,mahalanobis,200,200,105,9000,0.0
gaussian,2,sparse_down,6.0,0.03,mahalanobis,200,200,289,9000,0.0
gaussian,2,opposed,2.0,0.01,stouffer_down,200,3,96,9000,2.975
gaussian,2,opposed,2.0,0.03,stouffer_down,200,20,288,9000,2.79
gaussian,2,opposed,2.0,0.01,stouffer_two_sided,200,6,132,9000,2.955
gaussian,2,opposed,2.0,0.03,stouffer_two_sided,200,19,305,9000,2.805
gaussian,2,opposed,2.0,0.01,max_absolute,200,44,106,9000,2.555
gaussian,2,opposed,2.0,0.03,max_absolute,200,86,301,9000,2.015
gaussian,2,opposed,2.0,0.01,glr_two_sided,200,6,111,9000,2.935
gaussian,2,opposed,2.0,0.03,glr_two_sided,200,13,317,9000,2.875
gaussian,2,opposed,2.0,0.01,energy,200,39,113,9000,2.635
gaussian,2,opposed,2.0,0.03,energy,200,78,305,9000,2.14
gaussian,2,opposed,2.0,0.01,mahalanobis,200,77,105,9000,2.185
gaussian,2,opposed,2.0,0.03,mahalanobis,200,114,289,9000,1.73
gaussian,2,opposed,4.0,0.01,stouffer_down,200,3,96,9000,2.975
gaussian,2,opposed,4.0,0.03,stouffer_down,200,20,288,9000,2.79
gaussian,2,opposed,4.0,0.01,stouffer_two_sided,200,6,132,9000,2.955
gaussian,2,opposed,4.0,0.03,stouffer_two_sided,200,19,305,9000,2.805
gaussian,2,opposed,4.0,0.01,max_absolute,200,188,106,9000,0.59
gaussian,2,opposed,4.0,0.03,max_absolute,200,197,301,9000,0.295
gaussian,2,opposed,4.0,0.01,glr_two_sided,200,6,111,9000,2.935
gaussian,2,opposed,4.0,0.03,glr_two_sided,200,13,317,9000,2.875
gaussian,2,opposed,4.0,0.01,energy,200,185,113,9000,0.6
gaussian,2,opposed,4.0,0.03,energy,200,196,305,9000,0.245
gaussian,2,opposed,4.0,0.01,mahalanobis,200,199,105,9000,0.205
gaussian,2,opposed,4.0,0.03,mahalanobis,200,200,289,9000,0.07
gaussian,2,opposed,6.0,0.01,stouffer_down,200,3,96,9000,2.975
gaussian,2,opposed,6.0,0.03,stouffer_down,200,20,288,9000,2.79
gaussian,2,opposed,6.0,0.01,stouffer_two_sided,200,6,132,9000,2.955
gaussian,2,opposed,6.0,0.03,stouffer_two_sided,200,19,305,9000,2.805
gaussian,2,opposed,6.0,0.01,max_absolute,200,200,106,9000,0.01
gaussian,2,opposed,6.0,0.03,max_absolute,200,200,301,9000,0.0
gaussian,2,opposed,6.0,0.01,glr_two_sided,200,6,111,9000,2.935
gaussian,2,opposed,6.0,0.03,glr_two_sided,200,13,317,9000,2.875
gaussian,2,opposed,6.0,0.01,energy,200,200,113,9000,0.005
gaussian,2,opposed,6.0,0.03,energy,200,200,305,9000,0.0
gaussian,2,opposed,6.0,0.01,mahalanobis,200,200,105,9000,0.0
gaussian,2,opposed,6.0,0.03,mahalanobis,200,200,289,9000,0.0
gaussian,2,ramp_down,2.0,0.01,stouffer_down,200,56,96,9000,2.525
gaussian,2,ramp_down,2.0,0.03,stouffer_down,200,95,288,9000,2.155
gaussian,2,ramp_down,2.0,0.01,stouffer_two_sided,200,41,132,9000,2.675
gaussian,2,ramp_down,2.0,0.03,stouffer_two_sided,200,69,305,9000,2.39
gaussian,2,ramp_down,2.0,0.01,max_absolute,200,20,106,9000,2.855
gaussian,2,ramp_down,2.0,0.03,max_absolute,200,46,301,9000,2.585
gaussian,2,ramp_down,2.0,0.01,glr_two_sided,200,33,111,9000,2.78
gaussian,2,ramp_down,2.0,0.03,glr_two_sided,200,54,317,9000,2.595
gaussian,2,ramp_down,2.0,0.01,energy,200,30,113,9000,2.77
gaussian,2,ramp_down,2.0,0.03,energy,200,61,305,9000,2.45
gaussian,2,ramp_down,2.0,0.01,mahalanobis,200,17,105,9000,2.87
gaussian,2,ramp_down,2.0,0.03,mahalanobis,200,40,289,9000,2.67
gaussian,2,ramp_down,4.0,0.01,stouffer_down,200,154,96,9000,1.73
gaussian,2,ramp_down,4.0,0.03,stouffer_down,200,185,288,9000,1.335
gaussian,2,ramp_down,4.0,0.01,stouffer_two_sided,200,146,132,9000,1.85
gaussian,2,ramp_down,4.0,0.03,stouffer_two_sided,200,171,305,9000,1.57
gaussian,2,ramp_down,4.0,0.01,max_absolute,200,91,106,9000,2.305
gaussian,2,ramp_down,4.0,0.03,max_absolute,200,131,301,9000,1.915
gaussian,2,ramp_down,4.0,0.01,glr_two_sided,200,131,111,9000,2.1
gaussian,2,ramp_down,4.0,0.03,glr_two_sided,200,163,317,9000,1.765
gaussian,2,ramp_down,4.0,0.01,energy,200,132,113,9000,1.985
gaussian,2,ramp_down,4.0,0.03,energy,200,158,305,9000,1.68
gaussian,2,ramp_down,4.0,0.01,mahalanobis,200,94,105,9000,2.345
gaussian,2,ramp_down,4.0,0.03,mahalanobis,200,131,289,9000,1.945
gaussian,2,ramp_down,6.0,0.01,stouffer_down,200,196,96,9000,1.05
gaussian,2,ramp_down,6.0,0.03,stouffer_down,200,198,288,9000,0.795
gaussian,2,ramp_down,6.0,0.01,stouffer_two_sided,200,195,132,9000,1.22
gaussian,2,ramp_down,6.0,0.03,stouffer_two_sided,200,197,305,9000,0.955
gaussian,2,ramp_down,6.0,0.01,max_absolute,200,165,106,9000,1.685
gaussian,2,ramp_down,6.0,0.03,max_absolute,200,184,301,9000,1.32
gaussian,2,ramp_down,6.0,0.01,glr_two_sided,200,193,111,9000,1.425
gaussian,2,ramp_down,6.0,0.03,glr_two_sided,200,195,317,9000,1.18
gaussian,2,ramp_down,6.0,0.01,energy,200,194,113,9000,1.29
gaussian,2,ramp_down,6.0,0.03,energy,200,196,305,9000,1.07
gaussian,2,ramp_down,6.0,0.01,mahalanobis,200,175,105,9000,1.655
gaussian,2,ramp_down,6.0,0.03,mahalanobis,200,189,289,9000,1.325
gaussian,3,common_down,2.0,0.01,stouffer_down,200,104,92,9000,1.9
gaussian,3,common_down,2.0,0.03,stouffer_down,200,148,294,9000,1.31
gaussian,3,common_down,2.0,0.01,stouffer_two_sided,200,83,116,9000,2.1
gaussian,3,common_down,2.0,0.03,stouffer_two_sided,200,119,297,9000,1.7
gaussian,3,common_down,2.0,0.01,max_absolute,200,43,105,9000,2.595
gaussian,3,common_down,2.0,0.03,max_absolute,200,79,271,9000,2.145
gaussian,3,common_down,2.0,0.01,glr_two_sided,200,77,111,9000,2.29
gaussian,3,common_down,2.0,0.03,glr_two_sided,200,112,289,9000,1.93
gaussian,3,common_down,2.0,0.01,energy,200,67,111,9000,2.25
gaussian,3,common_down,2.0,0.03,energy,200,107,302,9000,1.83
gaussian,3,common_down,2.0,0.01,mahalanobis,200,40,89,9000,2.595
gaussian,3,common_down,2.0,0.03,mahalanobis,200,67,262,9000,2.265
gaussian,3,common_down,4.0,0.01,stouffer_down,200,190,92,9000,0.46
gaussian,3,common_down,4.0,0.03,stouffer_down,200,197,294,9000,0.21
gaussian,3,common_down,4.0,0.01,stouffer_two_sided,200,186,116,9000,0.6
gaussian,3,common_down,4.0,0.03,stouffer_two_sided,200,196,297,9000,0.29
gaussian,3,common_down,4.0,0.01,max_absolute,200,149,105,9000,1.335
gaussian,3,common_down,4.0,0.03,max_absolute,200,182,271,9000,0.785
gaussian,3,common_down,4.0,0.01,glr_two_sided,200,191,111,9000,0.79
gaussian,3,common_down,4.0,0.03,glr_two_sided,200,194,289,9000,0.59
gaussian,3,common_down,4.0,0.01,energy,200,182,111,9000,0.76
gaussian,3,common_down,4.0,0.03,energy,200,192,302,9000,0.46
gaussian,3,common_down,4.0,0.01,mahalanobis,200,149,89,9000,1.32
gaussian,3,common_down,4.0,0.03,mahalanobis,200,178,262,9000,0.87
gaussian,3,common_down,6.0,0.01,stouffer_down,200,200,92,9000,0.01
gaussian,3,common_down,6.0,0.03,stouffer_down,200,200,294,9000,0.005
gaussian,3,common_down,6.0,0.01,stouffer_two_sided,200,200,116,9000,0.04
gaussian,3,common_down,6.0,0.03,stouffer_two_sided,200,200,297,9000,0.005
gaussian,3,common_down,6.0,0.01,max_absolute,200,196,105,9000,0.3
gaussian,3,common_down,6.0,0.03,max_absolute,200,199,271,9000,0.145
gaussian,3,common_down,6.0,0.01,glr_two_sided,200,200,111,9000,0.12
gaussian,3,common_down,6.0,0.03,glr_two_sided,200,200,289,9000,0.045
gaussian,3,common_down,6.0,0.01,energy,200,200,111,9000,0.075
gaussian,3,common_down,6.0,0.03,energy,200,200,302,9000,0.015
gaussian,3,common_down,6.0,0.01,mahalanobis,200,198,89,9000,0.21
gaussian,3,common_down,6.0,0.03,mahalanobis,200,200,262,9000,0.085
gaussian,3,common_up,2.0,0.01,stouffer_down,200,0,92,9000,3.0
gaussian,3,common_up,2.0,0.03,stouffer_down,200,0,294,9000,3.0
gaussian,3,common_up,2.0,0.01,stouffer_two_sided,200,76,116,9000,2.165
gaussian,3,common_up,2.0,0.03,stouffer_two_sided,200,111,297,9000,1.71
gaussian,3,common_up,2.0,0.01,max_absolute,200,34,105,9000,2.615
gaussian,3,common_up,2.0,0.03,max_absolute,200,67,271,9000,2.27
gaussian,3,common_up,2.0,0.01,glr_two_sided,200,71,111,9000,2.365
gaussian,3,common_up,2.0,0.03,glr_two_sided,200,100,289,9000,1.985
gaussian,3,common_up,2.0,0.01,energy,200,60,111,9000,2.33
gaussian,3,common_up,2.0,0.03,energy,200,100,302,9000,1.875
gaussian,3,common_up,2.0,0.01,mahalanobis,200,26,89,9000,2.725
gaussian,3,common_up,2.0,0.03,mahalanobis,200,61,262,9000,2.325
gaussian,3,common_up,4.0,0.01,stouffer_down,200,0,92,9000,3.0
gaussian,3,common_up,4.0,0.03,stouffer_down,200,0,294,9000,3.0
gaussian,3,common_up,4.0,0.01,stouffer_two_sided,200,183,116,9000,0.565
gaussian,3,common_up,4.0,0.03,stouffer_two_sided,200,193,297,9000,0.3
gaussian,3,common_up,4.0,0.01,max_absolute,200,139,105,9000,1.36
gaussian,3,common_up,4.0,0.03,max_absolute,200,175,271,9000,0.785
gaussian,3,common_up,4.0,0.01,glr_two_sided,200,188,111,9000,0.735
gaussian,3,common_up,4.0,0.03,glr_two_sided,200,193,289,9000,0.5
gaussian,3,common_up,4.0,0.01,energy,200,178,111,9000,0.635
gaussian,3,common_up,4.0,0.03,energy,200,187,302,9000,0.455
gaussian,3,common_up,4.0,0.01,mahalanobis,200,142,89,9000,1.285
gaussian,3,common_up,4.0,0.03,mahalanobis,200,170,262,9000,0.785
gaussian,3,common_up,6.0,0.01,stouffer_down,200,0,92,9000,3.0
gaussian,3,common_up,6.0,0.03,stouffer_down,200,0,294,9000,3.0
gaussian,3,common_up,6.0,0.01,stouffer_two_sided,200,200,116,9000,0.04
gaussian,3,common_up,6.0,0.03,stouffer_two_sided,200,200,297,9000,0.035
gaussian,3,common_up,6.0,0.01,max_absolute,200,194,105,9000,0.275
gaussian,3,common_up,6.0,0.03,max_absolute,200,199,271,9000,0.14
gaussian,3,common_up,6.0,0.01,glr_two_sided,200,200,111,9000,0.125
gaussian,3,common_up,6.0,0.03,glr_two_sided,200,200,289,9000,0.065
gaussian,3,common_up,6.0,0.01,energy,200,199,111,9000,0.065
gaussian,3,common_up,6.0,0.03,energy,200,200,302,9000,0.035
gaussian,3,common_up,6.0,0.01,mahalanobis,200,197,89,9000,0.195
gaussian,3,common_up,6.0,0.03,mahalanobis,200,199,262,9000,0.125
gaussian,3,sparse_down,2.0,0.01,stouffer_down,200,31,92,9000,2.65
gaussian,3,sparse_down,2.0,0.03,stouffer_down,200,63,294,9000,2.305
gaussian,3,sparse_down,2.0,0.01,stouffer_two_sided,200,20,116,9000,2.76
gaussian,3,sparse_down,2.0,0.03,stouffer_two_sided,200,43,297,9000,2.53
gaussian,3,sparse_down,2.0,0.01,max_absolute,200,77,105,9000,2.16
gaussian,3,sparse_down,2.0,0.03,max_absolute,200,111,271,9000,1.765
gaussian,3,sparse_down,2.0,0.01,glr_two_sided,200,20,111,9000,2.775
gaussian,3,sparse_down,2.0,0.03,glr_two_sided,200,32,289,9000,2.66
gaussian,3,sparse_down,2.0,0.01,energy,200,55,111,9000,2.43
gaussian,3,sparse_down,2.0,0.03,energy,200,103,302,9000,1.91
gaussian,3,sparse_down,2.0,0.01,mahalanobis,200,78,89,9000,2.19
gaussian,3,sparse_down,2.0,0.03,mahalanobis,200,118,262,9000,1.71
gaussian,3,sparse_down,4.0,0.01,stouffer_down,200,83,92,9000,2.095
gaussian,3,sparse_down,4.0,0.03,stouffer_down,200,133,294,9000,1.54
gaussian,3,sparse_down,4.0,0.01,stouffer_two_sided,200,65,116,9000,2.285
gaussian,3,sparse_down,4.0,0.03,stouffer_two_sided,200,104,297,9000,1.9
gaussian,3,sparse_down,4.0,0.01,max_absolute,200,198,105,9000,0.25
gaussian,3,sparse_down,4.0,0.03,max_absolute,200,199,271,9000,0.115
gaussian,3,sparse_down,4.0,0.01,glr_two_sided,200,61,111,9000,2.455
gaussian,3,sparse_down,4.0,0.03,glr_two_sided,200,95,289,9000,2.085
gaussian,3,sparse_down,4.0,0.01,energy,200,191,111,9000,0.59
gaussian,3,sparse_down,4.0,0.03,energy,200,199,302,9000,0.27
gaussian,3,sparse_down,4.0,0.01,mahalanobis,200,197,89,9000,0.255
gaussian,3,sparse_down,4.0,0.03,mahalanobis,200,199,262,9000,0.125
gaussian,3,sparse_down,6.0,0.01,stouffer_down,200,153,92,9000,1.235
gaussian,3,sparse_down,6.0,0.03,stouffer_down,200,173,294,9000,0.905
gaussian,3,sparse_down,6.0,0.01,stouffer_two_sided,200,137,116,9000,1.48
gaussian,3,sparse_down,6.0,0.03,stouffer_two_sided,200,158,297,9000,1.12
gaussian,3,sparse_down,6.0,0.01,max_absolute,200,200,105,9000,0.005
gaussian,3,sparse_down,6.0,0.03,max_absolute,200,200,271,9000,0.005
gaussian,3,sparse_down,6.0,0.01,glr_two_sided,200,131,111,9000,1.75
gaussian,3,sparse_down,6.0,0.03,glr_two_sided,200,151,289,9000,1.405
gaussian,3,sparse_down,6.0,0.01,energy,200,200,111,9000,0.01
gaussian,3,sparse_down,6.0,0.03,energy,200,200,302,9000,0.005
gaussian,3,sparse_down,6.0,0.01,mahalanobis,200,200,89,9000,0.005
gaussian,3,sparse_down,6.0,0.03,mahalanobis,200,200,262,9000,0.005
gaussian,3,opposed,2.0,0.01,stouffer_down,200,12,92,9000,2.845
gaussian,3,opposed,2.0,0.03,stouffer_down,200,20,294,9000,2.76
gaussian,3,opposed,2.0,0.01,stouffer_two_sided,200,12,116,9000,2.875
gaussian,3,opposed,2.0,0.03,stouffer_two_sided,200,24,297,9000,2.74
gaussian,3,opposed,2.0,0.01,max_absolute,200,65,105,9000,2.345
gaussian,3,opposed,2.0,0.03,max_absolute,200,104,271,9000,1.83
gaussian,3,opposed,2.0,0.01,glr_two_sided,200,12,111,9000,2.9
gaussian,3,opposed,2.0,0.03,glr_two_sided,200,20,289,9000,2.77
gaussian,3,opposed,2.0,0.01,energy,200,48,111,9000,2.49
gaussian,3,opposed,2.0,0.03,energy,200,100,302,9000,1.895
gaussian,3,opposed,2.0,0.01,mahalanobis,200,94,89,9000,1.955
gaussian,3,opposed,2.0,0.03,mahalanobis,200,135,262,9000,1.445
gaussian,3,opposed,4.0,0.01,stouffer_down,200,12,92,9000,2.845
gaussian,3,opposed,4.0,0.03,stouffer_down,200,20,294,9000,2.76
gaussian,3,opposed,4.0,0.01,stouffer_two_sided,200,12,116,9000,2.875
gaussian,3,opposed,4.0,0.03,stouffer_two_sided,200,24,297,9000,2.74
gaussian,3,opposed,4.0,0.01,max_absolute,200,193,105,9000,0.45
gaussian,3,opposed,4.0,0.03,max_absolute,200,198,271,9000,0.17
gaussian,3,opposed,4.0,0.01,glr_two_sided,200,12,111,9000,2.9
gaussian,3,opposed,4.0,0.03,glr_two_sided,200,20,289,9000,2.77
gaussian,3,opposed,4.0,0.01,energy,200,189,111,9000,0.45
gaussian,3,opposed,4.0,0.03,energy,200,199,302,9000,0.14
gaussian,3,opposed,4.0,0.01,mahalanobis,200,198,89,9000,0.17
gaussian,3,opposed,4.0,0.03,mahalanobis,200,200,262,9000,0.055
gaussian,3,opposed,6.0,0.01,stouffer_down,200,12,92,9000,2.845
gaussian,3,opposed,6.0,0.03,stouffer_down,200,20,294,9000,2.76
gaussian,3,opposed,6.0,0.01,stouffer_two_sided,200,12,116,9000,2.875
gaussian,3,opposed,6.0,0.03,stouffer_two_sided,200,24,297,9000,2.74
gaussian,3,opposed,6.0,0.01,max_absolute,200,200,105,9000,0.005
gaussian,3,opposed,6.0,0.03,max_absolute,200,200,271,9000,0.0
gaussian,3,opposed,6.0,0.01,glr_two_sided,200,12,111,9000,2.9
gaussian,3,opposed,6.0,0.03,glr_two_sided,200,20,289,9000,2.77
gaussian,3,opposed,6.0,0.01,energy,200,200,111,9000,0.0
gaussian,3,opposed,6.0,0.03,energy,200,200,302,9000,0.0
gaussian,3,opposed,6.0,0.01,mahalanobis,200,200,89,9000,0.0
gaussian,3,opposed,6.0,0.03,mahalanobis,200,200,262,9000,0.0
gaussian,3,ramp_down,2.0,0.01,stouffer_down,200,63,92,9000,2.51
gaussian,3,ramp_down,2.0,0.03,stouffer_down,200,111,294,9000,2.075
gaussian,3,ramp_down,2.0,0.01,stouffer_two_sided,200,46,116,9000,2.625
gaussian,3,ramp_down,2.0,0.03,stouffer_two_sided,200,83,297,9000,2.325
gaussian,3,ramp_down,2.0,0.01,max_absolute,200,28,105,9000,2.795
gaussian,3,ramp_down,2.0,0.03,max_absolute,200,51,271,9000,2.58
gaussian,3,ramp_down,2.0,0.01,glr_two_sided,200,34,111,9000,2.705
gaussian,3,ramp_down,2.0,0.03,glr_two_sided,200,66,289,9000,2.47
gaussian,3,ramp_down,2.0,0.01,energy,200,37,111,9000,2.685
gaussian,3,ramp_down,2.0,0.03,energy,200,73,302,9000,2.385
gaussian,3,ramp_down,2.0,0.01,mahalanobis,200,25,89,9000,2.81
gaussian,3,ramp_down,2.0,0.03,mahalanobis,200,43,262,9000,2.625
gaussian,3,ramp_down,4.0,0.01,stouffer_down,200,167,92,9000,1.585
gaussian,3,ramp_down,4.0,0.03,stouffer_down,200,186,294,9000,1.205
gaussian,3,ramp_down,4.0,0.01,stouffer_two_sided,200,155,116,9000,1.755
gaussian,3,ramp_down,4.0,0.03,stouffer_two_sided,200,175,297,9000,1.42
gaussian,3,ramp_down,4.0,0.01,max_absolute,200,102,105,9000,2.285
gaussian,3,ramp_down,4.0,0.03,max_absolute,200,139,271,9000,1.915
gaussian,3,ramp_down,4.0,0.01,glr_two_sided,200,151,111,9000,1.91
gaussian,3,ramp_down,4.0,0.03,glr_two_sided,200,165,289,9000,1.685
gaussian,3,ramp_down,4.0,0.01,energy,200,148,111,9000,1.855
gaussian,3,ramp_down,4.0,0.03,energy,200,162,302,9000,1.53
gaussian,3,ramp_down,4.0,0.01,mahalanobis,200,106,89,9000,2.28
gaussian,3,ramp_down,4.0,0.03,mahalanobis,200,144,262,9000,1.91
gaussian,3,ramp_down,6.0,0.01,stouffer_down,200,197,92,9000,1.06
gaussian,3,ramp_down,6.0,0.03,stouffer_down,200,198,294,9000,0.765
gaussian,3,ramp_down,6.0,0.01,stouffer_two_sided,200,195,116,9000,1.14
gaussian,3,ramp_down,6.0,0.03,stouffer_two_sided,200,198,297,9000,0.985
gaussian,3,ramp_down,6.0,0.01,max_absolute,200,178,105,9000,1.635
gaussian,3,ramp_down,6.0,0.03,max_absolute,200,191,271,9000,1.28
gaussian,3,ramp_down,6.0,0.01,glr_two_sided,200,193,111,9000,1.35
gaussian,3,ramp_down,6.0,0.03,glr_two_sided,200,197,289,9000,1.16
gaussian,3,ramp_down,6.0,0.01,energy,200,194,111,9000,1.215
gaussian,3,ramp_down,6.0,0.03,energy,200,196,302,9000,1.015
gaussian,3,ramp_down,6.0,0.01,mahalanobis,200,180,89,9000,1.585
gaussian,3,ramp_down,6.0,0.03,mahalanobis,200,191,262,9000,1.285
gaussian,4,common_down,2.0,0.01,stouffer_down,200,91,84,9000,1.945
gaussian,4,common_down,2.0,0.03,stouffer_down,200,139,258,9000,1.405
gaussian,4,common_down,2.0,0.01,stouffer_two_sided,200,67,106,9000,2.215
gaussian,4,common_down,2.0,0.03,stouffer_two_sided,200,111,286,9000,1.725
gaussian,4,common_down,2.0,0.01,max_absolute,200,50,87,9000,2.505
gaussian,4,common_down,2.0,0.03,max_absolute,200,69,273,9000,2.31
gaussian,4,common_down,2.0,0.01,glr_two_sided,200,61,86,9000,2.475
gaussian,4,common_down,2.0,0.03,glr_two_sided,200,94,271,9000,2.065
gaussian,4,common_down,2.0,0.01,energy,200,60,95,9000,2.325
gaussian,4,common_down,2.0,0.03,energy,200,91,274,9000,1.99
gaussian,4,common_down,2.0,0.01,mahalanobis,200,37,78,9000,2.635
gaussian,4,common_down,2.0,0.03,mahalanobis,200,60,250,9000,2.355
gaussian,4,common_down,4.0,0.01,stouffer_down,200,192,84,9000,0.395
gaussian,4,common_down,4.0,0.03,stouffer_down,200,200,258,9000,0.19
gaussian,4,common_down,4.0,0.01,stouffer_two_sided,200,188,106,9000,0.51
gaussian,4,common_down,4.0,0.03,stouffer_two_sided,200,195,286,9000,0.315
gaussian,4,common_down,4.0,0.01,max_absolute,200,135,87,9000,1.45
gaussian,4,common_down,4.0,0.03,max_absolute,200,174,273,9000,0.85
gaussian,4,common_down,4.0,0.01,glr_two_sided,200,191,86,9000,0.79
gaussian,4,common_down,4.0,0.03,glr_two_sided,200,198,271,9000,0.5
gaussian,4,common_down,4.0,0.01,energy,200,186,95,9000,0.62
gaussian,4,common_down,4.0,0.03,energy,200,192,274,9000,0.435
gaussian,4,common_down,4.0,0.01,mahalanobis,200,141,78,9000,1.365
gaussian,4,common_down,4.0,0.03,mahalanobis,200,175,250,9000,0.805
gaussian,4,common_down,6.0,0.01,stouffer_down,200,200,84,9000,0.03
gaussian,4,common_down,6.0,0.03,stouffer_down,200,200,258,9000,0.015
gaussian,4,common_down,6.0,0.01,stouffer_two_sided,200,200,106,9000,0.04
gaussian,4,common_down,6.0,0.03,stouffer_two_sided,200,200,286,9000,0.015
gaussian,4,common_down,6.0,0.01,max_absolute,200,198,87,9000,0.225
gaussian,4,common_down,6.0,0.03,max_absolute,200,199,273,9000,0.1
gaussian,4,common_down,6.0,0.01,glr_two_sided,200,200,86,9000,0.12
gaussian,4,common_down,6.0,0.03,glr_two_sided,200,200,271,9000,0.055
gaussian,4,common_down,6.0,0.01,energy,200,200,95,9000,0.05
gaussian,4,common_down,6.0,0.03,energy,200,200,274,9000,0.0
gaussian,4,common_down,6.0,0.01,mahalanobis,200,198,78,9000,0.195
gaussian,4,common_down,6.0,0.03,mahalanobis,200,200,250,9000,0.05
gaussian,4,common_up,2.0,0.01,stouffer_down,200,0,84,9000,3.0
gaussian,4,common_up,2.0,0.03,stouffer_down,200,0,258,9000,3.0
gaussian,4,common_up,2.0,0.01,stouffer_two_sided,200,88,106,9000,2.06
gaussian,4,common_up,2.0,0.03,stouffer_two_sided,200,120,286,9000,1.64
gaussian,4,common_up,2.0,0.01,max_absolute,200,47,87,9000,2.52
gaussian,4,common_up,2.0,0.03,max_absolute,200,75,273,9000,2.24
gaussian,4,common_up,2.0,0.01,glr_two_sided,200,80,86,9000,2.32
gaussian,4,common_up,2.0,0.03,glr_two_sided,200,112,271,9000,1.91
gaussian,4,common_up,2.0,0.01,energy,200,69,95,9000,2.295
gaussian,4,common_up,2.0,0.03,energy,200,108,274,9000,1.805
gaussian,4,common_up,2.0,0.01,mahalanobis,200,35,78,9000,2.64
gaussian,4,common_up,2.0,0.03,mahalanobis,200,74,250,9000,2.255
gaussian,4,common_up,4.0,0.01,stouffer_down,200,0,84,9000,3.0
gaussian,4,common_up,4.0,0.03,stouffer_down,200,0,258,9000,3.0
gaussian,4,common_up,4.0,0.01,stouffer_two_sided,200,186,106,9000,0.545
gaussian,4,common_up,4.0,0.03,stouffer_two_sided,200,194,286,9000,0.325
gaussian,4,common_up,4.0,0.01,max_absolute,200,150,87,9000,1.275
gaussian,4,common_up,4.0,0.03,max_absolute,200,179,273,9000,0.785
gaussian,4,common_up,4.0,0.01,glr_two_sided,200,186,86,9000,0.795
gaussian,4,common_up,4.0,0.03,glr_two_sided,200,196,271,9000,0.52
gaussian,4,common_up,4.0,0.01,energy,200,179,95,9000,0.715
gaussian,4,common_up,4.0,0.03,energy,200,189,274,9000,0.46
gaussian,4,common_up,4.0,0.01,mahalanobis,200,149,78,9000,1.285
gaussian,4,common_up,4.0,0.03,mahalanobis,200,172,250,9000,0.89
gaussian,4,common_up,6.0,0.01,stouffer_down,200,0,84,9000,3.0
gaussian,4,common_up,6.0,0.03,stouffer_down,200,0,258,9000,3.0
gaussian,4,common_up,6.0,0.01,stouffer_two_sided,200,200,106,9000,0.015
gaussian,4,common_up,6.0,0.03,stouffer_two_sided,200,200,286,9000,0.0
gaussian,4,common_up,6.0,0.01,max_absolute,200,197,87,9000,0.275
gaussian,4,common_up,6.0,0.03,max_absolute,200,200,273,9000,0.08
gaussian,4,common_up,6.0,0.01,glr_two_sided,200,200,86,9000,0.13
gaussian,4,common_up,6.0,0.03,glr_two_sided,200,200,271,9000,0.05
gaussian,4,common_up,6.0,0.01,energy,200,200,95,9000,0.035
gaussian,4,common_up,6.0,0.03,energy,200,200,274,9000,0.01
gaussian,4,common_up,6.0,0.01,mahalanobis,200,197,78,9000,0.195
gaussian,4,common_up,6.0,0.03,mahalanobis,200,200,250,9000,0.06
gaussian,4,sparse_down,2.0,0.01,stouffer_down,200,27,84,9000,2.705
gaussian,4,sparse_down,2.0,0.03,stouffer_down,200,57,258,9000,2.355
gaussian,4,sparse_down,2.0,0.01,stouffer_two_sided,200,17,106,9000,2.84
gaussian,4,sparse_down,2.0,0.03,stouffer_two_sided,200,41,286,9000,2.55
gaussian,4,sparse_down,2.0,0.01,max_absolute,200,70,87,9000,2.27
gaussian,4,sparse_down,2.0,0.03,max_absolute,200,103,273,9000,1.825
gaussian,4,sparse_down,2.0,0.01,glr_two_sided,200,15,86,9000,2.875
gaussian,4,sparse_down,2.0,0.03,glr_two_sided,200,29,271,9000,2.735
gaussian,4,sparse_down,2.0,0.01,energy,200,47,95,9000,2.495
gaussian,4,sparse_down,2.0,0.03,energy,200,81,274,9000,2.065
gaussian,4,sparse_down,2.0,0.01,mahalanobis,200,72,78,9000,2.215
gaussian,4,sparse_down,2.0,0.03,mahalanobis,200,107,250,9000,1.82
gaussian,4,sparse_down,4.0,0.01,stouffer_down,200,71,84,9000,2.16
gaussian,4,sparse_down,4.0,0.03,stouffer_down,200,119,258,9000,1.62
gaussian,4,sparse_down,4.0,0.01,stouffer_two_sided,200,58,106,9000,2.335
gaussian,4,sparse_down,4.0,0.03,stouffer_two_sided,200,92,286,9000,1.925
gaussian,4,sparse_down,4.0,0.01,max_absolute,200,194,87,9000,0.295
gaussian,4,sparse_down,4.0,0.03,max_absolute,200,199,273,9000,0.145
gaussian,4,sparse_down,4.0,0.01,glr_two_sided,200,51,86,9000,2.575
gaussian,4,sparse_down,4.0,0.03,glr_two_sided,200,75,271,9000,2.245
gaussian,4,sparse_down,4.0,0.01,energy,200,182,95,9000,0.62
gaussian,4,sparse_down,4.0,0.03,energy,200,193,274,9000,0.315
gaussian,4,sparse_down,4.0,0.01,mahalanobis,200,196,78,9000,0.29
gaussian,4,sparse_down,4.0,0.03,mahalanobis,200,199,250,9000,0.11
gaussian,4,sparse_down,6.0,0.01,stouffer_down,200,143,84,9000,1.34
gaussian,4,sparse_down,6.0,0.03,stouffer_down,200,180,258,9000,0.745
gaussian,4,sparse_down,6.0,0.01,stouffer_two_sided,200,123,106,9000,1.58
gaussian,4,sparse_down,6.0,0.03,stouffer_two_sided,200,161,286,9000,1.035
gaussian,4,sparse_down,6.0,0.01,max_absolute,200,200,87,9000,0.005
gaussian,4,sparse_down,6.0,0.03,max_absolute,200,200,273,9000,0.005
gaussian,4,sparse_down,6.0,0.01,glr_two_sided,200,121,86,9000,1.905
gaussian,4,sparse_down,6.0,0.03,glr_two_sided,200,151,271,9000,1.42
gaussian,4,sparse_down,6.0,0.01,energy,200,200,95,9000,0.0
gaussian,4,sparse_down,6.0,0.03,energy,200,200,274,9000,0.0
gaussian,4,sparse_down,6.0,0.01,mahalanobis,200,200,78,9000,0.005
gaussian,4,sparse_down,6.0,0.03,mahalanobis,200,200,250,9000,0.0
gaussian,4,opposed,2.0,0.01,stouffer_down,200,3,84,9000,2.98
gaussian,4,opposed,2.0,0.03,stouffer_down,200,17,258,9000,2.84
gaussian,4,opposed,2.0,0.01,stouffer_two_sided,200,6,106,9000,2.94
gaussian,4,opposed,2.0,0.03,stouffer_two_sided,200,12,286,9000,2.875
gaussian,4,opposed,2.0,0.01,max_absolute,200,61,87,9000,2.32
gaussian,4,opposed,2.0,0.03,max_absolute,200,88,273,9000,2.02
gaussian,4,opposed,2.0,0.01,glr_two_sided,200,5,86,9000,2.95
gaussian,4,opposed,2.0,0.03,glr_two_sided,200,12,271,9000,2.865
gaussian,4,opposed,2.0,0.01,energy,200,42,95,9000,2.56
gaussian,4,opposed,2.0,0.03,energy,200,94,274,9000,2.01
gaussian,4,opposed,2.0,0.01,mahalanobis,200,86,78,9000,2.09
gaussian,4,opposed,2.0,0.03,mahalanobis,200,126,250,9000,1.625
gaussian,4,opposed,4.0,0.01,stouffer_down,200,3,84,9000,2.98
gaussian,4,opposed,4.0,0.03,stouffer_down,200,17,258,9000,2.84
gaussian,4,opposed,4.0,0.01,stouffer_two_sided,200,6,106,9000,2.94
gaussian,4,opposed,4.0,0.03,stouffer_two_sided,200,12,286,9000,2.875
gaussian,4,opposed,4.0,0.01,max_absolute,200,190,87,9000,0.47
gaussian,4,opposed,4.0,0.03,max_absolute,200,199,273,9000,0.175
gaussian,4,opposed,4.0,0.01,glr_two_sided,200,5,86,9000,2.95
gaussian,4,opposed,4.0,0.03,glr_two_sided,200,12,271,9000,2.865
gaussian,4,opposed,4.0,0.01,energy,200,189,95,9000,0.4
gaussian,4,opposed,4.0,0.03,energy,200,198,274,9000,0.155
gaussian,4,opposed,4.0,0.01,mahalanobis,200,198,78,9000,0.145
gaussian,4,opposed,4.0,0.03,mahalanobis,200,198,250,9000,0.07
gaussian,4,opposed,6.0,0.01,stouffer_down,200,3,84,9000,2.98
gaussian,4,opposed,6.0,0.03,stouffer_down,200,17,258,9000,2.84
gaussian,4,opposed,6.0,0.01,stouffer_two_sided,200,6,106,9000,2.94
gaussian,4,opposed,6.0,0.03,stouffer_two_sided,200,12,286,9000,2.875
gaussian,4,opposed,6.0,0.01,max_absolute,200,200,87,9000,0.005
gaussian,4,opposed,6.0,0.03,max_absolute,200,200,273,9000,0.0
gaussian,4,opposed,6.0,0.01,glr_two_sided,200,5,86,9000,2.95
gaussian,4,opposed,6.0,0.03,glr_two_sided,200,12,271,9000,2.865
gaussian,4,opposed,6.0,0.01,energy,200,200,95,9000,0.0
gaussian,4,opposed,6.0,0.03,energy,200,200,274,9000,0.0
gaussian,4,opposed,6.0,0.01,mahalanobis,200,200,78,9000,0.0
gaussian,4,opposed,6.0,0.03,mahalanobis,200,200,250,9000,0.0
gaussian,4,ramp_down,2.0,0.01,stouffer_down,200,52,84,9000,2.605
gaussian,4,ramp_down,2.0,0.03,stouffer_down,200,102,258,9000,2.1
gaussian,4,ramp_down,2.0,0.01,stouffer_two_sided,200,36,106,9000,2.745
gaussian,4,ramp_down,2.0,0.03,stouffer_two_sided,200,67,286,9000,2.425
gaussian,4,ramp_down,2.0,0.01,max_absolute,200,29,87,9000,2.79
gaussian,4,ramp_down,2.0,0.03,max_absolute,200,54,273,9000,2.565
gaussian,4,ramp_down,2.0,0.01,glr_two_sided,200,29,86,9000,2.805
gaussian,4,ramp_down,2.0,0.03,glr_two_sided,200,47,271,9000,2.615
gaussian,4,ramp_down,2.0,0.01,energy,200,35,95,9000,2.745
gaussian,4,ramp_down,2.0,0.03,energy,200,64,274,9000,2.5
gaussian,4,ramp_down,2.0,0.01,mahalanobis,200,26,78,9000,2.805
gaussian,4,ramp_down,2.0,0.03,mahalanobis,200,46,250,9000,2.635
gaussian,4,ramp_down,4.0,0.01,stouffer_down,200,161,84,9000,1.7
gaussian,4,ramp_down,4.0,0.03,stouffer_down,200,186,258,9000,1.22
gaussian,4,ramp_down,4.0,0.01,stouffer_two_sided,200,151,106,9000,1.865
gaussian,4,ramp_down,4.0,0.03,stouffer_two_sided,200,173,286,9000,1.55
gaussian,4,ramp_down,4.0,0.01,max_absolute,200,95,87,9000,2.35
gaussian,4,ramp_down,4.0,0.03,max_absolute,200,133,273,9000,1.925
gaussian,4,ramp_down,4.0,0.01,glr_two_sided,200,142,86,9000,2.075
gaussian,4,ramp_down,4.0,0.03,glr_two_sided,200,157,271,9000,1.815
gaussian,4,ramp_down,4.0,0.01,energy,200,142,95,9000,1.94
gaussian,4,ramp_down,4.0,0.03,energy,200,166,274,9000,1.625
gaussian,4,ramp_down,4.0,0.01,mahalanobis,200,97,78,9000,2.37
gaussian,4,ramp_down,4.0,0.03,mahalanobis,200,127,250,9000,2.055
gaussian,4,ramp_down,6.0,0.01,stouffer_down,200,200,84,9000,1.015
gaussian,4,ramp_down,6.0,0.03,stouffer_down,200,200,258,9000,0.755
gaussian,4,ramp_down,6.0,0.01,stouffer_two_sided,200,199,106,9000,1.16
gaussian,4,ramp_down,6.0,0.03,stouffer_two_sided,200,200,286,9000,0.905
gaussian,4,ramp_down,6.0,0.01,max_absolute,200,170,87,9000,1.695
gaussian,4,ramp_down,6.0,0.03,max_absolute,200,188,273,9000,1.38
gaussian,4,ramp_down,6.0,0.01,glr_two_sided,200,197,86,9000,1.415
gaussian,4,ramp_down,6.0,0.03,glr_two_sided,200,200,271,9000,1.12
gaussian,4,ramp_down,6.0,0.01,energy,200,194,95,9000,1.27
gaussian,4,ramp_down,6.0,0.03,energy,200,200,274,9000,1.04
gaussian,4,ramp_down,6.0,0.01,mahalanobis,200,176,78,9000,1.67
gaussian,4,ramp_down,6.0,0.03,mahalanobis,200,189,250,9000,1.375
gaussian,5,common_down,2.0,0.01,stouffer_down,200,95,108,9000,1.985
gaussian,5,common_down,2.0,0.03,stouffer_down,200,134,300,9000,1.435
gaussian,5,common_down,2.0,0.01,stouffer_two_sided,200,76,116,9000,2.225
gaussian,5,common_down,2.0,0.03,stouffer_two_sided,200,110,298,9000,1.77
gaussian,5,common_down,2.0,0.01,max_absolute,200,41,102,9000,2.56
gaussian,5,common_down,2.0,0.03,max_absolute,200,68,274,9000,2.275
gaussian,5,common_down,2.0,0.01,glr_two_sided,200,75,118,9000,2.38
gaussian,5,common_down,2.0,0.03,glr_two_sided,200,108,306,9000,1.96
gaussian,5,common_down,2.0,0.01,energy,200,63,112,9000,2.35
gaussian,5,common_down,2.0,0.03,energy,200,92,307,9000,1.985
gaussian,5,common_down,2.0,0.01,mahalanobis,200,32,101,9000,2.67
gaussian,5,common_down,2.0,0.03,mahalanobis,200,59,276,9000,2.36
gaussian,5,common_down,4.0,0.01,stouffer_down,200,192,108,9000,0.435
gaussian,5,common_down,4.0,0.03,stouffer_down,200,198,300,9000,0.2
gaussian,5,common_down,4.0,0.01,stouffer_two_sided,200,188,116,9000,0.54
gaussian,5,common_down,4.0,0.03,stouffer_two_sided,200,198,298,9000,0.265
gaussian,5,common_down,4.0,0.01,max_absolute,200,148,102,9000,1.305
gaussian,5,common_down,4.0,0.03,max_absolute,200,174,274,9000,0.85
gaussian,5,common_down,4.0,0.01,glr_two_sided,200,193,118,9000,0.79
gaussian,5,common_down,4.0,0.03,glr_two_sided,200,198,306,9000,0.495
gaussian,5,common_down,4.0,0.01,energy,200,178,112,9000,0.74
gaussian,5,common_down,4.0,0.03,energy,200,191,307,9000,0.48
gaussian,5,common_down,4.0,0.01,mahalanobis,200,135,101,9000,1.385
gaussian,5,common_down,4.0,0.03,mahalanobis,200,174,276,9000,0.83
gaussian,5,common_down,6.0,0.01,stouffer_down,200,200,108,9000,0.01
gaussian,5,common_down,6.0,0.03,stouffer_down,200,200,300,9000,0.0
gaussian,5,common_down,6.0,0.01,stouffer_two_sided,200,199,116,9000,0.04
gaussian,5,common_down,6.0,0.03,stouffer_two_sided,200,200,298,9000,0.01
gaussian,5,common_down,6.0,0.01,max_absolute,200,197,102,9000,0.3
gaussian,5,common_down,6.0,0.03,max_absolute,200,200,274,9000,0.13
gaussian,5,common_down,6.0,0.01,glr_two_sided,200,200,118,9000,0.125
gaussian,5,common_down,6.0,0.03,glr_two_sided,200,200,306,9000,0.045
gaussian,5,common_down,6.0,0.01,energy,200,200,112,9000,0.055
gaussian,5,common_down,6.0,0.03,energy,200,200,307,9000,0.02
gaussian,5,common_down,6.0,0.01,mahalanobis,200,199,101,9000,0.205
gaussian,5,common_down,6.0,0.03,mahalanobis,200,200,276,9000,0.11
gaussian,5,common_up,2.0,0.01,stouffer_down,200,0,108,9000,3.0
gaussian,5,common_up,2.0,0.03,stouffer_down,200,0,300,9000,3.0
gaussian,5,common_up,2.0,0.01,stouffer_two_sided,200,70,116,9000,2.21
gaussian,5,common_up,2.0,0.03,stouffer_two_sided,200,107,298,9000,1.74
gaussian,5,common_up,2.0,0.01,max_absolute,200,30,102,9000,2.65
gaussian,5,common_up,2.0,0.03,max_absolute,200,67,274,9000,2.255
gaussian,5,common_up,2.0,0.01,glr_two_sided,200,70,118,9000,2.36
gaussian,5,common_up,2.0,0.03,glr_two_sided,200,96,306,9000,2.005
gaussian,5,common_up,2.0,0.01,energy,200,57,112,9000,2.38
gaussian,5,common_up,2.0,0.03,energy,200,93,307,9000,1.955
gaussian,5,common_up,2.0,0.01,mahalanobis,200,30,101,9000,2.645
gaussian,5,common_up,2.0,0.03,mahalanobis,200,55,276,9000,2.39
gaussian,5,common_up,4.0,0.01,stouffer_down,200,0,108,9000,3.0
gaussian,5,common_up,4.0,0.03,stouffer_down,200,0,300,9000,3.0
gaussian,5,common_up,4.0,0.01,stouffer_two_sided,200,184,116,9000,0.555
gaussian,5,common_up,4.0,0.03,stouffer_two_sided,200,192,298,9000,0.325
gaussian,5,common_up,4.0,0.01,max_absolute,200,136,102,9000,1.41
gaussian,5,common_up,4.0,0.03,max_absolute,200,168,274,9000,0.895
gaussian,5,common_up,4.0,0.01,glr_two_sided,200,187,118,9000,0.79
gaussian,5,common_up,4.0,0.03,glr_two_sided,200,194,306,9000,0.52
gaussian,5,common_up,4.0,0.01,energy,200,171,112,9000,0.75
gaussian,5,common_up,4.0,0.03,energy,200,191,307,9000,0.4
gaussian,5,common_up,4.0,0.01,mahalanobis,200,135,101,9000,1.365
gaussian,5,common_up,4.0,0.03,mahalanobis,200,166,276,9000,0.84
gaussian,5,common_up,6.0,0.01,stouffer_down,200,0,108,9000,3.0
gaussian,5,common_up,6.0,0.03,stouffer_down,200,0,300,9000,3.0
gaussian,5,common_up,6.0,0.01,stouffer_two_sided,200,200,116,9000,0.02
gaussian,5,common_up,6.0,0.03,stouffer_two_sided,200,200,298,9000,0.015
gaussian,5,common_up,6.0,0.01,max_absolute,200,196,102,9000,0.23
gaussian,5,common_up,6.0,0.03,max_absolute,200,199,274,9000,0.095
gaussian,5,common_up,6.0,0.01,glr_two_sided,200,200,118,9000,0.105
gaussian,5,common_up,6.0,0.03,glr_two_sided,200,200,306,9000,0.025
gaussian,5,common_up,6.0,0.01,energy,200,199,112,9000,0.04
gaussian,5,common_up,6.0,0.03,energy,200,200,307,9000,0.01
gaussian,5,common_up,6.0,0.01,mahalanobis,200,196,101,9000,0.19
gaussian,5,common_up,6.0,0.03,mahalanobis,200,199,276,9000,0.085
gaussian,5,sparse_down,2.0,0.01,stouffer_down,200,29,108,9000,2.735
gaussian,5,sparse_down,2.0,0.03,stouffer_down,200,61,300,9000,2.38
gaussian,5,sparse_down,2.0,0.01,stouffer_two_sided,200,18,116,9000,2.835
gaussian,5,sparse_down,2.0,0.03,stouffer_two_sided,200,38,298,9000,2.635
gaussian,5,sparse_down,2.0,0.01,max_absolute,200,80,102,9000,2.205
gaussian,5,sparse_down,2.0,0.03,max_absolute,200,106,274,9000,1.855
gaussian,5,sparse_down,2.0,0.01,glr_two_sided,200,14,118,9000,2.88
gaussian,5,sparse_down,2.0,0.03,glr_two_sided,200,34,306,9000,2.68
gaussian,5,sparse_down,2.0,0.01,energy,200,49,112,9000,2.52
gaussian,5,sparse_down,2.0,0.03,energy,200,82,307,9000,2.1
gaussian,5,sparse_down,2.0,0.01,mahalanobis,200,71,101,9000,2.24
gaussian,5,sparse_down,2.0,0.03,mahalanobis,200,116,276,9000,1.765
gaussian,5,sparse_down,4.0,0.01,stouffer_down,200,79,108,9000,2.195
gaussian,5,sparse_down,4.0,0.03,stouffer_down,200,121,300,9000,1.63
gaussian,5,sparse_down,4.0,0.01,stouffer_two_sided,200,63,116,9000,2.36
gaussian,5,sparse_down,4.0,0.03,stouffer_two_sided,200,95,298,9000,1.985
gaussian,5,sparse_down,4.0,0.01,max_absolute,200,195,102,9000,0.22
gaussian,5,sparse_down,4.0,0.03,max_absolute,200,198,274,9000,0.125
gaussian,5,sparse_down,4.0,0.01,glr_two_sided,200,55,118,9000,2.525
gaussian,5,sparse_down,4.0,0.03,glr_two_sided,200,97,306,9000,2.105
gaussian,5,sparse_down,4.0,0.01,energy,200,183,112,9000,0.575
gaussian,5,sparse_down,4.0,0.03,energy,200,195,307,9000,0.265
gaussian,5,sparse_down,4.0,0.01,mahalanobis,200,191,101,9000,0.315
gaussian,5,sparse_down,4.0,0.03,mahalanobis,200,198,276,9000,0.145
gaussian,5,sparse_down,6.0,0.01,stouffer_down,200,140,108,9000,1.355
gaussian,5,sparse_down,6.0,0.03,stouffer_down,200,168,300,9000,0.91
gaussian,5,sparse_down,6.0,0.01,stouffer_two_sided,200,123,116,9000,1.61
gaussian,5,sparse_down,6.0,0.03,stouffer_two_sided,200,151,298,9000,1.2
gaussian,5,sparse_down,6.0,0.01,max_absolute,200,200,102,9000,0.0
gaussian,5,sparse_down,6.0,0.03,max_absolute,200,200,274,9000,0.0
gaussian,5,sparse_down,6.0,0.01,glr_two_sided,200,126,118,9000,1.825
gaussian,5,sparse_down,6.0,0.03,glr_two_sided,200,153,306,9000,1.41
gaussian,5,sparse_down,6.0,0.01,energy,200,200,112,9000,0.02
gaussian,5,sparse_down,6.0,0.03,energy,200,200,307,9000,0.005
gaussian,5,sparse_down,6.0,0.01,mahalanobis,200,200,101,9000,0.005
gaussian,5,sparse_down,6.0,0.03,mahalanobis,200,200,276,9000,0.0
gaussian,5,opposed,2.0,0.01,stouffer_down,200,9,108,9000,2.91
gaussian,5,opposed,2.0,0.03,stouffer_down,200,17,300,9000,2.84
gaussian,5,opposed,2.0,0.01,stouffer_two_sided,200,6,116,9000,2.95
gaussian,5,opposed,2.0,0.03,stouffer_two_sided,200,17,298,9000,2.815
gaussian,5,opposed,2.0,0.01,max_absolute,200,50,102,9000,2.46
gaussian,5,opposed,2.0,0.03,max_absolute,200,90,274,9000,2.02
gaussian,5,opposed,2.0,0.01,glr_two_sided,200,8,118,9000,2.94
gaussian,5,opposed,2.0,0.03,glr_two_sided,200,13,306,9000,2.855
gaussian,5,opposed,2.0,0.01,energy,200,39,112,9000,2.59
gaussian,5,opposed,2.0,0.03,energy,200,86,307,9000,2.05
gaussian,5,opposed,2.0,0.01,mahalanobis,200,79,101,9000,2.135
gaussian,5,opposed,2.0,0.03,mahalanobis,200,118,276,9000,1.695
gaussian,5,opposed,4.0,0.01,stouffer_down,200,9,108,9000,2.91
gaussian,5,opposed,4.0,0.03,stouffer_down,200,17,300,9000,2.84
gaussian,5,opposed,4.0,0.01,stouffer_two_sided,200,6,116,9000,2.95
gaussian,5,opposed,4.0,0.03,stouffer_two_sided,200,17,298,9000,2.815
gaussian,5,opposed,4.0,0.01,max_absolute,200,192,102,9000,0.455
gaussian,5,opposed,4.0,0.03,max_absolute,200,196,274,9000,0.285
gaussian,5,opposed,4.0,0.01,glr_two_sided,200,8,118,9000,2.94
gaussian,5,opposed,4.0,0.03,glr_two_sided,200,13,306,9000,2.855
gaussian,5,opposed,4.0,0.01,energy,200,189,112,9000,0.52
gaussian,5,opposed,4.0,0.03,energy,200,199,307,9000,0.18
gaussian,5,opposed,4.0,0.01,mahalanobis,200,197,101,9000,0.195
gaussian,5,opposed,4.0,0.03,mahalanobis,200,199,276,9000,0.1
gaussian,5,opposed,6.0,0.01,stouffer_down,200,9,108,9000,2.91
gaussian,5,opposed,6.0,0.03,stouffer_down,200,17,300,9000,2.84
gaussian,5,opposed,6.0,0.01,stouffer_two_sided,200,6,116,9000,2.95
gaussian,5,opposed,6.0,0.03,stouffer_two_sided,200,17,298,9000,2.815
gaussian,5,opposed,6.0,0.01,max_absolute,200,200,102,9000,0.005
gaussian,5,opposed,6.0,0.03,max_absolute,200,200,274,9000,0.0
gaussian,5,opposed,6.0,0.01,glr_two_sided,200,8,118,9000,2.94
gaussian,5,opposed,6.0,0.03,glr_two_sided,200,13,306,9000,2.855
gaussian,5,opposed,6.0,0.01,energy,200,200,112,9000,0.0
gaussian,5,opposed,6.0,0.03,energy,200,200,307,9000,0.0
gaussian,5,opposed,6.0,0.01,mahalanobis,200,200,101,9000,0.0
gaussian,5,opposed,6.0,0.03,mahalanobis,200,200,276,9000,0.0
gaussian,5,ramp_down,2.0,0.01,stouffer_down,200,66,108,9000,2.525
gaussian,5,ramp_down,2.0,0.03,stouffer_down,200,101,300,9000,2.18
gaussian,5,ramp_down,2.0,0.01,stouffer_two_sided,200,50,116,9000,2.64
gaussian,5,ramp_down,2.0,0.03,stouffer_two_sided,200,79,298,9000,2.425
gaussian,5,ramp_down,2.0,0.01,max_absolute,200,23,102,9000,2.81
gaussian,5,ramp_down,2.0,0.03,max_absolute,200,49,274,9000,2.605
gaussian,5,ramp_down,2.0,0.01,glr_two_sided,200,38,118,9000,2.75
gaussian,5,ramp_down,2.0,0.03,glr_two_sided,200,59,306,9000,2.545
gaussian,5,ramp_down,2.0,0.01,energy,200,40,112,9000,2.71
gaussian,5,ramp_down,2.0,0.03,energy,200,63,307,9000,2.515
gaussian,5,ramp_down,2.0,0.01,mahalanobis,200,19,101,9000,2.845
gaussian,5,ramp_down,2.0,0.03,mahalanobis,200,44,276,9000,2.605
gaussian,5,ramp_down,4.0,0.01,stouffer_down,200,166,108,9000,1.685
gaussian,5,ramp_down,4.0,0.03,stouffer_down,200,184,300,9000,1.315
gaussian,5,ramp_down,4.0,0.01,stouffer_two_sided,200,152,116,9000,1.905
gaussian,5,ramp_down,4.0,0.03,stouffer_two_sided,200,176,298,9000,1.55
gaussian,5,ramp_down,4.0,0.01,max_absolute,200,105,102,9000,2.27
gaussian,5,ramp_down,4.0,0.03,max_absolute,200,140,274,9000,1.92
gaussian,5,ramp_down,4.0,0.01,glr_two_sided,200,146,118,9000,2.03
gaussian,5,ramp_down,4.0,0.03,glr_two_sided,200,167,306,9000,1.735
gaussian,5,ramp_down,4.0,0.01,energy,200,141,112,9000,1.995
gaussian,5,ramp_down,4.0,0.03,energy,200,164,307,9000,1.705
gaussian,5,ramp_down,4.0,0.01,mahalanobis,200,97,101,9000,2.31
gaussian,5,ramp_down,4.0,0.03,mahalanobis,200,132,276,9000,2.055
gaussian,5,ramp_down,6.0,0.01,stouffer_down,200,198,108,9000,1.01
gaussian,5,ramp_down,6.0,0.03,stouffer_down,200,200,300,9000,0.735
gaussian,5,ramp_down,6.0,0.01,stouffer_two_sided,200,196,116,9000,1.15
gaussian,5,ramp_down,6.0,0.03,stouffer_two_sided,200,199,298,9000,0.87
gaussian,5,ramp_down,6.0,0.01,max_absolute,200,181,102,9000,1.605
gaussian,5,ramp_down,6.0,0.03,max_absolute,200,192,274,9000,1.345
gaussian,5,ramp_down,6.0,0.01,glr_two_sided,200,197,118,9000,1.42
gaussian,5,ramp_down,6.0,0.03,glr_two_sided,200,198,306,9000,1.145
gaussian,5,ramp_down,6.0,0.01,energy,200,194,112,9000,1.285
gaussian,5,ramp_down,6.0,0.03,energy,200,197,307,9000,1.03
gaussian,5,ramp_down,6.0,0.01,mahalanobis,200,181,101,9000,1.715
gaussian,5,ramp_down,6.0,0.03,mahalanobis,200,191,276,9000,1.36
gaussian,6,common_down,2.0,0.01,stouffer_down,200,94,94,9000,1.975
gaussian,6,common_down,2.0,0.03,stouffer_down,200,138,264,9000,1.425
gaussian,6,common_down,2.0,0.01,stouffer_two_sided,200,74,115,9000,2.21
gaussian,6,common_down,2.0,0.03,stouffer_two_sided,200,111,295,9000,1.78
gaussian,6,common_down,2.0,0.01,max_absolute,200,42,102,9000,2.565
gaussian,6,common_down,2.0,0.03,max_absolute,200,80,289,9000,2.155
gaussian,6,common_down,2.0,0.01,glr_two_sided,200,69,120,9000,2.405
gaussian,6,common_down,2.0,0.03,glr_two_sided,200,103,301,9000,2.0
gaussian,6,common_down,2.0,0.01,energy,200,71,108,9000,2.265
gaussian,6,common_down,2.0,0.03,energy,200,98,298,9000,1.925
gaussian,6,common_down,2.0,0.01,mahalanobis,200,32,107,9000,2.685
gaussian,6,common_down,2.0,0.03,mahalanobis,200,66,274,9000,2.355
gaussian,6,common_down,4.0,0.01,stouffer_down,200,192,94,9000,0.375
gaussian,6,common_down,4.0,0.03,stouffer_down,200,200,264,9000,0.16
gaussian,6,common_down,4.0,0.01,stouffer_two_sided,200,189,115,9000,0.48
gaussian,6,common_down,4.0,0.03,stouffer_two_sided,200,195,295,9000,0.29
gaussian,6,common_down,4.0,0.01,max_absolute,200,147,102,9000,1.235
gaussian,6,common_down,4.0,0.03,max_absolute,200,178,289,9000,0.735
gaussian,6,common_down,4.0,0.01,glr_two_sided,200,194,120,9000,0.76
gaussian,6,common_down,4.0,0.03,glr_two_sided,200,199,301,9000,0.455
gaussian,6,common_down,4.0,0.01,energy,200,181,108,9000,0.64
gaussian,6,common_down,4.0,0.03,energy,200,192,298,9000,0.375
gaussian,6,common_down,4.0,0.01,mahalanobis,200,144,107,9000,1.36
gaussian,6,common_down,4.0,0.03,mahalanobis,200,177,274,9000,0.8
gaussian,6,common_down,6.0,0.01,stouffer_down,200,200,94,9000,0.01
gaussian,6,common_down,6.0,0.03,stouffer_down,200,200,264,9000,0.0
gaussian,6,common_down,6.0,0.01,stouffer_two_sided,200,200,115,9000,0.025
gaussian,6,common_down,6.0,0.03,stouffer_two_sided,200,200,295,9000,0.0
gaussian,6,common_down,6.0,0.01,max_absolute,200,197,102,9000,0.205
gaussian,6,common_down,6.0,0.03,max_absolute,200,199,289,9000,0.09
gaussian,6,common_down,6.0,0.01,glr_two_sided,200,200,120,9000,0.115
gaussian,6,common_down,6.0,0.03,glr_two_sided,200,200,301,9000,0.055
gaussian,6,common_down,6.0,0.01,energy,200,200,108,9000,0.04
gaussian,6,common_down,6.0,0.03,energy,200,200,298,9000,0.015
gaussian,6,common_down,6.0,0.01,mahalanobis,200,198,107,9000,0.205
gaussian,6,common_down,6.0,0.03,mahalanobis,200,200,274,9000,0.09
gaussian,6,common_up,2.0,0.01,stouffer_down,200,0,94,9000,3.0
gaussian,6,common_up,2.0,0.03,stouffer_down,200,0,264,9000,3.0
gaussian,6,common_up,2.0,0.01,stouffer_two_sided,200,72,115,9000,2.22
gaussian,6,common_up,2.0,0.03,stouffer_two_sided,200,113,295,9000,1.78
gaussian,6,common_up,2.0,0.01,max_absolute,200,31,102,9000,2.71
gaussian,6,common_up,2.0,0.03,max_absolute,200,73,289,9000,2.25
gaussian,6,common_up,2.0,0.01,glr_two_sided,200,70,120,9000,2.365
gaussian,6,common_up,2.0,0.03,glr_two_sided,200,101,301,9000,1.99
gaussian,6,common_up,2.0,0.01,energy,200,60,108,9000,2.365
gaussian,6,common_up,2.0,0.03,energy,200,99,298,9000,1.935
gaussian,6,common_up,2.0,0.01,mahalanobis,200,27,107,9000,2.71
gaussian,6,common_up,2.0,0.03,mahalanobis,200,61,274,9000,2.345
gaussian,6,common_up,4.0,0.01,stouffer_down,200,0,94,9000,3.0
gaussian,6,common_up,4.0,0.03,stouffer_down,200,0,264,9000,3.0
gaussian,6,common_up,4.0,0.01,stouffer_two_sided,200,190,115,9000,0.485
gaussian,6,common_up,4.0,0.03,stouffer_two_sided,200,196,295,9000,0.28
gaussian,6,common_up,4.0,0.01,max_absolute,200,147,102,9000,1.3
gaussian,6,common_up,4.0,0.03,max_absolute,200,180,289,9000,0.725
gaussian,6,common_up,4.0,0.01,glr_two_sided,200,192,120,9000,0.805
gaussian,6,common_up,4.0,0.03,glr_two_sided,200,197,301,9000,0.51
gaussian,6,common_up,4.0,0.01,energy,200,179,108,9000,0.68
gaussian,6,common_up,4.0,0.03,energy,200,195,298,9000,0.355
gaussian,6,common_up,4.0,0.01,mahalanobis,200,151,107,9000,1.225
gaussian,6,common_up,4.0,0.03,mahalanobis,200,174,274,9000,0.855
gaussian,6,common_up,6.0,0.01,stouffer_down,200,0,94,9000,3.0
gaussian,6,common_up,6.0,0.03,stouffer_down,200,0,264,9000,3.0
gaussian,6,common_up,6.0,0.01,stouffer_two_sided,200,200,115,9000,0.015
gaussian,6,common_up,6.0,0.03,stouffer_two_sided,200,200,295,9000,0.005
gaussian,6,common_up,6.0,0.01,max_absolute,200,199,102,9000,0.2
gaussian,6,common_up,6.0,0.03,max_absolute,200,200,289,9000,0.075
gaussian,6,common_up,6.0,0.01,glr_two_sided,200,200,120,9000,0.1
gaussian,6,common_up,6.0,0.03,glr_two_sided,200,200,301,9000,0.025
gaussian,6,common_up,6.0,0.01,energy,200,200,108,9000,0.05
gaussian,6,common_up,6.0,0.03,energy,200,200,298,9000,0.025
gaussian,6,common_up,6.0,0.01,mahalanobis,200,199,107,9000,0.125
gaussian,6,common_up,6.0,0.03,mahalanobis,200,200,274,9000,0.065
gaussian,6,sparse_down,2.0,0.01,stouffer_down,200,28,94,9000,2.735
gaussian,6,sparse_down,2.0,0.03,stouffer_down,200,61,264,9000,2.375
gaussian,6,sparse_down,2.0,0.01,stouffer_two_sided,200,18,115,9000,2.835
gaussian,6,sparse_down,2.0,0.03,stouffer_two_sided,200,40,295,9000,2.605
gaussian,6,sparse_down,2.0,0.01,max_absolute,200,73,102,9000,2.25
gaussian,6,sparse_down,2.0,0.03,max_absolute,200,112,289,9000,1.75
gaussian,6,sparse_down,2.0,0.01,glr_two_sided,200,13,120,9000,2.89
gaussian,6,sparse_down,2.0,0.03,glr_two_sided,200,31,301,9000,2.735
gaussian,6,sparse_down,2.0,0.01,energy,200,48,108,9000,2.525
gaussian,6,sparse_down,2.0,0.03,energy,200,94,298,9000,2.04
gaussian,6,sparse_down,2.0,0.01,mahalanobis,200,64,107,9000,2.355
gaussian,6,sparse_down,2.0,0.03,mahalanobis,200,109,274,9000,1.835
gaussian,6,sparse_down,4.0,0.01,stouffer_down,200,80,94,9000,2.15
gaussian,6,sparse_down,4.0,0.03,stouffer_down,200,116,264,9000,1.71
gaussian,6,sparse_down,4.0,0.01,stouffer_two_sided,200,61,115,9000,2.365
gaussian,6,sparse_down,4.0,0.03,stouffer_two_sided,200,96,295,9000,1.95
gaussian,6,sparse_down,4.0,0.01,max_absolute,200,196,102,9000,0.295
gaussian,6,sparse_down,4.0,0.03,max_absolute,200,200,289,9000,0.175
gaussian,6,sparse_down,4.0,0.01,glr_two_sided,200,57,120,9000,2.555
gaussian,6,sparse_down,4.0,0.03,glr_two_sided,200,87,301,9000,2.185
gaussian,6,sparse_down,4.0,0.01,energy,200,186,108,9000,0.625
gaussian,6,sparse_down,4.0,0.03,energy,200,195,298,9000,0.355
gaussian,6,sparse_down,4.0,0.01,mahalanobis,200,196,107,9000,0.36
gaussian,6,sparse_down,4.0,0.03,mahalanobis,200,199,274,9000,0.175
gaussian,6,sparse_down,6.0,0.01,stouffer_down,200,142,94,9000,1.34
gaussian,6,sparse_down,6.0,0.03,stouffer_down,200,177,264,9000,0.77
gaussian,6,sparse_down,6.0,0.01,stouffer_two_sided,200,119,115,9000,1.68
gaussian,6,sparse_down,6.0,0.03,stouffer_two_sided,200,160,295,9000,1.105
gaussian,6,sparse_down,6.0,0.01,max_absolute,200,200,102,9000,0.005
gaussian,6,sparse_down,6.0,0.03,max_absolute,200,200,289,9000,0.005
gaussian,6,sparse_down,6.0,0.01,glr_two_sided,200,127,120,9000,1.83
gaussian,6,sparse_down,6.0,0.03,glr_two_sided,200,155,301,9000,1.385
gaussian,6,sparse_down,6.0,0.01,energy,200,200,108,9000,0.015
gaussian,6,sparse_down,6.0,0.03,energy,200,200,298,9000,0.005
gaussian,6,sparse_down,6.0,0.01,mahalanobis,200,200,107,9000,0.005
gaussian,6,sparse_down,6.0,0.03,mahalanobis,200,200,274,9000,0.005
gaussian,6,opposed,2.0,0.01,stouffer_down,200,8,94,9000,2.93
gaussian,6,opposed,2.0,0.03,stouffer_down,200,17,264,9000,2.85
gaussian,6,opposed,2.0,0.01,stouffer_two_sided,200,6,115,9000,2.955
gaussian,6,opposed,2.0,0.03,stouffer_two_sided,200,17,295,9000,2.845
gaussian,6,opposed,2.0,0.01,max_absolute,200,54,102,9000,2.44
gaussian,6,opposed,2.0,0.03,max_absolute,200,89,289,9000,2.055
gaussian,6,opposed,2.0,0.01,glr_two_sided,200,3,120,9000,2.96
gaussian,6,opposed,2.0,0.03,glr_two_sided,200,10,301,9000,2.875
gaussian,6,opposed,2.0,0.01,energy,200,44,108,9000,2.56
gaussian,6,opposed,2.0,0.03,energy,200,90,298,9000,2.015
gaussian,6,opposed,2.0,0.01,mahalanobis,200,92,107,9000,1.98
gaussian,6,opposed,2.0,0.03,mahalanobis,200,127,274,9000,1.485
gaussian,6,opposed,4.0,0.01,stouffer_down,200,8,94,9000,2.93
gaussian,6,opposed,4.0,0.03,stouffer_down,200,17,264,9000,2.85
gaussian,6,opposed,4.0,0.01,stouffer_two_sided,200,6,115,9000,2.955
gaussian,6,opposed,4.0,0.03,stouffer_two_sided,200,17,295,9000,2.845
gaussian,6,opposed,4.0,0.01,max_absolute,200,186,102,9000,0.53
gaussian,6,opposed,4.0,0.03,max_absolute,200,196,289,9000,0.21
gaussian,6,opposed,4.0,0.01,glr_two_sided,200,3,120,9000,2.96
gaussian,6,opposed,4.0,0.03,glr_two_sided,200,10,301,9000,2.875
gaussian,6,opposed,4.0,0.01,energy,200,187,108,9000,0.545
gaussian,6,opposed,4.0,0.03,energy,200,198,298,9000,0.21
gaussian,6,opposed,4.0,0.01,mahalanobis,200,199,107,9000,0.135
gaussian,6,opposed,4.0,0.03,mahalanobis,200,200,274,9000,0.05
gaussian,6,opposed,6.0,0.01,stouffer_down,200,8,94,9000,2.93
gaussian,6,opposed,6.0,0.03,stouffer_down,200,17,264,9000,2.85
gaussian,6,opposed,6.0,0.01,stouffer_two_sided,200,6,115,9000,2.955
gaussian,6,opposed,6.0,0.03,stouffer_two_sided,200,17,295,9000,2.845
gaussian,6,opposed,6.0,0.01,max_absolute,200,200,102,9000,0.01
gaussian,6,opposed,6.0,0.03,max_absolute,200,200,289,9000,0.0
gaussian,6,opposed,6.0,0.01,glr_two_sided,200,3,120,9000,2.96
gaussian,6,opposed,6.0,0.03,glr_two_sided,200,10,301,9000,2.875
gaussian,6,opposed,6.0,0.01,energy,200,200,108,9000,0.005
gaussian,6,opposed,6.0,0.03,energy,200,200,298,9000,0.005
gaussian,6,opposed,6.0,0.01,mahalanobis,200,200,107,9000,0.005
gaussian,6,opposed,6.0,0.03,mahalanobis,200,200,274,9000,0.0
gaussian,6,ramp_down,2.0,0.01,stouffer_down,200,55,94,9000,2.585
gaussian,6,ramp_down,2.0,0.03,stouffer_down,200,105,264,9000,2.125
gaussian,6,ramp_down,2.0,0.01,stouffer_two_sided,200,41,115,9000,2.705
gaussian,6,ramp_down,2.0,0.03,stouffer_two_sided,200,74,295,9000,2.415
gaussian,6,ramp_down,2.0,0.01,max_absolute,200,27,102,9000,2.78
gaussian,6,ramp_down,2.0,0.03,max_absolute,200,50,289,9000,2.605
gaussian,6,ramp_down,2.0,0.01,glr_two_sided,200,40,120,9000,2.735
gaussian,6,ramp_down,2.0,0.03,glr_two_sided,200,63,301,9000,2.52
gaussian,6,ramp_down,2.0,0.01,energy,200,39,108,9000,2.715
gaussian,6,ramp_down,2.0,0.03,energy,200,73,298,9000,2.42
gaussian,6,ramp_down,2.0,0.01,mahalanobis,200,21,107,9000,2.84
gaussian,6,ramp_down,2.0,0.03,mahalanobis,200,46,274,9000,2.6
gaussian,6,ramp_down,4.0,0.01,stouffer_down,200,167,94,9000,1.655
gaussian,6,ramp_down,4.0,0.03,stouffer_down,200,189,264,9000,1.27
gaussian,6,ramp_down,4.0,0.01,stouffer_two_sided,200,153,115,9000,1.82
gaussian,6,ramp_down,4.0,0.03,stouffer_two_sided,200,172,295,9000,1.55
gaussian,6,ramp_down,4.0,0.01,max_absolute,200,94,102,9000,2.33
gaussian,6,ramp_down,4.0,0.03,max_absolute,200,140,289,9000,1.855
gaussian,6,ramp_down,4.0,0.01,glr_two_sided,200,142,120,9000,2.045
gaussian,6,ramp_down,4.0,0.03,glr_two_sided,200,169,301,9000,1.745
gaussian,6,ramp_down,4.0,0.01,energy,200,146,108,9000,1.915
gaussian,6,ramp_down,4.0,0.03,energy,200,167,298,9000,1.61
gaussian,6,ramp_down,4.0,0.01,mahalanobis,200,98,107,9000,2.315
gaussian,6,ramp_down,4.0,0.03,mahalanobis,200,139,274,9000,1.96
gaussian,6,ramp_down,6.0,0.01,stouffer_down,200,200,94,9000,1.055
gaussian,6,ramp_down,6.0,0.03,stouffer_down,200,200,264,9000,0.76
gaussian,6,ramp_down,6.0,0.01,stouffer_two_sided,200,200,115,9000,1.16
gaussian,6,ramp_down,6.0,0.03,stouffer_two_sided,200,200,295,9000,0.945
gaussian,6,ramp_down,6.0,0.01,max_absolute,200,177,102,9000,1.595
gaussian,6,ramp_down,6.0,0.03,max_absolute,200,193,289,9000,1.255
gaussian,6,ramp_down,6.0,0.01,glr_two_sided,200,198,120,9000,1.395
gaussian,6,ramp_down,6.0,0.03,glr_two_sided,200,200,301,9000,1.125
gaussian,6,ramp_down,6.0,0.01,energy,200,197,108,9000,1.24
gaussian,6,ramp_down,6.0,0.03,energy,200,200,298,9000,1.045
gaussian,6,ramp_down,6.0,0.01,mahalanobis,200,185,107,9000,1.625
gaussian,6,ramp_down,6.0,0.03,mahalanobis,200,194,274,9000,1.38
gaussian,7,common_down,2.0,0.01,stouffer_down,200,95,89,9000,1.96
gaussian,7,common_down,2.0,0.03,stouffer_down,200,137,267,9000,1.415
gaussian,7,common_down,2.0,0.01,stouffer_two_sided,200,74,109,9000,2.195
gaussian,7,common_down,2.0,0.03,stouffer_two_sided,200,109,295,9000,1.775
gaussian,7,common_down,2.0,0.01,max_absolute,200,46,92,9000,2.505
gaussian,7,common_down,2.0,0.03,max_absolute,200,82,267,9000,2.1
gaussian,7,common_down,2.0,0.01,glr_two_sided,200,72,109,9000,2.355
gaussian,7,common_down,2.0,0.03,glr_two_sided,200,103,297,9000,1.98
gaussian,7,common_down,2.0,0.01,energy,200,61,99,9000,2.335
gaussian,7,common_down,2.0,0.03,energy,200,103,277,9000,1.81
gaussian,7,common_down,2.0,0.01,mahalanobis,200,37,89,9000,2.635
gaussian,7,common_down,2.0,0.03,mahalanobis,200,65,261,9000,2.26
gaussian,7,common_down,4.0,0.01,stouffer_down,200,188,89,9000,0.435
gaussian,7,common_down,4.0,0.03,stouffer_down,200,197,267,9000,0.235
gaussian,7,common_down,4.0,0.01,stouffer_two_sided,200,184,109,9000,0.54
gaussian,7,common_down,4.0,0.03,stouffer_two_sided,200,192,295,9000,0.355
gaussian,7,common_down,4.0,0.01,max_absolute,200,145,92,9000,1.26
gaussian,7,common_down,4.0,0.03,max_absolute,200,176,267,9000,0.78
gaussian,7,common_down,4.0,0.01,glr_two_sided,200,188,109,9000,0.795
gaussian,7,common_down,4.0,0.03,glr_two_sided,200,196,297,9000,0.485
gaussian,7,common_down,4.0,0.01,energy,200,180,99,9000,0.66
gaussian,7,common_down,4.0,0.03,energy,200,189,277,9000,0.45
gaussian,7,common_down,4.0,0.01,mahalanobis,200,151,89,9000,1.235
gaussian,7,common_down,4.0,0.03,mahalanobis,200,174,261,9000,0.83
gaussian,7,common_down,6.0,0.01,stouffer_down,200,200,89,9000,0.005
gaussian,7,common_down,6.0,0.03,stouffer_down,200,200,267,9000,0.0
gaussian,7,common_down,6.0,0.01,stouffer_two_sided,200,200,109,9000,0.01
gaussian,7,common_down,6.0,0.03,stouffer_two_sided,200,200,295,9000,0.005
gaussian,7,common_down,6.0,0.01,max_absolute,200,196,92,9000,0.285
gaussian,7,common_down,6.0,0.03,max_absolute,200,200,267,9000,0.1
gaussian,7,common_down,6.0,0.01,glr_two_sided,200,200,109,9000,0.11
gaussian,7,common_down,6.0,0.03,glr_two_sided,200,200,297,9000,0.035
gaussian,7,common_down,6.0,0.01,energy,200,200,99,9000,0.04
gaussian,7,common_down,6.0,0.03,energy,200,200,277,9000,0.01
gaussian,7,common_down,6.0,0.01,mahalanobis,200,198,89,9000,0.225
gaussian,7,common_down,6.0,0.03,mahalanobis,200,199,261,9000,0.125
gaussian,7,common_up,2.0,0.01,stouffer_down,200,0,89,9000,3.0
gaussian,7,common_up,2.0,0.03,stouffer_down,200,0,267,9000,3.0
gaussian,7,common_up,2.0,0.01,stouffer_two_sided,200,69,109,9000,2.225
gaussian,7,common_up,2.0,0.03,stouffer_two_sided,200,102,295,9000,1.835
gaussian,7,common_up,2.0,0.01,max_absolute,200,43,92,9000,2.565
gaussian,7,common_up,2.0,0.03,max_absolute,200,71,267,9000,2.25
gaussian,7,common_up,2.0,0.01,glr_two_sided,200,71,109,9000,2.4
gaussian,7,common_up,2.0,0.03,glr_two_sided,200,101,297,9000,2.025
gaussian,7,common_up,2.0,0.01,energy,200,62,99,9000,2.33
gaussian,7,common_up,2.0,0.03,energy,200,95,277,9000,1.925
gaussian,7,common_up,2.0,0.01,mahalanobis,200,36,89,9000,2.635
gaussian,7,common_up,2.0,0.03,mahalanobis,200,66,261,9000,2.29
gaussian,7,common_up,4.0,0.01,stouffer_down,200,0,89,9000,3.0
gaussian,7,common_up,4.0,0.03,stouffer_down,200,0,267,9000,3.0
gaussian,7,common_up,4.0,0.01,stouffer_two_sided,200,185,109,9000,0.51
gaussian,7,common_up,4.0,0.03,stouffer_two_sided,200,193,295,9000,0.315
gaussian,7,common_up,4.0,0.01,max_absolute,200,133,92,9000,1.38
gaussian,7,common_up,4.0,0.03,max_absolute,200,165,267,9000,0.85
gaussian,7,common_up,4.0,0.01,glr_two_sided,200,189,109,9000,0.785
gaussian,7,common_up,4.0,0.03,glr_two_sided,200,194,297,9000,0.51
gaussian,7,common_up,4.0,0.01,energy,200,172,99,9000,0.725
gaussian,7,common_up,4.0,0.03,energy,200,188,277,9000,0.415
gaussian,7,common_up,4.0,0.01,mahalanobis,200,136,89,9000,1.355
gaussian,7,common_up,4.0,0.03,mahalanobis,200,161,261,9000,0.91
gaussian,7,common_up,6.0,0.01,stouffer_down,200,0,89,9000,3.0
gaussian,7,common_up,6.0,0.03,stouffer_down,200,0,267,9000,3.0
gaussian,7,common_up,6.0,0.01,stouffer_two_sided,200,200,109,9000,0.03
gaussian,7,common_up,6.0,0.03,stouffer_two_sided,200,200,295,9000,0.015
gaussian,7,common_up,6.0,0.01,max_absolute,200,195,92,9000,0.295
gaussian,7,common_up,6.0,0.03,max_absolute,200,199,267,9000,0.105
gaussian,7,common_up,6.0,0.01,glr_two_sided,200,200,109,9000,0.12
gaussian,7,common_up,6.0,0.03,glr_two_sided,200,200,297,9000,0.055
gaussian,7,common_up,6.0,0.01,energy,200,200,99,9000,0.06
gaussian,7,common_up,6.0,0.03,energy,200,200,277,9000,0.035
gaussian,7,common_up,6.0,0.01,mahalanobis,200,197,89,9000,0.19
gaussian,7,common_up,6.0,0.03,mahalanobis,200,200,261,9000,0.08
gaussian,7,sparse_down,2.0,0.01,stouffer_down,200,30,89,9000,2.715
gaussian,7,sparse_down,2.0,0.03,stouffer_down,200,62,267,9000,2.36
gaussian,7,sparse_down,2.0,0.01,stouffer_two_sided,200,23,109,9000,2.8
gaussian,7,sparse_down,2.0,0.03,stouffer_two_sided,200,43,295,9000,2.575
gaussian,7,sparse_down,2.0,0.01,max_absolute,200,72,92,9000,2.185
gaussian,7,sparse_down,2.0,0.03,max_absolute,200,111,267,9000,1.73
gaussian,7,sparse_down,2.0,0.01,glr_two_sided,200,16,109,9000,2.85
gaussian,7,sparse_down,2.0,0.03,glr_two_sided,200,36,297,9000,2.655
gaussian,7,sparse_down,2.0,0.01,energy,200,52,99,9000,2.445
gaussian,7,sparse_down,2.0,0.03,energy,200,94,277,9000,1.955
gaussian,7,sparse_down,2.0,0.01,mahalanobis,200,79,89,9000,2.12
gaussian,7,sparse_down,2.0,0.03,mahalanobis,200,120,261,9000,1.61
gaussian,7,sparse_down,4.0,0.01,stouffer_down,200,80,89,9000,2.115
gaussian,7,sparse_down,4.0,0.03,stouffer_down,200,122,267,9000,1.62
gaussian,7,sparse_down,4.0,0.01,stouffer_two_sided,200,63,109,9000,2.355
gaussian,7,sparse_down,4.0,0.03,stouffer_two_sided,200,98,295,9000,1.93
gaussian,7,sparse_down,4.0,0.01,max_absolute,200,197,92,9000,0.22
gaussian,7,sparse_down,4.0,0.03,max_absolute,200,199,267,9000,0.115
gaussian,7,sparse_down,4.0,0.01,glr_two_sided,200,61,109,9000,2.495
gaussian,7,sparse_down,4.0,0.03,glr_two_sided,200,85,297,9000,2.155
gaussian,7,sparse_down,4.0,0.01,energy,200,184,99,9000,0.59
gaussian,7,sparse_down,4.0,0.03,energy,200,197,277,9000,0.25
gaussian,7,sparse_down,4.0,0.01,mahalanobis,200,197,89,9000,0.265
gaussian,7,sparse_down,4.0,0.03,mahalanobis,200,198,261,9000,0.15
gaussian,7,sparse_down,6.0,0.01,stouffer_down,200,140,89,9000,1.37
gaussian,7,sparse_down,6.0,0.03,stouffer_down,200,172,267,9000,0.845
gaussian,7,sparse_down,6.0,0.01,stouffer_two_sided,200,123,109,9000,1.6
gaussian,7,sparse_down,6.0,0.03,stouffer_two_sided,200,157,295,9000,1.15
gaussian,7,sparse_down,6.0,0.01,max_absolute,200,200,92,9000,0.0
gaussian,7,sparse_down,6.0,0.03,max_absolute,200,200,267,9000,0.0
gaussian,7,sparse_down,6.0,0.01,glr_two_sided,200,132,109,9000,1.76
gaussian,7,sparse_down,6.0,0.03,glr_two_sided,200,156,297,9000,1.35
gaussian,7,sparse_down,6.0,0.01,energy,200,200,99,9000,0.005
gaussian,7,sparse_down,6.0,0.03,energy,200,200,277,9000,0.0
gaussian,7,sparse_down,6.0,0.01,mahalanobis,200,200,89,9000,0.0
gaussian,7,sparse_down,6.0,0.03,mahalanobis,200,200,261,9000,0.0
gaussian,7,opposed,2.0,0.01,stouffer_down,200,8,89,9000,2.93
gaussian,7,opposed,2.0,0.03,stouffer_down,200,22,267,9000,2.805
gaussian,7,opposed,2.0,0.01,stouffer_two_sided,200,9,109,9000,2.93
gaussian,7,opposed,2.0,0.03,stouffer_two_sided,200,26,295,9000,2.8
gaussian,7,opposed,2.0,0.01,max_absolute,200,51,92,9000,2.495
gaussian,7,opposed,2.0,0.03,max_absolute,200,83,267,9000,2.11
gaussian,7,opposed,2.0,0.01,glr_two_sided,200,4,109,9000,2.96
gaussian,7,opposed,2.0,0.03,glr_two_sided,200,18,297,9000,2.815
gaussian,7,opposed,2.0,0.01,energy,200,39,99,9000,2.615
gaussian,7,opposed,2.0,0.03,energy,200,88,277,9000,2.05
gaussian,7,opposed,2.0,0.01,mahalanobis,200,82,89,9000,2.09
gaussian,7,opposed,2.0,0.03,mahalanobis,200,122,261,9000,1.56
gaussian,7,opposed,4.0,0.01,stouffer_down,200,8,89,9000,2.93
gaussian,7,opposed,4.0,0.03,stouffer_down,200,22,267,9000,2.805
gaussian,7,opposed,4.0,0.01,stouffer_two_sided,200,9,109,9000,2.93
gaussian,7,opposed,4.0,0.03,stouffer_two_sided,200,26,295,9000,2.8
gaussian,7,opposed,4.0,0.01,max_absolute,200,186,92,9000,0.515
gaussian,7,opposed,4.0,0.03,max_absolute,200,197,267,9000,0.235
gaussian,7,opposed,4.0,0.01,glr_two_sided,200,4,109,9000,2.96
gaussian,7,opposed,4.0,0.03,glr_two_sided,200,18,297,9000,2.815
gaussian,7,opposed,4.0,0.01,energy,200,190,99,9000,0.425
gaussian,7,opposed,4.0,0.03,energy,200,198,277,9000,0.22
gaussian,7,opposed,4.0,0.01,mahalanobis,200,198,89,9000,0.185
gaussian,7,opposed,4.0,0.03,mahalanobis,200,200,261,9000,0.04
gaussian,7,opposed,6.0,0.01,stouffer_down,200,8,89,9000,2.93
gaussian,7,opposed,6.0,0.03,stouffer_down,200,22,267,9000,2.805
gaussian,7,opposed,6.0,0.01,stouffer_two_sided,200,9,109,9000,2.93
gaussian,7,opposed,6.0,0.03,stouffer_two_sided,200,26,295,9000,2.8
gaussian,7,opposed,6.0,0.01,max_absolute,200,200,92,9000,0.015
gaussian,7,opposed,6.0,0.03,max_absolute,200,200,267,9000,0.005
gaussian,7,opposed,6.0,0.01,glr_two_sided,200,4,109,9000,2.96
gaussian,7,opposed,6.0,0.03,glr_two_sided,200,18,297,9000,2.815
gaussian,7,opposed,6.0,0.01,energy,200,200,99,9000,0.01
gaussian,7,opposed,6.0,0.03,energy,200,200,277,9000,0.005
gaussian,7,opposed,6.0,0.01,mahalanobis,200,200,89,9000,0.005
gaussian,7,opposed,6.0,0.03,mahalanobis,200,200,261,9000,0.0
gaussian,7,ramp_down,2.0,0.01,stouffer_down,200,65,89,9000,2.5
gaussian,7,ramp_down,2.0,0.03,stouffer_down,200,98,267,9000,2.165
gaussian,7,ramp_down,2.0,0.01,stouffer_two_sided,200,48,109,9000,2.655
gaussian,7,ramp_down,2.0,0.03,stouffer_two_sided,200,76,295,9000,2.41
gaussian,7,ramp_down,2.0,0.01,max_absolute,200,24,92,9000,2.825
gaussian,7,ramp_down,2.0,0.03,max_absolute,200,51,267,9000,2.565
gaussian,7,ramp_down,2.0,0.01,glr_two_sided,200,40,109,9000,2.72
gaussian,7,ramp_down,2.0,0.03,glr_two_sided,200,64,297,9000,2.53
gaussian,7,ramp_down,2.0,0.01,energy,200,37,99,9000,2.755
gaussian,7,ramp_down,2.0,0.03,energy,200,63,277,9000,2.49
gaussian,7,ramp_down,2.0,0.01,mahalanobis,200,20,89,9000,2.86
gaussian,7,ramp_down,2.0,0.03,mahalanobis,200,42,261,9000,2.64
gaussian,7,ramp_down,4.0,0.01,stouffer_down,200,155,89,9000,1.72
gaussian,7,ramp_down,4.0,0.03,stouffer_down,200,186,267,9000,1.24
gaussian,7,ramp_down,4.0,0.01,stouffer_two_sided,200,140,109,9000,1.905
gaussian,7,ramp_down,4.0,0.03,stouffer_two_sided,200,172,295,9000,1.52
gaussian,7,ramp_down,4.0,0.01,max_absolute,200,94,92,9000,2.31
gaussian,7,ramp_down,4.0,0.03,max_absolute,200,131,267,9000,1.895
gaussian,7,ramp_down,4.0,0.01,glr_two_sided,200,140,109,9000,2.065
gaussian,7,ramp_down,4.0,0.03,glr_two_sided,200,164,297,9000,1.705
gaussian,7,ramp_down,4.0,0.01,energy,200,132,99,9000,2.005
gaussian,7,ramp_down,4.0,0.03,energy,200,160,277,9000,1.615
gaussian,7,ramp_down,4.0,0.01,mahalanobis,200,95,89,9000,2.345
gaussian,7,ramp_down,4.0,0.03,mahalanobis,200,127,261,9000,1.99
gaussian,7,ramp_down,6.0,0.01,stouffer_down,200,195,89,9000,1.015
gaussian,7,ramp_down,6.0,0.03,stouffer_down,200,198,267,9000,0.74
gaussian,7,ramp_down,6.0,0.01,stouffer_two_sided,200,195,109,9000,1.13
gaussian,7,ramp_down,6.0,0.03,stouffer_two_sided,200,195,295,9000,0.915
gaussian,7,ramp_down,6.0,0.01,max_absolute,200,177,92,9000,1.56
gaussian,7,ramp_down,6.0,0.03,max_absolute,200,194,267,9000,1.215
gaussian,7,ramp_down,6.0,0.01,glr_two_sided,200,195,109,9000,1.355
gaussian,7,ramp_down,6.0,0.03,glr_two_sided,200,197,297,9000,1.11
gaussian,7,ramp_down,6.0,0.01,energy,200,194,99,9000,1.19
gaussian,7,ramp_down,6.0,0.03,energy,200,197,277,9000,0.965
gaussian,7,ramp_down,6.0,0.01,mahalanobis,200,182,89,9000,1.585
gaussian,7,ramp_down,6.0,0.03,mahalanobis,200,192,261,9000,1.24
gaussian,8,common_down,2.0,0.01,stouffer_down,200,93,108,9000,2.015
gaussian,8,common_down,2.0,0.03,stouffer_down,200,140,299,9000,1.395
gaussian,8,common_down,2.0,0.01,stouffer_two_sided,200,74,114,9000,2.25
gaussian,8,common_down,2.0,0.03,stouffer_two_sided,200,109,307,9000,1.805
gaussian,8,common_down,2.0,0.01,max_absolute,200,37,87,9000,2.645
gaussian,8,common_down,2.0,0.03,max_absolute,200,64,298,9000,2.365
gaussian,8,common_down,2.0,0.01,glr_two_sided,200,67,105,9000,2.44
gaussian,8,common_down,2.0,0.03,glr_two_sided,200,103,330,9000,2.035
gaussian,8,common_down,2.0,0.01,energy,200,60,96,9000,2.415
gaussian,8,common_down,2.0,0.03,energy,200,89,296,9000,2.035
gaussian,8,common_down,2.0,0.01,mahalanobis,200,29,88,9000,2.7
gaussian,8,common_down,2.0,0.03,mahalanobis,200,57,267,9000,2.43
gaussian,8,common_down,4.0,0.01,stouffer_down,200,197,108,9000,0.325
gaussian,8,common_down,4.0,0.03,stouffer_down,200,200,299,9000,0.15
gaussian,8,common_down,4.0,0.01,stouffer_two_sided,200,187,114,9000,0.515
gaussian,8,common_down,4.0,0.03,stouffer_two_sided,200,197,307,9000,0.255
gaussian,8,common_down,4.0,0.01,max_absolute,200,125,87,9000,1.585
gaussian,8,common_down,4.0,0.03,max_absolute,200,171,298,9000,0.885
gaussian,8,common_down,4.0,0.01,glr_two_sided,200,196,105,9000,0.745
gaussian,8,common_down,4.0,0.03,glr_two_sided,200,199,330,9000,0.44
gaussian,8,common_down,4.0,0.01,energy,200,180,96,9000,0.69
gaussian,8,common_down,4.0,0.03,energy,200,193,296,9000,0.37
gaussian,8,common_down,4.0,0.01,mahalanobis,200,129,88,9000,1.565
gaussian,8,common_down,4.0,0.03,mahalanobis,200,169,267,9000,0.875
gaussian,8,common_down,6.0,0.01,stouffer_down,200,200,108,9000,0.015
gaussian,8,common_down,6.0,0.03,stouffer_down,200,200,299,9000,0.0
gaussian,8,common_down,6.0,0.01,stouffer_two_sided,200,200,114,9000,0.03
gaussian,8,common_down,6.0,0.03,stouffer_two_sided,200,200,307,9000,0.005
gaussian,8,common_down,6.0,0.01,max_absolute,200,199,87,9000,0.22
gaussian,8,common_down,6.0,0.03,max_absolute,200,200,298,9000,0.08
gaussian,8,common_down,6.0,0.01,glr_two_sided,200,200,105,9000,0.075
gaussian,8,common_down,6.0,0.03,glr_two_sided,200,200,330,9000,0.03
gaussian,8,common_down,6.0,0.01,energy,200,200,96,9000,0.035
gaussian,8,common_down,6.0,0.03,energy,200,200,296,9000,0.025
gaussian,8,common_down,6.0,0.01,mahalanobis,200,200,88,9000,0.12
gaussian,8,common_down,6.0,0.03,mahalanobis,200,200,267,9000,0.06
gaussian,8,common_up,2.0,0.01,stouffer_down,200,0,108,9000,3.0
gaussian,8,common_up,2.0,0.03,stouffer_down,200,0,299,9000,3.0
gaussian,8,common_up,2.0,0.01,stouffer_two_sided,200,71,114,9000,2.29
gaussian,8,common_up,2.0,0.03,stouffer_two_sided,200,99,307,9000,1.925
gaussian,8,common_up,2.0,0.01,max_absolute,200,32,87,9000,2.695
gaussian,8,common_up,2.0,0.03,max_absolute,200,62,298,9000,2.34
gaussian,8,common_up,2.0,0.01,glr_two_sided,200,63,105,9000,2.465
gaussian,8,common_up,2.0,0.03,glr_two_sided,200,94,330,9000,2.09
gaussian,8,common_up,2.0,0.01,energy,200,59,96,9000,2.46
gaussian,8,common_up,2.0,0.03,energy,200,86,296,9000,2.07
gaussian,8,common_up,2.0,0.01,mahalanobis,200,22,88,9000,2.81
gaussian,8,common_up,2.0,0.03,mahalanobis,200,52,267,9000,2.53
gaussian,8,common_up,4.0,0.01,stouffer_down,200,0,108,9000,3.0
gaussian,8,common_up,4.0,0.03,stouffer_down,200,0,299,9000,3.0
gaussian,8,common_up,4.0,0.01,stouffer_two_sided,200,184,114,9000,0.535
gaussian,8,common_up,4.0,0.03,stouffer_two_sided,200,193,307,9000,0.275
gaussian,8,common_up,4.0,0.01,max_absolute,200,130,87,9000,1.43
gaussian,8,common_up,4.0,0.03,max_absolute,200,167,298,9000,0.915
gaussian,8,common_up,4.0,0.01,glr_two_sided,200,189,105,9000,0.81
gaussian,8,common_up,4.0,0.03,glr_two_sided,200,194,330,9000,0.495
gaussian,8,common_up,4.0,0.01,energy,200,176,96,9000,0.75
gaussian,8,common_up,4.0,0.03,energy,200,190,296,9000,0.43
gaussian,8,common_up,4.0,0.01,mahalanobis,200,133,88,9000,1.44
gaussian,8,common_up,4.0,0.03,mahalanobis,200,169,267,9000,0.91
gaussian,8,common_up,6.0,0.01,stouffer_down,200,0,108,9000,3.0
gaussian,8,common_up,6.0,0.03,stouffer_down,200,0,299,9000,3.0
gaussian,8,common_up,6.0,0.01,stouffer_two_sided,200,200,114,9000,0.015
gaussian,8,common_up,6.0,0.03,stouffer_two_sided,200,200,307,9000,0.005
gaussian,8,common_up,6.0,0.01,max_absolute,200,198,87,9000,0.24
gaussian,8,common_up,6.0,0.03,max_absolute,200,200,298,9000,0.09
gaussian,8,common_up,6.0,0.01,glr_two_sided,200,200,105,9000,0.08
gaussian,8,common_up,6.0,0.03,glr_two_sided,200,200,330,9000,0.02
gaussian,8,common_up,6.0,0.01,energy,200,200,96,9000,0.02
gaussian,8,common_up,6.0,0.03,energy,200,200,296,9000,0.01
gaussian,8,common_up,6.0,0.01,mahalanobis,200,199,88,9000,0.12
gaussian,8,common_up,6.0,0.03,mahalanobis,200,200,267,9000,0.045
gaussian,8,sparse_down,2.0,0.01,stouffer_down,200,23,108,9000,2.81
gaussian,8,sparse_down,2.0,0.03,stouffer_down,200,59,299,9000,2.425
gaussian,8,sparse_down,2.0,0.01,stouffer_two_sided,200,18,114,9000,2.85
gaussian,8,sparse_down,2.0,0.03,stouffer_two_sided,200,38,307,9000,2.665
gaussian,8,sparse_down,2.0,0.01,max_absolute,200,66,87,9000,2.265
gaussian,8,sparse_down,2.0,0.03,max_absolute,200,114,298,9000,1.76
gaussian,8,sparse_down,2.0,0.01,glr_two_sided,200,17,105,9000,2.865
gaussian,8,sparse_down,2.0,0.03,glr_two_sided,200,31,330,9000,2.73
gaussian,8,sparse_down,2.0,0.01,energy,200,42,96,9000,2.575
gaussian,8,sparse_down,2.0,0.03,energy,200,84,296,9000,2.12
gaussian,8,sparse_down,2.0,0.01,mahalanobis,200,70,88,9000,2.25
gaussian,8,sparse_down,2.0,0.03,mahalanobis,200,107,267,9000,1.73
gaussian,8,sparse_down,4.0,0.01,stouffer_down,200,76,108,9000,2.205
gaussian,8,sparse_down,4.0,0.03,stouffer_down,200,119,299,9000,1.68
gaussian,8,sparse_down,4.0,0.01,stouffer_two_sided,200,60,114,9000,2.41
gaussian,8,sparse_down,4.0,0.03,stouffer_two_sided,200,97,307,9000,1.965
gaussian,8,sparse_down,4.0,0.01,max_absolute,200,200,87,9000,0.13
gaussian,8,sparse_down,4.0,0.03,max_absolute,200,200,298,9000,0.08
gaussian,8,sparse_down,4.0,0.01,glr_two_sided,200,55,105,9000,2.54
gaussian,8,sparse_down,4.0,0.03,glr_two_sided,200,84,330,9000,2.25
gaussian,8,sparse_down,4.0,0.01,energy,200,191,96,9000,0.48
gaussian,8,sparse_down,4.0,0.03,energy,200,200,296,9000,0.2
gaussian,8,sparse_down,4.0,0.01,mahalanobis,200,200,88,9000,0.245
gaussian,8,sparse_down,4.0,0.03,mahalanobis,200,200,267,9000,0.1
gaussian,8,sparse_down,6.0,0.01,stouffer_down,200,143,108,9000,1.325
gaussian,8,sparse_down,6.0,0.03,stouffer_down,200,173,299,9000,0.87
gaussian,8,sparse_down,6.0,0.01,stouffer_two_sided,200,120,114,9000,1.655
gaussian,8,sparse_down,6.0,0.03,stouffer_two_sided,200,159,307,9000,1.12
gaussian,8,sparse_down,6.0,0.01,max_absolute,200,200,87,9000,0.0
gaussian,8,sparse_down,6.0,0.03,max_absolute,200,200,298,9000,0.0
gaussian,8,sparse_down,6.0,0.01,glr_two_sided,200,136,105,9000,1.79
gaussian,8,sparse_down,6.0,0.03,glr_two_sided,200,153,330,9000,1.395
gaussian,8,sparse_down,6.0,0.01,energy,200,200,96,9000,0.01
gaussian,8,sparse_down,6.0,0.03,energy,200,200,296,9000,0.005
gaussian,8,sparse_down,6.0,0.01,mahalanobis,200,200,88,9000,0.01
gaussian,8,sparse_down,6.0,0.03,mahalanobis,200,200,267,9000,0.005
gaussian,8,opposed,2.0,0.01,stouffer_down,200,6,108,9000,2.955
gaussian,8,opposed,2.0,0.03,stouffer_down,200,17,299,9000,2.86
gaussian,8,opposed,2.0,0.01,stouffer_two_sided,200,5,114,9000,2.97
gaussian,8,opposed,2.0,0.03,stouffer_two_sided,200,16,307,9000,2.86
gaussian,8,opposed,2.0,0.01,max_absolute,200,39,87,9000,2.6
gaussian,8,opposed,2.0,0.03,max_absolute,200,61,298,9000,2.34
gaussian,8,opposed,2.0,0.01,glr_two_sided,200,3,105,9000,2.965
gaussian,8,opposed,2.0,0.03,glr_two_sided,200,13,330,9000,2.855
gaussian,8,opposed,2.0,0.01,energy,200,36,96,9000,2.64
gaussian,8,opposed,2.0,0.03,energy,200,73,296,9000,2.245
gaussian,8,opposed,2.0,0.01,mahalanobis,200,72,88,9000,2.225
gaussian,8,opposed,2.0,0.03,mahalanobis,200,108,267,9000,1.795
gaussian,8,opposed,4.0,0.01,stouffer_down,200,6,108,9000,2.955
gaussian,8,opposed,4.0,0.03,stouffer_down,200,17,299,9000,2.86
gaussian,8,opposed,4.0,0.01,stouffer_two_sided,200,5,114,9000,2.97
gaussian,8,opposed,4.0,0.03,stouffer_two_sided,200,16,307,9000,2.86
gaussian,8,opposed,4.0,0.01,max_absolute,200,187,87,9000,0.605
gaussian,8,opposed,4.0,0.03,max_absolute,200,196,298,9000,0.245
gaussian,8,opposed,4.0,0.01,glr_two_sided,200,3,105,9000,2.965
gaussian,8,opposed,4.0,0.03,glr_two_sided,200,13,330,9000,2.855
gaussian,8,opposed,4.0,0.01,energy,200,190,96,9000,0.515
gaussian,8,opposed,4.0,0.03,energy,200,199,296,9000,0.215
gaussian,8,opposed,4.0,0.01,mahalanobis,200,199,88,9000,0.2
gaussian,8,opposed,4.0,0.03,mahalanobis,200,200,267,9000,0.125
gaussian,8,opposed,6.0,0.01,stouffer_down,200,6,108,9000,2.955
gaussian,8,opposed,6.0,0.03,stouffer_down,200,17,299,9000,2.86
gaussian,8,opposed,6.0,0.01,stouffer_two_sided,200,5,114,9000,2.97
gaussian,8,opposed,6.0,0.03,stouffer_two_sided,200,16,307,9000,2.86
gaussian,8,opposed,6.0,0.01,max_absolute,200,200,87,9000,0.005
gaussian,8,opposed,6.0,0.03,max_absolute,200,200,298,9000,0.0
gaussian,8,opposed,6.0,0.01,glr_two_sided,200,3,105,9000,2.965
gaussian,8,opposed,6.0,0.03,glr_two_sided,200,13,330,9000,2.855
gaussian,8,opposed,6.0,0.01,energy,200,200,96,9000,0.0
gaussian,8,opposed,6.0,0.03,energy,200,200,296,9000,0.0
gaussian,8,opposed,6.0,0.01,mahalanobis,200,200,88,9000,0.0
gaussian,8,opposed,6.0,0.03,mahalanobis,200,200,267,9000,0.0
gaussian,8,ramp_down,2.0,0.01,stouffer_down,200,54,108,9000,2.625
gaussian,8,ramp_down,2.0,0.03,stouffer_down,200,101,299,9000,2.17
gaussian,8,ramp_down,2.0,0.01,stouffer_two_sided,200,43,114,9000,2.725
gaussian,8,ramp_down,2.0,0.03,stouffer_two_sided,200,71,307,9000,2.48
gaussian,8,ramp_down,2.0,0.01,max_absolute,200,27,87,9000,2.815
gaussian,8,ramp_down,2.0,0.03,max_absolute,200,47,298,9000,2.635
gaussian,8,ramp_down,2.0,0.01,glr_two_sided,200,39,105,9000,2.755
gaussian,8,ramp_down,2.0,0.03,glr_two_sided,200,62,330,9000,2.575
gaussian,8,ramp_down,2.0,0.01,energy,200,40,96,9000,2.73
gaussian,8,ramp_down,2.0,0.03,energy,200,61,296,9000,2.51
gaussian,8,ramp_down,2.0,0.01,mahalanobis,200,19,88,9000,2.855
gaussian,8,ramp_down,2.0,0.03,mahalanobis,200,37,267,9000,2.725
gaussian,8,ramp_down,4.0,0.01,stouffer_down,200,165,108,9000,1.685
gaussian,8,ramp_down,4.0,0.03,stouffer_down,200,187,299,9000,1.315
gaussian,8,ramp_down,4.0,0.01,stouffer_two_sided,200,151,114,9000,1.86
gaussian,8,ramp_down,4.0,0.03,stouffer_two_sided,200,174,307,9000,1.535
gaussian,8,ramp_down,4.0,0.01,max_absolute,200,84,87,9000,2.4
gaussian,8,ramp_down,4.0,0.03,max_absolute,200,131,298,9000,1.985
gaussian,8,ramp_down,4.0,0.01,glr_two_sided,200,143,105,9000,2.05
gaussian,8,ramp_down,4.0,0.03,glr_two_sided,200,167,330,9000,1.74
gaussian,8,ramp_down,4.0,0.01,energy,200,136,96,9000,1.995
gaussian,8,ramp_down,4.0,0.03,energy,200,159,296,9000,1.715
gaussian,8,ramp_down,4.0,0.01,mahalanobis,200,91,88,9000,2.385
gaussian,8,ramp_down,4.0,0.03,mahalanobis,200,119,267,9000,2.11
gaussian,8,ramp_down,6.0,0.01,stouffer_down,200,200,108,9000,1.02
gaussian,8,ramp_down,6.0,0.03,stouffer_down,200,200,299,9000,0.72
gaussian,8,ramp_down,6.0,0.01,stouffer_two_sided,200,197,114,9000,1.17
gaussian,8,ramp_down,6.0,0.03,stouffer_two_sided,200,200,307,9000,0.905
gaussian,8,ramp_down,6.0,0.01,max_absolute,200,172,87,9000,1.7
gaussian,8,ramp_down,6.0,0.03,max_absolute,200,189,298,9000,1.375
gaussian,8,ramp_down,6.0,0.01,glr_two_sided,200,200,105,9000,1.385
gaussian,8,ramp_down,6.0,0.03,glr_two_sided,200,200,330,9000,1.135
gaussian,8,ramp_down,6.0,0.01,energy,200,193,96,9000,1.295
gaussian,8,ramp_down,6.0,0.03,energy,200,200,296,9000,1.01
gaussian,8,ramp_down,6.0,0.01,mahalanobis,200,178,88,9000,1.655
gaussian,8,ramp_down,6.0,0.03,mahalanobis,200,192,267,9000,1.355
gaussian,9,common_down,2.0,0.01,stouffer_down,200,83,75,9000,2.15
gaussian,9,common_down,2.0,0.03,stouffer_down,200,122,257,9000,1.585
gaussian,9,common_down,2.0,0.01,stouffer_two_sided,200,64,106,9000,2.36
gaussian,9,common_down,2.0,0.03,stouffer_two_sided,200,96,263,9000,1.99
gaussian,9,common_down,2.0,0.01,max_absolute,200,31,104,9000,2.71
gaussian,9,common_down,2.0,0.03,max_absolute,200,65,306,9000,2.37
gaussian,9,common_down,2.0,0.01,glr_two_sided,200,69,80,9000,2.405
gaussian,9,common_down,2.0,0.03,glr_two_sided,200,95,261,9000,2.13
gaussian,9,common_down,2.0,0.01,energy,200,52,106,9000,2.49
gaussian,9,common_down,2.0,0.03,energy,200,84,284,9000,2.13
gaussian,9,common_down,2.0,0.01,mahalanobis,200,27,95,9000,2.745
gaussian,9,common_down,2.0,0.03,mahalanobis,200,54,280,9000,2.445
gaussian,9,common_down,4.0,0.01,stouffer_down,200,191,75,9000,0.465
gaussian,9,common_down,4.0,0.03,stouffer_down,200,199,257,9000,0.2
gaussian,9,common_down,4.0,0.01,stouffer_two_sided,200,183,106,9000,0.665
gaussian,9,common_down,4.0,0.03,stouffer_two_sided,200,196,263,9000,0.355
gaussian,9,common_down,4.0,0.01,max_absolute,200,134,104,9000,1.48
gaussian,9,common_down,4.0,0.03,max_absolute,200,172,306,9000,0.95
gaussian,9,common_down,4.0,0.01,glr_two_sided,200,186,80,9000,0.935
gaussian,9,common_down,4.0,0.03,glr_two_sided,200,194,261,9000,0.615
gaussian,9,common_down,4.0,0.01,energy,200,168,106,9000,0.895
gaussian,9,common_down,4.0,0.03,energy,200,192,284,9000,0.505
gaussian,9,common_down,4.0,0.01,mahalanobis,200,128,95,9000,1.52
gaussian,9,common_down,4.0,0.03,mahalanobis,200,165,280,9000,1.0
gaussian,9,common_down,6.0,0.01,stouffer_down,200,200,75,9000,0.03
gaussian,9,common_down,6.0,0.03,stouffer_down,200,200,257,9000,0.01
gaussian,9,common_down,6.0,0.01,stouffer_two_sided,200,200,106,9000,0.035
gaussian,9,common_down,6.0,0.03,stouffer_two_sided,200,200,263,9000,0.025
gaussian,9,common_down,6.0,0.01,max_absolute,200,195,104,9000,0.36
gaussian,9,common_down,6.0,0.03,max_absolute,200,200,306,9000,0.155
gaussian,9,common_down,6.0,0.01,glr_two_sided,200,200,80,9000,0.135
gaussian,9,common_down,6.0,0.03,glr_two_sided,200,200,261,9000,0.065
gaussian,9,common_down,6.0,0.01,energy,200,200,106,9000,0.06
gaussian,9,common_down,6.0,0.03,energy,200,200,284,9000,0.025
gaussian,9,common_down,6.0,0.01,mahalanobis,200,198,95,9000,0.215
gaussian,9,common_down,6.0,0.03,mahalanobis,200,200,280,9000,0.09
gaussian,9,common_up,2.0,0.01,stouffer_down,200,0,75,9000,3.0
gaussian,9,common_up,2.0,0.03,stouffer_down,200,0,257,9000,3.0
gaussian,9,common_up,2.0,0.01,stouffer_two_sided,200,87,106,9000,2.035
gaussian,9,common_up,2.0,0.03,stouffer_two_sided,200,115,263,9000,1.645
gaussian,9,common_up,2.0,0.01,max_absolute,200,47,104,9000,2.465
gaussian,9,common_up,2.0,0.03,max_absolute,200,71,306,9000,2.225
gaussian,9,common_up,2.0,0.01,glr_two_sided,200,79,80,9000,2.245
gaussian,9,common_up,2.0,0.03,glr_two_sided,200,105,261,9000,1.91
gaussian,9,common_up,2.0,0.01,energy,200,65,106,9000,2.3
gaussian,9,common_up,2.0,0.03,energy,200,98,284,9000,1.885
gaussian,9,common_up,2.0,0.01,mahalanobis,200,41,95,9000,2.545
gaussian,9,common_up,2.0,0.03,mahalanobis,200,61,280,9000,2.335
gaussian,9,common_up,4.0,0.01,stouffer_down,200,0,75,9000,3.0
gaussian,9,common_up,4.0,0.03,stouffer_down,200,0,257,9000,3.0
gaussian,9,common_up,4.0,0.01,stouffer_two_sided,200,187,106,9000,0.445
gaussian,9,common_up,4.0,0.03,stouffer_two_sided,200,198,263,9000,0.225
gaussian,9,common_up,4.0,0.01,max_absolute,200,144,104,9000,1.275
gaussian,9,common_up,4.0,0.03,max_absolute,200,169,306,9000,0.81
gaussian,9,common_up,4.0,0.01,glr_two_sided,200,190,80,9000,0.7
gaussian,9,common_up,4.0,0.03,glr_two_sided,200,198,261,9000,0.42
gaussian,9,common_up,4.0,0.01,energy,200,179,106,9000,0.61
gaussian,9,common_up,4.0,0.03,energy,200,190,284,9000,0.355
gaussian,9,common_up,4.0,0.01,mahalanobis,200,147,95,9000,1.18
gaussian,9,common_up,4.0,0.03,mahalanobis,200,169,280,9000,0.815
gaussian,9,common_up,6.0,0.01,stouffer_down,200,0,75,9000,3.0
gaussian,9,common_up,6.0,0.03,stouffer_down,200,0,257,9000,3.0
gaussian,9,common_up,6.0,0.01,stouffer_two_sided,200,200,106,9000,0.0
gaussian,9,common_up,6.0,0.03,stouffer_two_sided,200,200,263,9000,0.0
gaussian,9,common_up,6.0,0.01,max_absolute,200,197,104,9000,0.2
gaussian,9,common_up,6.0,0.03,max_absolute,200,200,306,9000,0.075
gaussian,9,common_up,6.0,0.01,glr_two_sided,200,200,80,9000,0.065
gaussian,9,common_up,6.0,0.03,glr_two_sided,200,200,261,9000,0.04
gaussian,9,common_up,6.0,0.01,energy,200,200,106,9000,0.04
gaussian,9,common_up,6.0,0.03,energy,200,200,284,9000,0.0
gaussian,9,common_up,6.0,0.01,mahalanobis,200,198,95,9000,0.16
gaussian,9,common_up,6.0,0.03,mahalanobis,200,200,280,9000,0.055
gaussian,9,sparse_down,2.0,0.01,stouffer_down,200,25,75,9000,2.755
gaussian,9,sparse_down,2.0,0.03,stouffer_down,200,46,257,9000,2.57
gaussian,9,sparse_down,2.0,0.01,stouffer_two_sided,200,14,106,9000,2.86
gaussian,9,sparse_down,2.0,0.03,stouffer_two_sided,200,35,263,9000,2.68
gaussian,9,sparse_down,2.0,0.01,max_absolute,200,68,104,9000,2.31
gaussian,9,sparse_down,2.0,0.03,max_absolute,200,97,306,9000,1.95
gaussian,9,sparse_down,2.0,0.01,glr_two_sided,200,15,80,9000,2.875
gaussian,9,sparse_down,2.0,0.03,glr_two_sided,200,34,261,9000,2.685
gaussian,9,sparse_down,2.0,0.01,energy,200,40,106,9000,2.615
gaussian,9,sparse_down,2.0,0.03,energy,200,77,284,9000,2.185
gaussian,9,sparse_down,2.0,0.01,mahalanobis,200,67,95,9000,2.28
gaussian,9,sparse_down,2.0,0.03,mahalanobis,200,98,280,9000,1.885
gaussian,9,sparse_down,4.0,0.01,stouffer_down,200,70,75,9000,2.295
gaussian,9,sparse_down,4.0,0.03,stouffer_down,200,104,257,9000,1.885
gaussian,9,sparse_down,4.0,0.01,stouffer_two_sided,200,48,106,9000,2.535
gaussian,9,sparse_down,4.0,0.03,stouffer_two_sided,200,84,263,9000,2.12
gaussian,9,sparse_down,4.0,0.01,max_absolute,200,197,104,9000,0.22
gaussian,9,sparse_down,4.0,0.03,max_absolute,200,198,306,9000,0.125
gaussian,9,sparse_down,4.0,0.01,glr_two_sided,200,52,80,9000,2.585
gaussian,9,sparse_down,4.0,0.03,glr_two_sided,200,80,261,9000,2.255
gaussian,9,sparse_down,4.0,0.01,energy,200,185,106,9000,0.665
gaussian,9,sparse_down,4.0,0.03,energy,200,198,284,9000,0.21
gaussian,9,sparse_down,4.0,0.01,mahalanobis,200,197,95,9000,0.265
gaussian,9,sparse_down,4.0,0.03,mahalanobis,200,200,280,9000,0.12
gaussian,9,sparse_down,6.0,0.01,stouffer_down,200,127,75,9000,1.49
gaussian,9,sparse_down,6.0,0.03,stouffer_down,200,159,257,9000,1.035
gaussian,9,sparse_down,6.0,0.01,stouffer_two_sided,200,104,106,9000,1.855
gaussian,9,sparse_down,6.0,0.03,stouffer_two_sided,200,142,263,9000,1.3
gaussian,9,sparse_down,6.0,0.01,max_absolute,200,200,104,9000,0.005
gaussian,9,sparse_down,6.0,0.03,max_absolute,200,200,306,9000,0.0
gaussian,9,sparse_down,6.0,0.01,glr_two_sided,200,114,80,9000,2.01
gaussian,9,sparse_down,6.0,0.03,glr_two_sided,200,141,261,9000,1.54
gaussian,9,sparse_down,6.0,0.01,energy,200,200,106,9000,0.02
gaussian,9,sparse_down,6.0,0.03,energy,200,200,284,9000,0.0
gaussian,9,sparse_down,6.0,0.01,mahalanobis,200,200,95,9000,0.0
gaussian,9,sparse_down,6.0,0.03,mahalanobis,200,200,280,9000,0.0
gaussian,9,opposed,2.0,0.01,stouffer_down,200,5,75,9000,2.96
gaussian,9,opposed,2.0,0.03,stouffer_down,200,12,257,9000,2.89
gaussian,9,opposed,2.0,0.01,stouffer_two_sided,200,13,106,9000,2.87
gaussian,9,opposed,2.0,0.03,stouffer_two_sided,200,19,263,9000,2.82
gaussian,9,opposed,2.0,0.01,max_absolute,200,54,104,9000,2.49
gaussian,9,opposed,2.0,0.03,max_absolute,200,78,306,9000,2.15
gaussian,9,opposed,2.0,0.01,glr_two_sided,200,5,80,9000,2.945
gaussian,9,opposed,2.0,0.03,glr_two_sided,200,13,261,9000,2.845
gaussian,9,opposed,2.0,0.01,energy,200,42,106,9000,2.605
gaussian,9,opposed,2.0,0.03,energy,200,79,284,9000,2.15
gaussian,9,opposed,2.0,0.01,mahalanobis,200,77,95,9000,2.195
gaussian,9,opposed,2.0,0.03,mahalanobis,200,107,280,9000,1.805
gaussian,9,opposed,4.0,0.01,stouffer_down,200,5,75,9000,2.96
gaussian,9,opposed,4.0,0.03,stouffer_down,200,12,257,9000,2.89
gaussian,9,opposed,4.0,0.01,stouffer_two_sided,200,13,106,9000,2.87
gaussian,9,opposed,4.0,0.03,stouffer_two_sided,200,19,263,9000,2.82
gaussian,9,opposed,4.0,0.01,max_absolute,200,188,104,9000,0.535
gaussian,9,opposed,4.0,0.03,max_absolute,200,198,306,9000,0.21
gaussian,9,opposed,4.0,0.01,glr_two_sided,200,5,80,9000,2.945
gaussian,9,opposed,4.0,0.03,glr_two_sided,200,13,261,9000,2.845
gaussian,9,opposed,4.0,0.01,energy,200,188,106,9000,0.46
gaussian,9,opposed,4.0,0.03,energy,200,197,284,9000,0.19
gaussian,9,opposed,4.0,0.01,mahalanobis,200,200,95,9000,0.135
gaussian,9,opposed,4.0,0.03,mahalanobis,200,200,280,9000,0.07
gaussian,9,opposed,6.0,0.01,stouffer_down,200,5,75,9000,2.96
gaussian,9,opposed,6.0,0.03,stouffer_down,200,12,257,9000,2.89
gaussian,9,opposed,6.0,0.01,stouffer_two_sided,200,13,106,9000,2.87
gaussian,9,opposed,6.0,0.03,stouffer_two_sided,200,19,263,9000,2.82
gaussian,9,opposed,6.0,0.01,max_absolute,200,200,104,9000,0.02
gaussian,9,opposed,6.0,0.03,max_absolute,200,200,306,9000,0.005
gaussian,9,opposed,6.0,0.01,glr_two_sided,200,5,80,9000,2.945
gaussian,9,opposed,6.0,0.03,glr_two_sided,200,13,261,9000,2.845
gaussian,9,opposed,6.0,0.01,energy,200,200,106,9000,0.005
gaussian,9,opposed,6.0,0.03,energy,200,200,284,9000,0.005
gaussian,9,opposed,6.0,0.01,mahalanobis,200,200,95,9000,0.0
gaussian,9,opposed,6.0,0.03,mahalanobis,200,200,280,9000,0.0
gaussian,9,ramp_down,2.0,0.01,stouffer_down,200,59,75,9000,2.59
gaussian,9,ramp_down,2.0,0.03,stouffer_down,200,91,257,9000,2.295
gaussian,9,ramp_down,2.0,0.01,stouffer_two_sided,200,40,106,9000,2.73
gaussian,9,ramp_down,2.0,0.03,stouffer_two_sided,200,71,263,9000,2.45
gaussian,9,ramp_down,2.0,0.01,max_absolute,200,23,104,9000,2.82
gaussian,9,ramp_down,2.0,0.03,max_absolute,200,50,306,9000,2.605
gaussian,9,ramp_down,2.0,0.01,glr_two_sided,200,38,80,9000,2.755
gaussian,9,ramp_down,2.0,0.03,glr_two_sided,200,54,261,9000,2.605
gaussian,9,ramp_down,2.0,0.01,energy,200,34,106,9000,2.76
gaussian,9,ramp_down,2.0,0.03,energy,200,59,284,9000,2.545
gaussian,9,ramp_down,2.0,0.01,mahalanobis,200,19,95,9000,2.865
gaussian,9,ramp_down,2.0,0.03,mahalanobis,200,31,280,9000,2.75
gaussian,9,ramp_down,4.0,0.01,stouffer_down,200,161,75,9000,1.76
gaussian,9,ramp_down,4.0,0.03,stouffer_down,200,180,257,9000,1.43
gaussian,9,ramp_down,4.0,0.01,stouffer_two_sided,200,154,106,9000,1.875
gaussian,9,ramp_down,4.0,0.03,stouffer_two_sided,200,171,263,9000,1.64
gaussian,9,ramp_down,4.0,0.01,max_absolute,200,83,104,9000,2.43
gaussian,9,ramp_down,4.0,0.03,max_absolute,200,131,306,9000,2.015
gaussian,9,ramp_down,4.0,0.01,glr_two_sided,200,131,80,9000,2.155
gaussian,9,ramp_down,4.0,0.03,glr_two_sided,200,159,261,9000,1.8
gaussian,9,ramp_down,4.0,0.01,energy,200,135,106,9000,2.08
gaussian,9,ramp_down,4.0,0.03,energy,200,163,284,9000,1.715
gaussian,9,ramp_down,4.0,0.01,mahalanobis,200,90,95,9000,2.425
gaussian,9,ramp_down,4.0,0.03,mahalanobis,200,122,280,9000,2.145
gaussian,9,ramp_down,6.0,0.01,stouffer_down,200,196,75,9000,1.15
gaussian,9,ramp_down,6.0,0.03,stouffer_down,200,199,257,9000,0.835
gaussian,9,ramp_down,6.0,0.01,stouffer_two_sided,200,194,106,9000,1.275
gaussian,9,ramp_down,6.0,0.03,stouffer_two_sided,200,198,263,9000,1.04
gaussian,9,ramp_down,6.0,0.01,max_absolute,200,175,104,9000,1.74
gaussian,9,ramp_down,6.0,0.03,max_absolute,200,190,306,9000,1.4
gaussian,9,ramp_down,6.0,0.01,glr_two_sided,200,194,80,9000,1.46
gaussian,9,ramp_down,6.0,0.03,glr_two_sided,200,198,261,9000,1.24
gaussian,9,ramp_down,6.0,0.01,energy,200,193,106,9000,1.38
gaussian,9,ramp_down,6.0,0.03,energy,200,196,284,9000,1.14
gaussian,9,ramp_down,6.0,0.01,mahalanobis,200,177,95,9000,1.745
gaussian,9,ramp_down,6.0,0.03,mahalanobis,200,193,280,9000,1.395
gaussian,10,common_down,2.0,0.01,stouffer_down,200,99,108,9000,1.885
gaussian,10,common_down,2.0,0.03,stouffer_down,200,135,300,9000,1.4
gaussian,10,common_down,2.0,0.01,stouffer_two_sided,200,73,114,9000,2.205
gaussian,10,common_down,2.0,0.03,stouffer_two_sided,200,111,313,9000,1.73
gaussian,10,common_down,2.0,0.01,max_absolute,200,38,94,9000,2.635
gaussian,10,common_down,2.0,0.03,max_absolute,200,78,288,9000,2.175
gaussian,10,common_down,2.0,0.01,glr_two_sided,200,72,118,9000,2.345
gaussian,10,common_down,2.0,0.03,glr_two_sided,200,107,318,9000,1.945
gaussian,10,common_down,2.0,0.01,energy,200,60,95,9000,2.33
gaussian,10,common_down,2.0,0.03,energy,200,99,295,9000,1.9
gaussian,10,common_down,2.0,0.01,mahalanobis,200,30,96,9000,2.695
gaussian,10,common_down,2.0,0.03,mahalanobis,200,59,297,9000,2.38
gaussian,10,common_down,4.0,0.01,stouffer_down,200,192,108,9000,0.375
gaussian,10,common_down,4.0,0.03,stouffer_down,200,199,300,9000,0.165
gaussian,10,common_down,4.0,0.01,stouffer_two_sided,200,181,114,9000,0.59
gaussian,10,common_down,4.0,0.03,stouffer_two_sided,200,197,313,9000,0.215
gaussian,10,common_down,4.0,0.01,max_absolute,200,144,94,9000,1.28
gaussian,10,common_down,4.0,0.03,max_absolute,200,182,288,9000,0.715
gaussian,10,common_down,4.0,0.01,glr_two_sided,200,188,118,9000,0.785
gaussian,10,common_down,4.0,0.03,glr_two_sided,200,198,318,9000,0.505
gaussian,10,common_down,4.0,0.01,energy,200,181,95,9000,0.665
gaussian,10,common_down,4.0,0.03,energy,200,195,295,9000,0.365
gaussian,10,common_down,4.0,0.01,mahalanobis,200,147,96,9000,1.245
gaussian,10,common_down,4.0,0.03,mahalanobis,200,177,297,9000,0.73
gaussian,10,common_down,6.0,0.01,stouffer_down,200,200,108,9000,0.015
gaussian,10,common_down,6.0,0.03,stouffer_down,200,200,300,9000,0.0
gaussian,10,common_down,6.0,0.01,stouffer_two_sided,200,200,114,9000,0.03
gaussian,10,common_down,6.0,0.03,stouffer_two_sided,200,200,313,9000,0.015
gaussian,10,common_down,6.0,0.01,max_absolute,200,199,94,9000,0.23
gaussian,10,common_down,6.0,0.03,max_absolute,200,200,288,9000,0.1
gaussian,10,common_down,6.0,0.01,glr_two_sided,200,200,118,9000,0.11
gaussian,10,common_down,6.0,0.03,glr_two_sided,200,200,318,9000,0.035
gaussian,10,common_down,6.0,0.01,energy,200,200,95,9000,0.035
gaussian,10,common_down,6.0,0.03,energy,200,200,295,9000,0.03
gaussian,10,common_down,6.0,0.01,mahalanobis,200,200,96,9000,0.14
gaussian,10,common_down,6.0,0.03,mahalanobis,200,200,297,9000,0.085
gaussian,10,common_up,2.0,0.01,stouffer_down,200,0,108,9000,3.0
gaussian,10,common_up,2.0,0.03,stouffer_down,200,0,300,9000,3.0
gaussian,10,common_up,2.0,0.01,stouffer_two_sided,200,77,114,9000,2.22
gaussian,10,common_up,2.0,0.03,stouffer_two_sided,200,108,313,9000,1.845
gaussian,10,common_up,2.0,0.01,max_absolute,200,40,94,9000,2.65
gaussian,10,common_up,2.0,0.03,max_absolute,200,81,288,9000,2.15
gaussian,10,common_up,2.0,0.01,glr_two_sided,200,70,118,9000,2.37
gaussian,10,common_up,2.0,0.03,glr_two_sided,200,98,318,9000,2.055
gaussian,10,common_up,2.0,0.01,energy,200,70,95,9000,2.31
gaussian,10,common_up,2.0,0.03,energy,200,94,295,9000,2.025
gaussian,10,common_up,2.0,0.01,mahalanobis,200,37,96,9000,2.64
gaussian,10,common_up,2.0,0.03,mahalanobis,200,76,297,9000,2.235
gaussian,10,common_up,4.0,0.01,stouffer_down,200,0,108,9000,3.0
gaussian,10,common_up,4.0,0.03,stouffer_down,200,0,300,9000,3.0
gaussian,10,common_up,4.0,0.01,stouffer_two_sided,200,183,114,9000,0.565
gaussian,10,common_up,4.0,0.03,stouffer_two_sided,200,198,313,9000,0.27
gaussian,10,common_up,4.0,0.01,max_absolute,200,146,94,9000,1.345
gaussian,10,common_up,4.0,0.03,max_absolute,200,170,288,9000,0.85
gaussian,10,common_up,4.0,0.01,glr_two_sided,200,190,118,9000,0.8
gaussian,10,common_up,4.0,0.03,glr_two_sided,200,195,318,9000,0.525
gaussian,10,common_up,4.0,0.01,energy,200,175,95,9000,0.73
gaussian,10,common_up,4.0,0.03,energy,200,192,295,9000,0.39
gaussian,10,common_up,4.0,0.01,mahalanobis,200,138,96,9000,1.39
gaussian,10,common_up,4.0,0.03,mahalanobis,200,168,297,9000,0.82
gaussian,10,common_up,6.0,0.01,stouffer_down,200,0,108,9000,3.0
gaussian,10,common_up,6.0,0.03,stouffer_down,200,0,300,9000,3.0
gaussian,10,common_up,6.0,0.01,stouffer_two_sided,200,200,114,9000,0.025
gaussian,10,common_up,6.0,0.03,stouffer_two_sided,200,200,313,9000,0.01
gaussian,10,common_up,6.0,0.01,max_absolute,200,198,94,9000,0.245
gaussian,10,common_up,6.0,0.03,max_absolute,200,200,288,9000,0.075
gaussian,10,common_up,6.0,0.01,glr_two_sided,200,200,118,9000,0.105
gaussian,10,common_up,6.0,0.03,glr_two_sided,200,200,318,9000,0.045
gaussian,10,common_up,6.0,0.01,energy,200,200,95,9000,0.05
gaussian,10,common_up,6.0,0.03,energy,200,200,295,9000,0.02
gaussian,10,common_up,6.0,0.01,mahalanobis,200,199,96,9000,0.13
gaussian,10,common_up,6.0,0.03,mahalanobis,200,200,297,9000,0.075
gaussian,10,sparse_down,2.0,0.01,stouffer_down,200,29,108,9000,2.69
gaussian,10,sparse_down,2.0,0.03,stouffer_down,200,61,300,9000,2.33
gaussian,10,sparse_down,2.0,0.01,stouffer_two_sided,200,19,114,9000,2.805
gaussian,10,sparse_down,2.0,0.03,stouffer_two_sided,200,40,313,9000,2.565
gaussian,10,sparse_down,2.0,0.01,max_absolute,200,66,94,9000,2.28
gaussian,10,sparse_down,2.0,0.03,max_absolute,200,107,288,9000,1.805
gaussian,10,sparse_down,2.0,0.01,glr_two_sided,200,14,118,9000,2.855
gaussian,10,sparse_down,2.0,0.03,glr_two_sided,200,37,318,9000,2.65
gaussian,10,sparse_down,2.0,0.01,energy,200,45,95,9000,2.545
gaussian,10,sparse_down,2.0,0.03,energy,200,88,295,9000,2.02
gaussian,10,sparse_down,2.0,0.01,mahalanobis,200,73,96,9000,2.235
gaussian,10,sparse_down,2.0,0.03,mahalanobis,200,117,297,9000,1.645
gaussian,10,sparse_down,4.0,0.01,stouffer_down,200,77,108,9000,2.155
gaussian,10,sparse_down,4.0,0.03,stouffer_down,200,121,300,9000,1.6
gaussian,10,sparse_down,4.0,0.01,stouffer_two_sided,200,63,114,9000,2.305
gaussian,10,sparse_down,4.0,0.03,stouffer_two_sided,200,100,313,9000,1.88
gaussian,10,sparse_down,4.0,0.01,max_absolute,200,200,94,9000,0.235
gaussian,10,sparse_down,4.0,0.03,max_absolute,200,200,288,9000,0.12
gaussian,10,sparse_down,4.0,0.01,glr_two_sided,200,57,118,9000,2.495
gaussian,10,sparse_down,4.0,0.03,glr_two_sided,200,91,318,9000,2.135
gaussian,10,sparse_down,4.0,0.01,energy,200,192,95,9000,0.505
gaussian,10,sparse_down,4.0,0.03,energy,200,199,295,9000,0.26
gaussian,10,sparse_down,4.0,0.01,mahalanobis,200,198,96,9000,0.31
gaussian,10,sparse_down,4.0,0.03,mahalanobis,200,200,297,9000,0.11
gaussian,10,sparse_down,6.0,0.01,stouffer_down,200,138,108,9000,1.345
gaussian,10,sparse_down,6.0,0.03,stouffer_down,200,168,300,9000,0.895
gaussian,10,sparse_down,6.0,0.01,stouffer_two_sided,200,121,114,9000,1.6
gaussian,10,sparse_down,6.0,0.03,stouffer_two_sided,200,153,313,9000,1.115
gaussian,10,sparse_down,6.0,0.01,max_absolute,200,200,94,9000,0.0
gaussian,10,sparse_down,6.0,0.03,max_absolute,200,200,288,9000,0.0
gaussian,10,sparse_down,6.0,0.01,glr_two_sided,200,127,118,9000,1.77
gaussian,10,sparse_down,6.0,0.03,glr_two_sided,200,155,318,9000,1.3
gaussian,10,sparse_down,6.0,0.01,energy,200,200,95,9000,0.005
gaussian,10,sparse_down,6.0,0.03,energy,200,200,295,9000,0.0
gaussian,10,sparse_down,6.0,0.01,mahalanobis,200,200,96,9000,0.0
gaussian,10,sparse_down,6.0,0.03,mahalanobis,200,200,297,9000,0.0
gaussian,10,opposed,2.0,0.01,stouffer_down,200,8,108,9000,2.92
gaussian,10,opposed,2.0,0.03,stouffer_down,200,18,300,9000,2.82
gaussian,10,opposed,2.0,0.01,stouffer_two_sided,200,6,114,9000,2.94
gaussian,10,opposed,2.0,0.03,stouffer_two_sided,200,19,313,9000,2.805
gaussian,10,opposed,2.0,0.01,max_absolute,200,59,94,9000,2.43
gaussian,10,opposed,2.0,0.03,max_absolute,200,98,288,9000,2.02
gaussian,10,opposed,2.0,0.01,glr_two_sided,200,4,118,9000,2.95
gaussian,10,opposed,2.0,0.03,glr_two_sided,200,12,318,9000,2.86
gaussian,10,opposed,2.0,0.01,energy,200,49,95,9000,2.51
gaussian,10,opposed,2.0,0.03,energy,200,87,295,9000,2.095
gaussian,10,opposed,2.0,0.01,mahalanobis,200,82,96,9000,2.13
gaussian,10,opposed,2.0,0.03,mahalanobis,200,119,297,9000,1.66
gaussian,10,opposed,4.0,0.01,stouffer_down,200,8,108,9000,2.92
gaussian,10,opposed,4.0,0.03,stouffer_down,200,18,300,9000,2.82
gaussian,10,opposed,4.0,0.01,stouffer_two_sided,200,6,114,9000,2.94
gaussian,10,opposed,4.0,0.03,stouffer_two_sided,200,19,313,9000,2.805
gaussian,10,opposed,4.0,0.01,max_absolute,200,190,94,9000,0.495
gaussian,10,opposed,4.0,0.03,max_absolute,200,197,288,9000,0.26
gaussian,10,opposed,4.0,0.01,glr_two_sided,200,4,118,9000,2.95
gaussian,10,opposed,4.0,0.03,glr_two_sided,200,12,318,9000,2.86
gaussian,10,opposed,4.0,0.01,energy,200,187,95,9000,0.51
gaussian,10,opposed,4.0,0.03,energy,200,197,295,9000,0.195
gaussian,10,opposed,4.0,0.01,mahalanobis,200,197,96,9000,0.175
gaussian,10,opposed,4.0,0.03,mahalanobis,200,198,297,9000,0.1
gaussian,10,opposed,6.0,0.01,stouffer_down,200,8,108,9000,2.92
gaussian,10,opposed,6.0,0.03,stouffer_down,200,18,300,9000,2.82
gaussian,10,opposed,6.0,0.01,stouffer_two_sided,200,6,114,9000,2.94
gaussian,10,opposed,6.0,0.03,stouffer_two_sided,200,19,313,9000,2.805
gaussian,10,opposed,6.0,0.01,max_absolute,200,200,94,9000,0.01
gaussian,10,opposed,6.0,0.03,max_absolute,200,200,288,9000,0.005
gaussian,10,opposed,6.0,0.01,glr_two_sided,200,4,118,9000,2.95
gaussian,10,opposed,6.0,0.03,glr_two_sided,200,12,318,9000,2.86
gaussian,10,opposed,6.0,0.01,energy,200,200,95,9000,0.005
gaussian,10,opposed,6.0,0.03,energy,200,200,295,9000,0.0
gaussian,10,opposed,6.0,0.01,mahalanobis,200,200,96,9000,0.0
gaussian,10,opposed,6.0,0.03,mahalanobis,200,200,297,9000,0.0
gaussian,10,ramp_down,2.0,0.01,stouffer_down,200,59,108,9000,2.535
gaussian,10,ramp_down,2.0,0.03,stouffer_down,200,104,300,9000,2.07
gaussian,10,ramp_down,2.0,0.01,stouffer_two_sided,200,42,114,9000,2.66
gaussian,10,ramp_down,2.0,0.03,stouffer_two_sided,200,74,313,9000,2.395
gaussian,10,ramp_down,2.0,0.01,max_absolute,200,24,94,9000,2.83
gaussian,10,ramp_down,2.0,0.03,max_absolute,200,49,288,9000,2.615
gaussian,10,ramp_down,2.0,0.01,glr_two_sided,200,36,118,9000,2.755
gaussian,10,ramp_down,2.0,0.03,glr_two_sided,200,58,318,9000,2.56
gaussian,10,ramp_down,2.0,0.01,energy,200,33,95,9000,2.725
gaussian,10,ramp_down,2.0,0.03,energy,200,64,295,9000,2.495
gaussian,10,ramp_down,2.0,0.01,mahalanobis,200,20,96,9000,2.83
gaussian,10,ramp_down,2.0,0.03,mahalanobis,200,36,297,9000,2.69
gaussian,10,ramp_down,4.0,0.01,stouffer_down,200,163,108,9000,1.63
gaussian,10,ramp_down,4.0,0.03,stouffer_down,200,186,300,9000,1.26
gaussian,10,ramp_down,4.0,0.01,stouffer_two_sided,200,150,114,9000,1.805
gaussian,10,ramp_down,4.0,0.03,stouffer_two_sided,200,168,313,9000,1.52
gaussian,10,ramp_down,4.0,0.01,max_absolute,200,88,94,9000,2.375
gaussian,10,ramp_down,4.0,0.03,max_absolute,200,131,288,9000,1.945
gaussian,10,ramp_down,4.0,0.01,glr_two_sided,200,136,118,9000,2.025
gaussian,10,ramp_down,4.0,0.03,glr_two_sided,200,159,318,9000,1.72
gaussian,10,ramp_down,4.0,0.01,energy,200,139,95,9000,1.97
gaussian,10,ramp_down,4.0,0.03,energy,200,164,295,9000,1.61
gaussian,10,ramp_down,4.0,0.01,mahalanobis,200,95,96,9000,2.355
gaussian,10,ramp_down,4.0,0.03,mahalanobis,200,130,297,9000,2.0
gaussian,10,ramp_down,6.0,0.01,stouffer_down,200,199,108,9000,1.01
gaussian,10,ramp_down,6.0,0.03,stouffer_down,200,200,300,9000,0.77
gaussian,10,ramp_down,6.0,0.01,stouffer_two_sided,200,198,114,9000,1.165
gaussian,10,ramp_down,6.0,0.03,stouffer_two_sided,200,199,313,9000,0.94
gaussian,10,ramp_down,6.0,0.01,max_absolute,200,171,94,9000,1.655
gaussian,10,ramp_down,6.0,0.03,max_absolute,200,190,288,9000,1.235
gaussian,10,ramp_down,6.0,0.01,glr_two_sided,200,198,118,9000,1.335
gaussian,10,ramp_down,6.0,0.03,glr_two_sided,200,199,318,9000,1.14
gaussian,10,ramp_down,6.0,0.01,energy,200,193,95,9000,1.235
gaussian,10,ramp_down,6.0,0.03,energy,200,199,295,9000,0.995
gaussian,10,ramp_down,6.0,0.01,mahalanobis,200,175,96,9000,1.625
gaussian,10,ramp_down,6.0,0.03,mahalanobis,200,191,297,9000,1.315
gaussian,11,common_down,2.0,0.01,stouffer_down,200,93,96,9000,1.94
gaussian,11,common_down,2.0,0.03,stouffer_down,200,136,283,9000,1.375
gaussian,11,common_down,2.0,0.01,stouffer_two_sided,200,71,123,9000,2.22
gaussian,11,common_down,2.0,0.03,stouffer_two_sided,200,110,310,9000,1.715
gaussian,11,common_down,2.0,0.01,max_absolute,200,35,90,9000,2.645
gaussian,11,common_down,2.0,0.03,max_absolute,200,71,279,9000,2.255
gaussian,11,common_down,2.0,0.01,glr_two_sided,200,76,116,9000,2.285
gaussian,11,common_down,2.0,0.03,glr_two_sided,200,99,314,9000,2.015
gaussian,11,common_down,2.0,0.01,energy,200,67,88,9000,2.31
gaussian,11,common_down,2.0,0.03,energy,200,98,275,9000,1.89
gaussian,11,common_down,2.0,0.01,mahalanobis,200,29,72,9000,2.71
gaussian,11,common_down,2.0,0.03,mahalanobis,200,56,264,9000,2.39
gaussian,11,common_down,4.0,0.01,stouffer_down,200,192,96,9000,0.38
gaussian,11,common_down,4.0,0.03,stouffer_down,200,196,283,9000,0.225
gaussian,11,common_down,4.0,0.01,stouffer_two_sided,200,186,123,9000,0.52
gaussian,11,common_down,4.0,0.03,stouffer_two_sided,200,193,310,9000,0.295
gaussian,11,common_down,4.0,0.01,max_absolute,200,138,90,9000,1.355
gaussian,11,common_down,4.0,0.03,max_absolute,200,168,279,9000,0.89
gaussian,11,common_down,4.0,0.01,glr_two_sided,200,190,116,9000,0.755
gaussian,11,common_down,4.0,0.03,glr_two_sided,200,196,314,9000,0.535
gaussian,11,common_down,4.0,0.01,energy,200,172,88,9000,0.775
gaussian,11,common_down,4.0,0.03,energy,200,190,275,9000,0.445
gaussian,11,common_down,4.0,0.01,mahalanobis,200,132,72,9000,1.4
gaussian,11,common_down,4.0,0.03,mahalanobis,200,165,264,9000,0.94
gaussian,11,common_down,6.0,0.01,stouffer_down,200,200,96,9000,0.025
gaussian,11,common_down,6.0,0.03,stouffer_down,200,200,283,9000,0.0
gaussian,11,common_down,6.0,0.01,stouffer_two_sided,200,200,123,9000,0.025
gaussian,11,common_down,6.0,0.03,stouffer_two_sided,200,200,310,9000,0.005
gaussian,11,common_down,6.0,0.01,max_absolute,200,194,90,9000,0.31
gaussian,11,common_down,6.0,0.03,max_absolute,200,198,279,9000,0.125
gaussian,11,common_down,6.0,0.01,glr_two_sided,200,200,116,9000,0.12
gaussian,11,common_down,6.0,0.03,glr_two_sided,200,200,314,9000,0.055
gaussian,11,common_down,6.0,0.01,energy,200,199,88,9000,0.055
gaussian,11,common_down,6.0,0.03,energy,200,200,275,9000,0.025
gaussian,11,common_down,6.0,0.01,mahalanobis,200,195,72,9000,0.24
gaussian,11,common_down,6.0,0.03,mahalanobis,200,198,264,9000,0.105
gaussian,11,common_up,2.0,0.01,stouffer_down,200,0,96,9000,3.0
gaussian,11,common_up,2.0,0.03,stouffer_down,200,1,283,9000,2.985
gaussian,11,common_up,2.0,0.01,stouffer_two_sided,200,74,123,9000,2.175
gaussian,11,common_up,2.0,0.03,stouffer_two_sided,200,108,310,9000,1.83
gaussian,11,common_up,2.0,0.01,max_absolute,200,36,90,9000,2.69
gaussian,11,common_up,2.0,0.03,max_absolute,200,70,279,9000,2.3
gaussian,11,common_up,2.0,0.01,glr_two_sided,200,73,116,9000,2.33
gaussian,11,common_up,2.0,0.03,glr_two_sided,200,109,314,9000,1.93
gaussian,11,common_up,2.0,0.01,energy,200,65,88,9000,2.31
gaussian,11,common_up,2.0,0.03,energy,200,93,275,9000,2.0
gaussian,11,common_up,2.0,0.01,mahalanobis,200,31,72,9000,2.71
gaussian,11,common_up,2.0,0.03,mahalanobis,200,63,264,9000,2.39
gaussian,11,common_up,4.0,0.01,stouffer_down,200,0,96,9000,3.0
gaussian,11,common_up,4.0,0.03,stouffer_down,200,0,283,9000,3.0
gaussian,11,common_up,4.0,0.01,stouffer_two_sided,200,185,123,9000,0.605
gaussian,11,common_up,4.0,0.03,stouffer_two_sided,200,197,310,9000,0.33
gaussian,11,common_up,4.0,0.01,max_absolute,200,138,90,9000,1.51
gaussian,11,common_up,4.0,0.03,max_absolute,200,172,279,9000,0.945
gaussian,11,common_up,4.0,0.01,glr_two_sided,200,190,116,9000,0.815
gaussian,11,common_up,4.0,0.03,glr_two_sided,200,196,314,9000,0.525
gaussian,11,common_up,4.0,0.01,energy,200,182,88,9000,0.75
gaussian,11,common_up,4.0,0.03,energy,200,190,275,9000,0.46
gaussian,11,common_up,4.0,0.01,mahalanobis,200,144,72,9000,1.445
gaussian,11,common_up,4.0,0.03,mahalanobis,200,172,264,9000,0.935
gaussian,11,common_up,6.0,0.01,stouffer_down,200,0,96,9000,3.0
gaussian,11,common_up,6.0,0.03,stouffer_down,200,0,283,9000,3.0
gaussian,11,common_up,6.0,0.01,stouffer_two_sided,200,200,123,9000,0.02
gaussian,11,common_up,6.0,0.03,stouffer_two_sided,200,200,310,9000,0.015
gaussian,11,common_up,6.0,0.01,max_absolute,200,195,90,9000,0.29
gaussian,11,common_up,6.0,0.03,max_absolute,200,200,279,9000,0.085
gaussian,11,common_up,6.0,0.01,glr_two_sided,200,200,116,9000,0.11
gaussian,11,common_up,6.0,0.03,glr_two_sided,200,200,314,9000,0.05
gaussian,11,common_up,6.0,0.01,energy,200,200,88,9000,0.045
gaussian,11,common_up,6.0,0.03,energy,200,200,275,9000,0.015
gaussian,11,common_up,6.0,0.01,mahalanobis,200,198,72,9000,0.19
gaussian,11,common_up,6.0,0.03,mahalanobis,200,200,264,9000,0.06
gaussian,11,sparse_down,2.0,0.01,stouffer_down,200,26,96,9000,2.715
gaussian,11,sparse_down,2.0,0.03,stouffer_down,200,56,283,9000,2.395
gaussian,11,sparse_down,2.0,0.01,stouffer_two_sided,200,15,123,9000,2.85
gaussian,11,sparse_down,2.0,0.03,stouffer_two_sided,200,38,310,9000,2.59
gaussian,11,sparse_down,2.0,0.01,max_absolute,200,70,90,9000,2.2
gaussian,11,sparse_down,2.0,0.03,max_absolute,200,101,279,9000,1.845
gaussian,11,sparse_down,2.0,0.01,glr_two_sided,200,17,116,9000,2.84
gaussian,11,sparse_down,2.0,0.03,glr_two_sided,200,34,314,9000,2.635
gaussian,11,sparse_down,2.0,0.01,energy,200,49,88,9000,2.475
gaussian,11,sparse_down,2.0,0.03,energy,200,94,275,9000,2.0
gaussian,11,sparse_down,2.0,0.01,mahalanobis,200,72,72,9000,2.215
gaussian,11,sparse_down,2.0,0.03,mahalanobis,200,111,264,9000,1.755
gaussian,11,sparse_down,4.0,0.01,stouffer_down,200,74,96,9000,2.195
gaussian,11,sparse_down,4.0,0.03,stouffer_down,200,121,283,9000,1.56
gaussian,11,sparse_down,4.0,0.01,stouffer_two_sided,200,59,123,9000,2.355
gaussian,11,sparse_down,4.0,0.03,stouffer_two_sided,200,94,310,9000,1.93
gaussian,11,sparse_down,4.0,0.01,max_absolute,200,196,90,9000,0.22
gaussian,11,sparse_down,4.0,0.03,max_absolute,200,199,279,9000,0.095
gaussian,11,sparse_down,4.0,0.01,glr_two_sided,200,60,116,9000,2.465
gaussian,11,sparse_down,4.0,0.03,glr_two_sided,200,93,314,9000,2.1
gaussian,11,sparse_down,4.0,0.01,energy,200,190,88,9000,0.565
gaussian,11,sparse_down,4.0,0.03,energy,200,198,275,9000,0.195
gaussian,11,sparse_down,4.0,0.01,mahalanobis,200,196,72,9000,0.235
gaussian,11,sparse_down,4.0,0.03,mahalanobis,200,199,264,9000,0.095
gaussian,11,sparse_down,6.0,0.01,stouffer_down,200,140,96,9000,1.305
gaussian,11,sparse_down,6.0,0.03,stouffer_down,200,165,283,9000,0.88
gaussian,11,sparse_down,6.0,0.01,stouffer_two_sided,200,122,123,9000,1.54
gaussian,11,sparse_down,6.0,0.03,stouffer_two_sided,200,151,310,9000,1.11
gaussian,11,sparse_down,6.0,0.01,max_absolute,200,200,90,9000,0.0
gaussian,11,sparse_down,6.0,0.03,max_absolute,200,200,279,9000,0.0
gaussian,11,sparse_down,6.0,0.01,glr_two_sided,200,117,116,9000,1.88
gaussian,11,sparse_down,6.0,0.03,glr_two_sided,200,157,314,9000,1.315
gaussian,11,sparse_down,6.0,0.01,energy,200,200,88,9000,0.0
gaussian,11,sparse_down,6.0,0.03,energy,200,200,275,9000,0.0
gaussian,11,sparse_down,6.0,0.01,mahalanobis,200,200,72,9000,0.0
gaussian,11,sparse_down,6.0,0.03,mahalanobis,200,200,264,9000,0.0
gaussian,11,opposed,2.0,0.01,stouffer_down,200,6,96,9000,2.935
gaussian,11,opposed,2.0,0.03,stouffer_down,200,14,283,9000,2.86
gaussian,11,opposed,2.0,0.01,stouffer_two_sided,200,7,123,9000,2.925
gaussian,11,opposed,2.0,0.03,stouffer_two_sided,200,20,310,9000,2.795
gaussian,11,opposed,2.0,0.01,max_absolute,200,55,90,9000,2.425
gaussian,11,opposed,2.0,0.03,max_absolute,200,95,279,9000,1.96
gaussian,11,opposed,2.0,0.01,glr_two_sided,200,9,116,9000,2.89
gaussian,11,opposed,2.0,0.03,glr_two_sided,200,16,314,9000,2.8
gaussian,11,opposed,2.0,0.01,energy,200,42,88,9000,2.55
gaussian,11,opposed,2.0,0.03,energy,200,87,275,9000,2.015
gaussian,11,opposed,2.0,0.01,mahalanobis,200,81,72,9000,2.06
gaussian,11,opposed,2.0,0.03,mahalanobis,200,120,264,9000,1.63
gaussian,11,opposed,4.0,0.01,stouffer_down,200,6,96,9000,2.935
gaussian,11,opposed,4.0,0.03,stouffer_down,200,14,283,9000,2.86
gaussian,11,opposed,4.0,0.01,stouffer_two_sided,200,7,123,9000,2.925
gaussian,11,opposed,4.0,0.03,stouffer_two_sided,200,20,310,9000,2.795
gaussian,11,opposed,4.0,0.01,max_absolute,200,186,90,9000,0.58
gaussian,11,opposed,4.0,0.03,max_absolute,200,197,279,9000,0.275
gaussian,11,opposed,4.0,0.01,glr_two_sided,200,9,116,9000,2.89
gaussian,11,opposed,4.0,0.03,glr_two_sided,200,16,314,9000,2.8
gaussian,11,opposed,4.0,0.01,energy,200,188,88,9000,0.505
gaussian,11,opposed,4.0,0.03,energy,200,199,275,9000,0.205
gaussian,11,opposed,4.0,0.01,mahalanobis,200,197,72,9000,0.19
gaussian,11,opposed,4.0,0.03,mahalanobis,200,199,264,9000,0.08
gaussian,11,opposed,6.0,0.01,stouffer_down,200,6,96,9000,2.935
gaussian,11,opposed,6.0,0.03,stouffer_down,200,14,283,9000,2.86
gaussian,11,opposed,6.0,0.01,stouffer_two_sided,200,7,123,9000,2.925
gaussian,11,opposed,6.0,0.03,stouffer_two_sided,200,20,310,9000,2.795
gaussian,11,opposed,6.0,0.01,max_absolute,200,200,90,9000,0.01
gaussian,11,opposed,6.0,0.03,max_absolute,200,200,279,9000,0.0
gaussian,11,opposed,6.0,0.01,glr_two_sided,200,9,116,9000,2.89
gaussian,11,opposed,6.0,0.03,glr_two_sided,200,16,314,9000,2.8
gaussian,11,opposed,6.0,0.01,energy,200,200,88,9000,0.01
gaussian,11,opposed,6.0,0.03,energy,200,200,275,9000,0.005
gaussian,11,opposed,6.0,0.01,mahalanobis,200,200,72,9000,0.0
gaussian,11,opposed,6.0,0.03,mahalanobis,200,200,264,9000,0.0
gaussian,11,ramp_down,2.0,0.01,stouffer_down,200,48,96,9000,2.63
gaussian,11,ramp_down,2.0,0.03,stouffer_down,200,92,283,9000,2.155
gaussian,11,ramp_down,2.0,0.01,stouffer_two_sided,200,39,123,9000,2.695
gaussian,11,ramp_down,2.0,0.03,stouffer_two_sided,200,67,310,9000,2.44
gaussian,11,ramp_down,2.0,0.01,max_absolute,200,24,90,9000,2.81
gaussian,11,ramp_down,2.0,0.03,max_absolute,200,45,279,9000,2.665
gaussian,11,ramp_down,2.0,0.01,glr_two_sided,200,34,116,9000,2.745
gaussian,11,ramp_down,2.0,0.03,glr_two_sided,200,63,314,9000,2.485
gaussian,11,ramp_down,2.0,0.01,energy,200,42,88,9000,2.69
gaussian,11,ramp_down,2.0,0.03,energy,200,61,275,9000,2.5
gaussian,11,ramp_down,2.0,0.01,mahalanobis,200,18,72,9000,2.865
gaussian,11,ramp_down,2.0,0.03,mahalanobis,200,37,264,9000,2.695
gaussian,11,ramp_down,4.0,0.01,stouffer_down,200,165,96,9000,1.625
gaussian,11,ramp_down,4.0,0.03,stouffer_down,200,186,283,9000,1.24
gaussian,11,ramp_down,4.0,0.01,stouffer_two_sided,200,150,123,9000,1.8
gaussian,11,ramp_down,4.0,0.03,stouffer_two_sided,200,173,310,9000,1.48
gaussian,11,ramp_down,4.0,0.01,max_absolute,200,88,90,9000,2.37
gaussian,11,ramp_down,4.0,0.03,max_absolute,200,120,279,9000,2.025
gaussian,11,ramp_down,4.0,0.01,glr_two_sided,200,131,116,9000,2.035
gaussian,11,ramp_down,4.0,0.03,glr_two_sided,200,166,314,9000,1.7
gaussian,11,ramp_down,4.0,0.01,energy,200,125,88,9000,2.05
gaussian,11,ramp_down,4.0,0.03,energy,200,167,275,9000,1.6
gaussian,11,ramp_down,4.0,0.01,mahalanobis,200,83,72,9000,2.42
gaussian,11,ramp_down,4.0,0.03,mahalanobis,200,119,264,9000,2.07
gaussian,11,ramp_down,6.0,0.01,stouffer_down,200,198,96,9000,0.975
gaussian,11,ramp_down,6.0,0.03,stouffer_down,200,200,283,9000,0.76
gaussian,11,ramp_down,6.0,0.01,stouffer_two_sided,200,197,123,9000,1.125
gaussian,11,ramp_down,6.0,0.03,stouffer_two_sided,200,198,310,9000,0.895
gaussian,11,ramp_down,6.0,0.01,max_absolute,200,177,90,9000,1.625
gaussian,11,ramp_down,6.0,0.03,max_absolute,200,192,279,9000,1.36
gaussian,11,ramp_down,6.0,0.01,glr_two_sided,200,196,116,9000,1.32
gaussian,11,ramp_down,6.0,0.03,glr_two_sided,200,198,314,9000,1.12
gaussian,11,ramp_down,6.0,0.01,energy,200,196,88,9000,1.265
gaussian,11,ramp_down,6.0,0.03,energy,200,197,275,9000,1.01
gaussian,11,ramp_down,6.0,0.01,mahalanobis,200,181,72,9000,1.635
gaussian,11,ramp_down,6.0,0.03,mahalanobis,200,193,264,9000,1.32
gaussian,12,common_down,2.0,0.01,stouffer_down,200,98,104,9000,1.89
gaussian,12,common_down,2.0,0.03,stouffer_down,200,132,315,9000,1.43
gaussian,12,common_down,2.0,0.01,stouffer_two_sided,200,67,116,9000,2.25
gaussian,12,common_down,2.0,0.03,stouffer_two_sided,200,111,327,9000,1.73
gaussian,12,common_down,2.0,0.01,max_absolute,200,30,111,9000,2.695
gaussian,12,common_down,2.0,0.03,max_absolute,200,74,283,9000,2.2
gaussian,12,common_down,2.0,0.01,glr_two_sided,200,73,123,9000,2.32
gaussian,12,common_down,2.0,0.03,glr_two_sided,200,109,346,9000,1.92
gaussian,12,common_down,2.0,0.01,energy,200,53,112,9000,2.42
gaussian,12,common_down,2.0,0.03,energy,200,93,311,9000,1.955
gaussian,12,common_down,2.0,0.01,mahalanobis,200,21,93,9000,2.76
gaussian,12,common_down,2.0,0.03,mahalanobis,200,47,277,9000,2.52
gaussian,12,common_down,4.0,0.01,stouffer_down,200,188,104,9000,0.42
gaussian,12,common_down,4.0,0.03,stouffer_down,200,197,315,9000,0.18
gaussian,12,common_down,4.0,0.01,stouffer_two_sided,200,181,116,9000,0.585
gaussian,12,common_down,4.0,0.03,stouffer_two_sided,200,194,327,9000,0.285
gaussian,12,common_down,4.0,0.01,max_absolute,200,139,111,9000,1.39
gaussian,12,common_down,4.0,0.03,max_absolute,200,173,283,9000,0.84
gaussian,12,common_down,4.0,0.01,glr_two_sided,200,187,123,9000,0.805
gaussian,12,common_down,4.0,0.03,glr_two_sided,200,193,346,9000,0.475
gaussian,12,common_down,4.0,0.01,energy,200,180,112,9000,0.66
gaussian,12,common_down,4.0,0.03,energy,200,189,311,9000,0.445
gaussian,12,common_down,4.0,0.01,mahalanobis,200,143,93,9000,1.325
gaussian,12,common_down,4.0,0.03,mahalanobis,200,172,277,9000,0.865
gaussian,12,common_down,6.0,0.01,stouffer_down,200,200,104,9000,0.035
gaussian,12,common_down,6.0,0.03,stouffer_down,200,200,315,9000,0.005
gaussian,12,common_down,6.0,0.01,stouffer_two_sided,200,200,116,9000,0.05
gaussian,12,common_down,6.0,0.03,stouffer_two_sided,200,200,327,9000,0.025
gaussian,12,common_down,6.0,0.01,max_absolute,200,197,111,9000,0.235
gaussian,12,common_down,6.0,0.03,max_absolute,200,198,283,9000,0.14
gaussian,12,common_down,6.0,0.01,glr_two_sided,200,200,123,9000,0.105
gaussian,12,common_down,6.0,0.03,glr_two_sided,200,200,346,9000,0.05
gaussian,12,common_down,6.0,0.01,energy,200,200,112,9000,0.075
gaussian,12,common_down,6.0,0.03,energy,200,200,311,9000,0.04
gaussian,12,common_down,6.0,0.01,mahalanobis,200,197,93,9000,0.18
gaussian,12,common_down,6.0,0.03,mahalanobis,200,198,277,9000,0.115
gaussian,12,common_up,2.0,0.01,stouffer_down,200,1,104,9000,2.99
gaussian,12,common_up,2.0,0.03,stouffer_down,200,1,315,9000,2.99
gaussian,12,common_up,2.0,0.01,stouffer_two_sided,200,75,116,9000,2.235
gaussian,12,common_up,2.0,0.03,stouffer_two_sided,200,108,327,9000,1.85
gaussian,12,common_up,2.0,0.01,max_absolute,200,29,111,9000,2.725
gaussian,12,common_up,2.0,0.03,max_absolute,200,60,283,9000,2.385
gaussian,12,common_up,2.0,0.01,glr_two_sided,200,72,123,9000,2.33
gaussian,12,common_up,2.0,0.03,glr_two_sided,200,102,346,9000,2.005
gaussian,12,common_up,2.0,0.01,energy,200,60,112,9000,2.395
gaussian,12,common_up,2.0,0.03,energy,200,98,311,9000,2.0
gaussian,12,common_up,2.0,0.01,mahalanobis,200,24,93,9000,2.74
gaussian,12,common_up,2.0,0.03,mahalanobis,200,58,277,9000,2.455
gaussian,12,common_up,4.0,0.01,stouffer_down,200,0,104,9000,3.0
gaussian,12,common_up,4.0,0.03,stouffer_down,200,0,315,9000,3.0
gaussian,12,common_up,4.0,0.01,stouffer_two_sided,200,186,116,9000,0.58
gaussian,12,common_up,4.0,0.03,stouffer_two_sided,200,193,327,9000,0.395
gaussian,12,common_up,4.0,0.01,max_absolute,200,140,111,9000,1.485
gaussian,12,common_up,4.0,0.03,max_absolute,200,176,283,9000,0.885
gaussian,12,common_up,4.0,0.01,glr_two_sided,200,188,123,9000,0.89
gaussian,12,common_up,4.0,0.03,glr_two_sided,200,195,346,9000,0.525
gaussian,12,common_up,4.0,0.01,energy,200,179,112,9000,0.805
gaussian,12,common_up,4.0,0.03,energy,200,189,311,9000,0.47
gaussian,12,common_up,4.0,0.01,mahalanobis,200,148,93,9000,1.4
gaussian,12,common_up,4.0,0.03,mahalanobis,200,171,277,9000,0.91
gaussian,12,common_up,6.0,0.01,stouffer_down,200,0,104,9000,3.0
gaussian,12,common_up,6.0,0.03,stouffer_down,200,0,315,9000,3.0
gaussian,12,common_up,6.0,0.01,stouffer_two_sided,200,200,116,9000,0.01
gaussian,12,common_up,6.0,0.03,stouffer_two_sided,200,200,327,9000,0.005
gaussian,12,common_up,6.0,0.01,max_absolute,200,196,111,9000,0.275
gaussian,12,common_up,6.0,0.03,max_absolute,200,199,283,9000,0.09
gaussian,12,common_up,6.0,0.01,glr_two_sided,200,200,123,9000,0.105
gaussian,12,common_up,6.0,0.03,glr_two_sided,200,200,346,9000,0.02
gaussian,12,common_up,6.0,0.01,energy,200,200,112,9000,0.025
gaussian,12,common_up,6.0,0.03,energy,200,200,311,9000,0.005
gaussian,12,common_up,6.0,0.01,mahalanobis,200,196,93,9000,0.23
gaussian,12,common_up,6.0,0.03,mahalanobis,200,200,277,9000,0.075
gaussian,12,sparse_down,2.0,0.01,stouffer_down,200,24,104,9000,2.765
gaussian,12,sparse_down,2.0,0.03,stouffer_down,200,50,315,9000,2.445
gaussian,12,sparse_down,2.0,0.01,stouffer_two_sided,200,14,116,9000,2.86
gaussian,12,sparse_down,2.0,0.03,stouffer_two_sided,200,31,327,9000,2.675
gaussian,12,sparse_down,2.0,0.01,max_absolute,200,68,111,9000,2.285
gaussian,12,sparse_down,2.0,0.03,max_absolute,200,113,283,9000,1.745
gaussian,12,sparse_down,2.0,0.01,glr_two_sided,200,14,123,9000,2.855
gaussian,12,sparse_down,2.0,0.03,glr_two_sided,200,35,346,9000,2.64
gaussian,12,sparse_down,2.0,0.01,energy,200,41,112,9000,2.565
gaussian,12,sparse_down,2.0,0.03,energy,200,83,311,9000,2.085
gaussian,12,sparse_down,2.0,0.01,mahalanobis,200,63,93,9000,2.34
gaussian,12,sparse_down,2.0,0.03,mahalanobis,200,106,277,9000,1.84
gaussian,12,sparse_down,4.0,0.01,stouffer_down,200,71,104,9000,2.21
gaussian,12,sparse_down,4.0,0.03,stouffer_down,200,120,315,9000,1.625
gaussian,12,sparse_down,4.0,0.01,stouffer_two_sided,200,50,116,9000,2.445
gaussian,12,sparse_down,4.0,0.03,stouffer_two_sided,200,99,327,9000,1.875
gaussian,12,sparse_down,4.0,0.01,max_absolute,200,197,111,9000,0.28
gaussian,12,sparse_down,4.0,0.03,max_absolute,200,200,283,9000,0.1
gaussian,12,sparse_down,4.0,0.01,glr_two_sided,200,55,123,9000,2.475
gaussian,12,sparse_down,4.0,0.03,glr_two_sided,200,95,346,9000,2.045
gaussian,12,sparse_down,4.0,0.01,energy,200,188,112,9000,0.505
gaussian,12,sparse_down,4.0,0.03,energy,200,197,311,9000,0.285
gaussian,12,sparse_down,4.0,0.01,mahalanobis,200,198,93,9000,0.27
gaussian,12,sparse_down,4.0,0.03,mahalanobis,200,199,277,9000,0.145
gaussian,12,sparse_down,6.0,0.01,stouffer_down,200,136,104,9000,1.365
gaussian,12,sparse_down,6.0,0.03,stouffer_down,200,170,315,9000,0.785
gaussian,12,sparse_down,6.0,0.01,stouffer_two_sided,200,122,116,9000,1.6
gaussian,12,sparse_down,6.0,0.03,stouffer_two_sided,200,152,327,9000,1.12
gaussian,12,sparse_down,6.0,0.01,max_absolute,200,200,111,9000,0.0
gaussian,12,sparse_down,6.0,0.03,max_absolute,200,200,283,9000,0.0
gaussian,12,sparse_down,6.0,0.01,glr_two_sided,200,122,123,9000,1.825
gaussian,12,sparse_down,6.0,0.03,glr_two_sided,200,153,346,9000,1.345
gaussian,12,sparse_down,6.0,0.01,energy,200,200,112,9000,0.005
gaussian,12,sparse_down,6.0,0.03,energy,200,200,311,9000,0.0
gaussian,12,sparse_down,6.0,0.01,mahalanobis,200,200,93,9000,0.0
gaussian,12,sparse_down,6.0,0.03,mahalanobis,200,200,277,9000,0.0
gaussian,12,opposed,2.0,0.01,stouffer_down,200,4,104,9000,2.955
gaussian,12,opposed,2.0,0.03,stouffer_down,200,14,315,9000,2.86
gaussian,12,opposed,2.0,0.01,stouffer_two_sided,200,8,116,9000,2.905
gaussian,12,opposed,2.0,0.03,stouffer_two_sided,200,17,327,9000,2.81
gaussian,12,opposed,2.0,0.01,max_absolute,200,49,111,9000,2.49
gaussian,12,opposed,2.0,0.03,max_absolute,200,90,283,9000,2.02
gaussian,12,opposed,2.0,0.01,glr_two_sided,200,10,123,9000,2.895
gaussian,12,opposed,2.0,0.03,glr_two_sided,200,18,346,9000,2.79
gaussian,12,opposed,2.0,0.01,energy,200,35,112,9000,2.63
gaussian,12,opposed,2.0,0.03,energy,200,80,311,9000,2.14
gaussian,12,opposed,2.0,0.01,mahalanobis,200,74,93,9000,2.195
gaussian,12,opposed,2.0,0.03,mahalanobis,200,116,277,9000,1.645
gaussian,12,opposed,4.0,0.01,stouffer_down,200,4,104,9000,2.955
gaussian,12,opposed,4.0,0.03,stouffer_down,200,14,315,9000,2.86
gaussian,12,opposed,4.0,0.01,stouffer_two_sided,200,8,116,9000,2.905
gaussian,12,opposed,4.0,0.03,stouffer_two_sided,200,17,327,9000,2.81
gaussian,12,opposed,4.0,0.01,max_absolute,200,187,111,9000,0.52
gaussian,12,opposed,4.0,0.03,max_absolute,200,199,283,9000,0.21
gaussian,12,opposed,4.0,0.01,glr_two_sided,200,10,123,9000,2.895
gaussian,12,opposed,4.0,0.03,glr_two_sided,200,18,346,9000,2.79
gaussian,12,opposed,4.0,0.01,energy,200,191,112,9000,0.405
gaussian,12,opposed,4.0,0.03,energy,200,199,311,9000,0.145
gaussian,12,opposed,4.0,0.01,mahalanobis,200,199,93,9000,0.13
gaussian,12,opposed,4.0,0.03,mahalanobis,200,200,277,9000,0.065
gaussian,12,opposed,6.0,0.01,stouffer_down,200,4,104,9000,2.955
gaussian,12,opposed,6.0,0.03,stouffer_down,200,14,315,9000,2.86
gaussian,12,opposed,6.0,0.01,stouffer_two_sided,200,8,116,9000,2.905
gaussian,12,opposed,6.0,0.03,stouffer_two_sided,200,17,327,9000,2.81
gaussian,12,opposed,6.0,0.01,max_absolute,200,200,111,9000,0.005
gaussian,12,opposed,6.0,0.03,max_absolute,200,200,283,9000,0.0
gaussian,12,opposed,6.0,0.01,glr_two_sided,200,10,123,9000,2.895
gaussian,12,opposed,6.0,0.03,glr_two_sided,200,18,346,9000,2.79
gaussian,12,opposed,6.0,0.01,energy,200,200,112,9000,0.005
gaussian,12,opposed,6.0,0.03,energy,200,200,311,9000,0.0
gaussian,12,opposed,6.0,0.01,mahalanobis,200,200,93,9000,0.0
gaussian,12,opposed,6.0,0.03,mahalanobis,200,200,277,9000,0.0
gaussian,12,ramp_down,2.0,0.01,stouffer_down,200,54,104,9000,2.595
gaussian,12,ramp_down,2.0,0.03,stouffer_down,200,99,315,9000,2.165
gaussian,12,ramp_down,2.0,0.01,stouffer_two_sided,200,36,116,9000,2.745
gaussian,12,ramp_down,2.0,0.03,stouffer_two_sided,200,65,327,9000,2.48
gaussian,12,ramp_down,2.0,0.01,max_absolute,200,17,111,9000,2.865
gaussian,12,ramp_down,2.0,0.03,max_absolute,200,40,283,9000,2.69
gaussian,12,ramp_down,2.0,0.01,glr_two_sided,200,32,123,9000,2.75
gaussian,12,ramp_down,2.0,0.03,glr_two_sided,200,57,346,9000,2.505
gaussian,12,ramp_down,2.0,0.01,energy,200,27,112,9000,2.79
gaussian,12,ramp_down,2.0,0.03,energy,200,55,311,9000,2.585
gaussian,12,ramp_down,2.0,0.01,mahalanobis,200,10,93,9000,2.925
gaussian,12,ramp_down,2.0,0.03,mahalanobis,200,31,277,9000,2.755
gaussian,12,ramp_down,4.0,0.01,stouffer_down,200,165,104,9000,1.645
gaussian,12,ramp_down,4.0,0.03,stouffer_down,200,181,315,9000,1.28
gaussian,12,ramp_down,4.0,0.01,stouffer_two_sided,200,148,116,9000,1.885
gaussian,12,ramp_down,4.0,0.03,stouffer_two_sided,200,176,327,9000,1.525
gaussian,12,ramp_down,4.0,0.01,max_absolute,200,85,111,9000,2.4
gaussian,12,ramp_down,4.0,0.03,max_absolute,200,122,283,9000,2.06
gaussian,12,ramp_down,4.0,0.01,glr_two_sided,200,134,123,9000,2.015
gaussian,12,ramp_down,4.0,0.03,glr_two_sided,200,164,346,9000,1.695
gaussian,12,ramp_down,4.0,0.01,energy,200,135,112,9000,2.02
gaussian,12,ramp_down,4.0,0.03,energy,200,161,311,9000,1.7
gaussian,12,ramp_down,4.0,0.01,mahalanobis,200,80,93,9000,2.47
gaussian,12,ramp_down,4.0,0.03,mahalanobis,200,122,277,9000,2.085
gaussian,12,ramp_down,6.0,0.01,stouffer_down,200,198,104,9000,1.03
gaussian,12,ramp_down,6.0,0.03,stouffer_down,200,199,315,9000,0.78
gaussian,12,ramp_down,6.0,0.01,stouffer_two_sided,200,195,116,9000,1.2
gaussian,12,ramp_down,6.0,0.03,stouffer_two_sided,200,199,327,9000,0.895
gaussian,12,ramp_down,6.0,0.01,max_absolute,200,171,111,9000,1.71
gaussian,12,ramp_down,6.0,0.03,max_absolute,200,188,283,9000,1.3
gaussian,12,ramp_down,6.0,0.01,glr_two_sided,200,194,123,9000,1.395
gaussian,12,ramp_down,6.0,0.03,glr_two_sided,200,197,346,9000,1.125
gaussian,12,ramp_down,6.0,0.01,energy,200,192,112,9000,1.31
gaussian,12,ramp_down,6.0,0.03,energy,200,197,311,9000,1.04
gaussian,12,ramp_down,6.0,0.01,mahalanobis,200,179,93,9000,1.665
gaussian,12,ramp_down,6.0,0.03,mahalanobis,200,189,277,9000,1.425
gaussian,13,common_down,2.0,0.01,stouffer_down,200,93,85,9000,1.955
gaussian,13,common_down,2.0,0.03,stouffer_down,200,131,275,9000,1.46
gaussian,13,common_down,2.0,0.01,stouffer_two_sided,200,80,113,9000,2.13
gaussian,13,common_down,2.0,0.03,stouffer_two_sided,200,105,298,9000,1.8
gaussian,13,common_down,2.0,0.01,max_absolute,200,33,105,9000,2.69
gaussian,13,common_down,2.0,0.03,max_absolute,200,72,286,9000,2.225
gaussian,13,common_down,2.0,0.01,glr_two_sided,200,77,103,9000,2.315
gaussian,13,common_down,2.0,0.03,glr_two_sided,200,98,291,9000,1.985
gaussian,13,common_down,2.0,0.01,energy,200,67,107,9000,2.29
gaussian,13,common_down,2.0,0.03,energy,200,91,278,9000,1.985
gaussian,13,common_down,2.0,0.01,mahalanobis,200,33,87,9000,2.66
gaussian,13,common_down,2.0,0.03,mahalanobis,200,59,256,9000,2.39
gaussian,13,common_down,4.0,0.01,stouffer_down,200,189,85,9000,0.455
gaussian,13,common_down,4.0,0.03,stouffer_down,200,197,275,9000,0.225
gaussian,13,common_down,4.0,0.01,stouffer_two_sided,200,184,113,9000,0.585
gaussian,13,common_down,4.0,0.03,stouffer_two_sided,200,191,298,9000,0.345
gaussian,13,common_down,4.0,0.01,max_absolute,200,126,105,9000,1.505
gaussian,13,common_down,4.0,0.03,max_absolute,200,161,286,9000,0.97
gaussian,13,common_down,4.0,0.01,glr_two_sided,200,188,103,9000,0.865
gaussian,13,common_down,4.0,0.03,glr_two_sided,200,196,291,9000,0.49
gaussian,13,common_down,4.0,0.01,energy,200,172,107,9000,0.8
gaussian,13,common_down,4.0,0.03,energy,200,187,278,9000,0.505
gaussian,13,common_down,4.0,0.01,mahalanobis,200,132,87,9000,1.44
gaussian,13,common_down,4.0,0.03,mahalanobis,200,163,256,9000,1.0
gaussian,13,common_down,6.0,0.01,stouffer_down,200,200,85,9000,0.035
gaussian,13,common_down,6.0,0.03,stouffer_down,200,200,275,9000,0.01
gaussian,13,common_down,6.0,0.01,stouffer_two_sided,200,200,113,9000,0.05
gaussian,13,common_down,6.0,0.03,stouffer_two_sided,200,200,298,9000,0.015
gaussian,13,common_down,6.0,0.01,max_absolute,200,193,105,9000,0.33
gaussian,13,common_down,6.0,0.03,max_absolute,200,198,286,9000,0.125
gaussian,13,common_down,6.0,0.01,glr_two_sided,200,200,103,9000,0.095
gaussian,13,common_down,6.0,0.03,glr_two_sided,200,200,291,9000,0.045
gaussian,13,common_down,6.0,0.01,energy,200,200,107,9000,0.045
gaussian,13,common_down,6.0,0.03,energy,200,200,278,9000,0.03
gaussian,13,common_down,6.0,0.01,mahalanobis,200,197,87,9000,0.23
gaussian,13,common_down,6.0,0.03,mahalanobis,200,199,256,9000,0.085
gaussian,13,common_up,2.0,0.01,stouffer_down,200,0,85,9000,3.0
gaussian,13,common_up,2.0,0.03,stouffer_down,200,0,275,9000,3.0
gaussian,13,common_up,2.0,0.01,stouffer_two_sided,200,73,113,9000,2.15
gaussian,13,common_up,2.0,0.03,stouffer_two_sided,200,115,298,9000,1.66
gaussian,13,common_up,2.0,0.01,max_absolute,200,37,105,9000,2.61
gaussian,13,common_up,2.0,0.03,max_absolute,200,77,286,9000,2.13
gaussian,13,common_up,2.0,0.01,glr_two_sided,200,79,103,9000,2.295
gaussian,13,common_up,2.0,0.03,glr_two_sided,200,106,291,9000,1.99
gaussian,13,common_up,2.0,0.01,energy,200,57,107,9000,2.365
gaussian,13,common_up,2.0,0.03,energy,200,90,278,9000,1.96
gaussian,13,common_up,2.0,0.01,mahalanobis,200,33,87,9000,2.65
gaussian,13,common_up,2.0,0.03,mahalanobis,200,58,256,9000,2.355
gaussian,13,common_up,4.0,0.01,stouffer_down,200,0,85,9000,3.0
gaussian,13,common_up,4.0,0.03,stouffer_down,200,0,275,9000,3.0
gaussian,13,common_up,4.0,0.01,stouffer_two_sided,200,191,113,9000,0.485
gaussian,13,common_up,4.0,0.03,stouffer_two_sided,200,197,298,9000,0.31
gaussian,13,common_up,4.0,0.01,max_absolute,200,139,105,9000,1.37
gaussian,13,common_up,4.0,0.03,max_absolute,200,173,286,9000,0.845
gaussian,13,common_up,4.0,0.01,glr_two_sided,200,193,103,9000,0.81
gaussian,13,common_up,4.0,0.03,glr_two_sided,200,198,291,9000,0.49
gaussian,13,common_up,4.0,0.01,energy,200,182,107,9000,0.67
gaussian,13,common_up,4.0,0.03,energy,200,194,278,9000,0.37
gaussian,13,common_up,4.0,0.01,mahalanobis,200,136,87,9000,1.39
gaussian,13,common_up,4.0,0.03,mahalanobis,200,166,256,9000,0.89
gaussian,13,common_up,6.0,0.01,stouffer_down,200,0,85,9000,3.0
gaussian,13,common_up,6.0,0.03,stouffer_down,200,0,275,9000,3.0
gaussian,13,common_up,6.0,0.01,stouffer_two_sided,200,200,113,9000,0.04
gaussian,13,common_up,6.0,0.03,stouffer_two_sided,200,200,298,9000,0.02
gaussian,13,common_up,6.0,0.01,max_absolute,200,199,105,9000,0.23
gaussian,13,common_up,6.0,0.03,max_absolute,200,199,286,9000,0.115
gaussian,13,common_up,6.0,0.01,glr_two_sided,200,200,103,9000,0.14
gaussian,13,common_up,6.0,0.03,glr_two_sided,200,200,291,9000,0.055
gaussian,13,common_up,6.0,0.01,energy,200,200,107,9000,0.07
gaussian,13,common_up,6.0,0.03,energy,200,200,278,9000,0.025
gaussian,13,common_up,6.0,0.01,mahalanobis,200,198,87,9000,0.185
gaussian,13,common_up,6.0,0.03,mahalanobis,200,199,256,9000,0.1
gaussian,13,sparse_down,2.0,0.01,stouffer_down,200,32,85,9000,2.65
gaussian,13,sparse_down,2.0,0.03,stouffer_down,200,63,275,9000,2.34
gaussian,13,sparse_down,2.0,0.01,stouffer_two_sided,200,16,113,9000,2.815
gaussian,13,sparse_down,2.0,0.03,stouffer_two_sided,200,42,298,9000,2.56
gaussian,13,sparse_down,2.0,0.01,max_absolute,200,73,105,9000,2.15
gaussian,13,sparse_down,2.0,0.03,max_absolute,200,106,286,9000,1.755
gaussian,13,sparse_down,2.0,0.01,glr_two_sided,200,13,103,9000,2.885
gaussian,13,sparse_down,2.0,0.03,glr_two_sided,200,34,291,9000,2.635
gaussian,13,sparse_down,2.0,0.01,energy,200,41,107,9000,2.525
gaussian,13,sparse_down,2.0,0.03,energy,200,94,278,9000,1.895
gaussian,13,sparse_down,2.0,0.01,mahalanobis,200,68,87,9000,2.23
gaussian,13,sparse_down,2.0,0.03,mahalanobis,200,113,256,9000,1.67
gaussian,13,sparse_down,4.0,0.01,stouffer_down,200,82,85,9000,2.105
gaussian,13,sparse_down,4.0,0.03,stouffer_down,200,118,275,9000,1.66
gaussian,13,sparse_down,4.0,0.01,stouffer_two_sided,200,65,113,9000,2.32
gaussian,13,sparse_down,4.0,0.03,stouffer_two_sided,200,93,298,9000,1.95
gaussian,13,sparse_down,4.0,0.01,max_absolute,200,197,105,9000,0.2
gaussian,13,sparse_down,4.0,0.03,max_absolute,200,200,286,9000,0.095
gaussian,13,sparse_down,4.0,0.01,glr_two_sided,200,57,103,9000,2.485
gaussian,13,sparse_down,4.0,0.03,glr_two_sided,200,88,291,9000,2.105
gaussian,13,sparse_down,4.0,0.01,energy,200,191,107,9000,0.475
gaussian,13,sparse_down,4.0,0.03,energy,200,197,278,9000,0.27
gaussian,13,sparse_down,4.0,0.01,mahalanobis,200,196,87,9000,0.255
gaussian,13,sparse_down,4.0,0.03,mahalanobis,200,199,256,9000,0.115
gaussian,13,sparse_down,6.0,0.01,stouffer_down,200,134,85,9000,1.4
gaussian,13,sparse_down,6.0,0.03,stouffer_down,200,163,275,9000,0.935
gaussian,13,sparse_down,6.0,0.01,stouffer_two_sided,200,119,113,9000,1.65
gaussian,13,sparse_down,6.0,0.03,stouffer_two_sided,200,147,298,9000,1.24
gaussian,13,sparse_down,6.0,0.01,max_absolute,200,200,105,9000,0.005
gaussian,13,sparse_down,6.0,0.03,max_absolute,200,200,286,9000,0.0
gaussian,13,sparse_down,6.0,0.01,glr_two_sided,200,116,103,9000,1.84
gaussian,13,sparse_down,6.0,0.03,glr_two_sided,200,150,291,9000,1.435
gaussian,13,sparse_down,6.0,0.01,energy,200,200,107,9000,0.01
gaussian,13,sparse_down,6.0,0.03,energy,200,200,278,9000,0.0
gaussian,13,sparse_down,6.0,0.01,mahalanobis,200,200,87,9000,0.0
gaussian,13,sparse_down,6.0,0.03,mahalanobis,200,200,256,9000,0.0
gaussian,13,opposed,2.0,0.01,stouffer_down,200,5,85,9000,2.935
gaussian,13,opposed,2.0,0.03,stouffer_down,200,16,275,9000,2.815
gaussian,13,opposed,2.0,0.01,stouffer_two_sided,200,6,113,9000,2.925
gaussian,13,opposed,2.0,0.03,stouffer_two_sided,200,19,298,9000,2.78
gaussian,13,opposed,2.0,0.01,max_absolute,200,45,105,9000,2.525
gaussian,13,opposed,2.0,0.03,max_absolute,200,81,286,9000,2.075
gaussian,13,opposed,2.0,0.01,glr_two_sided,200,6,103,9000,2.935
gaussian,13,opposed,2.0,0.03,glr_two_sided,200,15,291,9000,2.85
gaussian,13,opposed,2.0,0.01,energy,200,36,107,9000,2.645
gaussian,13,opposed,2.0,0.03,energy,200,76,278,9000,2.185
gaussian,13,opposed,2.0,0.01,mahalanobis,200,71,87,9000,2.245
gaussian,13,opposed,2.0,0.03,mahalanobis,200,115,256,9000,1.725
gaussian,13,opposed,4.0,0.01,stouffer_down,200,5,85,9000,2.935
gaussian,13,opposed,4.0,0.03,stouffer_down,200,16,275,9000,2.815
gaussian,13,opposed,4.0,0.01,stouffer_two_sided,200,6,113,9000,2.925
gaussian,13,opposed,4.0,0.03,stouffer_two_sided,200,19,298,9000,2.78
gaussian,13,opposed,4.0,0.01,max_absolute,200,192,105,9000,0.52
gaussian,13,opposed,4.0,0.03,max_absolute,200,197,286,9000,0.275
gaussian,13,opposed,4.0,0.01,glr_two_sided,200,6,103,9000,2.935
gaussian,13,opposed,4.0,0.03,glr_two_sided,200,15,291,9000,2.85
gaussian,13,opposed,4.0,0.01,energy,200,188,107,9000,0.54
gaussian,13,opposed,4.0,0.03,energy,200,198,278,9000,0.24
gaussian,13,opposed,4.0,0.01,mahalanobis,200,199,87,9000,0.205
gaussian,13,opposed,4.0,0.03,mahalanobis,200,200,256,9000,0.11
gaussian,13,opposed,6.0,0.01,stouffer_down,200,5,85,9000,2.935
gaussian,13,opposed,6.0,0.03,stouffer_down,200,16,275,9000,2.815
gaussian,13,opposed,6.0,0.01,stouffer_two_sided,200,6,113,9000,2.925
gaussian,13,opposed,6.0,0.03,stouffer_two_sided,200,19,298,9000,2.78
gaussian,13,opposed,6.0,0.01,max_absolute,200,200,105,9000,0.0
gaussian,13,opposed,6.0,0.03,max_absolute,200,200,286,9000,0.0
gaussian,13,opposed,6.0,0.01,glr_two_sided,200,6,103,9000,2.935
gaussian,13,opposed,6.0,0.03,glr_two_sided,200,15,291,9000,2.85
gaussian,13,opposed,6.0,0.01,energy,200,200,107,9000,0.01
gaussian,13,opposed,6.0,0.03,energy,200,200,278,9000,0.0
gaussian,13,opposed,6.0,0.01,mahalanobis,200,200,87,9000,0.0
gaussian,13,opposed,6.0,0.03,mahalanobis,200,200,256,9000,0.0
gaussian,13,ramp_down,2.0,0.01,stouffer_down,200,61,85,9000,2.535
gaussian,13,ramp_down,2.0,0.03,stouffer_down,200,96,275,9000,2.2
gaussian,13,ramp_down,2.0,0.01,stouffer_two_sided,200,51,113,9000,2.62
gaussian,13,ramp_down,2.0,0.03,stouffer_two_sided,200,75,298,9000,2.38
gaussian,13,ramp_down,2.0,0.01,max_absolute,200,23,105,9000,2.83
gaussian,13,ramp_down,2.0,0.03,max_absolute,200,47,286,9000,2.645
gaussian,13,ramp_down,2.0,0.01,glr_two_sided,200,29,103,9000,2.81
gaussian,13,ramp_down,2.0,0.03,glr_two_sided,200,65,291,9000,2.5
gaussian,13,ramp_down,2.0,0.01,energy,200,42,107,9000,2.7
gaussian,13,ramp_down,2.0,0.03,energy,200,62,278,9000,2.51
gaussian,13,ramp_down,2.0,0.01,mahalanobis,200,20,87,9000,2.845
gaussian,13,ramp_down,2.0,0.03,mahalanobis,200,42,256,9000,2.65
gaussian,13,ramp_down,4.0,0.01,stouffer_down,200,156,85,9000,1.685
gaussian,13,ramp_down,4.0,0.03,stouffer_down,200,185,275,9000,1.275
gaussian,13,ramp_down,4.0,0.01,stouffer_two_sided,200,145,113,9000,1.875
gaussian,13,ramp_down,4.0,0.03,stouffer_two_sided,200,166,298,9000,1.555
gaussian,13,ramp_down,4.0,0.01,max_absolute,200,84,105,9000,2.45
gaussian,13,ramp_down,4.0,0.03,max_absolute,200,117,286,9000,2.095
gaussian,13,ramp_down,4.0,0.01,glr_two_sided,200,137,103,9000,2.08
gaussian,13,ramp_down,4.0,0.03,glr_two_sided,200,161,291,9000,1.715
gaussian,13,ramp_down,4.0,0.01,energy,200,130,107,9000,2.08
gaussian,13,ramp_down,4.0,0.03,energy,200,157,278,9000,1.69
gaussian,13,ramp_down,4.0,0.01,mahalanobis,200,88,87,9000,2.435
gaussian,13,ramp_down,4.0,0.03,mahalanobis,200,123,256,9000,2.07
gaussian,13,ramp_down,6.0,0.01,stouffer_down,200,196,85,9000,1.045
gaussian,13,ramp_down,6.0,0.03,stouffer_down,200,199,275,9000,0.77
gaussian,13,ramp_down,6.0,0.01,stouffer_two_sided,200,196,113,9000,1.14
gaussian,13,ramp_down,6.0,0.03,stouffer_two_sided,200,198,298,9000,0.95
gaussian,13,ramp_down,6.0,0.01,max_absolute,200,166,105,9000,1.76
gaussian,13,ramp_down,6.0,0.03,max_absolute,200,188,286,9000,1.315
gaussian,13,ramp_down,6.0,0.01,glr_two_sided,200,196,103,9000,1.395
gaussian,13,ramp_down,6.0,0.03,glr_two_sided,200,199,291,9000,1.13
gaussian,13,ramp_down,6.0,0.01,energy,200,195,107,9000,1.26
gaussian,13,ramp_down,6.0,0.03,energy,200,197,278,9000,1.05
gaussian,13,ramp_down,6.0,0.01,mahalanobis,200,173,87,9000,1.7
gaussian,13,ramp_down,6.0,0.03,mahalanobis,200,192,256,9000,1.365
gaussian,14,common_down,2.0,0.01,stouffer_down,200,86,76,9000,2.045
gaussian,14,common_down,2.0,0.03,stouffer_down,200,137,242,9000,1.45
gaussian,14,common_down,2.0,0.01,stouffer_two_sided,200,71,82,9000,2.19
gaussian,14,common_down,2.0,0.03,stouffer_two_sided,200,105,258,9000,1.83
gaussian,14,common_down,2.0,0.01,max_absolute,200,34,83,9000,2.67
gaussian,14,common_down,2.0,0.03,max_absolute,200,77,263,9000,2.14
gaussian,14,common_down,2.0,0.01,glr_two_sided,200,63,85,9000,2.43
gaussian,14,common_down,2.0,0.03,glr_two_sided,200,99,276,9000,2.06
gaussian,14,common_down,2.0,0.01,energy,200,57,80,9000,2.36
gaussian,14,common_down,2.0,0.03,energy,200,93,251,9000,1.96
gaussian,14,common_down,2.0,0.01,mahalanobis,200,23,87,9000,2.78
gaussian,14,common_down,2.0,0.03,mahalanobis,200,57,273,9000,2.38
gaussian,14,common_down,4.0,0.01,stouffer_down,200,198,76,9000,0.395
gaussian,14,common_down,4.0,0.03,stouffer_down,200,199,242,9000,0.175
gaussian,14,common_down,4.0,0.01,stouffer_two_sided,200,193,82,9000,0.52
gaussian,14,common_down,4.0,0.03,stouffer_two_sided,200,198,258,9000,0.275
gaussian,14,common_down,4.0,0.01,max_absolute,200,153,83,9000,1.225
gaussian,14,common_down,4.0,0.03,max_absolute,200,176,263,9000,0.82
gaussian,14,common_down,4.0,0.01,glr_two_sided,200,195,85,9000,0.72
gaussian,14,common_down,4.0,0.03,glr_two_sided,200,196,276,9000,0.48
gaussian,14,common_down,4.0,0.01,energy,200,183,80,9000,0.7
gaussian,14,common_down,4.0,0.03,energy,200,197,251,9000,0.39
gaussian,14,common_down,4.0,0.01,mahalanobis,200,151,87,9000,1.23
gaussian,14,common_down,4.0,0.03,mahalanobis,200,176,273,9000,0.84
gaussian,14,common_down,6.0,0.01,stouffer_down,200,200,76,9000,0.005
gaussian,14,common_down,6.0,0.03,stouffer_down,200,200,242,9000,0.0
gaussian,14,common_down,6.0,0.01,stouffer_two_sided,200,200,82,9000,0.035
gaussian,14,common_down,6.0,0.03,stouffer_two_sided,200,200,258,9000,0.0
gaussian,14,common_down,6.0,0.01,max_absolute,200,198,83,9000,0.235
gaussian,14,common_down,6.0,0.03,max_absolute,200,200,263,9000,0.115
gaussian,14,common_down,6.0,0.01,glr_two_sided,200,200,85,9000,0.08
gaussian,14,common_down,6.0,0.03,glr_two_sided,200,200,276,9000,0.04
gaussian,14,common_down,6.0,0.01,energy,200,200,80,9000,0.045
gaussian,14,common_down,6.0,0.03,energy,200,200,251,9000,0.015
gaussian,14,common_down,6.0,0.01,mahalanobis,200,199,87,9000,0.19
gaussian,14,common_down,6.0,0.03,mahalanobis,200,200,273,9000,0.065
gaussian,14,common_up,2.0,0.01,stouffer_down,200,0,76,9000,3.0
gaussian,14,common_up,2.0,0.03,stouffer_down,200,0,242,9000,3.0
gaussian,14,common_up,2.0,0.01,stouffer_two_sided,200,63,82,9000,2.295
gaussian,14,common_up,2.0,0.03,stouffer_two_sided,200,112,258,9000,1.68
gaussian,14,common_up,2.0,0.01,max_absolute,200,28,83,9000,2.725
gaussian,14,common_up,2.0,0.03,max_absolute,200,68,263,9000,2.275
gaussian,14,common_up,2.0,0.01,glr_two_sided,200,65,85,9000,2.44
gaussian,14,common_up,2.0,0.03,glr_two_sided,200,99,276,9000,2.05
gaussian,14,common_up,2.0,0.01,energy,200,51,80,9000,2.47
gaussian,14,common_up,2.0,0.03,energy,200,89,251,9000,2.01
gaussian,14,common_up,2.0,0.01,mahalanobis,200,27,87,9000,2.74
gaussian,14,common_up,2.0,0.03,mahalanobis,200,47,273,9000,2.485
gaussian,14,common_up,4.0,0.01,stouffer_down,200,0,76,9000,3.0
gaussian,14,common_up,4.0,0.03,stouffer_down,200,0,242,9000,3.0
gaussian,14,common_up,4.0,0.01,stouffer_two_sided,200,186,82,9000,0.54
gaussian,14,common_up,4.0,0.03,stouffer_two_sided,200,195,258,9000,0.32
gaussian,14,common_up,4.0,0.01,max_absolute,200,130,83,9000,1.435
gaussian,14,common_up,4.0,0.03,max_absolute,200,173,263,9000,0.82
gaussian,14,common_up,4.0,0.01,glr_two_sided,200,190,85,9000,0.76
gaussian,14,common_up,4.0,0.03,glr_two_sided,200,196,276,9000,0.5
gaussian,14,common_up,4.0,0.01,energy,200,182,80,9000,0.68
gaussian,14,common_up,4.0,0.03,energy,200,188,251,9000,0.445
gaussian,14,common_up,4.0,0.01,mahalanobis,200,142,87,9000,1.295
gaussian,14,common_up,4.0,0.03,mahalanobis,200,169,273,9000,0.88
gaussian,14,common_up,6.0,0.01,stouffer_down,200,0,76,9000,3.0
gaussian,14,common_up,6.0,0.03,stouffer_down,200,0,242,9000,3.0
gaussian,14,common_up,6.0,0.01,stouffer_two_sided,200,200,82,9000,0.02
gaussian,14,common_up,6.0,0.03,stouffer_two_sided,200,200,258,9000,0.005
gaussian,14,common_up,6.0,0.01,max_absolute,200,199,83,9000,0.265
gaussian,14,common_up,6.0,0.03,max_absolute,200,200,263,9000,0.09
gaussian,14,common_up,6.0,0.01,glr_two_sided,200,200,85,9000,0.125
gaussian,14,common_up,6.0,0.03,glr_two_sided,200,200,276,9000,0.025
gaussian,14,common_up,6.0,0.01,energy,200,200,80,9000,0.05
gaussian,14,common_up,6.0,0.03,energy,200,200,251,9000,0.01
gaussian,14,common_up,6.0,0.01,mahalanobis,200,198,87,9000,0.215
gaussian,14,common_up,6.0,0.03,mahalanobis,200,200,273,9000,0.085
gaussian,14,sparse_down,2.0,0.01,stouffer_down,200,22,76,9000,2.76
gaussian,14,sparse_down,2.0,0.03,stouffer_down,200,53,242,9000,2.395
gaussian,14,sparse_down,2.0,0.01,stouffer_two_sided,200,12,82,9000,2.88
gaussian,14,sparse_down,2.0,0.03,stouffer_two_sided,200,30,258,9000,2.68
gaussian,14,sparse_down,2.0,0.01,max_absolute,200,76,83,9000,2.19
gaussian,14,sparse_down,2.0,0.03,max_absolute,200,104,263,9000,1.835
gaussian,14,sparse_down,2.0,0.01,glr_two_sided,200,14,85,9000,2.86
gaussian,14,sparse_down,2.0,0.03,glr_two_sided,200,29,276,9000,2.71
gaussian,14,sparse_down,2.0,0.01,energy,200,48,80,9000,2.465
gaussian,14,sparse_down,2.0,0.03,energy,200,87,251,9000,2.05
gaussian,14,sparse_down,2.0,0.01,mahalanobis,200,74,87,9000,2.21
gaussian,14,sparse_down,2.0,0.03,mahalanobis,200,104,273,9000,1.89
gaussian,14,sparse_down,4.0,0.01,stouffer_down,200,72,76,9000,2.18
gaussian,14,sparse_down,4.0,0.03,stouffer_down,200,121,242,9000,1.625
gaussian,14,sparse_down,4.0,0.01,stouffer_two_sided,200,54,82,9000,2.39
gaussian,14,sparse_down,4.0,0.03,stouffer_two_sided,200,87,258,9000,2.04
gaussian,14,sparse_down,4.0,0.01,max_absolute,200,199,83,9000,0.28
gaussian,14,sparse_down,4.0,0.03,max_absolute,200,200,263,9000,0.145
gaussian,14,sparse_down,4.0,0.01,glr_two_sided,200,48,85,9000,2.545
gaussian,14,sparse_down,4.0,0.03,glr_two_sided,200,79,276,9000,2.245
gaussian,14,sparse_down,4.0,0.01,energy,200,192,80,9000,0.565
gaussian,14,sparse_down,4.0,0.03,energy,200,198,251,9000,0.3
gaussian,14,sparse_down,4.0,0.01,mahalanobis,200,197,87,9000,0.3
gaussian,14,sparse_down,4.0,0.03,mahalanobis,200,199,273,9000,0.165
gaussian,14,sparse_down,6.0,0.01,stouffer_down,200,145,76,9000,1.335
gaussian,14,sparse_down,6.0,0.03,stouffer_down,200,178,242,9000,0.805
gaussian,14,sparse_down,6.0,0.01,stouffer_two_sided,200,122,82,9000,1.61
gaussian,14,sparse_down,6.0,0.03,stouffer_two_sided,200,159,258,9000,1.125
gaussian,14,sparse_down,6.0,0.01,max_absolute,200,200,83,9000,0.0
gaussian,14,sparse_down,6.0,0.03,max_absolute,200,200,263,9000,0.0
gaussian,14,sparse_down,6.0,0.01,glr_two_sided,200,125,85,9000,1.845
gaussian,14,sparse_down,6.0,0.03,glr_two_sided,200,153,276,9000,1.4
gaussian,14,sparse_down,6.0,0.01,energy,200,200,80,9000,0.005
gaussian,14,sparse_down,6.0,0.03,energy,200,200,251,9000,0.0
gaussian,14,sparse_down,6.0,0.01,mahalanobis,200,200,87,9000,0.0
gaussian,14,sparse_down,6.0,0.03,mahalanobis,200,200,273,9000,0.0
gaussian,14,opposed,2.0,0.01,stouffer_down,200,2,76,9000,2.98
gaussian,14,opposed,2.0,0.03,stouffer_down,200,12,242,9000,2.88
gaussian,14,opposed,2.0,0.01,stouffer_two_sided,200,2,82,9000,2.98
gaussian,14,opposed,2.0,0.03,stouffer_two_sided,200,9,258,9000,2.915
gaussian,14,opposed,2.0,0.01,max_absolute,200,42,83,9000,2.545
gaussian,14,opposed,2.0,0.03,max_absolute,200,84,263,9000,2.08
gaussian,14,opposed,2.0,0.01,glr_two_sided,200,5,85,9000,2.95
gaussian,14,opposed,2.0,0.03,glr_two_sided,200,13,276,9000,2.84
gaussian,14,opposed,2.0,0.01,energy,200,32,80,9000,2.685
gaussian,14,opposed,2.0,0.03,energy,200,76,251,9000,2.105
gaussian,14,opposed,2.0,0.01,mahalanobis,200,80,87,9000,2.08
gaussian,14,opposed,2.0,0.03,mahalanobis,200,116,273,9000,1.645
gaussian,14,opposed,4.0,0.01,stouffer_down,200,2,76,9000,2.98
gaussian,14,opposed,4.0,0.03,stouffer_down,200,12,242,9000,2.88
gaussian,14,opposed,4.0,0.01,stouffer_two_sided,200,2,82,9000,2.98
gaussian,14,opposed,4.0,0.03,stouffer_two_sided,200,9,258,9000,2.915
gaussian,14,opposed,4.0,0.01,max_absolute,200,190,83,9000,0.54
gaussian,14,opposed,4.0,0.03,max_absolute,200,200,263,9000,0.22
gaussian,14,opposed,4.0,0.01,glr_two_sided,200,5,85,9000,2.95
gaussian,14,opposed,4.0,0.03,glr_two_sided,200,13,276,9000,2.84
gaussian,14,opposed,4.0,0.01,energy,200,186,80,9000,0.545
gaussian,14,opposed,4.0,0.03,energy,200,200,251,9000,0.205
gaussian,14,opposed,4.0,0.01,mahalanobis,200,199,87,9000,0.205
gaussian,14,opposed,4.0,0.03,mahalanobis,200,200,273,9000,0.1
gaussian,14,opposed,6.0,0.01,stouffer_down,200,2,76,9000,2.98
gaussian,14,opposed,6.0,0.03,stouffer_down,200,12,242,9000,2.88
gaussian,14,opposed,6.0,0.01,stouffer_two_sided,200,2,82,9000,2.98
gaussian,14,opposed,6.0,0.03,stouffer_two_sided,200,9,258,9000,2.915
gaussian,14,opposed,6.0,0.01,max_absolute,200,200,83,9000,0.0
gaussian,14,opposed,6.0,0.03,max_absolute,200,200,263,9000,0.0
gaussian,14,opposed,6.0,0.01,glr_two_sided,200,5,85,9000,2.95
gaussian,14,opposed,6.0,0.03,glr_two_sided,200,13,276,9000,2.84
gaussian,14,opposed,6.0,0.01,energy,200,200,80,9000,0.005
gaussian,14,opposed,6.0,0.03,energy,200,200,251,9000,0.0
gaussian,14,opposed,6.0,0.01,mahalanobis,200,200,87,9000,0.0
gaussian,14,opposed,6.0,0.03,mahalanobis,200,200,273,9000,0.0
gaussian,14,ramp_down,2.0,0.01,stouffer_down,200,54,76,9000,2.615
gaussian,14,ramp_down,2.0,0.03,stouffer_down,200,101,242,9000,2.17
gaussian,14,ramp_down,2.0,0.01,stouffer_two_sided,200,39,82,9000,2.73
gaussian,14,ramp_down,2.0,0.03,stouffer_two_sided,200,70,258,9000,2.47
gaussian,14,ramp_down,2.0,0.01,max_absolute,200,20,83,9000,2.87
gaussian,14,ramp_down,2.0,0.03,max_absolute,200,38,263,9000,2.705
gaussian,14,ramp_down,2.0,0.01,glr_two_sided,200,29,85,9000,2.78
gaussian,14,ramp_down,2.0,0.03,glr_two_sided,200,48,276,9000,2.62
gaussian,14,ramp_down,2.0,0.01,energy,200,31,80,9000,2.785
gaussian,14,ramp_down,2.0,0.03,energy,200,60,251,9000,2.53
gaussian,14,ramp_down,2.0,0.01,mahalanobis,200,15,87,9000,2.905
gaussian,14,ramp_down,2.0,0.03,mahalanobis,200,31,273,9000,2.765
gaussian,14,ramp_down,4.0,0.01,stouffer_down,200,167,76,9000,1.68
gaussian,14,ramp_down,4.0,0.03,stouffer_down,200,188,242,9000,1.255
gaussian,14,ramp_down,4.0,0.01,stouffer_two_sided,200,152,82,9000,1.865
gaussian,14,ramp_down,4.0,0.03,stouffer_two_sided,200,173,258,9000,1.51
gaussian,14,ramp_down,4.0,0.01,max_absolute,200,102,83,9000,2.33
gaussian,14,ramp_down,4.0,0.03,max_absolute,200,139,263,9000,1.955
gaussian,14,ramp_down,4.0,0.01,glr_two_sided,200,151,85,9000,2.035
gaussian,14,ramp_down,4.0,0.03,glr_two_sided,200,165,276,9000,1.81
gaussian,14,ramp_down,4.0,0.01,energy,200,144,80,9000,1.995
gaussian,14,ramp_down,4.0,0.03,energy,200,174,251,9000,1.615
gaussian,14,ramp_down,4.0,0.01,mahalanobis,200,93,87,9000,2.4
gaussian,14,ramp_down,4.0,0.03,mahalanobis,200,134,273,9000,2.08
gaussian,14,ramp_down,6.0,0.01,stouffer_down,200,198,76,9000,0.98
gaussian,14,ramp_down,6.0,0.03,stouffer_down,200,200,242,9000,0.755
gaussian,14,ramp_down,6.0,0.01,stouffer_two_sided,200,198,82,9000,1.105
gaussian,14,ramp_down,6.0,0.03,stouffer_two_sided,200,200,258,9000,0.9
gaussian,14,ramp_down,6.0,0.01,max_absolute,200,181,83,9000,1.64
gaussian,14,ramp_down,6.0,0.03,max_absolute,200,191,263,9000,1.3
gaussian,14,ramp_down,6.0,0.01,glr_two_sided,200,199,85,9000,1.375
gaussian,14,ramp_down,6.0,0.03,glr_two_sided,200,200,276,9000,1.105
gaussian,14,ramp_down,6.0,0.01,energy,200,196,80,9000,1.25
gaussian,14,ramp_down,6.0,0.03,energy,200,199,251,9000,1.0
gaussian,14,ramp_down,6.0,0.01,mahalanobis,200,186,87,9000,1.64
gaussian,14,ramp_down,6.0,0.03,mahalanobis,200,191,273,9000,1.375
gaussian,15,common_down,2.0,0.01,stouffer_down,200,97,105,9000,1.985
gaussian,15,common_down,2.0,0.03,stouffer_down,200,139,300,9000,1.45
gaussian,15,common_down,2.0,0.01,stouffer_two_sided,200,76,105,9000,2.225
gaussian,15,common_down,2.0,0.03,stouffer_two_sided,200,112,294,9000,1.81
gaussian,15,common_down,2.0,0.01,max_absolute,200,33,98,9000,2.665
gaussian,15,common_down,2.0,0.03,max_absolute,200,67,293,9000,2.3
gaussian,15,common_down,2.0,0.01,glr_two_sided,200,74,107,9000,2.335
gaussian,15,common_down,2.0,0.03,glr_two_sided,200,102,325,9000,2.035
gaussian,15,common_down,2.0,0.01,energy,200,64,108,9000,2.37
gaussian,15,common_down,2.0,0.03,energy,200,92,301,9000,2.045
gaussian,15,common_down,2.0,0.01,mahalanobis,200,35,88,9000,2.67
gaussian,15,common_down,2.0,0.03,mahalanobis,200,60,278,9000,2.39
gaussian,15,common_down,4.0,0.01,stouffer_down,200,194,105,9000,0.41
gaussian,15,common_down,4.0,0.03,stouffer_down,200,197,300,9000,0.205
gaussian,15,common_down,4.0,0.01,stouffer_two_sided,200,189,105,9000,0.555
gaussian,15,common_down,4.0,0.03,stouffer_two_sided,200,195,294,9000,0.345
gaussian,15,common_down,4.0,0.01,max_absolute,200,144,98,9000,1.33
gaussian,15,common_down,4.0,0.03,max_absolute,200,176,293,9000,0.83
gaussian,15,common_down,4.0,0.01,glr_two_sided,200,194,107,9000,0.8
gaussian,15,common_down,4.0,0.03,glr_two_sided,200,197,325,9000,0.56
gaussian,15,common_down,4.0,0.01,energy,200,182,108,9000,0.695
gaussian,15,common_down,4.0,0.03,energy,200,195,301,9000,0.42
gaussian,15,common_down,4.0,0.01,mahalanobis,200,145,88,9000,1.325
gaussian,15,common_down,4.0,0.03,mahalanobis,200,174,278,9000,0.815
gaussian,15,common_down,6.0,0.01,stouffer_down,200,200,105,9000,0.015
gaussian,15,common_down,6.0,0.03,stouffer_down,200,200,300,9000,0.01
gaussian,15,common_down,6.0,0.01,stouffer_two_sided,200,200,105,9000,0.025
gaussian,15,common_down,6.0,0.03,stouffer_two_sided,200,200,294,9000,0.01
gaussian,15,common_down,6.0,0.01,max_absolute,200,197,98,9000,0.295
gaussian,15,common_down,6.0,0.03,max_absolute,200,200,293,9000,0.125
gaussian,15,common_down,6.0,0.01,glr_two_sided,200,200,107,9000,0.09
gaussian,15,common_down,6.0,0.03,glr_two_sided,200,200,325,9000,0.04
gaussian,15,common_down,6.0,0.01,energy,200,200,108,9000,0.045
gaussian,15,common_down,6.0,0.03,energy,200,200,301,9000,0.015
gaussian,15,common_down,6.0,0.01,mahalanobis,200,198,88,9000,0.225
gaussian,15,common_down,6.0,0.03,mahalanobis,200,200,278,9000,0.055
gaussian,15,common_up,2.0,0.01,stouffer_down,200,0,105,9000,3.0
gaussian,15,common_up,2.0,0.03,stouffer_down,200,0,300,9000,3.0
gaussian,15,common_up,2.0,0.01,stouffer_two_sided,200,73,105,9000,2.19
gaussian,15,common_up,2.0,0.03,stouffer_two_sided,200,106,294,9000,1.78
gaussian,15,common_up,2.0,0.01,max_absolute,200,46,98,9000,2.54
gaussian,15,common_up,2.0,0.03,max_absolute,200,68,293,9000,2.28
gaussian,15,common_up,2.0,0.01,glr_two_sided,200,67,107,9000,2.41
gaussian,15,common_up,2.0,0.03,glr_two_sided,200,96,325,9000,2.045
gaussian,15,common_up,2.0,0.01,energy,200,58,108,9000,2.37
gaussian,15,common_up,2.0,0.03,energy,200,97,301,9000,1.87
gaussian,15,common_up,2.0,0.01,mahalanobis,200,35,88,9000,2.64
gaussian,15,common_up,2.0,0.03,mahalanobis,200,63,278,9000,2.345
gaussian,15,common_up,4.0,0.01,stouffer_down,200,0,105,9000,3.0
gaussian,15,common_up,4.0,0.03,stouffer_down,200,0,300,9000,3.0
gaussian,15,common_up,4.0,0.01,stouffer_two_sided,200,188,105,9000,0.505
gaussian,15,common_up,4.0,0.03,stouffer_two_sided,200,196,294,9000,0.25
gaussian,15,common_up,4.0,0.01,max_absolute,200,136,98,9000,1.375
gaussian,15,common_up,4.0,0.03,max_absolute,200,178,293,9000,0.77
gaussian,15,common_up,4.0,0.01,glr_two_sided,200,190,107,9000,0.785
gaussian,15,common_up,4.0,0.03,glr_two_sided,200,195,325,9000,0.475
gaussian,15,common_up,4.0,0.01,energy,200,180,108,9000,0.645
gaussian,15,common_up,4.0,0.03,energy,200,194,301,9000,0.36
gaussian,15,common_up,4.0,0.01,mahalanobis,200,139,88,9000,1.33
gaussian,15,common_up,4.0,0.03,mahalanobis,200,174,278,9000,0.835
gaussian,15,common_up,6.0,0.01,stouffer_down,200,0,105,9000,3.0
gaussian,15,common_up,6.0,0.03,stouffer_down,200,0,300,9000,3.0
gaussian,15,common_up,6.0,0.01,stouffer_two_sided,200,200,105,9000,0.015
gaussian,15,common_up,6.0,0.03,stouffer_two_sided,200,200,294,9000,0.01
gaussian,15,common_up,6.0,0.01,max_absolute,200,197,98,9000,0.215
gaussian,15,common_up,6.0,0.03,max_absolute,200,200,293,9000,0.08
gaussian,15,common_up,6.0,0.01,glr_two_sided,200,200,107,9000,0.08
gaussian,15,common_up,6.0,0.03,glr_two_sided,200,200,325,9000,0.025
gaussian,15,common_up,6.0,0.01,energy,200,200,108,9000,0.02
gaussian,15,common_up,6.0,0.03,energy,200,200,301,9000,0.015
gaussian,15,common_up,6.0,0.01,mahalanobis,200,198,88,9000,0.175
gaussian,15,common_up,6.0,0.03,mahalanobis,200,199,278,9000,0.07
gaussian,15,sparse_down,2.0,0.01,stouffer_down,200,31,105,9000,2.725
gaussian,15,sparse_down,2.0,0.03,stouffer_down,200,62,300,9000,2.38
gaussian,15,sparse_down,2.0,0.01,stouffer_two_sided,200,21,105,9000,2.81
gaussian,15,sparse_down,2.0,0.03,stouffer_two_sided,200,43,294,9000,2.585
gaussian,15,sparse_down,2.0,0.01,max_absolute,200,70,98,9000,2.285
gaussian,15,sparse_down,2.0,0.03,max_absolute,200,111,293,9000,1.83
gaussian,15,sparse_down,2.0,0.01,glr_two_sided,200,17,107,9000,2.855
gaussian,15,sparse_down,2.0,0.03,glr_two_sided,200,32,325,9000,2.7
gaussian,15,sparse_down,2.0,0.01,energy,200,51,108,9000,2.52
gaussian,15,sparse_down,2.0,0.03,energy,200,82,301,9000,2.125
gaussian,15,sparse_down,2.0,0.01,mahalanobis,200,71,88,9000,2.27
gaussian,15,sparse_down,2.0,0.03,mahalanobis,200,104,278,9000,1.885
gaussian,15,sparse_down,4.0,0.01,stouffer_down,200,82,105,9000,2.16
gaussian,15,sparse_down,4.0,0.03,stouffer_down,200,123,300,9000,1.68
gaussian,15,sparse_down,4.0,0.01,stouffer_two_sided,200,63,105,9000,2.375
gaussian,15,sparse_down,4.0,0.03,stouffer_two_sided,200,97,294,9000,1.975
gaussian,15,sparse_down,4.0,0.01,max_absolute,200,195,98,9000,0.35
gaussian,15,sparse_down,4.0,0.03,max_absolute,200,198,293,9000,0.17
gaussian,15,sparse_down,4.0,0.01,glr_two_sided,200,56,107,9000,2.5
gaussian,15,sparse_down,4.0,0.03,glr_two_sided,200,92,325,9000,2.13
gaussian,15,sparse_down,4.0,0.01,energy,200,187,108,9000,0.675
gaussian,15,sparse_down,4.0,0.03,energy,200,196,301,9000,0.35
gaussian,15,sparse_down,4.0,0.01,mahalanobis,200,196,88,9000,0.345
gaussian,15,sparse_down,4.0,0.03,mahalanobis,200,200,278,9000,0.15
gaussian,15,sparse_down,6.0,0.01,stouffer_down,200,145,105,9000,1.355
gaussian,15,sparse_down,6.0,0.03,stouffer_down,200,174,300,9000,0.9
gaussian,15,sparse_down,6.0,0.01,stouffer_two_sided,200,125,105,9000,1.645
gaussian,15,sparse_down,6.0,0.03,stouffer_two_sided,200,160,294,9000,1.13
gaussian,15,sparse_down,6.0,0.01,max_absolute,200,200,98,9000,0.005
gaussian,15,sparse_down,6.0,0.03,max_absolute,200,200,293,9000,0.0
gaussian,15,sparse_down,6.0,0.01,glr_two_sided,200,135,107,9000,1.785
gaussian,15,sparse_down,6.0,0.03,glr_two_sided,200,163,325,9000,1.385
gaussian,15,sparse_down,6.0,0.01,energy,200,200,108,9000,0.015
gaussian,15,sparse_down,6.0,0.03,energy,200,200,301,9000,0.0
gaussian,15,sparse_down,6.0,0.01,mahalanobis,200,200,88,9000,0.0
gaussian,15,sparse_down,6.0,0.03,mahalanobis,200,200,278,9000,0.0
gaussian,15,opposed,2.0,0.01,stouffer_down,200,9,105,9000,2.925
gaussian,15,opposed,2.0,0.03,stouffer_down,200,21,300,9000,2.81
gaussian,15,opposed,2.0,0.01,stouffer_two_sided,200,9,105,9000,2.905
gaussian,15,opposed,2.0,0.03,stouffer_two_sided,200,23,294,9000,2.785
gaussian,15,opposed,2.0,0.01,max_absolute,200,67,98,9000,2.315
gaussian,15,opposed,2.0,0.03,max_absolute,200,100,293,9000,1.94
gaussian,15,opposed,2.0,0.01,glr_two_sided,200,2,107,9000,2.98
gaussian,15,opposed,2.0,0.03,glr_two_sided,200,15,325,9000,2.845
gaussian,15,opposed,2.0,0.01,energy,200,42,108,9000,2.55
gaussian,15,opposed,2.0,0.03,energy,200,86,301,9000,2.085
gaussian,15,opposed,2.0,0.01,mahalanobis,200,84,88,9000,2.11
gaussian,15,opposed,2.0,0.03,mahalanobis,200,119,278,9000,1.695
gaussian,15,opposed,4.0,0.01,stouffer_down,200,9,105,9000,2.925
gaussian,15,opposed,4.0,0.03,stouffer_down,200,21,300,9000,2.81
gaussian,15,opposed,4.0,0.01,stouffer_two_sided,200,9,105,9000,2.905
gaussian,15,opposed,4.0,0.03,stouffer_two_sided,200,23,294,9000,2.785
gaussian,15,opposed,4.0,0.01,max_absolute,200,188,98,9000,0.49
gaussian,15,opposed,4.0,0.03,max_absolute,200,195,293,9000,0.285
gaussian,15,opposed,4.0,0.01,glr_two_sided,200,2,107,9000,2.98
gaussian,15,opposed,4.0,0.03,glr_two_sided,200,15,325,9000,2.845
gaussian,15,opposed,4.0,0.01,energy,200,189,108,9000,0.505
gaussian,15,opposed,4.0,0.03,energy,200,196,301,9000,0.25
gaussian,15,opposed,4.0,0.01,mahalanobis,200,195,88,9000,0.225
gaussian,15,opposed,4.0,0.03,mahalanobis,200,199,278,9000,0.09
gaussian,15,opposed,6.0,0.01,stouffer_down,200,9,105,9000,2.925
gaussian,15,opposed,6.0,0.03,stouffer_down,200,21,300,9000,2.81
gaussian,15,opposed,6.0,0.01,stouffer_two_sided,200,9,105,9000,2.905
gaussian,15,opposed,6.0,0.03,stouffer_two_sided,200,23,294,9000,2.785
gaussian,15,opposed,6.0,0.01,max_absolute,200,200,98,9000,0.005
gaussian,15,opposed,6.0,0.03,max_absolute,200,200,293,9000,0.0
gaussian,15,opposed,6.0,0.01,glr_two_sided,200,2,107,9000,2.98
gaussian,15,opposed,6.0,0.03,glr_two_sided,200,15,325,9000,2.845
gaussian,15,opposed,6.0,0.01,energy,200,200,108,9000,0.0
gaussian,15,opposed,6.0,0.03,energy,200,200,301,9000,0.0
gaussian,15,opposed,6.0,0.01,mahalanobis,200,200,88,9000,0.0
gaussian,15,opposed,6.0,0.03,mahalanobis,200,200,278,9000,0.0
gaussian,15,ramp_down,2.0,0.01,stouffer_down,200,60,105,9000,2.535
gaussian,15,ramp_down,2.0,0.03,stouffer_down,200,101,300,9000,2.155
gaussian,15,ramp_down,2.0,0.01,stouffer_two_sided,200,49,105,9000,2.635
gaussian,15,ramp_down,2.0,0.03,stouffer_two_sided,200,73,294,9000,2.425
gaussian,15,ramp_down,2.0,0.01,max_absolute,200,20,98,9000,2.835
gaussian,15,ramp_down,2.0,0.03,max_absolute,200,42,293,9000,2.655
gaussian,15,ramp_down,2.0,0.01,glr_two_sided,200,35,107,9000,2.76
gaussian,15,ramp_down,2.0,0.03,glr_two_sided,200,67,325,9000,2.49
gaussian,15,ramp_down,2.0,0.01,energy,200,44,108,9000,2.655
gaussian,15,ramp_down,2.0,0.03,energy,200,67,301,9000,2.44
gaussian,15,ramp_down,2.0,0.01,mahalanobis,200,19,88,9000,2.86
gaussian,15,ramp_down,2.0,0.03,mahalanobis,200,44,278,9000,2.635
gaussian,15,ramp_down,4.0,0.01,stouffer_down,200,167,105,9000,1.65
gaussian,15,ramp_down,4.0,0.03,stouffer_down,200,187,300,9000,1.26
gaussian,15,ramp_down,4.0,0.01,stouffer_two_sided,200,155,105,9000,1.825
gaussian,15,ramp_down,4.0,0.03,stouffer_two_sided,200,177,294,9000,1.495
gaussian,15,ramp_down,4.0,0.01,max_absolute,200,97,98,9000,2.295
gaussian,15,ramp_down,4.0,0.03,max_absolute,200,127,293,9000,1.995
gaussian,15,ramp_down,4.0,0.01,glr_two_sided,200,142,107,9000,2.015
gaussian,15,ramp_down,4.0,0.03,glr_two_sided,200,170,325,9000,1.69
gaussian,15,ramp_down,4.0,0.01,energy,200,141,108,9000,1.94
gaussian,15,ramp_down,4.0,0.03,energy,200,170,301,9000,1.645
gaussian,15,ramp_down,4.0,0.01,mahalanobis,200,92,88,9000,2.36
gaussian,15,ramp_down,4.0,0.03,mahalanobis,200,129,278,9000,2.035
gaussian,15,ramp_down,6.0,0.01,stouffer_down,200,200,105,9000,1.055
gaussian,15,ramp_down,6.0,0.03,stouffer_down,200,200,300,9000,0.805
gaussian,15,ramp_down,6.0,0.01,stouffer_two_sided,200,200,105,9000,1.155
gaussian,15,ramp_down,6.0,0.03,stouffer_two_sided,200,200,294,9000,0.98
gaussian,15,ramp_down,6.0,0.01,max_absolute,200,177,98,9000,1.63
gaussian,15,ramp_down,6.0,0.03,max_absolute,200,196,293,9000,1.305
gaussian,15,ramp_down,6.0,0.01,glr_two_sided,200,199,107,9000,1.355
gaussian,15,ramp_down,6.0,0.03,glr_two_sided,200,199,325,9000,1.135
gaussian,15,ramp_down,6.0,0.01,energy,200,198,108,9000,1.265
gaussian,15,ramp_down,6.0,0.03,energy,200,200,301,9000,1.07
gaussian,15,ramp_down,6.0,0.01,mahalanobis,200,183,88,9000,1.61
gaussian,15,ramp_down,6.0,0.03,mahalanobis,200,197,278,9000,1.285
gaussian,16,common_down,2.0,0.01,stouffer_down,200,88,88,9000,2.025
gaussian,16,common_down,2.0,0.03,stouffer_down,200,130,281,9000,1.42
gaussian,16,common_down,2.0,0.01,stouffer_two_sided,200,70,114,9000,2.245
gaussian,16,common_down,2.0,0.03,stouffer_two_sided,200,102,311,9000,1.81
gaussian,16,common_down,2.0,0.01,max_absolute,200,38,98,9000,2.57
gaussian,16,common_down,2.0,0.03,max_absolute,200,66,293,9000,2.26
gaussian,16,common_down,2.0,0.01,glr_two_sided,200,73,108,9000,2.355
gaussian,16,common_down,2.0,0.03,glr_two_sided,200,100,299,9000,1.985
gaussian,16,common_down,2.0,0.01,energy,200,54,95,9000,2.41
gaussian,16,common_down,2.0,0.03,energy,200,90,288,9000,1.995
gaussian,16,common_down,2.0,0.01,mahalanobis,200,32,87,9000,2.655
gaussian,16,common_down,2.0,0.03,mahalanobis,200,54,277,9000,2.4
gaussian,16,common_down,4.0,0.01,stouffer_down,200,192,88,9000,0.31
gaussian,16,common_down,4.0,0.03,stouffer_down,200,195,281,9000,0.165
gaussian,16,common_down,4.0,0.01,stouffer_two_sided,200,188,114,9000,0.425
gaussian,16,common_down,4.0,0.03,stouffer_two_sided,200,195,311,9000,0.21
gaussian,16,common_down,4.0,0.01,max_absolute,200,145,98,9000,1.3
gaussian,16,common_down,4.0,0.03,max_absolute,200,177,293,9000,0.765
gaussian,16,common_down,4.0,0.01,glr_two_sided,200,189,108,9000,0.73
gaussian,16,common_down,4.0,0.03,glr_two_sided,200,195,299,9000,0.435
gaussian,16,common_down,4.0,0.01,energy,200,178,95,9000,0.63
gaussian,16,common_down,4.0,0.03,energy,200,193,288,9000,0.35
gaussian,16,common_down,4.0,0.01,mahalanobis,200,140,87,9000,1.315
gaussian,16,common_down,4.0,0.03,mahalanobis,200,171,277,9000,0.83
gaussian,16,common_down,6.0,0.01,stouffer_down,200,200,88,9000,0.045
gaussian,16,common_down,6.0,0.03,stouffer_down,200,200,281,9000,0.015
gaussian,16,common_down,6.0,0.01,stouffer_two_sided,200,200,114,9000,0.045
gaussian,16,common_down,6.0,0.03,stouffer_two_sided,200,200,311,9000,0.035
gaussian,16,common_down,6.0,0.01,max_absolute,200,199,98,9000,0.22
gaussian,16,common_down,6.0,0.03,max_absolute,200,200,293,9000,0.055
gaussian,16,common_down,6.0,0.01,glr_two_sided,200,200,108,9000,0.085
gaussian,16,common_down,6.0,0.03,glr_two_sided,200,200,299,9000,0.04
gaussian,16,common_down,6.0,0.01,energy,200,200,95,9000,0.045
gaussian,16,common_down,6.0,0.03,energy,200,200,288,9000,0.035
gaussian,16,common_down,6.0,0.01,mahalanobis,200,199,87,9000,0.14
gaussian,16,common_down,6.0,0.03,mahalanobis,200,200,277,9000,0.06
gaussian,16,common_up,2.0,0.01,stouffer_down,200,0,88,9000,3.0
gaussian,16,common_up,2.0,0.03,stouffer_down,200,2,281,9000,2.975
gaussian,16,common_up,2.0,0.01,stouffer_two_sided,200,63,114,9000,2.35
gaussian,16,common_up,2.0,0.03,stouffer_two_sided,200,101,311,9000,1.935
gaussian,16,common_up,2.0,0.01,max_absolute,200,34,98,9000,2.62
gaussian,16,common_up,2.0,0.03,max_absolute,200,61,293,9000,2.38
gaussian,16,common_up,2.0,0.01,glr_two_sided,200,62,108,9000,2.48
gaussian,16,common_up,2.0,0.03,glr_two_sided,200,98,299,9000,2.12
gaussian,16,common_up,2.0,0.01,energy,200,53,95,9000,2.46
gaussian,16,common_up,2.0,0.03,energy,200,87,288,9000,2.105
gaussian,16,common_up,2.0,0.01,mahalanobis,200,32,87,9000,2.66
gaussian,16,common_up,2.0,0.03,mahalanobis,200,62,277,9000,2.355
gaussian,16,common_up,4.0,0.01,stouffer_down,200,0,88,9000,3.0
gaussian,16,common_up,4.0,0.03,stouffer_down,200,0,281,9000,3.0
gaussian,16,common_up,4.0,0.01,stouffer_two_sided,200,180,114,9000,0.625
gaussian,16,common_up,4.0,0.03,stouffer_two_sided,200,194,311,9000,0.315
gaussian,16,common_up,4.0,0.01,max_absolute,200,138,98,9000,1.445
gaussian,16,common_up,4.0,0.03,max_absolute,200,166,293,9000,0.98
gaussian,16,common_up,4.0,0.01,glr_two_sided,200,192,108,9000,0.83
gaussian,16,common_up,4.0,0.03,glr_two_sided,200,196,299,9000,0.525
gaussian,16,common_up,4.0,0.01,energy,200,169,95,9000,0.845
gaussian,16,common_up,4.0,0.03,energy,200,185,288,9000,0.495
gaussian,16,common_up,4.0,0.01,mahalanobis,200,134,87,9000,1.46
gaussian,16,common_up,4.0,0.03,mahalanobis,200,155,277,9000,1.065
gaussian,16,common_up,6.0,0.01,stouffer_down,200,0,88,9000,3.0
gaussian,16,common_up,6.0,0.03,stouffer_down,200,0,281,9000,3.0
gaussian,16,common_up,6.0,0.01,stouffer_two_sided,200,199,114,9000,0.05
gaussian,16,common_up,6.0,0.03,stouffer_two_sided,200,200,311,9000,0.03
gaussian,16,common_up,6.0,0.01,max_absolute,200,193,98,9000,0.34
gaussian,16,common_up,6.0,0.03,max_absolute,200,200,293,9000,0.155
gaussian,16,common_up,6.0,0.01,glr_two_sided,200,200,108,9000,0.12
gaussian,16,common_up,6.0,0.03,glr_two_sided,200,200,299,9000,0.055
gaussian,16,common_up,6.0,0.01,energy,200,199,95,9000,0.075
gaussian,16,common_up,6.0,0.03,energy,200,200,288,9000,0.04
gaussian,16,common_up,6.0,0.01,mahalanobis,200,196,87,9000,0.21
gaussian,16,common_up,6.0,0.03,mahalanobis,200,198,277,9000,0.12
gaussian,16,sparse_down,2.0,0.01,stouffer_down,200,21,88,9000,2.76
gaussian,16,sparse_down,2.0,0.03,stouffer_down,200,48,281,9000,2.47
gaussian,16,sparse_down,2.0,0.01,stouffer_two_sided,200,14,114,9000,2.83
gaussian,16,sparse_down,2.0,0.03,stouffer_two_sided,200,33,311,9000,2.625
gaussian,16,sparse_down,2.0,0.01,max_absolute,200,64,98,9000,2.26
gaussian,16,sparse_down,2.0,0.03,max_absolute,200,102,293,9000,1.795
gaussian,16,sparse_down,2.0,0.01,glr_two_sided,200,15,108,9000,2.845
gaussian,16,sparse_down,2.0,0.03,glr_two_sided,200,35,299,9000,2.65
gaussian,16,sparse_down,2.0,0.01,energy,200,44,95,9000,2.485
gaussian,16,sparse_down,2.0,0.03,energy,200,76,288,9000,2.11
gaussian,16,sparse_down,2.0,0.01,mahalanobis,200,65,87,9000,2.255
gaussian,16,sparse_down,2.0,0.03,mahalanobis,200,106,277,9000,1.815
gaussian,16,sparse_down,4.0,0.01,stouffer_down,200,71,88,9000,2.205
gaussian,16,sparse_down,4.0,0.03,stouffer_down,200,115,281,9000,1.65
gaussian,16,sparse_down,4.0,0.01,stouffer_two_sided,200,52,114,9000,2.445
gaussian,16,sparse_down,4.0,0.03,stouffer_two_sided,200,89,311,9000,2.01
gaussian,16,sparse_down,4.0,0.01,max_absolute,200,198,98,9000,0.185
gaussian,16,sparse_down,4.0,0.03,max_absolute,200,198,293,9000,0.125
gaussian,16,sparse_down,4.0,0.01,glr_two_sided,200,59,108,9000,2.49
gaussian,16,sparse_down,4.0,0.03,glr_two_sided,200,87,299,9000,2.145
gaussian,16,sparse_down,4.0,0.01,energy,200,189,95,9000,0.53
gaussian,16,sparse_down,4.0,0.03,energy,200,198,288,9000,0.205
gaussian,16,sparse_down,4.0,0.01,mahalanobis,200,196,87,9000,0.23
gaussian,16,sparse_down,4.0,0.03,mahalanobis,200,200,277,9000,0.095
gaussian,16,sparse_down,6.0,0.01,stouffer_down,200,137,88,9000,1.33
gaussian,16,sparse_down,6.0,0.03,stouffer_down,200,171,281,9000,0.79
gaussian,16,sparse_down,6.0,0.01,stouffer_two_sided,200,118,114,9000,1.6
gaussian,16,sparse_down,6.0,0.03,stouffer_two_sided,200,153,311,9000,1.105
gaussian,16,sparse_down,6.0,0.01,max_absolute,200,200,98,9000,0.005
gaussian,16,sparse_down,6.0,0.03,max_absolute,200,200,293,9000,0.0
gaussian,16,sparse_down,6.0,0.01,glr_two_sided,200,123,108,9000,1.8
gaussian,16,sparse_down,6.0,0.03,glr_two_sided,200,159,299,9000,1.33
gaussian,16,sparse_down,6.0,0.01,energy,200,200,95,9000,0.005
gaussian,16,sparse_down,6.0,0.03,energy,200,200,288,9000,0.005
gaussian,16,sparse_down,6.0,0.01,mahalanobis,200,200,87,9000,0.005
gaussian,16,sparse_down,6.0,0.03,mahalanobis,200,200,277,9000,0.005
gaussian,16,opposed,2.0,0.01,stouffer_down,200,8,88,9000,2.895
gaussian,16,opposed,2.0,0.03,stouffer_down,200,14,281,9000,2.83
gaussian,16,opposed,2.0,0.01,stouffer_two_sided,200,16,114,9000,2.805
gaussian,16,opposed,2.0,0.03,stouffer_two_sided,200,22,311,9000,2.725
gaussian,16,opposed,2.0,0.01,max_absolute,200,48,98,9000,2.465
gaussian,16,opposed,2.0,0.03,max_absolute,200,89,293,9000,2.01
gaussian,16,opposed,2.0,0.01,glr_two_sided,200,11,108,9000,2.88
gaussian,16,opposed,2.0,0.03,glr_two_sided,200,20,299,9000,2.765
gaussian,16,opposed,2.0,0.01,energy,200,38,95,9000,2.595
gaussian,16,opposed,2.0,0.03,energy,200,84,288,9000,2.13
gaussian,16,opposed,2.0,0.01,mahalanobis,200,76,87,9000,2.165
gaussian,16,opposed,2.0,0.03,mahalanobis,200,121,277,9000,1.62
gaussian,16,opposed,4.0,0.01,stouffer_down,200,8,88,9000,2.895
gaussian,16,opposed,4.0,0.03,stouffer_down,200,14,281,9000,2.83
gaussian,16,opposed,4.0,0.01,stouffer_two_sided,200,16,114,9000,2.805
gaussian,16,opposed,4.0,0.03,stouffer_two_sided,200,22,311,9000,2.725
gaussian,16,opposed,4.0,0.01,max_absolute,200,187,98,9000,0.55
gaussian,16,opposed,4.0,0.03,max_absolute,200,194,293,9000,0.23
gaussian,16,opposed,4.0,0.01,glr_two_sided,200,11,108,9000,2.88
gaussian,16,opposed,4.0,0.03,glr_two_sided,200,20,299,9000,2.765
gaussian,16,opposed,4.0,0.01,energy,200,186,95,9000,0.52
gaussian,16,opposed,4.0,0.03,energy,200,196,288,9000,0.225
gaussian,16,opposed,4.0,0.01,mahalanobis,200,197,87,9000,0.155
gaussian,16,opposed,4.0,0.03,mahalanobis,200,199,277,9000,0.065
gaussian,16,opposed,6.0,0.01,stouffer_down,200,8,88,9000,2.895
gaussian,16,opposed,6.0,0.03,stouffer_down,200,14,281,9000,2.83
gaussian,16,opposed,6.0,0.01,stouffer_two_sided,200,16,114,9000,2.805
gaussian,16,opposed,6.0,0.03,stouffer_two_sided,200,22,311,9000,2.725
gaussian,16,opposed,6.0,0.01,max_absolute,200,200,98,9000,0.005
gaussian,16,opposed,6.0,0.03,max_absolute,200,200,293,9000,0.005
gaussian,16,opposed,6.0,0.01,glr_two_sided,200,11,108,9000,2.88
gaussian,16,opposed,6.0,0.03,glr_two_sided,200,20,299,9000,2.765
gaussian,16,opposed,6.0,0.01,energy,200,200,95,9000,0.005
gaussian,16,opposed,6.0,0.03,energy,200,200,288,9000,0.005
gaussian,16,opposed,6.0,0.01,mahalanobis,200,200,87,9000,0.005
gaussian,16,opposed,6.0,0.03,mahalanobis,200,200,277,9000,0.0
gaussian,16,ramp_down,2.0,0.01,stouffer_down,200,58,88,9000,2.565
gaussian,16,ramp_down,2.0,0.03,stouffer_down,200,95,281,9000,2.2
gaussian,16,ramp_down,2.0,0.01,stouffer_two_sided,200,40,114,9000,2.69
gaussian,16,ramp_down,2.0,0.03,stouffer_two_sided,200,74,311,9000,2.42
gaussian,16,ramp_down,2.0,0.01,max_absolute,200,20,98,9000,2.84
gaussian,16,ramp_down,2.0,0.03,max_absolute,200,46,293,9000,2.61
gaussian,16,ramp_down,2.0,0.01,glr_two_sided,200,36,108,9000,2.735
gaussian,16,ramp_down,2.0,0.03,glr_two_sided,200,61,299,9000,2.51
gaussian,16,ramp_down,2.0,0.01,energy,200,33,95,9000,2.74
gaussian,16,ramp_down,2.0,0.03,energy,200,61,288,9000,2.505
gaussian,16,ramp_down,2.0,0.01,mahalanobis,200,19,87,9000,2.845
gaussian,16,ramp_down,2.0,0.03,mahalanobis,200,38,277,9000,2.66
gaussian,16,ramp_down,4.0,0.01,stouffer_down,200,164,88,9000,1.665
gaussian,16,ramp_down,4.0,0.03,stouffer_down,200,182,281,9000,1.295
gaussian,16,ramp_down,4.0,0.01,stouffer_two_sided,200,152,114,9000,1.82
gaussian,16,ramp_down,4.0,0.03,stouffer_two_sided,200,173,311,9000,1.505
gaussian,16,ramp_down,4.0,0.01,max_absolute,200,90,98,9000,2.355
gaussian,16,ramp_down,4.0,0.03,max_absolute,200,131,293,9000,1.975
gaussian,16,ramp_down,4.0,0.01,glr_two_sided,200,144,108,9000,2.01
gaussian,16,ramp_down,4.0,0.03,glr_two_sided,200,167,299,9000,1.695
gaussian,16,ramp_down,4.0,0.01,energy,200,133,95,9000,2.035
gaussian,16,ramp_down,4.0,0.03,energy,200,165,288,9000,1.66
gaussian,16,ramp_down,4.0,0.01,mahalanobis,200,89,87,9000,2.39
gaussian,16,ramp_down,4.0,0.03,mahalanobis,200,121,277,9000,2.095
gaussian,16,ramp_down,6.0,0.01,stouffer_down,200,198,88,9000,1.045
gaussian,16,ramp_down,6.0,0.03,stouffer_down,200,199,281,9000,0.735
gaussian,16,ramp_down,6.0,0.01,stouffer_two_sided,200,196,114,9000,1.175
gaussian,16,ramp_down,6.0,0.03,stouffer_two_sided,200,198,311,9000,0.93
gaussian,16,ramp_down,6.0,0.01,max_absolute,200,178,98,9000,1.625
gaussian,16,ramp_down,6.0,0.03,max_absolute,200,192,293,9000,1.3
gaussian,16,ramp_down,6.0,0.01,glr_two_sided,200,195,108,9000,1.37
gaussian,16,ramp_down,6.0,0.03,glr_two_sided,200,196,299,9000,1.12
gaussian,16,ramp_down,6.0,0.01,energy,200,195,95,9000,1.275
gaussian,16,ramp_down,6.0,0.03,energy,200,198,288,9000,1.05
gaussian,16,ramp_down,6.0,0.01,mahalanobis,200,184,87,9000,1.615
gaussian,16,ramp_down,6.0,0.03,mahalanobis,200,193,277,9000,1.35
gaussian,17,common_down,2.0,0.01,stouffer_down,200,79,94,9000,2.12
gaussian,17,common_down,2.0,0.03,stouffer_down,200,136,283,9000,1.495
gaussian,17,common_down,2.0,0.01,stouffer_two_sided,200,56,114,9000,2.4
gaussian,17,common_down,2.0,0.03,stouffer_two_sided,200,104,295,9000,1.875
gaussian,17,common_down,2.0,0.01,max_absolute,200,39,105,9000,2.605
gaussian,17,common_down,2.0,0.03,max_absolute,200,70,283,9000,2.29
gaussian,17,common_down,2.0,0.01,glr_two_sided,200,62,102,9000,2.415
gaussian,17,common_down,2.0,0.03,glr_two_sided,200,95,297,9000,2.095
gaussian,17,common_down,2.0,0.01,energy,200,47,104,9000,2.485
gaussian,17,common_down,2.0,0.03,energy,200,80,288,9000,2.125
gaussian,17,common_down,2.0,0.01,mahalanobis,200,30,84,9000,2.68
gaussian,17,common_down,2.0,0.03,mahalanobis,200,55,271,9000,2.41
gaussian,17,common_down,4.0,0.01,stouffer_down,200,193,94,9000,0.36
gaussian,17,common_down,4.0,0.03,stouffer_down,200,198,283,9000,0.2
gaussian,17,common_down,4.0,0.01,stouffer_two_sided,200,187,114,9000,0.52
gaussian,17,common_down,4.0,0.03,stouffer_two_sided,200,196,295,9000,0.28
gaussian,17,common_down,4.0,0.01,max_absolute,200,129,105,9000,1.515
gaussian,17,common_down,4.0,0.03,max_absolute,200,179,283,9000,0.825
gaussian,17,common_down,4.0,0.01,glr_two_sided,200,190,102,9000,0.83
gaussian,17,common_down,4.0,0.03,glr_two_sided,200,198,297,9000,0.5
gaussian,17,common_down,4.0,0.01,energy,200,181,104,9000,0.695
gaussian,17,common_down,4.0,0.03,energy,200,190,288,9000,0.445
gaussian,17,common_down,4.0,0.01,mahalanobis,200,134,84,9000,1.5
gaussian,17,common_down,4.0,0.03,mahalanobis,200,167,271,9000,0.935
gaussian,17,common_down,6.0,0.01,stouffer_down,200,200,94,9000,0.025
gaussian,17,common_down,6.0,0.03,stouffer_down,200,200,283,9000,0.015
gaussian,17,common_down,6.0,0.01,stouffer_two_sided,200,200,114,9000,0.035
gaussian,17,common_down,6.0,0.03,stouffer_two_sided,200,200,295,9000,0.015
gaussian,17,common_down,6.0,0.01,max_absolute,200,196,105,9000,0.32
gaussian,17,common_down,6.0,0.03,max_absolute,200,199,283,9000,0.16
gaussian,17,common_down,6.0,0.01,glr_two_sided,200,200,102,9000,0.11
gaussian,17,common_down,6.0,0.03,glr_two_sided,200,200,297,9000,0.075
gaussian,17,common_down,6.0,0.01,energy,200,200,104,9000,0.075
gaussian,17,common_down,6.0,0.03,energy,200,200,288,9000,0.035
gaussian,17,common_down,6.0,0.01,mahalanobis,200,199,84,9000,0.195
gaussian,17,common_down,6.0,0.03,mahalanobis,200,200,271,9000,0.115
gaussian,17,common_up,2.0,0.01,stouffer_down,200,0,94,9000,3.0
gaussian,17,common_up,2.0,0.03,stouffer_down,200,0,283,9000,3.0
gaussian,17,common_up,2.0,0.01,stouffer_two_sided,200,85,114,9000,2.095
gaussian,17,common_up,2.0,0.03,stouffer_two_sided,200,122,295,9000,1.705
gaussian,17,common_up,2.0,0.01,max_absolute,200,45,105,9000,2.555
gaussian,17,common_up,2.0,0.03,max_absolute,200,77,283,9000,2.22
gaussian,17,common_up,2.0,0.01,glr_two_sided,200,75,102,9000,2.315
gaussian,17,common_up,2.0,0.03,glr_two_sided,200,119,297,9000,1.885
gaussian,17,common_up,2.0,0.01,energy,200,68,104,9000,2.3
gaussian,17,common_up,2.0,0.03,energy,200,114,288,9000,1.815
gaussian,17,common_up,2.0,0.01,mahalanobis,200,32,84,9000,2.66
gaussian,17,common_up,2.0,0.03,mahalanobis,200,69,271,9000,2.305
gaussian,17,common_up,4.0,0.01,stouffer_down,200,0,94,9000,3.0
gaussian,17,common_up,4.0,0.03,stouffer_down,200,0,283,9000,3.0
gaussian,17,common_up,4.0,0.01,stouffer_two_sided,200,189,114,9000,0.51
gaussian,17,common_up,4.0,0.03,stouffer_two_sided,200,197,295,9000,0.25
gaussian,17,common_up,4.0,0.01,max_absolute,200,147,105,9000,1.34
gaussian,17,common_up,4.0,0.03,max_absolute,200,176,283,9000,0.785
gaussian,17,common_up,4.0,0.01,glr_two_sided,200,194,102,9000,0.74
gaussian,17,common_up,4.0,0.03,glr_two_sided,200,197,297,9000,0.445
gaussian,17,common_up,4.0,0.01,energy,200,187,104,9000,0.615
gaussian,17,common_up,4.0,0.03,energy,200,196,288,9000,0.36
gaussian,17,common_up,4.0,0.01,mahalanobis,200,151,84,9000,1.265
gaussian,17,common_up,4.0,0.03,mahalanobis,200,180,271,9000,0.78
gaussian,17,common_up,6.0,0.01,stouffer_down,200,0,94,9000,3.0
gaussian,17,common_up,6.0,0.03,stouffer_down,200,0,283,9000,3.0
gaussian,17,common_up,6.0,0.01,stouffer_two_sided,200,200,114,9000,0.025
gaussian,17,common_up,6.0,0.03,stouffer_two_sided,200,200,295,9000,0.005
gaussian,17,common_up,6.0,0.01,max_absolute,200,200,105,9000,0.18
gaussian,17,common_up,6.0,0.03,max_absolute,200,200,283,9000,0.07
gaussian,17,common_up,6.0,0.01,glr_two_sided,200,200,102,9000,0.095
gaussian,17,common_up,6.0,0.03,glr_two_sided,200,200,297,9000,0.03
gaussian,17,common_up,6.0,0.01,energy,200,200,104,9000,0.03
gaussian,17,common_up,6.0,0.03,energy,200,200,288,9000,0.015
gaussian,17,common_up,6.0,0.01,mahalanobis,200,200,84,9000,0.115
gaussian,17,common_up,6.0,0.03,mahalanobis,200,200,271,9000,0.045
gaussian,17,sparse_down,2.0,0.01,stouffer_down,200,23,94,9000,2.76
gaussian,17,sparse_down,2.0,0.03,stouffer_down,200,44,283,9000,2.51
gaussian,17,sparse_down,2.0,0.01,stouffer_two_sided,200,16,114,9000,2.825
gaussian,17,sparse_down,2.0,0.03,stouffer_two_sided,200,30,295,9000,2.675
gaussian,17,sparse_down,2.0,0.01,max_absolute,200,64,105,9000,2.275
gaussian,17,sparse_down,2.0,0.03,max_absolute,200,104,283,9000,1.795
gaussian,17,sparse_down,2.0,0.01,glr_two_sided,200,13,102,9000,2.86
gaussian,17,sparse_down,2.0,0.03,glr_two_sided,200,26,297,9000,2.695
gaussian,17,sparse_down,2.0,0.01,energy,200,40,104,9000,2.58
gaussian,17,sparse_down,2.0,0.03,energy,200,81,288,9000,2.12
gaussian,17,sparse_down,2.0,0.01,mahalanobis,200,70,84,9000,2.24
gaussian,17,sparse_down,2.0,0.03,mahalanobis,200,110,271,9000,1.72
gaussian,17,sparse_down,4.0,0.01,stouffer_down,200,62,94,9000,2.325
gaussian,17,sparse_down,4.0,0.03,stouffer_down,200,119,283,9000,1.705
gaussian,17,sparse_down,4.0,0.01,stouffer_two_sided,200,46,114,9000,2.495
gaussian,17,sparse_down,4.0,0.03,stouffer_two_sided,200,81,295,9000,2.11
gaussian,17,sparse_down,4.0,0.01,max_absolute,200,199,105,9000,0.205
gaussian,17,sparse_down,4.0,0.03,max_absolute,200,199,283,9000,0.12
gaussian,17,sparse_down,4.0,0.01,glr_two_sided,200,48,102,9000,2.54
gaussian,17,sparse_down,4.0,0.03,glr_two_sided,200,77,297,9000,2.255
gaussian,17,sparse_down,4.0,0.01,energy,200,192,104,9000,0.43
gaussian,17,sparse_down,4.0,0.03,energy,200,196,288,9000,0.23
gaussian,17,sparse_down,4.0,0.01,mahalanobis,200,195,84,9000,0.28
gaussian,17,sparse_down,4.0,0.03,mahalanobis,200,199,271,9000,0.1
gaussian,17,sparse_down,6.0,0.01,stouffer_down,200,139,94,9000,1.415
gaussian,17,sparse_down,6.0,0.03,stouffer_down,200,176,283,9000,0.82
gaussian,17,sparse_down,6.0,0.01,stouffer_two_sided,200,123,114,9000,1.635
gaussian,17,sparse_down,6.0,0.03,stouffer_two_sided,200,156,295,9000,1.15
gaussian,17,sparse_down,6.0,0.01,max_absolute,200,200,105,9000,0.0
gaussian,17,sparse_down,6.0,0.03,max_absolute,200,200,283,9000,0.0
gaussian,17,sparse_down,6.0,0.01,glr_two_sided,200,121,102,9000,1.925
gaussian,17,sparse_down,6.0,0.03,glr_two_sided,200,154,297,9000,1.49
gaussian,17,sparse_down,6.0,0.01,energy,200,200,104,9000,0.005
gaussian,17,sparse_down,6.0,0.03,energy,200,200,288,9000,0.0
gaussian,17,sparse_down,6.0,0.01,mahalanobis,200,200,84,9000,0.0
gaussian,17,sparse_down,6.0,0.03,mahalanobis,200,200,271,9000,0.0
gaussian,17,opposed,2.0,0.01,stouffer_down,200,4,94,9000,2.96
gaussian,17,opposed,2.0,0.03,stouffer_down,200,15,283,9000,2.83
gaussian,17,opposed,2.0,0.01,stouffer_two_sided,200,10,114,9000,2.9
gaussian,17,opposed,2.0,0.03,stouffer_two_sided,200,18,295,9000,2.81
gaussian,17,opposed,2.0,0.01,max_absolute,200,48,105,9000,2.49
gaussian,17,opposed,2.0,0.03,max_absolute,200,86,283,9000,2.075
gaussian,17,opposed,2.0,0.01,glr_two_sided,200,7,102,9000,2.915
gaussian,17,opposed,2.0,0.03,glr_two_sided,200,15,297,9000,2.815
gaussian,17,opposed,2.0,0.01,energy,200,41,104,9000,2.575
gaussian,17,opposed,2.0,0.03,energy,200,83,288,9000,2.12
gaussian,17,opposed,2.0,0.01,mahalanobis,200,90,84,9000,2.035
gaussian,17,opposed,2.0,0.03,mahalanobis,200,128,271,9000,1.57
gaussian,17,opposed,4.0,0.01,stouffer_down,200,4,94,9000,2.96
gaussian,17,opposed,4.0,0.03,stouffer_down,200,15,283,9000,2.83
gaussian,17,opposed,4.0,0.01,stouffer_two_sided,200,10,114,9000,2.9
gaussian,17,opposed,4.0,0.03,stouffer_two_sided,200,18,295,9000,2.81
gaussian,17,opposed,4.0,0.01,max_absolute,200,188,105,9000,0.515
gaussian,17,opposed,4.0,0.03,max_absolute,200,197,283,9000,0.24
gaussian,17,opposed,4.0,0.01,glr_two_sided,200,7,102,9000,2.915
gaussian,17,opposed,4.0,0.03,glr_two_sided,200,15,297,9000,2.815
gaussian,17,opposed,4.0,0.01,energy,200,189,104,9000,0.44
gaussian,17,opposed,4.0,0.03,energy,200,199,288,9000,0.2
gaussian,17,opposed,4.0,0.01,mahalanobis,200,198,84,9000,0.155
gaussian,17,opposed,4.0,0.03,mahalanobis,200,200,271,9000,0.05
gaussian,17,opposed,6.0,0.01,stouffer_down,200,4,94,9000,2.96
gaussian,17,opposed,6.0,0.03,stouffer_down,200,15,283,9000,2.83
gaussian,17,opposed,6.0,0.01,stouffer_two_sided,200,10,114,9000,2.9
gaussian,17,opposed,6.0,0.03,stouffer_two_sided,200,18,295,9000,2.81
gaussian,17,opposed,6.0,0.01,max_absolute,200,200,105,9000,0.01
gaussian,17,opposed,6.0,0.03,max_absolute,200,200,283,9000,0.005
gaussian,17,opposed,6.0,0.01,glr_two_sided,200,7,102,9000,2.915
gaussian,17,opposed,6.0,0.03,glr_two_sided,200,15,297,9000,2.815
gaussian,17,opposed,6.0,0.01,energy,200,200,104,9000,0.015
gaussian,17,opposed,6.0,0.03,energy,200,200,288,9000,0.0
gaussian,17,opposed,6.0,0.01,mahalanobis,200,200,84,9000,0.0
gaussian,17,opposed,6.0,0.03,mahalanobis,200,200,271,9000,0.0
gaussian,17,ramp_down,2.0,0.01,stouffer_down,200,46,94,9000,2.635
gaussian,17,ramp_down,2.0,0.03,stouffer_down,200,96,283,9000,2.24
gaussian,17,ramp_down,2.0,0.01,stouffer_two_sided,200,34,114,9000,2.77
gaussian,17,ramp_down,2.0,0.03,stouffer_two_sided,200,68,295,9000,2.455
gaussian,17,ramp_down,2.0,0.01,max_absolute,200,27,105,9000,2.77
gaussian,17,ramp_down,2.0,0.03,max_absolute,200,50,283,9000,2.555
gaussian,17,ramp_down,2.0,0.01,glr_two_sided,200,29,102,9000,2.77
gaussian,17,ramp_down,2.0,0.03,glr_two_sided,200,47,297,9000,2.6
gaussian,17,ramp_down,2.0,0.01,energy,200,28,104,9000,2.8
gaussian,17,ramp_down,2.0,0.03,energy,200,54,288,9000,2.54
gaussian,17,ramp_down,2.0,0.01,mahalanobis,200,18,84,9000,2.865
gaussian,17,ramp_down,2.0,0.03,mahalanobis,200,39,271,9000,2.665
gaussian,17,ramp_down,4.0,0.01,stouffer_down,200,162,94,9000,1.765
gaussian,17,ramp_down,4.0,0.03,stouffer_down,200,191,283,9000,1.335
gaussian,17,ramp_down,4.0,0.01,stouffer_two_sided,200,151,114,9000,1.885
gaussian,17,ramp_down,4.0,0.03,stouffer_two_sided,200,174,295,9000,1.59
gaussian,17,ramp_down,4.0,0.01,max_absolute,200,81,105,9000,2.355
gaussian,17,ramp_down,4.0,0.03,max_absolute,200,133,283,9000,1.995
gaussian,17,ramp_down,4.0,0.01,glr_two_sided,200,139,102,9000,2.075
gaussian,17,ramp_down,4.0,0.03,glr_two_sided,200,164,297,9000,1.8
gaussian,17,ramp_down,4.0,0.01,energy,200,140,104,9000,1.98
gaussian,17,ramp_down,4.0,0.03,energy,200,165,288,9000,1.71
gaussian,17,ramp_down,4.0,0.01,mahalanobis,200,86,84,9000,2.425
gaussian,17,ramp_down,4.0,0.03,mahalanobis,200,125,271,9000,2.06
gaussian,17,ramp_down,6.0,0.01,stouffer_down,200,200,94,9000,1.11
gaussian,17,ramp_down,6.0,0.03,stouffer_down,200,200,283,9000,0.82
gaussian,17,ramp_down,6.0,0.01,stouffer_two_sided,200,200,114,9000,1.27
gaussian,17,ramp_down,6.0,0.03,stouffer_two_sided,200,200,295,9000,0.99
gaussian,17,ramp_down,6.0,0.01,max_absolute,200,171,105,9000,1.755
gaussian,17,ramp_down,6.0,0.03,max_absolute,200,193,283,9000,1.385
gaussian,17,ramp_down,6.0,0.01,glr_two_sided,200,198,102,9000,1.42
gaussian,17,ramp_down,6.0,0.03,glr_two_sided,200,199,297,9000,1.205
gaussian,17,ramp_down,6.0,0.01,energy,200,198,104,9000,1.355
gaussian,17,ramp_down,6.0,0.03,energy,200,200,288,9000,1.125
gaussian,17,ramp_down,6.0,0.01,mahalanobis,200,185,84,9000,1.65
gaussian,17,ramp_down,6.0,0.03,mahalanobis,200,196,271,9000,1.405
gaussian,18,common_down,2.0,0.01,stouffer_down,200,88,98,9000,2.015
gaussian,18,common_down,2.0,0.03,stouffer_down,200,133,309,9000,1.405
gaussian,18,common_down,2.0,0.01,stouffer_two_sided,200,70,114,9000,2.23
gaussian,18,common_down,2.0,0.03,stouffer_two_sided,200,103,306,9000,1.815
gaussian,18,common_down,2.0,0.01,max_absolute,200,38,89,9000,2.64
gaussian,18,common_down,2.0,0.03,max_absolute,200,72,274,9000,2.225
gaussian,18,common_down,2.0,0.01,glr_two_sided,200,72,99,9000,2.335
gaussian,18,common_down,2.0,0.03,glr_two_sided,200,104,290,9000,1.98
gaussian,18,common_down,2.0,0.01,energy,200,65,106,9000,2.305
gaussian,18,common_down,2.0,0.03,energy,200,94,299,9000,1.915
gaussian,18,common_down,2.0,0.01,mahalanobis,200,35,92,9000,2.61
gaussian,18,common_down,2.0,0.03,mahalanobis,200,64,277,9000,2.33
gaussian,18,common_down,4.0,0.01,stouffer_down,200,187,98,9000,0.485
gaussian,18,common_down,4.0,0.03,stouffer_down,200,196,309,9000,0.225
gaussian,18,common_down,4.0,0.01,stouffer_two_sided,200,185,114,9000,0.57
gaussian,18,common_down,4.0,0.03,stouffer_two_sided,200,190,306,9000,0.375
gaussian,18,common_down,4.0,0.01,max_absolute,200,141,89,9000,1.345
gaussian,18,common_down,4.0,0.03,max_absolute,200,181,274,9000,0.745
gaussian,18,common_down,4.0,0.01,glr_two_sided,200,188,99,9000,0.845
gaussian,18,common_down,4.0,0.03,glr_two_sided,200,192,290,9000,0.535
gaussian,18,common_down,4.0,0.01,energy,200,178,106,9000,0.725
gaussian,18,common_down,4.0,0.03,energy,200,189,299,9000,0.465
gaussian,18,common_down,4.0,0.01,mahalanobis,200,146,92,9000,1.28
gaussian,18,common_down,4.0,0.03,mahalanobis,200,172,277,9000,0.87
gaussian,18,common_down,6.0,0.01,stouffer_down,200,200,98,9000,0.0
gaussian,18,common_down,6.0,0.03,stouffer_down,200,200,309,9000,0.0
gaussian,18,common_down,6.0,0.01,stouffer_two_sided,200,200,114,9000,0.02
gaussian,18,common_down,6.0,0.03,stouffer_two_sided,200,200,306,9000,0.0
gaussian,18,common_down,6.0,0.01,max_absolute,200,196,89,9000,0.28
gaussian,18,common_down,6.0,0.03,max_absolute,200,200,274,9000,0.135
gaussian,18,common_down,6.0,0.01,glr_two_sided,200,200,99,9000,0.13
gaussian,18,common_down,6.0,0.03,glr_two_sided,200,200,290,9000,0.055
gaussian,18,common_down,6.0,0.01,energy,200,200,106,9000,0.07
gaussian,18,common_down,6.0,0.03,energy,200,200,299,9000,0.025
gaussian,18,common_down,6.0,0.01,mahalanobis,200,198,92,9000,0.21
gaussian,18,common_down,6.0,0.03,mahalanobis,200,199,277,9000,0.115
gaussian,18,common_up,2.0,0.01,stouffer_down,200,0,98,9000,3.0
gaussian,18,common_up,2.0,0.03,stouffer_down,200,0,309,9000,3.0
gaussian,18,common_up,2.0,0.01,stouffer_two_sided,200,69,114,9000,2.21
gaussian,18,common_up,2.0,0.03,stouffer_two_sided,200,104,306,9000,1.73
gaussian,18,common_up,2.0,0.01,max_absolute,200,41,89,9000,2.58
gaussian,18,common_up,2.0,0.03,max_absolute,200,75,274,9000,2.175
gaussian,18,common_up,2.0,0.01,glr_two_sided,200,70,99,9000,2.38
gaussian,18,common_up,2.0,0.03,glr_two_sided,200,99,290,9000,1.98
gaussian,18,common_up,2.0,0.01,energy,200,61,106,9000,2.3
gaussian,18,common_up,2.0,0.03,energy,200,92,299,9000,1.96
gaussian,18,common_up,2.0,0.01,mahalanobis,200,30,92,9000,2.705
gaussian,18,common_up,2.0,0.03,mahalanobis,200,67,277,9000,2.285
gaussian,18,common_up,4.0,0.01,stouffer_down,200,0,98,9000,3.0
gaussian,18,common_up,4.0,0.03,stouffer_down,200,0,309,9000,3.0
gaussian,18,common_up,4.0,0.01,stouffer_two_sided,200,191,114,9000,0.485
gaussian,18,common_up,4.0,0.03,stouffer_two_sided,200,195,306,9000,0.3
gaussian,18,common_up,4.0,0.01,max_absolute,200,140,89,9000,1.36
gaussian,18,common_up,4.0,0.03,max_absolute,200,176,274,9000,0.74
gaussian,18,common_up,4.0,0.01,glr_two_sided,200,190,99,9000,0.795
gaussian,18,common_up,4.0,0.03,glr_two_sided,200,195,290,9000,0.465
gaussian,18,common_up,4.0,0.01,energy,200,185,106,9000,0.645
gaussian,18,common_up,4.0,0.03,energy,200,193,299,9000,0.38
gaussian,18,common_up,4.0,0.01,mahalanobis,200,142,92,9000,1.26
gaussian,18,common_up,4.0,0.03,mahalanobis,200,173,277,9000,0.83
gaussian,18,common_up,6.0,0.01,stouffer_down,200,0,98,9000,3.0
gaussian,18,common_up,6.0,0.03,stouffer_down,200,0,309,9000,3.0
gaussian,18,common_up,6.0,0.01,stouffer_two_sided,200,200,114,9000,0.035
gaussian,18,common_up,6.0,0.03,stouffer_two_sided,200,200,306,9000,0.005
gaussian,18,common_up,6.0,0.01,max_absolute,200,197,89,9000,0.2
gaussian,18,common_up,6.0,0.03,max_absolute,200,200,274,9000,0.07
gaussian,18,common_up,6.0,0.01,glr_two_sided,200,200,99,9000,0.085
gaussian,18,common_up,6.0,0.03,glr_two_sided,200,200,290,9000,0.045
gaussian,18,common_up,6.0,0.01,energy,200,200,106,9000,0.045
gaussian,18,common_up,6.0,0.03,energy,200,200,299,9000,0.015
gaussian,18,common_up,6.0,0.01,mahalanobis,200,197,92,9000,0.17
gaussian,18,common_up,6.0,0.03,mahalanobis,200,198,277,9000,0.085
gaussian,18,sparse_down,2.0,0.01,stouffer_down,200,22,98,9000,2.75
gaussian,18,sparse_down,2.0,0.03,stouffer_down,200,52,309,9000,2.43
gaussian,18,sparse_down,2.0,0.01,stouffer_two_sided,200,16,114,9000,2.82
gaussian,18,sparse_down,2.0,0.03,stouffer_two_sided,200,31,306,9000,2.65
gaussian,18,sparse_down,2.0,0.01,max_absolute,200,70,89,9000,2.245
gaussian,18,sparse_down,2.0,0.03,max_absolute,200,117,274,9000,1.695
gaussian,18,sparse_down,2.0,0.01,glr_two_sided,200,15,99,9000,2.865
gaussian,18,sparse_down,2.0,0.03,glr_two_sided,200,31,290,9000,2.665
gaussian,18,sparse_down,2.0,0.01,energy,200,49,106,9000,2.5
gaussian,18,sparse_down,2.0,0.03,energy,200,96,299,9000,2.0
gaussian,18,sparse_down,2.0,0.01,mahalanobis,200,86,92,9000,2.105
gaussian,18,sparse_down,2.0,0.03,mahalanobis,200,126,277,9000,1.63
gaussian,18,sparse_down,4.0,0.01,stouffer_down,200,71,98,9000,2.215
gaussian,18,sparse_down,4.0,0.03,stouffer_down,200,114,309,9000,1.65
gaussian,18,sparse_down,4.0,0.01,stouffer_two_sided,200,54,114,9000,2.405
gaussian,18,sparse_down,4.0,0.03,stouffer_two_sided,200,91,306,9000,1.965
gaussian,18,sparse_down,4.0,0.01,max_absolute,200,198,89,9000,0.225
gaussian,18,sparse_down,4.0,0.03,max_absolute,200,200,274,9000,0.075
gaussian,18,sparse_down,4.0,0.01,glr_two_sided,200,55,99,9000,2.505
gaussian,18,sparse_down,4.0,0.03,glr_two_sided,200,89,290,9000,2.145
gaussian,18,sparse_down,4.0,0.01,energy,200,191,106,9000,0.475
gaussian,18,sparse_down,4.0,0.03,energy,200,198,299,9000,0.2
gaussian,18,sparse_down,4.0,0.01,mahalanobis,200,196,92,9000,0.215
gaussian,18,sparse_down,4.0,0.03,mahalanobis,200,198,277,9000,0.115
gaussian,18,sparse_down,6.0,0.01,stouffer_down,200,138,98,9000,1.335
gaussian,18,sparse_down,6.0,0.03,stouffer_down,200,173,309,9000,0.815
gaussian,18,sparse_down,6.0,0.01,stouffer_two_sided,200,117,114,9000,1.625
gaussian,18,sparse_down,6.0,0.03,stouffer_two_sided,200,151,306,9000,1.16
gaussian,18,sparse_down,6.0,0.01,max_absolute,200,200,89,9000,0.0
gaussian,18,sparse_down,6.0,0.03,max_absolute,200,200,274,9000,0.0
gaussian,18,sparse_down,6.0,0.01,glr_two_sided,200,123,99,9000,1.83
gaussian,18,sparse_down,6.0,0.03,glr_two_sided,200,150,290,9000,1.41
gaussian,18,sparse_down,6.0,0.01,energy,200,200,106,9000,0.005
gaussian,18,sparse_down,6.0,0.03,energy,200,200,299,9000,0.0
gaussian,18,sparse_down,6.0,0.01,mahalanobis,200,200,92,9000,0.0
gaussian,18,sparse_down,6.0,0.03,mahalanobis,200,200,277,9000,0.0
gaussian,18,opposed,2.0,0.01,stouffer_down,200,5,98,9000,2.95
gaussian,18,opposed,2.0,0.03,stouffer_down,200,15,309,9000,2.825
gaussian,18,opposed,2.0,0.01,stouffer_two_sided,200,3,114,9000,2.975
gaussian,18,opposed,2.0,0.03,stouffer_two_sided,200,12,306,9000,2.88
gaussian,18,opposed,2.0,0.01,max_absolute,200,57,89,9000,2.365
gaussian,18,opposed,2.0,0.03,max_absolute,200,88,274,9000,2.03
gaussian,18,opposed,2.0,0.01,glr_two_sided,200,6,99,9000,2.95
gaussian,18,opposed,2.0,0.03,glr_two_sided,200,14,290,9000,2.87
gaussian,18,opposed,2.0,0.01,energy,200,52,106,9000,2.46
gaussian,18,opposed,2.0,0.03,energy,200,88,299,9000,2.06
gaussian,18,opposed,2.0,0.01,mahalanobis,200,92,92,9000,2.025
gaussian,18,opposed,2.0,0.03,mahalanobis,200,121,277,9000,1.63
gaussian,18,opposed,4.0,0.01,stouffer_down,200,5,98,9000,2.95
gaussian,18,opposed,4.0,0.03,stouffer_down,200,15,309,9000,2.825
gaussian,18,opposed,4.0,0.01,stouffer_two_sided,200,3,114,9000,2.975
gaussian,18,opposed,4.0,0.03,stouffer_two_sided,200,12,306,9000,2.88
gaussian,18,opposed,4.0,0.01,max_absolute,200,183,89,9000,0.575
gaussian,18,opposed,4.0,0.03,max_absolute,200,195,274,9000,0.24
gaussian,18,opposed,4.0,0.01,glr_two_sided,200,6,99,9000,2.95
gaussian,18,opposed,4.0,0.03,glr_two_sided,200,14,290,9000,2.87
gaussian,18,opposed,4.0,0.01,energy,200,188,106,9000,0.52
gaussian,18,opposed,4.0,0.03,energy,200,196,299,9000,0.21
gaussian,18,opposed,4.0,0.01,mahalanobis,200,197,92,9000,0.175
gaussian,18,opposed,4.0,0.03,mahalanobis,200,200,277,9000,0.065
gaussian,18,opposed,6.0,0.01,stouffer_down,200,5,98,9000,2.95
gaussian,18,opposed,6.0,0.03,stouffer_down,200,15,309,9000,2.825
gaussian,18,opposed,6.0,0.01,stouffer_two_sided,200,3,114,9000,2.975
gaussian,18,opposed,6.0,0.03,stouffer_two_sided,200,12,306,9000,2.88
gaussian,18,opposed,6.0,0.01,max_absolute,200,200,89,9000,0.0
gaussian,18,opposed,6.0,0.03,max_absolute,200,200,274,9000,0.0
gaussian,18,opposed,6.0,0.01,glr_two_sided,200,6,99,9000,2.95
gaussian,18,opposed,6.0,0.03,glr_two_sided,200,14,290,9000,2.87
gaussian,18,opposed,6.0,0.01,energy,200,200,106,9000,0.0
gaussian,18,opposed,6.0,0.03,energy,200,200,299,9000,0.0
gaussian,18,opposed,6.0,0.01,mahalanobis,200,200,92,9000,0.0
gaussian,18,opposed,6.0,0.03,mahalanobis,200,200,277,9000,0.0
gaussian,18,ramp_down,2.0,0.01,stouffer_down,200,50,98,9000,2.6
gaussian,18,ramp_down,2.0,0.03,stouffer_down,200,89,309,9000,2.21
gaussian,18,ramp_down,2.0,0.01,stouffer_two_sided,200,40,114,9000,2.7
gaussian,18,ramp_down,2.0,0.03,stouffer_two_sided,200,63,306,9000,2.465
gaussian,18,ramp_down,2.0,0.01,max_absolute,200,21,89,9000,2.85
gaussian,18,ramp_down,2.0,0.03,max_absolute,200,45,274,9000,2.635
gaussian,18,ramp_down,2.0,0.01,glr_two_sided,200,25,99,9000,2.815
gaussian,18,ramp_down,2.0,0.03,glr_two_sided,200,60,290,9000,2.53
gaussian,18,ramp_down,2.0,0.01,energy,200,35,106,9000,2.73
gaussian,18,ramp_down,2.0,0.03,energy,200,56,299,9000,2.55
gaussian,18,ramp_down,2.0,0.01,mahalanobis,200,14,92,9000,2.89
gaussian,18,ramp_down,2.0,0.03,mahalanobis,200,45,277,9000,2.63
gaussian,18,ramp_down,4.0,0.01,stouffer_down,200,166,98,9000,1.66
gaussian,18,ramp_down,4.0,0.03,stouffer_down,200,185,309,9000,1.305
gaussian,18,ramp_down,4.0,0.01,stouffer_two_sided,200,156,114,9000,1.825
gaussian,18,ramp_down,4.0,0.03,stouffer_two_sided,200,173,306,9000,1.505
gaussian,18,ramp_down,4.0,0.01,max_absolute,200,81,89,9000,2.38
gaussian,18,ramp_down,4.0,0.03,max_absolute,200,125,274,9000,2.005
gaussian,18,ramp_down,4.0,0.01,glr_two_sided,200,144,99,9000,2.01
gaussian,18,ramp_down,4.0,0.03,glr_two_sided,200,171,290,9000,1.66
gaussian,18,ramp_down,4.0,0.01,energy,200,135,106,9000,2.005
gaussian,18,ramp_down,4.0,0.03,energy,200,171,299,9000,1.56
gaussian,18,ramp_down,4.0,0.01,mahalanobis,200,84,92,9000,2.41
gaussian,18,ramp_down,4.0,0.03,mahalanobis,200,126,277,9000,1.975
gaussian,18,ramp_down,6.0,0.01,stouffer_down,200,198,98,9000,1.08
gaussian,18,ramp_down,6.0,0.03,stouffer_down,200,199,309,9000,0.765
gaussian,18,ramp_down,6.0,0.01,stouffer_two_sided,200,196,114,9000,1.165
gaussian,18,ramp_down,6.0,0.03,stouffer_two_sided,200,199,306,9000,0.96
gaussian,18,ramp_down,6.0,0.01,max_absolute,200,184,89,9000,1.605
gaussian,18,ramp_down,6.0,0.03,max_absolute,200,196,274,9000,1.25
gaussian,18,ramp_down,6.0,0.01,glr_two_sided,200,194,99,9000,1.33
gaussian,18,ramp_down,6.0,0.03,glr_two_sided,200,199,290,9000,1.16
gaussian,18,ramp_down,6.0,0.01,energy,200,195,106,9000,1.26
gaussian,18,ramp_down,6.0,0.03,energy,200,200,299,9000,0.985
gaussian,18,ramp_down,6.0,0.01,mahalanobis,200,187,92,9000,1.53
gaussian,18,ramp_down,6.0,0.03,mahalanobis,200,197,277,9000,1.31
gaussian,19,common_down,2.0,0.01,stouffer_down,200,97,100,9000,1.85
gaussian,19,common_down,2.0,0.03,stouffer_down,200,133,296,9000,1.375
gaussian,19,common_down,2.0,0.01,stouffer_two_sided,200,78,123,9000,2.09
gaussian,19,common_down,2.0,0.03,stouffer_two_sided,200,114,303,9000,1.65
gaussian,19,common_down,2.0,0.01,max_absolute,200,35,110,9000,2.605
gaussian,19,common_down,2.0,0.03,max_absolute,200,70,275,9000,2.205
gaussian,19,common_down,2.0,0.01,glr_two_sided,200,75,126,9000,2.31
gaussian,19,common_down,2.0,0.03,glr_two_sided,200,105,313,9000,1.955
gaussian,19,common_down,2.0,0.01,energy,200,63,120,9000,2.29
gaussian,19,common_down,2.0,0.03,energy,200,104,300,9000,1.82
gaussian,19,common_down,2.0,0.01,mahalanobis,200,24,100,9000,2.745
gaussian,19,common_down,2.0,0.03,mahalanobis,200,64,269,9000,2.285
gaussian,19,common_down,4.0,0.01,stouffer_down,200,192,100,9000,0.41
gaussian,19,common_down,4.0,0.03,stouffer_down,200,197,296,9000,0.205
gaussian,19,common_down,4.0,0.01,stouffer_two_sided,200,183,123,9000,0.565
gaussian,19,common_down,4.0,0.03,stouffer_two_sided,200,197,303,9000,0.295
gaussian,19,common_down,4.0,0.01,max_absolute,200,145,110,9000,1.285
gaussian,19,common_down,4.0,0.03,max_absolute,200,170,275,9000,0.84
gaussian,19,common_down,4.0,0.01,glr_two_sided,200,190,126,9000,0.795
gaussian,19,common_down,4.0,0.03,glr_two_sided,200,193,313,9000,0.51
gaussian,19,common_down,4.0,0.01,energy,200,179,120,9000,0.71
gaussian,19,common_down,4.0,0.03,energy,200,192,300,9000,0.39
gaussian,19,common_down,4.0,0.01,mahalanobis,200,145,100,9000,1.26
gaussian,19,common_down,4.0,0.03,mahalanobis,200,176,269,9000,0.8
gaussian,19,common_down,6.0,0.01,stouffer_down,200,200,100,9000,0.02
gaussian,19,common_down,6.0,0.03,stouffer_down,200,200,296,9000,0.005
gaussian,19,common_down,6.0,0.01,stouffer_two_sided,200,200,123,9000,0.035
gaussian,19,common_down,6.0,0.03,stouffer_two_sided,200,200,303,9000,0.015
gaussian,19,common_down,6.0,0.01,max_absolute,200,196,110,9000,0.295
gaussian,19,common_down,6.0,0.03,max_absolute,200,200,275,9000,0.145
gaussian,19,common_down,6.0,0.01,glr_two_sided,200,200,126,9000,0.14
gaussian,19,common_down,6.0,0.03,glr_two_sided,200,200,313,9000,0.07
gaussian,19,common_down,6.0,0.01,energy,200,200,120,9000,0.07
gaussian,19,common_down,6.0,0.03,energy,200,200,300,9000,0.025
gaussian,19,common_down,6.0,0.01,mahalanobis,200,200,100,9000,0.205
gaussian,19,common_down,6.0,0.03,mahalanobis,200,200,269,9000,0.11
gaussian,19,common_up,2.0,0.01,stouffer_down,200,0,100,9000,3.0
gaussian,19,common_up,2.0,0.03,stouffer_down,200,0,296,9000,3.0
gaussian,19,common_up,2.0,0.01,stouffer_two_sided,200,75,123,9000,2.165
gaussian,19,common_up,2.0,0.03,stouffer_two_sided,200,111,303,9000,1.76
gaussian,19,common_up,2.0,0.01,max_absolute,200,44,110,9000,2.5
gaussian,19,common_up,2.0,0.03,max_absolute,200,83,275,9000,2.08
gaussian,19,common_up,2.0,0.01,glr_two_sided,200,72,126,9000,2.35
gaussian,19,common_up,2.0,0.03,glr_two_sided,200,103,313,9000,1.98
gaussian,19,common_up,2.0,0.01,energy,200,57,120,9000,2.35
gaussian,19,common_up,2.0,0.03,energy,200,94,300,9000,1.93
gaussian,19,common_up,2.0,0.01,mahalanobis,200,33,100,9000,2.655
gaussian,19,common_up,2.0,0.03,mahalanobis,200,58,269,9000,2.35
gaussian,19,common_up,4.0,0.01,stouffer_down,200,0,100,9000,3.0
gaussian,19,common_up,4.0,0.03,stouffer_down,200,0,296,9000,3.0
gaussian,19,common_up,4.0,0.01,stouffer_two_sided,200,188,123,9000,0.57
gaussian,19,common_up,4.0,0.03,stouffer_two_sided,200,194,303,9000,0.395
gaussian,19,common_up,4.0,0.01,max_absolute,200,137,110,9000,1.335
gaussian,19,common_up,4.0,0.03,max_absolute,200,168,275,9000,0.91
gaussian,19,common_up,4.0,0.01,glr_two_sided,200,188,126,9000,0.855
gaussian,19,common_up,4.0,0.03,glr_two_sided,200,194,313,9000,0.53
gaussian,19,common_up,4.0,0.01,energy,200,176,120,9000,0.755
gaussian,19,common_up,4.0,0.03,energy,200,188,300,9000,0.5
gaussian,19,common_up,4.0,0.01,mahalanobis,200,148,100,9000,1.24
gaussian,19,common_up,4.0,0.03,mahalanobis,200,168,269,9000,0.91
gaussian,19,common_up,6.0,0.01,stouffer_down,200,0,100,9000,3.0
gaussian,19,common_up,6.0,0.03,stouffer_down,200,0,296,9000,3.0
gaussian,19,common_up,6.0,0.01,stouffer_two_sided,200,199,123,9000,0.06
gaussian,19,common_up,6.0,0.03,stouffer_two_sided,200,200,303,9000,0.025
gaussian,19,common_up,6.0,0.01,max_absolute,200,194,110,9000,0.345
gaussian,19,common_up,6.0,0.03,max_absolute,200,199,275,9000,0.175
gaussian,19,common_up,6.0,0.01,glr_two_sided,200,199,126,9000,0.16
gaussian,19,common_up,6.0,0.03,glr_two_sided,200,200,313,9000,0.065
gaussian,19,common_up,6.0,0.01,energy,200,199,120,9000,0.085
gaussian,19,common_up,6.0,0.03,energy,200,200,300,9000,0.035
gaussian,19,common_up,6.0,0.01,mahalanobis,200,196,100,9000,0.28
gaussian,19,common_up,6.0,0.03,mahalanobis,200,199,269,9000,0.165
gaussian,19,sparse_down,2.0,0.01,stouffer_down,200,27,100,9000,2.69
gaussian,19,sparse_down,2.0,0.03,stouffer_down,200,61,296,9000,2.295
gaussian,19,sparse_down,2.0,0.01,stouffer_two_sided,200,19,123,9000,2.775
gaussian,19,sparse_down,2.0,0.03,stouffer_two_sided,200,41,303,9000,2.54
gaussian,19,sparse_down,2.0,0.01,max_absolute,200,69,110,9000,2.23
gaussian,19,sparse_down,2.0,0.03,max_absolute,200,115,275,9000,1.74
gaussian,19,sparse_down,2.0,0.01,glr_two_sided,200,16,126,9000,2.82
gaussian,19,sparse_down,2.0,0.03,glr_two_sided,200,26,313,9000,2.725
gaussian,19,sparse_down,2.0,0.01,energy,200,47,120,9000,2.48
gaussian,19,sparse_down,2.0,0.03,energy,200,104,300,9000,1.88
gaussian,19,sparse_down,2.0,0.01,mahalanobis,200,75,100,9000,2.215
gaussian,19,sparse_down,2.0,0.03,mahalanobis,200,116,269,9000,1.75
gaussian,19,sparse_down,4.0,0.01,stouffer_down,200,83,100,9000,2.05
gaussian,19,sparse_down,4.0,0.03,stouffer_down,200,125,296,9000,1.51
gaussian,19,sparse_down,4.0,0.01,stouffer_two_sided,200,62,123,9000,2.29
gaussian,19,sparse_down,4.0,0.03,stouffer_two_sided,200,98,303,9000,1.835
gaussian,19,sparse_down,4.0,0.01,max_absolute,200,196,110,9000,0.295
gaussian,19,sparse_down,4.0,0.03,max_absolute,200,199,275,9000,0.18
gaussian,19,sparse_down,4.0,0.01,glr_two_sided,200,63,126,9000,2.445
gaussian,19,sparse_down,4.0,0.03,glr_two_sided,200,92,313,9000,2.11
gaussian,19,sparse_down,4.0,0.01,energy,200,192,120,9000,0.525
gaussian,19,sparse_down,4.0,0.03,energy,200,198,300,9000,0.33
gaussian,19,sparse_down,4.0,0.01,mahalanobis,200,197,100,9000,0.32
gaussian,19,sparse_down,4.0,0.03,mahalanobis,200,200,269,9000,0.18
gaussian,19,sparse_down,6.0,0.01,stouffer_down,200,139,100,9000,1.295
gaussian,19,sparse_down,6.0,0.03,stouffer_down,200,166,296,9000,0.885
gaussian,19,sparse_down,6.0,0.01,stouffer_two_sided,200,127,123,9000,1.485
gaussian,19,sparse_down,6.0,0.03,stouffer_two_sided,200,155,303,9000,1.095
gaussian,19,sparse_down,6.0,0.01,max_absolute,200,200,110,9000,0.005
gaussian,19,sparse_down,6.0,0.03,max_absolute,200,200,275,9000,0.0
gaussian,19,sparse_down,6.0,0.01,glr_two_sided,200,128,126,9000,1.75
gaussian,19,sparse_down,6.0,0.03,glr_two_sided,200,153,313,9000,1.335
gaussian,19,sparse_down,6.0,0.01,energy,200,200,120,9000,0.02
gaussian,19,sparse_down,6.0,0.03,energy,200,200,300,9000,0.0
gaussian,19,sparse_down,6.0,0.01,mahalanobis,200,200,100,9000,0.0
gaussian,19,sparse_down,6.0,0.03,mahalanobis,200,200,269,9000,0.0
gaussian,19,opposed,2.0,0.01,stouffer_down,200,5,100,9000,2.94
gaussian,19,opposed,2.0,0.03,stouffer_down,200,17,296,9000,2.805
gaussian,19,opposed,2.0,0.01,stouffer_two_sided,200,9,123,9000,2.905
gaussian,19,opposed,2.0,0.03,stouffer_two_sided,200,18,303,9000,2.805
gaussian,19,opposed,2.0,0.01,max_absolute,200,59,110,9000,2.42
gaussian,19,opposed,2.0,0.03,max_absolute,200,99,275,9000,1.91
gaussian,19,opposed,2.0,0.01,glr_two_sided,200,7,126,9000,2.915
gaussian,19,opposed,2.0,0.03,glr_two_sided,200,22,313,9000,2.735
gaussian,19,opposed,2.0,0.01,energy,200,44,120,9000,2.53
gaussian,19,opposed,2.0,0.03,energy,200,93,300,9000,1.985
gaussian,19,opposed,2.0,0.01,mahalanobis,200,86,100,9000,2.09
gaussian,19,opposed,2.0,0.03,mahalanobis,200,117,269,9000,1.665
gaussian,19,opposed,4.0,0.01,stouffer_down,200,5,100,9000,2.94
gaussian,19,opposed,4.0,0.03,stouffer_down,200,17,296,9000,2.805
gaussian,19,opposed,4.0,0.01,stouffer_two_sided,200,9,123,9000,2.905
gaussian,19,opposed,4.0,0.03,stouffer_two_sided,200,18,303,9000,2.805
gaussian,19,opposed,4.0,0.01,max_absolute,200,187,110,9000,0.495
gaussian,19,opposed,4.0,0.03,max_absolute,200,198,275,9000,0.21
gaussian,19,opposed,4.0,0.01,glr_two_sided,200,7,126,9000,2.915
gaussian,19,opposed,4.0,0.03,glr_two_sided,200,22,313,9000,2.735
gaussian,19,opposed,4.0,0.01,energy,200,191,120,9000,0.425
gaussian,19,opposed,4.0,0.03,energy,200,197,300,9000,0.23
gaussian,19,opposed,4.0,0.01,mahalanobis,200,197,100,9000,0.205
gaussian,19,opposed,4.0,0.03,mahalanobis,200,200,269,9000,0.075
gaussian,19,opposed,6.0,0.01,stouffer_down,200,5,100,9000,2.94
gaussian,19,opposed,6.0,0.03,stouffer_down,200,17,296,9000,2.805
gaussian,19,opposed,6.0,0.01,stouffer_two_sided,200,9,123,9000,2.905
gaussian,19,opposed,6.0,0.03,stouffer_two_sided,200,18,303,9000,2.805
gaussian,19,opposed,6.0,0.01,max_absolute,200,200,110,9000,0.005
gaussian,19,opposed,6.0,0.03,max_absolute,200,200,275,9000,0.0
gaussian,19,opposed,6.0,0.01,glr_two_sided,200,7,126,9000,2.915
gaussian,19,opposed,6.0,0.03,glr_two_sided,200,22,313,9000,2.735
gaussian,19,opposed,6.0,0.01,energy,200,200,120,9000,0.005
gaussian,19,opposed,6.0,0.03,energy,200,200,300,9000,0.005
gaussian,19,opposed,6.0,0.01,mahalanobis,200,200,100,9000,0.005
gaussian,19,opposed,6.0,0.03,mahalanobis,200,200,269,9000,0.0
gaussian,19,ramp_down,2.0,0.01,stouffer_down,200,58,100,9000,2.525
gaussian,19,ramp_down,2.0,0.03,stouffer_down,200,94,296,9000,2.135
gaussian,19,ramp_down,2.0,0.01,stouffer_two_sided,200,44,123,9000,2.645
gaussian,19,ramp_down,2.0,0.03,stouffer_two_sided,200,71,303,9000,2.405
gaussian,19,ramp_down,2.0,0.01,max_absolute,200,20,110,9000,2.815
gaussian,19,ramp_down,2.0,0.03,max_absolute,200,39,275,9000,2.66
gaussian,19,ramp_down,2.0,0.01,glr_two_sided,200,31,126,9000,2.755
gaussian,19,ramp_down,2.0,0.03,glr_two_sided,200,61,313,9000,2.525
gaussian,19,ramp_down,2.0,0.01,energy,200,32,120,9000,2.75
gaussian,19,ramp_down,2.0,0.03,energy,200,63,300,9000,2.49
gaussian,19,ramp_down,2.0,0.01,mahalanobis,200,13,100,9000,2.875
gaussian,19,ramp_down,2.0,0.03,mahalanobis,200,35,269,9000,2.705
gaussian,19,ramp_down,4.0,0.01,stouffer_down,200,162,100,9000,1.585
gaussian,19,ramp_down,4.0,0.03,stouffer_down,200,182,296,9000,1.195
gaussian,19,ramp_down,4.0,0.01,stouffer_two_sided,200,151,123,9000,1.76
gaussian,19,ramp_down,4.0,0.03,stouffer_two_sided,200,170,303,9000,1.43
gaussian,19,ramp_down,4.0,0.01,max_absolute,200,87,110,9000,2.365
gaussian,19,ramp_down,4.0,0.03,max_absolute,200,128,275,9000,1.95
gaussian,19,ramp_down,4.0,0.01,glr_two_sided,200,138,126,9000,2.01
gaussian,19,ramp_down,4.0,0.03,glr_two_sided,200,166,313,9000,1.71
gaussian,19,ramp_down,4.0,0.01,energy,200,138,120,9000,1.93
gaussian,19,ramp_down,4.0,0.03,energy,200,163,300,9000,1.56
gaussian,19,ramp_down,4.0,0.01,mahalanobis,200,91,100,9000,2.385
gaussian,19,ramp_down,4.0,0.03,mahalanobis,200,128,269,9000,2.025
gaussian,19,ramp_down,6.0,0.01,stouffer_down,200,198,100,9000,0.935
gaussian,19,ramp_down,6.0,0.03,stouffer_down,200,200,296,9000,0.73
gaussian,19,ramp_down,6.0,0.01,stouffer_two_sided,200,195,123,9000,1.06
gaussian,19,ramp_down,6.0,0.03,stouffer_two_sided,200,200,303,9000,0.845
gaussian,19,ramp_down,6.0,0.01,max_absolute,200,165,110,9000,1.635
gaussian,19,ramp_down,6.0,0.03,max_absolute,200,189,275,9000,1.26
gaussian,19,ramp_down,6.0,0.01,glr_two_sided,200,192,126,9000,1.35
gaussian,19,ramp_down,6.0,0.03,glr_two_sided,200,200,313,9000,1.11
gaussian,19,ramp_down,6.0,0.01,energy,200,194,120,9000,1.195
gaussian,19,ramp_down,6.0,0.03,energy,200,196,300,9000,0.935
gaussian,19,ramp_down,6.0,0.01,mahalanobis,200,177,100,9000,1.62
gaussian,19,ramp_down,6.0,0.03,mahalanobis,200,190,269,9000,1.255
student5,0,common_down,2.0,0.01,stouffer_down,200,59,86,9000,2.365
student5,0,common_down,2.0,0.03,stouffer_down,200,127,276,9000,1.485
student5,0,common_down,2.0,0.01,stouffer_two_sided,200,25,109,9000,2.74
student5,0,common_down,2.0,0.03,stouffer_two_sided,200,87,296,9000,2.005
student5,0,common_down,2.0,0.01,max_absolute,200,8,92,9000,2.94
student5,0,common_down,2.0,0.03,max_absolute,200,28,269,9000,2.705
student5,0,common_down,2.0,0.01,glr_two_sided,200,27,96,9000,2.755
student5,0,common_down,2.0,0.03,glr_two_sided,200,81,292,9000,2.245
student5,0,common_down,2.0,0.01,energy,200,15,91,9000,2.85
student5,0,common_down,2.0,0.03,energy,200,39,274,9000,2.61
student5,0,common_down,2.0,0.01,mahalanobis,200,7,90,9000,2.93
student5,0,common_down,2.0,0.03,mahalanobis,200,23,259,9000,2.785
student5,0,common_down,4.0,0.01,stouffer_down,200,193,86,9000,0.46
student5,0,common_down,4.0,0.03,stouffer_down,200,199,276,9000,0.185
student5,0,common_down,4.0,0.01,stouffer_two_sided,200,170,109,9000,0.9
student5,0,common_down,4.0,0.03,stouffer_two_sided,200,198,296,9000,0.29
student5,0,common_down,4.0,0.01,max_absolute,200,28,92,9000,2.71
student5,0,common_down,4.0,0.03,max_absolute,200,106,269,9000,1.79
student5,0,common_down,4.0,0.01,glr_two_sided,200,177,96,9000,1.26
student5,0,common_down,4.0,0.03,glr_two_sided,200,192,292,9000,0.625
student5,0,common_down,4.0,0.01,energy,200,76,91,9000,2.195
student5,0,common_down,4.0,0.03,energy,200,171,274,9000,0.91
student5,0,common_down,4.0,0.01,mahalanobis,200,21,90,9000,2.79
student5,0,common_down,4.0,0.03,mahalanobis,200,92,259,9000,2.015
student5,0,common_down,6.0,0.01,stouffer_down,200,199,86,9000,0.065
student5,0,common_down,6.0,0.03,stouffer_down,200,200,276,9000,0.01
student5,0,common_down,6.0,0.01,stouffer_two_sided,200,199,109,9000,0.105
student5,0,common_down,6.0,0.03,stouffer_two_sided,200,199,296,9000,0.035
student5,0,common_down,6.0,0.01,max_absolute,200,98,92,9000,1.92
student5,0,common_down,6.0,0.03,max_absolute,200,188,269,9000,0.51
student5,0,common_down,6.0,0.01,glr_two_sided,200,199,96,9000,0.285
student5,0,common_down,6.0,0.03,glr_two_sided,200,199,292,9000,0.085
student5,0,common_down,6.0,0.01,energy,200,194,91,9000,0.43
student5,0,common_down,6.0,0.03,energy,200,199,274,9000,0.06
student5,0,common_down,6.0,0.01,mahalanobis,200,96,90,9000,1.965
student5,0,common_down,6.0,0.03,mahalanobis,200,192,259,9000,0.43
student5,0,common_up,2.0,0.01,stouffer_down,200,0,86,9000,3.0
student5,0,common_up,2.0,0.03,stouffer_down,200,1,276,9000,2.99
student5,0,common_up,2.0,0.01,stouffer_two_sided,200,36,109,9000,2.62
student5,0,common_up,2.0,0.03,stouffer_two_sided,200,84,296,9000,2.085
student5,0,common_up,2.0,0.01,max_absolute,200,8,92,9000,2.905
student5,0,common_up,2.0,0.03,max_absolute,200,38,269,9000,2.58
student5,0,common_up,2.0,0.01,glr_two_sided,200,31,96,9000,2.73
student5,0,common_up,2.0,0.03,glr_two_sided,200,80,292,9000,2.275
student5,0,common_up,2.0,0.01,energy,200,17,91,9000,2.82
student5,0,common_up,2.0,0.03,energy,200,44,274,9000,2.535
student5,0,common_up,2.0,0.01,mahalanobis,200,7,90,9000,2.93
student5,0,common_up,2.0,0.03,mahalanobis,200,27,259,9000,2.725
student5,0,common_up,4.0,0.01,stouffer_down,200,0,86,9000,3.0
student5,0,common_up,4.0,0.03,stouffer_down,200,0,276,9000,3.0
student5,0,common_up,4.0,0.01,stouffer_two_sided,200,161,109,9000,1.035
student5,0,common_up,4.0,0.03,stouffer_two_sided,200,197,296,9000,0.295
student5,0,common_up,4.0,0.01,max_absolute,200,34,92,9000,2.63
student5,0,common_up,4.0,0.03,max_absolute,200,104,269,9000,1.865
student5,0,common_up,4.0,0.01,glr_two_sided,200,180,96,9000,1.31
student5,0,common_up,4.0,0.03,glr_two_sided,200,195,292,9000,0.655
student5,0,common_up,4.0,0.01,energy,200,80,91,9000,2.14
student5,0,common_up,4.0,0.03,energy,200,161,274,9000,1.035
student5,0,common_up,4.0,0.01,mahalanobis,200,24,90,9000,2.76
student5,0,common_up,4.0,0.03,mahalanobis,200,97,259,9000,1.94
student5,0,common_up,6.0,0.01,stouffer_down,200,0,86,9000,3.0
student5,0,common_up,6.0,0.03,stouffer_down,200,0,276,9000,3.0
student5,0,common_up,6.0,0.01,stouffer_two_sided,200,200,109,9000,0.05
student5,0,common_up,6.0,0.03,stouffer_two_sided,200,200,296,9000,0.02
student5,0,common_up,6.0,0.01,max_absolute,200,99,92,9000,1.925
student5,0,common_up,6.0,0.03,max_absolute,200,189,269,9000,0.515
student5,0,common_up,6.0,0.01,glr_two_sided,200,200,96,9000,0.26
student5,0,common_up,6.0,0.03,glr_two_sided,200,200,292,9000,0.045
student5,0,common_up,6.0,0.01,energy,200,191,91,9000,0.475
student5,0,common_up,6.0,0.03,energy,200,200,274,9000,0.04
student5,0,common_up,6.0,0.01,mahalanobis,200,102,90,9000,1.9
student5,0,common_up,6.0,0.03,mahalanobis,200,192,259,9000,0.425
student5,0,sparse_down,2.0,0.01,stouffer_down,200,13,86,9000,2.855
student5,0,sparse_down,2.0,0.03,stouffer_down,200,42,276,9000,2.575
student5,0,sparse_down,2.0,0.01,stouffer_two_sided,200,8,109,9000,2.915
student5,0,sparse_down,2.0,0.03,stouffer_two_sided,200,24,296,9000,2.775
student5,0,sparse_down,2.0,0.01,max_absolute,200,8,92,9000,2.93
student5,0,sparse_down,2.0,0.03,max_absolute,200,44,269,9000,2.52
student5,0,sparse_down,2.0,0.01,glr_two_sided,200,4,96,9000,2.955
student5,0,sparse_down,2.0,0.03,glr_two_sided,200,22,292,9000,2.735
student5,0,sparse_down,2.0,0.01,energy,200,8,91,9000,2.935
student5,0,sparse_down,2.0,0.03,energy,200,31,274,9000,2.68
student5,0,sparse_down,2.0,0.01,mahalanobis,200,8,90,9000,2.94
student5,0,sparse_down,2.0,0.03,mahalanobis,200,43,259,9000,2.565
student5,0,sparse_down,4.0,0.01,stouffer_down,200,41,86,9000,2.6
student5,0,sparse_down,4.0,0.03,stouffer_down,200,113,276,9000,1.65
student5,0,sparse_down,4.0,0.01,stouffer_two_sided,200,20,109,9000,2.8
student5,0,sparse_down,4.0,0.03,stouffer_two_sided,200,75,296,9000,2.185
student5,0,sparse_down,4.0,0.01,max_absolute,200,138,92,9000,1.375
student5,0,sparse_down,4.0,0.03,max_absolute,200,196,269,9000,0.28
student5,0,sparse_down,4.0,0.01,glr_two_sided,200,22,96,9000,2.805
student5,0,sparse_down,4.0,0.03,glr_two_sided,200,67,292,9000,2.395
student5,0,sparse_down,4.0,0.01,energy,200,53,91,9000,2.46
student5,0,sparse_down,4.0,0.03,energy,200,160,274,9000,1.0
student5,0,sparse_down,4.0,0.01,mahalanobis,200,67,90,9000,2.26
student5,0,sparse_down,4.0,0.03,mahalanobis,200,188,259,9000,0.595
student5,0,sparse_down,6.0,0.01,stouffer_down,200,112,86,9000,1.67
student5,0,sparse_down,6.0,0.03,stouffer_down,200,177,276,9000,0.8
student5,0,sparse_down,6.0,0.01,stouffer_two_sided,200,68,109,9000,2.265
student5,0,sparse_down,6.0,0.03,stouffer_two_sided,200,133,296,9000,1.38
student5,0,sparse_down,6.0,0.01,max_absolute,200,200,92,9000,0.065
student5,0,sparse_down,6.0,0.03,max_absolute,200,200,269,9000,0.015
student5,0,sparse_down,6.0,0.01,glr_two_sided,200,73,96,9000,2.395
student5,0,sparse_down,6.0,0.03,glr_two_sided,200,143,292,9000,1.615
student5,0,sparse_down,6.0,0.01,energy,200,196,91,9000,0.3
student5,0,sparse_down,6.0,0.03,energy,200,200,274,9000,0.025
student5,0,sparse_down,6.0,0.01,mahalanobis,200,198,90,9000,0.155
student5,0,sparse_down,6.0,0.03,mahalanobis,200,200,259,9000,0.01
student5,0,opposed,2.0,0.01,stouffer_down,200,4,86,9000,2.955
student5,0,opposed,2.0,0.03,stouffer_down,200,15,276,9000,2.845
student5,0,opposed,2.0,0.01,stouffer_two_sided,200,7,109,9000,2.95
student5,0,opposed,2.0,0.03,stouffer_two_sided,200,21,296,9000,2.785
student5,0,opposed,2.0,0.01,max_absolute,200,12,92,9000,2.865
student5,0,opposed,2.0,0.03,max_absolute,200,43,269,9000,2.515
student5,0,opposed,2.0,0.01,glr_two_sided,200,4,96,9000,2.955
student5,0,opposed,2.0,0.03,glr_two_sided,200,15,292,9000,2.85
student5,0,opposed,2.0,0.01,energy,200,9,91,9000,2.91
student5,0,opposed,2.0,0.03,energy,200,35,274,9000,2.63
student5,0,opposed,2.0,0.01,mahalanobis,200,11,90,9000,2.885
student5,0,opposed,2.0,0.03,mahalanobis,200,50,259,9000,2.44
student5,0,opposed,4.0,0.01,stouffer_down,200,4,86,9000,2.955
student5,0,opposed,4.0,0.03,stouffer_down,200,15,276,9000,2.845
student5,0,opposed,4.0,0.01,stouffer_two_sided,200,7,109,9000,2.95
student5,0,opposed,4.0,0.03,stouffer_two_sided,200,21,296,9000,2.785
student5,0,opposed,4.0,0.01,max_absolute,200,76,92,9000,2.105
student5,0,opposed,4.0,0.03,max_absolute,200,178,269,9000,0.71
student5,0,opposed,4.0,0.01,glr_two_sided,200,4,96,9000,2.955
student5,0,opposed,4.0,0.03,glr_two_sided,200,15,292,9000,2.85
student5,0,opposed,4.0,0.01,energy,200,65,91,9000,2.27
student5,0,opposed,4.0,0.03,energy,200,175,274,9000,0.69
student5,0,opposed,4.0,0.01,mahalanobis,200,105,90,9000,1.76
student5,0,opposed,4.0,0.03,mahalanobis,200,193,259,9000,0.33
student5,0,opposed,6.0,0.01,stouffer_down,200,4,86,9000,2.955
student5,0,opposed,6.0,0.03,stouffer_down,200,15,276,9000,2.845
student5,0,opposed,6.0,0.01,stouffer_two_sided,200,7,109,9000,2.95
student5,0,opposed,6.0,0.03,stouffer_two_sided,200,21,296,9000,2.785
student5,0,opposed,6.0,0.01,max_absolute,200,195,92,9000,0.25
student5,0,opposed,6.0,0.03,max_absolute,200,200,269,9000,0.01
student5,0,opposed,6.0,0.01,glr_two_sided,200,4,96,9000,2.955
student5,0,opposed,6.0,0.03,glr_two_sided,200,15,292,9000,2.85
student5,0,opposed,6.0,0.01,energy,200,197,91,9000,0.195
student5,0,opposed,6.0,0.03,energy,200,200,274,9000,0.01
student5,0,opposed,6.0,0.01,mahalanobis,200,200,90,9000,0.05
student5,0,opposed,6.0,0.03,mahalanobis,200,200,259,9000,0.005
student5,0,ramp_down,2.0,0.01,stouffer_down,200,29,86,9000,2.765
student5,0,ramp_down,2.0,0.03,stouffer_down,200,87,276,9000,2.305
student5,0,ramp_down,2.0,0.01,stouffer_two_sided,200,15,109,9000,2.885
student5,0,ramp_down,2.0,0.03,stouffer_two_sided,200,48,296,9000,2.62
student5,0,ramp_down,2.0,0.01,max_absolute,200,9,92,9000,2.925
student5,0,ramp_down,2.0,0.03,max_absolute,200,22,269,9000,2.795
student5,0,ramp_down,2.0,0.01,glr_two_sided,200,8,96,9000,2.93
student5,0,ramp_down,2.0,0.03,glr_two_sided,200,38,292,9000,2.665
student5,0,ramp_down,2.0,0.01,energy,200,11,91,9000,2.91
student5,0,ramp_down,2.0,0.03,energy,200,26,274,9000,2.78
student5,0,ramp_down,2.0,0.01,mahalanobis,200,6,90,9000,2.945
student5,0,ramp_down,2.0,0.03,mahalanobis,200,18,259,9000,2.845
student5,0,ramp_down,4.0,0.01,stouffer_down,200,153,86,9000,1.925
student5,0,ramp_down,4.0,0.03,stouffer_down,200,192,276,9000,1.24
student5,0,ramp_down,4.0,0.01,stouffer_two_sided,200,113,109,9000,2.26
student5,0,ramp_down,4.0,0.03,stouffer_two_sided,200,170,296,9000,1.73
student5,0,ramp_down,4.0,0.01,max_absolute,200,14,92,9000,2.9
student5,0,ramp_down,4.0,0.03,max_absolute,200,61,269,9000,2.535
student5,0,ramp_down,4.0,0.01,glr_two_sided,200,83,96,9000,2.5
student5,0,ramp_down,4.0,0.03,glr_two_sided,200,157,292,9000,1.895
student5,0,ramp_down,4.0,0.01,energy,200,32,91,9000,2.79
student5,0,ramp_down,4.0,0.03,energy,200,117,274,9000,2.2
student5,0,ramp_down,4.0,0.01,mahalanobis,200,12,90,9000,2.91
student5,0,ramp_down,4.0,0.03,mahalanobis,200,50,259,9000,2.615
student5,0,ramp_down,6.0,0.01,stouffer_down,200,197,86,9000,1.15
student5,0,ramp_down,6.0,0.03,stouffer_down,200,199,276,9000,0.76
student5,0,ramp_down,6.0,0.01,stouffer_two_sided,200,194,109,9000,1.45
student5,0,ramp_down,6.0,0.03,stouffer_two_sided,200,197,296,9000,0.995
student5,0,ramp_down,6.0,0.01,max_absolute,200,44,92,9000,2.74
student5,0,ramp_down,6.0,0.03,max_absolute,200,144,269,9000,1.94
student5,0,ramp_down,6.0,0.01,glr_two_sided,200,187,96,9000,1.695
student5,0,ramp_down,6.0,0.03,glr_two_sided,200,196,292,9000,1.27
student5,0,ramp_down,6.0,0.01,energy,200,153,91,9000,2.03
student5,0,ramp_down,6.0,0.03,energy,200,193,274,9000,1.445
student5,0,ramp_down,6.0,0.01,mahalanobis,200,43,90,9000,2.73
student5,0,ramp_down,6.0,0.03,mahalanobis,200,153,259,9000,1.98
student5,1,common_down,2.0,0.01,stouffer_down,200,54,102,9000,2.385
student5,1,common_down,2.0,0.03,stouffer_down,200,117,302,9000,1.64
student5,1,common_down,2.0,0.01,stouffer_two_sided,200,25,120,9000,2.76
student5,1,common_down,2.0,0.03,stouffer_two_sided,200,79,320,9000,2.15
student5,1,common_down,2.0,0.01,max_absolute,200,11,84,9000,2.895
student5,1,common_down,2.0,0.03,max_absolute,200,38,269,9000,2.58
student5,1,common_down,2.0,0.01,glr_two_sided,200,30,101,9000,2.745
student5,1,common_down,2.0,0.03,glr_two_sided,200,71,329,9000,2.335
student5,1,common_down,2.0,0.01,energy,200,8,95,9000,2.945
student5,1,common_down,2.0,0.03,energy,200,40,265,9000,2.57
student5,1,common_down,2.0,0.01,mahalanobis,200,4,73,9000,2.965
student5,1,common_down,2.0,0.03,mahalanobis,200,26,255,9000,2.735
student5,1,common_down,4.0,0.01,stouffer_down,200,190,102,9000,0.44
student5,1,common_down,4.0,0.03,stouffer_down,200,200,302,9000,0.09
student5,1,common_down,4.0,0.01,stouffer_two_sided,200,169,120,9000,0.91
student5,1,common_down,4.0,0.03,stouffer_two_sided,200,196,320,9000,0.27
student5,1,common_down,4.0,0.01,max_absolute,200,32,84,9000,2.645
student5,1,common_down,4.0,0.03,max_absolute,200,99,269,9000,1.895
student5,1,common_down,4.0,0.01,glr_two_sided,200,180,101,9000,1.235
student5,1,common_down,4.0,0.03,glr_two_sided,200,196,329,9000,0.595
student5,1,common_down,4.0,0.01,energy,200,70,95,9000,2.22
student5,1,common_down,4.0,0.03,energy,200,164,265,9000,0.99
student5,1,common_down,4.0,0.01,mahalanobis,200,17,73,9000,2.845
student5,1,common_down,4.0,0.03,mahalanobis,200,85,255,9000,2.04
student5,1,common_down,6.0,0.01,stouffer_down,200,200,102,9000,0.03
student5,1,common_down,6.0,0.03,stouffer_down,200,200,302,9000,0.005
student5,1,common_down,6.0,0.01,stouffer_two_sided,200,200,120,9000,0.045
student5,1,common_down,6.0,0.03,stouffer_two_sided,200,200,320,9000,0.025
student5,1,common_down,6.0,0.01,max_absolute,200,94,84,9000,1.97
student5,1,common_down,6.0,0.03,max_absolute,200,197,269,9000,0.33
student5,1,common_down,6.0,0.01,glr_two_sided,200,200,101,9000,0.225
student5,1,common_down,6.0,0.03,glr_two_sided,200,200,329,9000,0.045
student5,1,common_down,6.0,0.01,energy,200,193,95,9000,0.34
student5,1,common_down,6.0,0.03,energy,200,200,265,9000,0.02
student5,1,common_down,6.0,0.01,mahalanobis,200,84,73,9000,2.055
student5,1,common_down,6.0,0.03,mahalanobis,200,195,255,9000,0.295
student5,1,common_up,2.0,0.01,stouffer_down,200,0,102,9000,3.0
student5,1,common_up,2.0,0.03,stouffer_down,200,1,302,9000,2.995
student5,1,common_up,2.0,0.01,stouffer_two_sided,200,28,120,9000,2.695
student5,1,common_up,2.0,0.03,stouffer_two_sided,200,76,320,9000,2.185
student5,1,common_up,2.0,0.01,max_absolute,200,9,84,9000,2.905
student5,1,common_up,2.0,0.03,max_absolute,200,32,269,9000,2.645
student5,1,common_up,2.0,0.01,glr_two_sided,200,22,101,9000,2.805
student5,1,common_up,2.0,0.03,glr_two_sided,200,81,329,9000,2.29
student5,1,common_up,2.0,0.01,energy,200,10,95,9000,2.895
student5,1,common_up,2.0,0.03,energy,200,43,265,9000,2.535
student5,1,common_up,2.0,0.01,mahalanobis,200,6,73,9000,2.935
student5,1,common_up,2.0,0.03,mahalanobis,200,24,255,9000,2.735
student5,1,common_up,4.0,0.01,stouffer_down,200,0,102,9000,3.0
student5,1,common_up,4.0,0.03,stouffer_down,200,0,302,9000,3.0
student5,1,common_up,4.0,0.01,stouffer_two_sided,200,169,120,9000,0.89
student5,1,common_up,4.0,0.03,stouffer_two_sided,200,195,320,9000,0.31
student5,1,common_up,4.0,0.01,max_absolute,200,30,84,9000,2.66
student5,1,common_up,4.0,0.03,max_absolute,200,103,269,9000,1.895
student5,1,common_up,4.0,0.01,glr_two_sided,200,182,101,9000,1.235
student5,1,common_up,4.0,0.03,glr_two_sided,200,198,329,9000,0.595
student5,1,common_up,4.0,0.01,energy,200,70,95,9000,2.22
student5,1,common_up,4.0,0.03,energy,200,167,265,9000,0.94
student5,1,common_up,4.0,0.01,mahalanobis,200,14,73,9000,2.84
student5,1,common_up,4.0,0.03,mahalanobis,200,83,255,9000,2.07
student5,1,common_up,6.0,0.01,stouffer_down,200,0,102,9000,3.0
student5,1,common_up,6.0,0.03,stouffer_down,200,0,302,9000,3.0
student5,1,common_up,6.0,0.01,stouffer_two_sided,200,200,120,9000,0.055
student5,1,common_up,6.0,0.03,stouffer_two_sided,200,200,320,9000,0.01
student5,1,common_up,6.0,0.01,max_absolute,200,98,84,9000,1.945
student5,1,common_up,6.0,0.03,max_absolute,200,195,269,9000,0.405
student5,1,common_up,6.0,0.01,glr_two_sided,200,200,101,9000,0.24
student5,1,common_up,6.0,0.03,glr_two_sided,200,200,329,9000,0.04
student5,1,common_up,6.0,0.01,energy,200,190,95,9000,0.39
student5,1,common_up,6.0,0.03,energy,200,200,265,9000,0.05
student5,1,common_up,6.0,0.01,mahalanobis,200,85,73,9000,2.05
student5,1,common_up,6.0,0.03,mahalanobis,200,192,255,9000,0.37
student5,1,sparse_down,2.0,0.01,stouffer_down,200,12,102,9000,2.885
student5,1,sparse_down,2.0,0.03,stouffer_down,200,44,302,9000,2.51
student5,1,sparse_down,2.0,0.01,stouffer_two_sided,200,7,120,9000,2.945
student5,1,sparse_down,2.0,0.03,stouffer_two_sided,200,24,320,9000,2.77
student5,1,sparse_down,2.0,0.01,max_absolute,200,12,84,9000,2.89
student5,1,sparse_down,2.0,0.03,max_absolute,200,48,269,9000,2.5
student5,1,sparse_down,2.0,0.01,glr_two_sided,200,8,101,9000,2.905
student5,1,sparse_down,2.0,0.03,glr_two_sided,200,23,329,9000,2.765
student5,1,sparse_down,2.0,0.01,energy,200,9,95,9000,2.935
student5,1,sparse_down,2.0,0.03,energy,200,30,265,9000,2.725
student5,1,sparse_down,2.0,0.01,mahalanobis,200,6,73,9000,2.94
student5,1,sparse_down,2.0,0.03,mahalanobis,200,33,255,9000,2.695
student5,1,sparse_down,4.0,0.01,stouffer_down,200,42,102,9000,2.54
student5,1,sparse_down,4.0,0.03,stouffer_down,200,106,302,9000,1.805
student5,1,sparse_down,4.0,0.01,stouffer_two_sided,200,20,120,9000,2.81
student5,1,sparse_down,4.0,0.03,stouffer_two_sided,200,63,320,9000,2.3
student5,1,sparse_down,4.0,0.01,max_absolute,200,145,84,9000,1.305
student5,1,sparse_down,4.0,0.03,max_absolute,200,196,269,9000,0.25
student5,1,sparse_down,4.0,0.01,glr_two_sided,200,22,101,9000,2.81
student5,1,sparse_down,4.0,0.03,glr_two_sided,200,61,329,9000,2.42
student5,1,sparse_down,4.0,0.01,energy,200,50,95,9000,2.475
student5,1,sparse_down,4.0,0.03,energy,200,161,265,9000,1.01
student5,1,sparse_down,4.0,0.01,mahalanobis,200,69,73,9000,2.275
student5,1,sparse_down,4.0,0.03,mahalanobis,200,185,255,9000,0.545
student5,1,sparse_down,6.0,0.01,stouffer_down,200,105,102,9000,1.82
student5,1,sparse_down,6.0,0.03,stouffer_down,200,176,302,9000,0.775
student5,1,sparse_down,6.0,0.01,stouffer_two_sided,200,59,120,9000,2.335
student5,1,sparse_down,6.0,0.03,stouffer_two_sided,200,129,320,9000,1.47
student5,1,sparse_down,6.0,0.01,max_absolute,200,198,84,9000,0.08
student5,1,sparse_down,6.0,0.03,max_absolute,200,200,269,9000,0.015
student5,1,sparse_down,6.0,0.01,glr_two_sided,200,65,101,9000,2.46
student5,1,sparse_down,6.0,0.03,glr_two_sided,200,153,329,9000,1.56
student5,1,sparse_down,6.0,0.01,energy,200,193,95,9000,0.295
student5,1,sparse_down,6.0,0.03,energy,200,200,265,9000,0.03
student5,1,sparse_down,6.0,0.01,mahalanobis,200,199,73,9000,0.18
student5,1,sparse_down,6.0,0.03,mahalanobis,200,200,255,9000,0.025
student5,1,opposed,2.0,0.01,stouffer_down,200,2,102,9000,2.99
student5,1,opposed,2.0,0.03,stouffer_down,200,12,302,9000,2.885
student5,1,opposed,2.0,0.01,stouffer_two_sided,200,4,120,9000,2.97
student5,1,opposed,2.0,0.03,stouffer_two_sided,200,15,320,9000,2.85
student5,1,opposed,2.0,0.01,max_absolute,200,9,84,9000,2.905
student5,1,opposed,2.0,0.03,max_absolute,200,35,269,9000,2.625
student5,1,opposed,2.0,0.01,glr_two_sided,200,7,101,9000,2.915
student5,1,opposed,2.0,0.03,glr_two_sided,200,15,329,9000,2.82
student5,1,opposed,2.0,0.01,energy,200,9,95,9000,2.93
student5,1,opposed,2.0,0.03,energy,200,31,265,9000,2.705
student5,1,opposed,2.0,0.01,mahalanobis,200,7,73,9000,2.925
student5,1,opposed,2.0,0.03,mahalanobis,200,50,255,9000,2.49
student5,1,opposed,4.0,0.01,stouffer_down,200,2,102,9000,2.99
student5,1,opposed,4.0,0.03,stouffer_down,200,12,302,9000,2.885
student5,1,opposed,4.0,0.01,stouffer_two_sided,200,4,120,9000,2.97
student5,1,opposed,4.0,0.03,stouffer_two_sided,200,15,320,9000,2.85
student5,1,opposed,4.0,0.01,max_absolute,200,58,84,9000,2.405
student5,1,opposed,4.0,0.03,max_absolute,200,170,269,9000,0.825
student5,1,opposed,4.0,0.01,glr_two_sided,200,7,101,9000,2.915
student5,1,opposed,4.0,0.03,glr_two_sided,200,15,329,9000,2.82
student5,1,opposed,4.0,0.01,energy,200,53,95,9000,2.485
student5,1,opposed,4.0,0.03,energy,200,164,265,9000,0.925
student5,1,opposed,4.0,0.01,mahalanobis,200,91,73,9000,1.935
student5,1,opposed,4.0,0.03,mahalanobis,200,193,255,9000,0.37
student5,1,opposed,6.0,0.01,stouffer_down,200,2,102,9000,2.99
student5,1,opposed,6.0,0.03,stouffer_down,200,12,302,9000,2.885
student5,1,opposed,6.0,0.01,stouffer_two_sided,200,4,120,9000,2.97
student5,1,opposed,6.0,0.03,stouffer_two_sided,200,15,320,9000,2.85
student5,1,opposed,6.0,0.01,max_absolute,200,194,84,9000,0.34
student5,1,opposed,6.0,0.03,max_absolute,200,200,269,9000,0.01
student5,1,opposed,6.0,0.01,glr_two_sided,200,7,101,9000,2.915
student5,1,opposed,6.0,0.03,glr_two_sided,200,15,329,9000,2.82
student5,1,opposed,6.0,0.01,energy,200,197,95,9000,0.23
student5,1,opposed,6.0,0.03,energy,200,200,265,9000,0.005
student5,1,opposed,6.0,0.01,mahalanobis,200,199,73,9000,0.085
student5,1,opposed,6.0,0.03,mahalanobis,200,200,255,9000,0.0
student5,1,ramp_down,2.0,0.01,stouffer_down,200,27,102,9000,2.815
student5,1,ramp_down,2.0,0.03,stouffer_down,200,77,302,9000,2.35
student5,1,ramp_down,2.0,0.01,stouffer_two_sided,200,14,120,9000,2.915
student5,1,ramp_down,2.0,0.03,stouffer_two_sided,200,46,320,9000,2.675
student5,1,ramp_down,2.0,0.01,max_absolute,200,8,84,9000,2.935
student5,1,ramp_down,2.0,0.03,max_absolute,200,26,269,9000,2.745
student5,1,ramp_down,2.0,0.01,glr_two_sided,200,10,101,9000,2.895
student5,1,ramp_down,2.0,0.03,glr_two_sided,200,39,329,9000,2.68
student5,1,ramp_down,2.0,0.01,energy,200,8,95,9000,2.945
student5,1,ramp_down,2.0,0.03,energy,200,26,265,9000,2.785
student5,1,ramp_down,2.0,0.01,mahalanobis,200,5,73,9000,2.95
student5,1,ramp_down,2.0,0.03,mahalanobis,200,18,255,9000,2.835
student5,1,ramp_down,4.0,0.01,stouffer_down,200,153,102,9000,1.92
student5,1,ramp_down,4.0,0.03,stouffer_down,200,191,302,9000,1.25
student5,1,ramp_down,4.0,0.01,stouffer_two_sided,200,105,120,9000,2.37
student5,1,ramp_down,4.0,0.03,stouffer_two_sided,200,171,320,9000,1.68
student5,1,ramp_down,4.0,0.01,max_absolute,200,15,84,9000,2.89
student5,1,ramp_down,4.0,0.03,max_absolute,200,59,269,9000,2.515
student5,1,ramp_down,4.0,0.01,glr_two_sided,200,85,101,9000,2.485
student5,1,ramp_down,4.0,0.03,glr_two_sided,200,160,329,9000,1.935
student5,1,ramp_down,4.0,0.01,energy,200,33,95,9000,2.805
student5,1,ramp_down,4.0,0.03,energy,200,108,265,9000,2.26
student5,1,ramp_down,4.0,0.01,mahalanobis,200,11,73,9000,2.92
student5,1,ramp_down,4.0,0.03,mahalanobis,200,51,255,9000,2.605
student5,1,ramp_down,6.0,0.01,stouffer_down,200,194,102,9000,1.17
student5,1,ramp_down,6.0,0.03,stouffer_down,200,199,302,9000,0.785
student5,1,ramp_down,6.0,0.01,stouffer_two_sided,200,193,120,9000,1.455
student5,1,ramp_down,6.0,0.03,stouffer_two_sided,200,195,320,9000,1.03
student5,1,ramp_down,6.0,0.01,max_absolute,200,46,84,9000,2.685
student5,1,ramp_down,6.0,0.03,max_absolute,200,156,269,9000,1.865
student5,1,ramp_down,6.0,0.01,glr_two_sided,200,188,101,9000,1.785
student5,1,ramp_down,6.0,0.03,glr_two_sided,200,196,329,9000,1.255
student5,1,ramp_down,6.0,0.01,energy,200,150,95,9000,2.105
student5,1,ramp_down,6.0,0.03,energy,200,193,265,9000,1.425
student5,1,ramp_down,6.0,0.01,mahalanobis,200,37,73,9000,2.78
student5,1,ramp_down,6.0,0.03,mahalanobis,200,160,255,9000,1.94
student5,2,common_down,2.0,0.01,stouffer_down,200,60,125,9000,2.34
student5,2,common_down,2.0,0.03,stouffer_down,200,128,310,9000,1.48
student5,2,common_down,2.0,0.01,stouffer_two_sided,200,37,132,9000,2.625
student5,2,common_down,2.0,0.03,stouffer_two_sided,200,81,336,9000,2.065
student5,2,common_down,2.0,0.01,max_absolute,200,11,105,9000,2.9
student5,2,common_down,2.0,0.03,max_absolute,200,34,300,9000,2.685
student5,2,common_down,2.0,0.01,glr_two_sided,200,33,110,9000,2.69
student5,2,common_down,2.0,0.03,glr_two_sided,200,85,358,9000,2.19
student5,2,common_down,2.0,0.01,energy,200,18,122,9000,2.815
student5,2,common_down,2.0,0.03,energy,200,46,318,9000,2.55
student5,2,common_down,2.0,0.01,mahalanobis,200,11,107,9000,2.91
student5,2,common_down,2.0,0.03,mahalanobis,200,34,314,9000,2.675
student5,2,common_down,4.0,0.01,stouffer_down,200,187,125,9000,0.41
student5,2,common_down,4.0,0.03,stouffer_down,200,199,310,9000,0.125
student5,2,common_down,4.0,0.01,stouffer_two_sided,200,158,132,9000,0.96
student5,2,common_down,4.0,0.03,stouffer_two_sided,200,194,336,9000,0.255
student5,2,common_down,4.0,0.01,max_absolute,200,33,105,9000,2.695
student5,2,common_down,4.0,0.03,max_absolute,200,104,300,9000,1.855
student5,2,common_down,4.0,0.01,glr_two_sided,200,182,110,9000,1.24
student5,2,common_down,4.0,0.03,glr_two_sided,200,196,358,9000,0.55
student5,2,common_down,4.0,0.01,energy,200,77,122,9000,2.16
student5,2,common_down,4.0,0.03,energy,200,161,318,9000,0.935
student5,2,common_down,4.0,0.01,mahalanobis,200,29,107,9000,2.725
student5,2,common_down,4.0,0.03,mahalanobis,200,93,314,9000,1.99
student5,2,common_down,6.0,0.01,stouffer_down,200,200,125,9000,0.035
student5,2,common_down,6.0,0.03,stouffer_down,200,200,310,9000,0.01
student5,2,common_down,6.0,0.01,stouffer_two_sided,200,200,132,9000,0.06
student5,2,common_down,6.0,0.03,stouffer_two_sided,200,200,336,9000,0.025
student5,2,common_down,6.0,0.01,max_absolute,200,98,105,9000,1.94
student5,2,common_down,6.0,0.03,max_absolute,200,190,300,9000,0.435
student5,2,common_down,6.0,0.01,glr_two_sided,200,200,110,9000,0.21
student5,2,common_down,6.0,0.03,glr_two_sided,200,200,358,9000,0.06
student5,2,common_down,6.0,0.01,energy,200,191,122,9000,0.345
student5,2,common_down,6.0,0.03,energy,200,200,318,9000,0.07
student5,2,common_down,6.0,0.01,mahalanobis,200,103,107,9000,1.84
student5,2,common_down,6.0,0.03,mahalanobis,200,193,314,9000,0.33
student5,2,common_up,2.0,0.01,stouffer_down,200,1,125,9000,2.985
student5,2,common_up,2.0,0.03,stouffer_down,200,2,310,9000,2.97
student5,2,common_up,2.0,0.01,stouffer_two_sided,200,31,132,9000,2.68
student5,2,common_up,2.0,0.03,stouffer_two_sided,200,86,336,9000,2.145
student5,2,common_up,2.0,0.01,max_absolute,200,9,105,9000,2.925
student5,2,common_up,2.0,0.03,max_absolute,200,34,300,9000,2.685
student5,2,common_up,2.0,0.01,glr_two_sided,200,26,110,9000,2.775
student5,2,common_up,2.0,0.03,glr_two_sided,200,78,358,9000,2.34
student5,2,common_up,2.0,0.01,energy,200,14,122,9000,2.87
student5,2,common_up,2.0,0.03,energy,200,44,318,9000,2.585
student5,2,common_up,2.0,0.01,mahalanobis,200,10,107,9000,2.93
student5,2,common_up,2.0,0.03,mahalanobis,200,24,314,9000,2.79
student5,2,common_up,4.0,0.01,stouffer_down,200,0,125,9000,3.0
student5,2,common_up,4.0,0.03,stouffer_down,200,1,310,9000,2.985
student5,2,common_up,4.0,0.01,stouffer_two_sided,200,171,132,9000,1.045
student5,2,common_up,4.0,0.03,stouffer_two_sided,200,198,336,9000,0.325
student5,2,common_up,4.0,0.01,max_absolute,200,29,105,9000,2.73
student5,2,common_up,4.0,0.03,max_absolute,200,105,300,9000,1.915
student5,2,common_up,4.0,0.01,glr_two_sided,200,178,110,9000,1.38
student5,2,common_up,4.0,0.03,glr_two_sided,200,197,358,9000,0.695
student5,2,common_up,4.0,0.01,energy,200,74,122,9000,2.285
student5,2,common_up,4.0,0.03,energy,200,168,318,9000,1.095
student5,2,common_up,4.0,0.01,mahalanobis,200,21,107,9000,2.8
student5,2,common_up,4.0,0.03,mahalanobis,200,87,314,9000,2.175
student5,2,common_up,6.0,0.01,stouffer_down,200,0,125,9000,3.0
student5,2,common_up,6.0,0.03,stouffer_down,200,0,310,9000,3.0
student5,2,common_up,6.0,0.01,stouffer_two_sided,200,200,132,9000,0.07
student5,2,common_up,6.0,0.03,stouffer_two_sided,200,200,336,9000,0.035
student5,2,common_up,6.0,0.01,max_absolute,200,99,105,9000,1.975
student5,2,common_up,6.0,0.03,max_absolute,200,186,300,9000,0.65
student5,2,common_up,6.0,0.01,glr_two_sided,200,200,110,9000,0.3
student5,2,common_up,6.0,0.03,glr_two_sided,200,200,358,9000,0.07
student5,2,common_up,6.0,0.01,energy,200,194,122,9000,0.485
student5,2,common_up,6.0,0.03,energy,200,200,318,9000,0.085
student5,2,common_up,6.0,0.01,mahalanobis,200,92,107,9000,2.105
student5,2,common_up,6.0,0.03,mahalanobis,200,191,314,9000,0.51
student5,2,sparse_down,2.0,0.01,stouffer_down,200,23,125,9000,2.76
student5,2,sparse_down,2.0,0.03,stouffer_down,200,53,310,9000,2.44
student5,2,sparse_down,2.0,0.01,stouffer_two_sided,200,15,132,9000,2.84
student5,2,sparse_down,2.0,0.03,stouffer_two_sided,200,33,336,9000,2.665
student5,2,sparse_down,2.0,0.01,max_absolute,200,14,105,9000,2.87
student5,2,sparse_down,2.0,0.03,max_absolute,200,50,300,9000,2.51
student5,2,sparse_down,2.0,0.01,glr_two_sided,200,7,110,9000,2.915
student5,2,sparse_down,2.0,0.03,glr_two_sided,200,27,358,9000,2.7
student5,2,sparse_down,2.0,0.01,energy,200,10,122,9000,2.91
student5,2,sparse_down,2.0,0.03,energy,200,43,318,9000,2.6
student5,2,sparse_down,2.0,0.01,mahalanobis,200,15,107,9000,2.865
student5,2,sparse_down,2.0,0.03,mahalanobis,200,44,314,9000,2.59
student5,2,sparse_down,4.0,0.01,stouffer_down,200,52,125,9000,2.45
student5,2,sparse_down,4.0,0.03,stouffer_down,200,115,310,9000,1.63
student5,2,sparse_down,4.0,0.01,stouffer_two_sided,200,30,132,9000,2.695
student5,2,sparse_down,4.0,0.03,stouffer_two_sided,200,73,336,9000,2.185
student5,2,sparse_down,4.0,0.01,max_absolute,200,141,105,9000,1.25
student5,2,sparse_down,4.0,0.03,max_absolute,200,196,300,9000,0.195
student5,2,sparse_down,4.0,0.01,glr_two_sided,200,24,110,9000,2.78
student5,2,sparse_down,4.0,0.03,glr_two_sided,200,65,358,9000,2.37
student5,2,sparse_down,4.0,0.01,energy,200,55,122,9000,2.48
student5,2,sparse_down,4.0,0.03,energy,200,168,318,9000,0.865
student5,2,sparse_down,4.0,0.01,mahalanobis,200,71,107,9000,2.27
student5,2,sparse_down,4.0,0.03,mahalanobis,200,182,314,9000,0.525
student5,2,sparse_down,6.0,0.01,stouffer_down,200,113,125,9000,1.665
student5,2,sparse_down,6.0,0.03,stouffer_down,200,167,310,9000,0.775
student5,2,sparse_down,6.0,0.01,stouffer_two_sided,200,68,132,9000,2.265
student5,2,sparse_down,6.0,0.03,stouffer_two_sided,200,136,336,9000,1.345
student5,2,sparse_down,6.0,0.01,max_absolute,200,200,105,9000,0.015
student5,2,sparse_down,6.0,0.03,max_absolute,200,200,300,9000,0.0
student5,2,sparse_down,6.0,0.01,glr_two_sided,200,78,110,9000,2.33
student5,2,sparse_down,6.0,0.03,glr_two_sided,200,143,358,9000,1.61
student5,2,sparse_down,6.0,0.01,energy,200,197,122,9000,0.195
student5,2,sparse_down,6.0,0.03,energy,200,200,318,9000,0.0
student5,2,sparse_down,6.0,0.01,mahalanobis,200,200,107,9000,0.1
student5,2,sparse_down,6.0,0.03,mahalanobis,200,200,314,9000,0.0
student5,2,opposed,2.0,0.01,stouffer_down,200,11,125,9000,2.895
student5,2,opposed,2.0,0.03,stouffer_down,200,25,310,9000,2.735
student5,2,opposed,2.0,0.01,stouffer_two_sided,200,8,132,9000,2.915
student5,2,opposed,2.0,0.03,stouffer_two_sided,200,23,336,9000,2.74
student5,2,opposed,2.0,0.01,max_absolute,200,14,105,9000,2.905
student5,2,opposed,2.0,0.03,max_absolute,200,44,300,9000,2.635
student5,2,opposed,2.0,0.01,glr_two_sided,200,4,110,9000,2.95
student5,2,opposed,2.0,0.03,glr_two_sided,200,15,358,9000,2.83
student5,2,opposed,2.0,0.01,energy,200,12,122,9000,2.91
student5,2,opposed,2.0,0.03,energy,200,41,318,9000,2.615
student5,2,opposed,2.0,0.01,mahalanobis,200,15,107,9000,2.885
student5,2,opposed,2.0,0.03,mahalanobis,200,49,314,9000,2.545
student5,2,opposed,4.0,0.01,stouffer_down,200,11,125,9000,2.895
student5,2,opposed,4.0,0.03,stouffer_down,200,25,310,9000,2.735
student5,2,opposed,4.0,0.01,stouffer_two_sided,200,8,132,9000,2.915
student5,2,opposed,4.0,0.03,stouffer_two_sided,200,23,336,9000,2.74
student5,2,opposed,4.0,0.01,max_absolute,200,80,105,9000,2.195
student5,2,opposed,4.0,0.03,max_absolute,200,177,300,9000,0.725
student5,2,opposed,4.0,0.01,glr_two_sided,200,4,110,9000,2.95
student5,2,opposed,4.0,0.03,glr_two_sided,200,15,358,9000,2.83
student5,2,opposed,4.0,0.01,energy,200,61,122,9000,2.43
student5,2,opposed,4.0,0.03,energy,200,169,318,9000,0.82
student5,2,opposed,4.0,0.01,mahalanobis,200,105,107,9000,1.96
student5,2,opposed,4.0,0.03,mahalanobis,200,193,314,9000,0.36
student5,2,opposed,6.0,0.01,stouffer_down,200,11,125,9000,2.895
student5,2,opposed,6.0,0.03,stouffer_down,200,25,310,9000,2.735
student5,2,opposed,6.0,0.01,stouffer_two_sided,200,8,132,9000,2.915
student5,2,opposed,6.0,0.03,stouffer_two_sided,200,23,336,9000,2.74
student5,2,opposed,6.0,0.01,max_absolute,200,197,105,9000,0.26
student5,2,opposed,6.0,0.03,max_absolute,200,200,300,9000,0.02
student5,2,opposed,6.0,0.01,glr_two_sided,200,4,110,9000,2.95
student5,2,opposed,6.0,0.03,glr_two_sided,200,15,358,9000,2.83
student5,2,opposed,6.0,0.01,energy,200,197,122,9000,0.225
student5,2,opposed,6.0,0.03,energy,200,200,318,9000,0.025
student5,2,opposed,6.0,0.01,mahalanobis,200,198,107,9000,0.075
student5,2,opposed,6.0,0.03,mahalanobis,200,200,314,9000,0.015
student5,2,ramp_down,2.0,0.01,stouffer_down,200,35,125,9000,2.715
student5,2,ramp_down,2.0,0.03,stouffer_down,200,83,310,9000,2.28
student5,2,ramp_down,2.0,0.01,stouffer_two_sided,200,24,132,9000,2.81
student5,2,ramp_down,2.0,0.03,stouffer_two_sided,200,50,336,9000,2.565
student5,2,ramp_down,2.0,0.01,max_absolute,200,8,105,9000,2.94
student5,2,ramp_down,2.0,0.03,max_absolute,200,31,300,9000,2.725
student5,2,ramp_down,2.0,0.01,glr_two_sided,200,15,110,9000,2.88
student5,2,ramp_down,2.0,0.03,glr_two_sided,200,43,358,9000,2.615
student5,2,ramp_down,2.0,0.01,energy,200,12,122,9000,2.9
student5,2,ramp_down,2.0,0.03,energy,200,36,318,9000,2.685
student5,2,ramp_down,2.0,0.01,mahalanobis,200,10,107,9000,2.925
student5,2,ramp_down,2.0,0.03,mahalanobis,200,27,314,9000,2.775
student5,2,ramp_down,4.0,0.01,stouffer_down,200,142,125,9000,1.95
student5,2,ramp_down,4.0,0.03,stouffer_down,200,189,310,9000,1.27
student5,2,ramp_down,4.0,0.01,stouffer_two_sided,200,102,132,9000,2.295
student5,2,ramp_down,4.0,0.03,stouffer_two_sided,200,165,336,9000,1.715
student5,2,ramp_down,4.0,0.01,max_absolute,200,23,105,9000,2.85
student5,2,ramp_down,4.0,0.03,max_absolute,200,57,300,9000,2.565
student5,2,ramp_down,4.0,0.01,glr_two_sided,200,85,110,9000,2.435
student5,2,ramp_down,4.0,0.03,glr_two_sided,200,155,358,9000,1.86
student5,2,ramp_down,4.0,0.01,energy,200,39,122,9000,2.735
student5,2,ramp_down,4.0,0.03,energy,200,106,318,9000,2.255
student5,2,ramp_down,4.0,0.01,mahalanobis,200,17,107,9000,2.89
student5,2,ramp_down,4.0,0.03,mahalanobis,200,53,314,9000,2.585
student5,2,ramp_down,6.0,0.01,stouffer_down,200,199,125,9000,1.16
student5,2,ramp_down,6.0,0.03,stouffer_down,200,200,310,9000,0.72
student5,2,ramp_down,6.0,0.01,stouffer_two_sided,200,195,132,9000,1.455
student5,2,ramp_down,6.0,0.03,stouffer_two_sided,200,200,336,9000,0.98
student5,2,ramp_down,6.0,0.01,max_absolute,200,51,105,9000,2.67
student5,2,ramp_down,6.0,0.03,max_absolute,200,138,300,9000,2.025
student5,2,ramp_down,6.0,0.01,glr_two_sided,200,187,110,9000,1.675
student5,2,ramp_down,6.0,0.03,glr_two_sided,200,200,358,9000,1.275
student5,2,ramp_down,6.0,0.01,energy,200,138,122,9000,2.12
student5,2,ramp_down,6.0,0.03,energy,200,197,318,9000,1.415
student5,2,ramp_down,6.0,0.01,mahalanobis,200,46,107,9000,2.71
student5,2,ramp_down,6.0,0.03,mahalanobis,200,146,314,9000,2.01
student5,3,common_down,2.0,0.01,stouffer_down,200,59,93,9000,2.42
student5,3,common_down,2.0,0.03,stouffer_down,200,140,301,9000,1.45
student5,3,common_down,2.0,0.01,stouffer_two_sided,200,33,110,9000,2.685
student5,3,common_down,2.0,0.03,stouffer_two_sided,200,86,310,9000,2.14
student5,3,common_down,2.0,0.01,max_absolute,200,13,105,9000,2.85
student5,3,common_down,2.0,0.03,max_absolute,200,36,288,9000,2.68
student5,3,common_down,2.0,0.01,glr_two_sided,200,33,78,9000,2.75
student5,3,common_down,2.0,0.03,glr_two_sided,200,81,310,9000,2.33
student5,3,common_down,2.0,0.01,energy,200,16,115,9000,2.84
student5,3,common_down,2.0,0.03,energy,200,50,318,9000,2.51
student5,3,common_down,2.0,0.01,mahalanobis,200,13,107,9000,2.845
student5,3,common_down,2.0,0.03,mahalanobis,200,35,302,9000,2.63
student5,3,common_down,4.0,0.01,stouffer_down,200,191,93,9000,0.46
student5,3,common_down,4.0,0.03,stouffer_down,200,200,301,9000,0.13
student5,3,common_down,4.0,0.01,stouffer_two_sided,200,171,110,9000,0.89
student5,3,common_down,4.0,0.03,stouffer_two_sided,200,196,310,9000,0.285
student5,3,common_down,4.0,0.01,max_absolute,200,29,105,9000,2.74
student5,3,common_down,4.0,0.03,max_absolute,200,103,288,9000,1.89
student5,3,common_down,4.0,0.01,glr_two_sided,200,177,78,9000,1.315
student5,3,common_down,4.0,0.03,glr_two_sided,200,194,310,9000,0.615
student5,3,common_down,4.0,0.01,energy,200,77,115,9000,2.23
student5,3,common_down,4.0,0.03,energy,200,171,318,9000,0.87
student5,3,common_down,4.0,0.01,mahalanobis,200,24,107,9000,2.76
student5,3,common_down,4.0,0.03,mahalanobis,200,93,302,9000,2.015
student5,3,common_down,6.0,0.01,stouffer_down,200,200,93,9000,0.035
student5,3,common_down,6.0,0.03,stouffer_down,200,200,301,9000,0.01
student5,3,common_down,6.0,0.01,stouffer_two_sided,200,200,110,9000,0.06
student5,3,common_down,6.0,0.03,stouffer_two_sided,200,200,310,9000,0.03
student5,3,common_down,6.0,0.01,max_absolute,200,99,105,9000,1.935
student5,3,common_down,6.0,0.03,max_absolute,200,191,288,9000,0.425
student5,3,common_down,6.0,0.01,glr_two_sided,200,200,78,9000,0.215
student5,3,common_down,6.0,0.03,glr_two_sided,200,200,310,9000,0.065
student5,3,common_down,6.0,0.01,energy,200,194,115,9000,0.315
student5,3,common_down,6.0,0.03,energy,200,200,318,9000,0.06
student5,3,common_down,6.0,0.01,mahalanobis,200,96,107,9000,1.985
student5,3,common_down,6.0,0.03,mahalanobis,200,194,302,9000,0.32
student5,3,common_up,2.0,0.01,stouffer_down,200,0,93,9000,3.0
student5,3,common_up,2.0,0.03,stouffer_down,200,4,301,9000,2.95
student5,3,common_up,2.0,0.01,stouffer_two_sided,200,34,110,9000,2.64
student5,3,common_up,2.0,0.03,stouffer_two_sided,200,82,310,9000,2.06
student5,3,common_up,2.0,0.01,max_absolute,200,15,105,9000,2.84
student5,3,common_up,2.0,0.03,max_absolute,200,40,288,9000,2.585
student5,3,common_up,2.0,0.01,glr_two_sided,200,32,78,9000,2.76
student5,3,common_up,2.0,0.03,glr_two_sided,200,76,310,9000,2.33
student5,3,common_up,2.0,0.01,energy,200,25,115,9000,2.74
student5,3,common_up,2.0,0.03,energy,200,53,318,9000,2.415
student5,3,common_up,2.0,0.01,mahalanobis,200,13,107,9000,2.855
student5,3,common_up,2.0,0.03,mahalanobis,200,36,302,9000,2.63
student5,3,common_up,4.0,0.01,stouffer_down,200,0,93,9000,3.0
student5,3,common_up,4.0,0.03,stouffer_down,200,0,301,9000,3.0
student5,3,common_up,4.0,0.01,stouffer_two_sided,200,166,110,9000,0.975
student5,3,common_up,4.0,0.03,stouffer_two_sided,200,197,310,9000,0.225
student5,3,common_up,4.0,0.01,max_absolute,200,37,105,9000,2.62
student5,3,common_up,4.0,0.03,max_absolute,200,97,288,9000,1.91
student5,3,common_up,4.0,0.01,glr_two_sided,200,176,78,9000,1.3
student5,3,common_up,4.0,0.03,glr_two_sided,200,195,310,9000,0.615
student5,3,common_up,4.0,0.01,energy,200,76,115,9000,2.135
student5,3,common_up,4.0,0.03,energy,200,167,318,9000,1.015
student5,3,common_up,4.0,0.01,mahalanobis,200,28,107,9000,2.705
student5,3,common_up,4.0,0.03,mahalanobis,200,90,302,9000,2.015
student5,3,common_up,6.0,0.01,stouffer_down,200,0,93,9000,3.0
student5,3,common_up,6.0,0.03,stouffer_down,200,0,301,9000,3.0
student5,3,common_up,6.0,0.01,stouffer_two_sided,200,200,110,9000,0.04
student5,3,common_up,6.0,0.03,stouffer_two_sided,200,200,310,9000,0.02
student5,3,common_up,6.0,0.01,max_absolute,200,92,105,9000,1.96
student5,3,common_up,6.0,0.03,max_absolute,200,190,288,9000,0.49
student5,3,common_up,6.0,0.01,glr_two_sided,200,200,78,9000,0.205
student5,3,common_up,6.0,0.03,glr_two_sided,200,200,310,9000,0.045
student5,3,common_up,6.0,0.01,energy,200,192,115,9000,0.37
student5,3,common_up,6.0,0.03,energy,200,200,318,9000,0.05
student5,3,common_up,6.0,0.01,mahalanobis,200,100,107,9000,1.885
student5,3,common_up,6.0,0.03,mahalanobis,200,193,302,9000,0.35
student5,3,sparse_down,2.0,0.01,stouffer_down,200,21,93,9000,2.8
student5,3,sparse_down,2.0,0.03,stouffer_down,200,53,301,9000,2.5
student5,3,sparse_down,2.0,0.01,stouffer_two_sided,200,11,110,9000,2.885
student5,3,sparse_down,2.0,0.03,stouffer_two_sided,200,31,310,9000,2.705
student5,3,sparse_down,2.0,0.01,max_absolute,200,21,105,9000,2.795
student5,3,sparse_down,2.0,0.03,max_absolute,200,48,288,9000,2.465
student5,3,sparse_down,2.0,0.01,glr_two_sided,200,7,78,9000,2.92
student5,3,sparse_down,2.0,0.03,glr_two_sided,200,20,310,9000,2.78
student5,3,sparse_down,2.0,0.01,energy,200,17,115,9000,2.835
student5,3,sparse_down,2.0,0.03,energy,200,40,318,9000,2.61
student5,3,sparse_down,2.0,0.01,mahalanobis,200,16,107,9000,2.83
student5,3,sparse_down,2.0,0.03,mahalanobis,200,43,302,9000,2.54
student5,3,sparse_down,4.0,0.01,stouffer_down,200,51,93,9000,2.515
student5,3,sparse_down,4.0,0.03,stouffer_down,200,115,301,9000,1.76
student5,3,sparse_down,4.0,0.01,stouffer_two_sided,200,29,110,9000,2.725
student5,3,sparse_down,4.0,0.03,stouffer_two_sided,200,69,310,9000,2.325
student5,3,sparse_down,4.0,0.01,max_absolute,200,158,105,9000,1.15
student5,3,sparse_down,4.0,0.03,max_absolute,200,197,288,9000,0.265
student5,3,sparse_down,4.0,0.01,glr_two_sided,200,18,78,9000,2.84
student5,3,sparse_down,4.0,0.03,glr_two_sided,200,65,310,9000,2.47
student5,3,sparse_down,4.0,0.01,energy,200,54,115,9000,2.43
student5,3,sparse_down,4.0,0.03,energy,200,164,318,9000,0.965
student5,3,sparse_down,4.0,0.01,mahalanobis,200,72,107,9000,2.255
student5,3,sparse_down,4.0,0.03,mahalanobis,200,184,302,9000,0.595
student5,3,sparse_down,6.0,0.01,stouffer_down,200,113,93,9000,1.785
student5,3,sparse_down,6.0,0.03,stouffer_down,200,176,301,9000,0.78
student5,3,sparse_down,6.0,0.01,stouffer_two_sided,200,65,110,9000,2.36
student5,3,sparse_down,6.0,0.03,stouffer_two_sided,200,147,310,9000,1.33
student5,3,sparse_down,6.0,0.01,max_absolute,200,200,105,9000,0.045
student5,3,sparse_down,6.0,0.03,max_absolute,200,200,288,9000,0.005
student5,3,sparse_down,6.0,0.01,glr_two_sided,200,80,78,9000,2.4
student5,3,sparse_down,6.0,0.03,glr_two_sided,200,140,310,9000,1.695
student5,3,sparse_down,6.0,0.01,energy,200,196,115,9000,0.31
student5,3,sparse_down,6.0,0.03,energy,200,200,318,9000,0.015
student5,3,sparse_down,6.0,0.01,mahalanobis,200,199,107,9000,0.155
student5,3,sparse_down,6.0,0.03,mahalanobis,200,200,302,9000,0.01
student5,3,opposed,2.0,0.01,stouffer_down,200,7,93,9000,2.925
student5,3,opposed,2.0,0.03,stouffer_down,200,21,301,9000,2.8
student5,3,opposed,2.0,0.01,stouffer_two_sided,200,8,110,9000,2.915
student5,3,opposed,2.0,0.03,stouffer_two_sided,200,21,310,9000,2.78
student5,3,opposed,2.0,0.01,max_absolute,200,18,105,9000,2.795
student5,3,opposed,2.0,0.03,max_absolute,200,48,288,9000,2.515
student5,3,opposed,2.0,0.01,glr_two_sided,200,4,78,9000,2.96
student5,3,opposed,2.0,0.03,glr_two_sided,200,13,310,9000,2.87
student5,3,opposed,2.0,0.01,energy,200,18,115,9000,2.81
student5,3,opposed,2.0,0.03,energy,200,46,318,9000,2.545
student5,3,opposed,2.0,0.01,mahalanobis,200,22,107,9000,2.775
student5,3,opposed,2.0,0.03,mahalanobis,200,60,302,9000,2.36
student5,3,opposed,4.0,0.01,stouffer_down,200,7,93,9000,2.925
student5,3,opposed,4.0,0.03,stouffer_down,200,21,301,9000,2.8
student5,3,opposed,4.0,0.01,stouffer_two_sided,200,8,110,9000,2.915
student5,3,opposed,4.0,0.03,stouffer_two_sided,200,21,310,9000,2.78
student5,3,opposed,4.0,0.01,max_absolute,200,71,105,9000,2.225
student5,3,opposed,4.0,0.03,max_absolute,200,178,288,9000,0.805
student5,3,opposed,4.0,0.01,glr_two_sided,200,4,78,9000,2.96
student5,3,opposed,4.0,0.03,glr_two_sided,200,13,310,9000,2.87
student5,3,opposed,4.0,0.01,energy,200,60,115,9000,2.38
student5,3,opposed,4.0,0.03,energy,200,172,318,9000,0.935
student5,3,opposed,4.0,0.01,mahalanobis,200,107,107,9000,1.845
student5,3,opposed,4.0,0.03,mahalanobis,200,188,302,9000,0.475
student5,3,opposed,6.0,0.01,stouffer_down,200,7,93,9000,2.925
student5,3,opposed,6.0,0.03,stouffer_down,200,21,301,9000,2.8
student5,3,opposed,6.0,0.01,stouffer_two_sided,200,8,110,9000,2.915
student5,3,opposed,6.0,0.03,stouffer_two_sided,200,21,310,9000,2.78
student5,3,opposed,6.0,0.01,max_absolute,200,197,105,9000,0.305
student5,3,opposed,6.0,0.03,max_absolute,200,200,288,9000,0.02
student5,3,opposed,6.0,0.01,glr_two_sided,200,4,78,9000,2.96
student5,3,opposed,6.0,0.03,glr_two_sided,200,13,310,9000,2.87
student5,3,opposed,6.0,0.01,energy,200,193,115,9000,0.305
student5,3,opposed,6.0,0.03,energy,200,200,318,9000,0.015
student5,3,opposed,6.0,0.01,mahalanobis,200,199,107,9000,0.09
student5,3,opposed,6.0,0.03,mahalanobis,200,200,302,9000,0.01
student5,3,ramp_down,2.0,0.01,stouffer_down,200,37,93,9000,2.72
student5,3,ramp_down,2.0,0.03,stouffer_down,200,97,301,9000,2.25
student5,3,ramp_down,2.0,0.01,stouffer_two_sided,200,22,110,9000,2.83
student5,3,ramp_down,2.0,0.03,stouffer_two_sided,200,60,310,9000,2.54
student5,3,ramp_down,2.0,0.01,max_absolute,200,11,105,9000,2.875
student5,3,ramp_down,2.0,0.03,max_absolute,200,35,288,9000,2.69
student5,3,ramp_down,2.0,0.01,glr_two_sided,200,11,78,9000,2.9
student5,3,ramp_down,2.0,0.03,glr_two_sided,200,45,310,9000,2.655
student5,3,ramp_down,2.0,0.01,energy,200,14,115,9000,2.86
student5,3,ramp_down,2.0,0.03,energy,200,39,318,9000,2.645
student5,3,ramp_down,2.0,0.01,mahalanobis,200,12,107,9000,2.855
student5,3,ramp_down,2.0,0.03,mahalanobis,200,32,302,9000,2.685
student5,3,ramp_down,4.0,0.01,stouffer_down,200,149,93,9000,1.94
student5,3,ramp_down,4.0,0.03,stouffer_down,200,184,301,9000,1.345
student5,3,ramp_down,4.0,0.01,stouffer_two_sided,200,113,110,9000,2.25
student5,3,ramp_down,4.0,0.03,stouffer_two_sided,200,168,310,9000,1.69
student5,3,ramp_down,4.0,0.01,max_absolute,200,25,105,9000,2.785
student5,3,ramp_down,4.0,0.03,max_absolute,200,63,288,9000,2.505
student5,3,ramp_down,4.0,0.01,glr_two_sided,200,96,78,9000,2.43
student5,3,ramp_down,4.0,0.03,glr_two_sided,200,154,310,9000,1.94
student5,3,ramp_down,4.0,0.01,energy,200,44,115,9000,2.695
student5,3,ramp_down,4.0,0.03,energy,200,117,318,9000,2.155
student5,3,ramp_down,4.0,0.01,mahalanobis,200,18,107,9000,2.825
student5,3,ramp_down,4.0,0.03,mahalanobis,200,62,302,9000,2.5
student5,3,ramp_down,6.0,0.01,stouffer_down,200,194,93,9000,1.235
student5,3,ramp_down,6.0,0.03,stouffer_down,200,200,301,9000,0.77
student5,3,ramp_down,6.0,0.01,stouffer_two_sided,200,187,110,9000,1.455
student5,3,ramp_down,6.0,0.03,stouffer_two_sided,200,196,310,9000,1.055
student5,3,ramp_down,6.0,0.01,max_absolute,200,55,105,9000,2.615
student5,3,ramp_down,6.0,0.03,max_absolute,200,149,288,9000,1.94
student5,3,ramp_down,6.0,0.01,glr_two_sided,200,183,78,9000,1.8
student5,3,ramp_down,6.0,0.03,glr_two_sided,200,193,310,9000,1.305
student5,3,ramp_down,6.0,0.01,energy,200,154,115,9000,2.01
student5,3,ramp_down,6.0,0.03,energy,200,190,318,9000,1.38
student5,3,ramp_down,6.0,0.01,mahalanobis,200,59,107,9000,2.6
student5,3,ramp_down,6.0,0.03,mahalanobis,200,160,302,9000,1.85
student5,4,common_down,2.0,0.01,stouffer_down,200,63,83,9000,2.245
student5,4,common_down,2.0,0.03,stouffer_down,200,128,257,9000,1.495
student5,4,common_down,2.0,0.01,stouffer_two_sided,200,34,107,9000,2.61
student5,4,common_down,2.0,0.03,stouffer_two_sided,200,85,268,9000,1.995
student5,4,common_down,2.0,0.01,max_absolute,200,3,86,9000,2.955
student5,4,common_down,2.0,0.03,max_absolute,200,27,274,9000,2.675
student5,4,common_down,2.0,0.01,glr_two_sided,200,35,74,9000,2.72
student5,4,common_down,2.0,0.03,glr_two_sided,200,82,273,9000,2.165
student5,4,common_down,2.0,0.01,energy,200,9,98,9000,2.905
student5,4,common_down,2.0,0.03,energy,200,42,276,9000,2.5
student5,4,common_down,2.0,0.01,mahalanobis,200,2,85,9000,2.98
student5,4,common_down,2.0,0.03,mahalanobis,200,20,291,9000,2.775
student5,4,common_down,4.0,0.01,stouffer_down,200,190,83,9000,0.47
student5,4,common_down,4.0,0.03,stouffer_down,200,198,257,9000,0.13
student5,4,common_down,4.0,0.01,stouffer_two_sided,200,167,107,9000,0.965
student5,4,common_down,4.0,0.03,stouffer_two_sided,200,195,268,9000,0.315
student5,4,common_down,4.0,0.01,max_absolute,200,22,86,9000,2.725
student5,4,common_down,4.0,0.03,max_absolute,200,106,274,9000,1.8
student5,4,common_down,4.0,0.01,glr_two_sided,200,180,74,9000,1.22
student5,4,common_down,4.0,0.03,glr_two_sided,200,197,273,9000,0.61
student5,4,common_down,4.0,0.01,energy,200,70,98,9000,2.135
student5,4,common_down,4.0,0.03,energy,200,165,276,9000,0.955
student5,4,common_down,4.0,0.01,mahalanobis,200,16,85,9000,2.82
student5,4,common_down,4.0,0.03,mahalanobis,200,88,291,9000,1.925
student5,4,common_down,6.0,0.01,stouffer_down,200,199,83,9000,0.025
student5,4,common_down,6.0,0.03,stouffer_down,200,200,257,9000,0.0
student5,4,common_down,6.0,0.01,stouffer_two_sided,200,198,107,9000,0.08
student5,4,common_down,6.0,0.03,stouffer_two_sided,200,199,268,9000,0.02
student5,4,common_down,6.0,0.01,max_absolute,200,95,86,9000,1.905
student5,4,common_down,6.0,0.03,max_absolute,200,188,274,9000,0.465
student5,4,common_down,6.0,0.01,glr_two_sided,200,198,74,9000,0.255
student5,4,common_down,6.0,0.03,glr_two_sided,200,198,273,9000,0.08
student5,4,common_down,6.0,0.01,energy,200,190,98,9000,0.4
student5,4,common_down,6.0,0.03,energy,200,198,276,9000,0.075
student5,4,common_down,6.0,0.01,mahalanobis,200,91,85,9000,1.875
student5,4,common_down,6.0,0.03,mahalanobis,200,192,291,9000,0.365
student5,4,common_up,2.0,0.01,stouffer_down,200,0,83,9000,3.0
student5,4,common_up,2.0,0.03,stouffer_down,200,1,257,9000,2.985
student5,4,common_up,2.0,0.01,stouffer_two_sided,200,28,107,9000,2.68
student5,4,common_up,2.0,0.03,stouffer_two_sided,200,83,268,9000,2.08
student5,4,common_up,2.0,0.01,max_absolute,200,4,86,9000,2.965
student5,4,common_up,2.0,0.03,max_absolute,200,18,274,9000,2.815
student5,4,common_up,2.0,0.01,glr_two_sided,200,26,74,9000,2.77
student5,4,common_up,2.0,0.03,glr_two_sided,200,79,273,9000,2.22
student5,4,common_up,2.0,0.01,energy,200,7,98,9000,2.94
student5,4,common_up,2.0,0.03,energy,200,33,276,9000,2.62
student5,4,common_up,2.0,0.01,mahalanobis,200,4,85,9000,2.965
student5,4,common_up,2.0,0.03,mahalanobis,200,18,291,9000,2.82
student5,4,common_up,4.0,0.01,stouffer_down,200,0,83,9000,3.0
student5,4,common_up,4.0,0.03,stouffer_down,200,0,257,9000,3.0
student5,4,common_up,4.0,0.01,stouffer_two_sided,200,161,107,9000,1.005
student5,4,common_up,4.0,0.03,stouffer_two_sided,200,195,268,9000,0.34
student5,4,common_up,4.0,0.01,max_absolute,200,17,86,9000,2.83
student5,4,common_up,4.0,0.03,max_absolute,200,85,274,9000,1.995
student5,4,common_up,4.0,0.01,glr_two_sided,200,176,74,9000,1.29
student5,4,common_up,4.0,0.03,glr_two_sided,200,195,273,9000,0.64
student5,4,common_up,4.0,0.01,energy,200,63,98,9000,2.31
student5,4,common_up,4.0,0.03,energy,200,157,276,9000,1.07
student5,4,common_up,4.0,0.01,mahalanobis,200,14,85,9000,2.865
student5,4,common_up,4.0,0.03,mahalanobis,200,76,291,9000,2.145
student5,4,common_up,6.0,0.01,stouffer_down,200,0,83,9000,3.0
student5,4,common_up,6.0,0.03,stouffer_down,200,0,257,9000,3.0
student5,4,common_up,6.0,0.01,stouffer_two_sided,200,200,107,9000,0.09
student5,4,common_up,6.0,0.03,stouffer_two_sided,200,200,268,9000,0.03
student5,4,common_up,6.0,0.01,max_absolute,200,78,86,9000,2.08
student5,4,common_up,6.0,0.03,max_absolute,200,187,274,9000,0.565
student5,4,common_up,6.0,0.01,glr_two_sided,200,200,74,9000,0.29
student5,4,common_up,6.0,0.03,glr_two_sided,200,200,273,9000,0.08
student5,4,common_up,6.0,0.01,energy,200,190,98,9000,0.465
student5,4,common_up,6.0,0.03,energy,200,200,276,9000,0.08
student5,4,common_up,6.0,0.01,mahalanobis,200,81,85,9000,2.12
student5,4,common_up,6.0,0.03,mahalanobis,200,191,291,9000,0.41
student5,4,sparse_down,2.0,0.01,stouffer_down,200,19,83,9000,2.79
student5,4,sparse_down,2.0,0.03,stouffer_down,200,52,257,9000,2.37
student5,4,sparse_down,2.0,0.01,stouffer_two_sided,200,11,107,9000,2.875
student5,4,sparse_down,2.0,0.03,stouffer_two_sided,200,29,268,9000,2.665
student5,4,sparse_down,2.0,0.01,max_absolute,200,13,86,9000,2.855
student5,4,sparse_down,2.0,0.03,max_absolute,200,57,274,9000,2.385
student5,4,sparse_down,2.0,0.01,glr_two_sided,200,8,74,9000,2.92
student5,4,sparse_down,2.0,0.03,glr_two_sided,200,24,273,9000,2.755
student5,4,sparse_down,2.0,0.01,energy,200,8,98,9000,2.915
student5,4,sparse_down,2.0,0.03,energy,200,33,276,9000,2.625
student5,4,sparse_down,2.0,0.01,mahalanobis,200,9,85,9000,2.915
student5,4,sparse_down,2.0,0.03,mahalanobis,200,41,291,9000,2.515
student5,4,sparse_down,4.0,0.01,stouffer_down,200,50,83,9000,2.39
student5,4,sparse_down,4.0,0.03,stouffer_down,200,112,257,9000,1.675
student5,4,sparse_down,4.0,0.01,stouffer_two_sided,200,29,107,9000,2.665
student5,4,sparse_down,4.0,0.03,stouffer_two_sided,200,74,268,9000,2.11
student5,4,sparse_down,4.0,0.01,max_absolute,200,139,86,9000,1.28
student5,4,sparse_down,4.0,0.03,max_absolute,200,199,274,9000,0.245
student5,4,sparse_down,4.0,0.01,glr_two_sided,200,22,74,9000,2.815
student5,4,sparse_down,4.0,0.03,glr_two_sided,200,71,273,9000,2.29
student5,4,sparse_down,4.0,0.01,energy,200,59,98,9000,2.355
student5,4,sparse_down,4.0,0.03,energy,200,153,276,9000,1.03
student5,4,sparse_down,4.0,0.01,mahalanobis,200,78,85,9000,2.09
student5,4,sparse_down,4.0,0.03,mahalanobis,200,182,291,9000,0.62
student5,4,sparse_down,6.0,0.01,stouffer_down,200,109,83,9000,1.69
student5,4,sparse_down,6.0,0.03,stouffer_down,200,177,257,9000,0.76
student5,4,sparse_down,6.0,0.01,stouffer_two_sided,200,68,107,9000,2.17
student5,4,sparse_down,6.0,0.03,stouffer_two_sided,200,138,268,9000,1.34
student5,4,sparse_down,6.0,0.01,max_absolute,200,200,86,9000,0.02
student5,4,sparse_down,6.0,0.03,max_absolute,200,200,274,9000,0.005
student5,4,sparse_down,6.0,0.01,glr_two_sided,200,77,74,9000,2.32
student5,4,sparse_down,6.0,0.03,glr_two_sided,200,145,273,9000,1.56
student5,4,sparse_down,6.0,0.01,energy,200,196,98,9000,0.29
student5,4,sparse_down,6.0,0.03,energy,200,200,276,9000,0.005
student5,4,sparse_down,6.0,0.01,mahalanobis,200,200,85,9000,0.09
student5,4,sparse_down,6.0,0.03,mahalanobis,200,200,291,9000,0.005
student5,4,opposed,2.0,0.01,stouffer_down,200,6,83,9000,2.925
student5,4,opposed,2.0,0.03,stouffer_down,200,19,257,9000,2.79
student5,4,opposed,2.0,0.01,stouffer_two_sided,200,3,107,9000,2.965
student5,4,opposed,2.0,0.03,stouffer_two_sided,200,15,268,9000,2.83
student5,4,opposed,2.0,0.01,max_absolute,200,11,86,9000,2.88
student5,4,opposed,2.0,0.03,max_absolute,200,32,274,9000,2.62
student5,4,opposed,2.0,0.01,glr_two_sided,200,3,74,9000,2.965
student5,4,opposed,2.0,0.03,glr_two_sided,200,9,273,9000,2.895
student5,4,opposed,2.0,0.01,energy,200,6,98,9000,2.94
student5,4,opposed,2.0,0.03,energy,200,29,276,9000,2.68
student5,4,opposed,2.0,0.01,mahalanobis,200,6,85,9000,2.945
student5,4,opposed,2.0,0.03,mahalanobis,200,42,291,9000,2.485
student5,4,opposed,4.0,0.01,stouffer_down,200,6,83,9000,2.925
student5,4,opposed,4.0,0.03,stouffer_down,200,19,257,9000,2.79
student5,4,opposed,4.0,0.01,stouffer_two_sided,200,3,107,9000,2.965
student5,4,opposed,4.0,0.03,stouffer_two_sided,200,15,268,9000,2.83
student5,4,opposed,4.0,0.01,max_absolute,200,66,86,9000,2.25
student5,4,opposed,4.0,0.03,max_absolute,200,175,274,9000,0.66
student5,4,opposed,4.0,0.01,glr_two_sided,200,3,74,9000,2.965
student5,4,opposed,4.0,0.03,glr_two_sided,200,9,273,9000,2.895
student5,4,opposed,4.0,0.01,energy,200,50,98,9000,2.425
student5,4,opposed,4.0,0.03,energy,200,165,276,9000,0.83
student5,4,opposed,4.0,0.01,mahalanobis,200,91,85,9000,1.89
student5,4,opposed,4.0,0.03,mahalanobis,200,191,291,9000,0.36
student5,4,opposed,6.0,0.01,stouffer_down,200,6,83,9000,2.925
student5,4,opposed,6.0,0.03,stouffer_down,200,19,257,9000,2.79
student5,4,opposed,6.0,0.01,stouffer_two_sided,200,3,107,9000,2.965
student5,4,opposed,6.0,0.03,stouffer_two_sided,200,15,268,9000,2.83
student5,4,opposed,6.0,0.01,max_absolute,200,192,86,9000,0.24
student5,4,opposed,6.0,0.03,max_absolute,200,200,274,9000,0.015
student5,4,opposed,6.0,0.01,glr_two_sided,200,3,74,9000,2.965
student5,4,opposed,6.0,0.03,glr_two_sided,200,9,273,9000,2.895
student5,4,opposed,6.0,0.01,energy,200,197,98,9000,0.24
student5,4,opposed,6.0,0.03,energy,200,200,276,9000,0.01
student5,4,opposed,6.0,0.01,mahalanobis,200,199,85,9000,0.075
student5,4,opposed,6.0,0.03,mahalanobis,200,200,291,9000,0.0
student5,4,ramp_down,2.0,0.01,stouffer_down,200,32,83,9000,2.72
student5,4,ramp_down,2.0,0.03,stouffer_down,200,90,257,9000,2.215
student5,4,ramp_down,2.0,0.01,stouffer_two_sided,200,17,107,9000,2.84
student5,4,ramp_down,2.0,0.03,stouffer_two_sided,200,54,268,9000,2.535
student5,4,ramp_down,2.0,0.01,max_absolute,200,1,86,9000,2.985
student5,4,ramp_down,2.0,0.03,max_absolute,200,13,274,9000,2.87
student5,4,ramp_down,2.0,0.01,glr_two_sided,200,14,74,9000,2.89
student5,4,ramp_down,2.0,0.03,glr_two_sided,200,41,273,9000,2.675
student5,4,ramp_down,2.0,0.01,energy,200,7,98,9000,2.94
student5,4,ramp_down,2.0,0.03,energy,200,23,276,9000,2.785
student5,4,ramp_down,2.0,0.01,mahalanobis,200,1,85,9000,2.99
student5,4,ramp_down,2.0,0.03,mahalanobis,200,17,291,9000,2.825
student5,4,ramp_down,4.0,0.01,stouffer_down,200,162,83,9000,1.835
student5,4,ramp_down,4.0,0.03,stouffer_down,200,189,257,9000,1.235
student5,4,ramp_down,4.0,0.01,stouffer_two_sided,200,117,107,9000,2.22
student5,4,ramp_down,4.0,0.03,stouffer_two_sided,200,175,268,9000,1.63
student5,4,ramp_down,4.0,0.01,max_absolute,200,8,86,9000,2.935
student5,4,ramp_down,4.0,0.03,max_absolute,200,56,274,9000,2.58
student5,4,ramp_down,4.0,0.01,glr_two_sided,200,86,74,9000,2.485
student5,4,ramp_down,4.0,0.03,glr_two_sided,200,159,273,9000,1.85
student5,4,ramp_down,4.0,0.01,energy,200,28,98,9000,2.8
student5,4,ramp_down,4.0,0.03,energy,200,118,276,9000,2.145
student5,4,ramp_down,4.0,0.01,mahalanobis,200,7,85,9000,2.95
student5,4,ramp_down,4.0,0.03,mahalanobis,200,41,291,9000,2.675
student5,4,ramp_down,6.0,0.01,stouffer_down,200,198,83,9000,1.115
student5,4,ramp_down,6.0,0.03,stouffer_down,200,199,257,9000,0.715
student5,4,ramp_down,6.0,0.01,stouffer_two_sided,200,195,107,9000,1.435
student5,4,ramp_down,6.0,0.03,stouffer_two_sided,200,198,268,9000,0.97
student5,4,ramp_down,6.0,0.01,max_absolute,200,40,86,9000,2.75
student5,4,ramp_down,6.0,0.03,max_absolute,200,152,274,9000,1.88
student5,4,ramp_down,6.0,0.01,glr_two_sided,200,195,74,9000,1.655
student5,4,ramp_down,6.0,0.03,glr_two_sided,200,198,273,9000,1.26
student5,4,ramp_down,6.0,0.01,energy,200,158,98,9000,2.035
student5,4,ramp_down,6.0,0.03,energy,200,195,276,9000,1.41
student5,4,ramp_down,6.0,0.01,mahalanobis,200,37,85,9000,2.79
student5,4,ramp_down,6.0,0.03,mahalanobis,200,162,291,9000,1.905
student5,5,common_down,2.0,0.01,stouffer_down,200,73,114,9000,2.24
student5,5,common_down,2.0,0.03,stouffer_down,200,134,308,9000,1.465
student5,5,common_down,2.0,0.01,stouffer_two_sided,200,43,95,9000,2.57
student5,5,common_down,2.0,0.03,stouffer_two_sided,200,96,281,9000,1.995
student5,5,common_down,2.0,0.01,max_absolute,200,10,60,9000,2.89
student5,5,common_down,2.0,0.03,max_absolute,200,40,265,9000,2.595
student5,5,common_down,2.0,0.01,glr_two_sided,200,39,73,9000,2.705
student5,5,common_down,2.0,0.03,glr_two_sided,200,94,308,9000,2.16
student5,5,common_down,2.0,0.01,energy,200,19,75,9000,2.815
student5,5,common_down,2.0,0.03,energy,200,54,267,9000,2.44
student5,5,common_down,2.0,0.01,mahalanobis,200,7,65,9000,2.925
student5,5,common_down,2.0,0.03,mahalanobis,200,33,251,9000,2.655
student5,5,common_down,4.0,0.01,stouffer_down,200,185,114,9000,0.46
student5,5,common_down,4.0,0.03,stouffer_down,200,200,308,9000,0.115
student5,5,common_down,4.0,0.01,stouffer_two_sided,200,165,95,9000,0.88
student5,5,common_down,4.0,0.03,stouffer_two_sided,200,190,281,9000,0.31
student5,5,common_down,4.0,0.01,max_absolute,200,36,60,9000,2.615
student5,5,common_down,4.0,0.03,max_absolute,200,109,265,9000,1.8
student5,5,common_down,4.0,0.01,glr_two_sided,200,177,73,9000,1.22
student5,5,common_down,4.0,0.03,glr_two_sided,200,193,308,9000,0.58
student5,5,common_down,4.0,0.01,energy,200,84,75,9000,2.105
student5,5,common_down,4.0,0.03,energy,200,165,267,9000,0.975
student5,5,common_down,4.0,0.01,mahalanobis,200,28,65,9000,2.715
student5,5,common_down,4.0,0.03,mahalanobis,200,99,251,9000,1.93
student5,5,common_down,6.0,0.01,stouffer_down,200,200,114,9000,0.02
student5,5,common_down,6.0,0.03,stouffer_down,200,200,308,9000,0.01
student5,5,common_down,6.0,0.01,stouffer_two_sided,200,200,95,9000,0.065
student5,5,common_down,6.0,0.03,stouffer_two_sided,200,200,281,9000,0.01
student5,5,common_down,6.0,0.01,max_absolute,200,104,60,9000,1.86
student5,5,common_down,6.0,0.03,max_absolute,200,186,265,9000,0.555
student5,5,common_down,6.0,0.01,glr_two_sided,200,200,73,9000,0.22
student5,5,common_down,6.0,0.03,glr_two_sided,200,200,308,9000,0.055
student5,5,common_down,6.0,0.01,energy,200,188,75,9000,0.435
student5,5,common_down,6.0,0.03,energy,200,200,267,9000,0.055
student5,5,common_down,6.0,0.01,mahalanobis,200,106,65,9000,1.85
student5,5,common_down,6.0,0.03,mahalanobis,200,190,251,9000,0.445
student5,5,common_up,2.0,0.01,stouffer_down,200,1,114,9000,2.995
student5,5,common_up,2.0,0.03,stouffer_down,200,3,308,9000,2.965
student5,5,common_up,2.0,0.01,stouffer_two_sided,200,29,95,9000,2.715
student5,5,common_up,2.0,0.03,stouffer_two_sided,200,75,281,9000,2.195
student5,5,common_up,2.0,0.01,max_absolute,200,8,60,9000,2.925
student5,5,common_up,2.0,0.03,max_absolute,200,31,265,9000,2.69
student5,5,common_up,2.0,0.01,glr_two_sided,200,32,73,9000,2.75
student5,5,common_up,2.0,0.03,glr_two_sided,200,68,308,9000,2.365
student5,5,common_up,2.0,0.01,energy,200,11,75,9000,2.905
student5,5,common_up,2.0,0.03,energy,200,38,267,9000,2.635
student5,5,common_up,2.0,0.01,mahalanobis,200,5,65,9000,2.96
student5,5,common_up,2.0,0.03,mahalanobis,200,28,251,9000,2.73
student5,5,common_up,4.0,0.01,stouffer_down,200,0,114,9000,3.0
student5,5,common_up,4.0,0.03,stouffer_down,200,1,308,9000,2.995
student5,5,common_up,4.0,0.01,stouffer_two_sided,200,162,95,9000,1.01
student5,5,common_up,4.0,0.03,stouffer_two_sided,200,195,281,9000,0.31
student5,5,common_up,4.0,0.01,max_absolute,200,25,60,9000,2.755
student5,5,common_up,4.0,0.03,max_absolute,200,89,265,9000,2.06
student5,5,common_up,4.0,0.01,glr_two_sided,200,171,73,9000,1.345
student5,5,common_up,4.0,0.03,glr_two_sided,200,192,308,9000,0.71
student5,5,common_up,4.0,0.01,energy,200,59,75,9000,2.4
student5,5,common_up,4.0,0.03,energy,200,157,267,9000,1.1
student5,5,common_up,4.0,0.01,mahalanobis,200,18,65,9000,2.82
student5,5,common_up,4.0,0.03,mahalanobis,200,78,251,9000,2.21
student5,5,common_up,6.0,0.01,stouffer_down,200,0,114,9000,3.0
student5,5,common_up,6.0,0.03,stouffer_down,200,0,308,9000,3.0
student5,5,common_up,6.0,0.01,stouffer_two_sided,200,200,95,9000,0.09
student5,5,common_up,6.0,0.03,stouffer_two_sided,200,200,281,9000,0.045
student5,5,common_up,6.0,0.01,max_absolute,200,85,60,9000,2.115
student5,5,common_up,6.0,0.03,max_absolute,200,189,265,9000,0.52
student5,5,common_up,6.0,0.01,glr_two_sided,200,200,73,9000,0.265
student5,5,common_up,6.0,0.03,glr_two_sided,200,200,308,9000,0.095
student5,5,common_up,6.0,0.01,energy,200,186,75,9000,0.475
student5,5,common_up,6.0,0.03,energy,200,200,267,9000,0.085
student5,5,common_up,6.0,0.01,mahalanobis,200,80,65,9000,2.165
student5,5,common_up,6.0,0.03,mahalanobis,200,190,251,9000,0.395
student5,5,sparse_down,2.0,0.01,stouffer_down,200,26,114,9000,2.74
student5,5,sparse_down,2.0,0.03,stouffer_down,200,65,308,9000,2.34
student5,5,sparse_down,2.0,0.01,stouffer_two_sided,200,15,95,9000,2.85
student5,5,sparse_down,2.0,0.03,stouffer_two_sided,200,39,281,9000,2.605
student5,5,sparse_down,2.0,0.01,max_absolute,200,19,60,9000,2.81
student5,5,sparse_down,2.0,0.03,max_absolute,200,65,265,9000,2.305
student5,5,sparse_down,2.0,0.01,glr_two_sided,200,12,73,9000,2.88
student5,5,sparse_down,2.0,0.03,glr_two_sided,200,27,308,9000,2.73
student5,5,sparse_down,2.0,0.01,energy,200,12,75,9000,2.89
student5,5,sparse_down,2.0,0.03,energy,200,45,267,9000,2.545
student5,5,sparse_down,2.0,0.01,mahalanobis,200,7,65,9000,2.93
student5,5,sparse_down,2.0,0.03,mahalanobis,200,50,251,9000,2.49
student5,5,sparse_down,4.0,0.01,stouffer_down,200,62,114,9000,2.365
student5,5,sparse_down,4.0,0.03,stouffer_down,200,124,308,9000,1.61
student5,5,sparse_down,4.0,0.01,stouffer_two_sided,200,33,95,9000,2.665
student5,5,sparse_down,4.0,0.03,stouffer_two_sided,200,82,281,9000,2.16
student5,5,sparse_down,4.0,0.01,max_absolute,200,146,60,9000,1.205
student5,5,sparse_down,4.0,0.03,max_absolute,200,199,265,9000,0.185
student5,5,sparse_down,4.0,0.01,glr_two_sided,200,32,73,9000,2.76
student5,5,sparse_down,4.0,0.03,glr_two_sided,200,71,308,9000,2.33
student5,5,sparse_down,4.0,0.01,energy,200,65,75,9000,2.305
student5,5,sparse_down,4.0,0.03,energy,200,168,267,9000,0.91
student5,5,sparse_down,4.0,0.01,mahalanobis,200,82,65,9000,2.1
student5,5,sparse_down,4.0,0.03,mahalanobis,200,189,251,9000,0.52
student5,5,sparse_down,6.0,0.01,stouffer_down,200,124,114,9000,1.62
student5,5,sparse_down,6.0,0.03,stouffer_down,200,174,308,9000,0.73
student5,5,sparse_down,6.0,0.01,stouffer_two_sided,200,79,95,9000,2.185
student5,5,sparse_down,6.0,0.03,stouffer_two_sided,200,144,281,9000,1.34
student5,5,sparse_down,6.0,0.01,max_absolute,200,200,60,9000,0.005
student5,5,sparse_down,6.0,0.03,max_absolute,200,200,265,9000,0.0
student5,5,sparse_down,6.0,0.01,glr_two_sided,200,93,73,9000,2.285
student5,5,sparse_down,6.0,0.03,glr_two_sided,200,151,308,9000,1.555
student5,5,sparse_down,6.0,0.01,energy,200,200,75,9000,0.19
student5,5,sparse_down,6.0,0.03,energy,200,200,267,9000,0.0
student5,5,sparse_down,6.0,0.01,mahalanobis,200,200,65,9000,0.1
student5,5,sparse_down,6.0,0.03,mahalanobis,200,200,251,9000,0.0
student5,5,opposed,2.0,0.01,stouffer_down,200,9,114,9000,2.92
student5,5,opposed,2.0,0.03,stouffer_down,200,26,308,9000,2.74
student5,5,opposed,2.0,0.01,stouffer_two_sided,200,9,95,9000,2.92
student5,5,opposed,2.0,0.03,stouffer_two_sided,200,23,281,9000,2.765
student5,5,opposed,2.0,0.01,max_absolute,200,14,60,9000,2.875
student5,5,opposed,2.0,0.03,max_absolute,200,47,265,9000,2.535
student5,5,opposed,2.0,0.01,glr_two_sided,200,4,73,9000,2.96
student5,5,opposed,2.0,0.03,glr_two_sided,200,17,308,9000,2.815
student5,5,opposed,2.0,0.01,energy,200,9,75,9000,2.905
student5,5,opposed,2.0,0.03,energy,200,47,267,9000,2.535
student5,5,opposed,2.0,0.01,mahalanobis,200,11,65,9000,2.895
student5,5,opposed,2.0,0.03,mahalanobis,200,54,251,9000,2.465
student5,5,opposed,4.0,0.01,stouffer_down,200,9,114,9000,2.92
student5,5,opposed,4.0,0.03,stouffer_down,200,26,308,9000,2.74
student5,5,opposed,4.0,0.01,stouffer_two_sided,200,9,95,9000,2.92
student5,5,opposed,4.0,0.03,stouffer_two_sided,200,23,281,9000,2.765
student5,5,opposed,4.0,0.01,max_absolute,200,68,60,9000,2.27
student5,5,opposed,4.0,0.03,max_absolute,200,171,265,9000,0.88
student5,5,opposed,4.0,0.01,glr_two_sided,200,4,73,9000,2.96
student5,5,opposed,4.0,0.03,glr_two_sided,200,17,308,9000,2.815
student5,5,opposed,4.0,0.01,energy,200,61,75,9000,2.38
student5,5,opposed,4.0,0.03,energy,200,162,267,9000,1.05
student5,5,opposed,4.0,0.01,mahalanobis,200,104,65,9000,1.89
student5,5,opposed,4.0,0.03,mahalanobis,200,192,251,9000,0.435
student5,5,opposed,6.0,0.01,stouffer_down,200,9,114,9000,2.92
student5,5,opposed,6.0,0.03,stouffer_down,200,26,308,9000,2.74
student5,5,opposed,6.0,0.01,stouffer_two_sided,200,9,95,9000,2.92
student5,5,opposed,6.0,0.03,stouffer_two_sided,200,23,281,9000,2.765
student5,5,opposed,6.0,0.01,max_absolute,200,196,60,9000,0.295
student5,5,opposed,6.0,0.03,max_absolute,200,200,265,9000,0.01
student5,5,opposed,6.0,0.01,glr_two_sided,200,4,73,9000,2.96
student5,5,opposed,6.0,0.03,glr_two_sided,200,17,308,9000,2.815
student5,5,opposed,6.0,0.01,energy,200,195,75,9000,0.265
student5,5,opposed,6.0,0.03,energy,200,200,267,9000,0.005
student5,5,opposed,6.0,0.01,mahalanobis,200,200,65,9000,0.045
student5,5,opposed,6.0,0.03,mahalanobis,200,200,251,9000,0.005
student5,5,ramp_down,2.0,0.01,stouffer_down,200,47,114,9000,2.635
student5,5,ramp_down,2.0,0.03,stouffer_down,200,99,308,9000,2.165
student5,5,ramp_down,2.0,0.01,stouffer_two_sided,200,28,95,9000,2.805
student5,5,ramp_down,2.0,0.03,stouffer_two_sided,200,70,281,9000,2.455
student5,5,ramp_down,2.0,0.01,max_absolute,200,7,60,9000,2.935
student5,5,ramp_down,2.0,0.03,max_absolute,200,29,265,9000,2.765
student5,5,ramp_down,2.0,0.01,glr_two_sided,200,19,73,9000,2.85
student5,5,ramp_down,2.0,0.03,glr_two_sided,200,50,308,9000,2.645
student5,5,ramp_down,2.0,0.01,energy,200,14,75,9000,2.885
student5,5,ramp_down,2.0,0.03,energy,200,35,267,9000,2.715
student5,5,ramp_down,2.0,0.01,mahalanobis,200,5,65,9000,2.955
student5,5,ramp_down,2.0,0.03,mahalanobis,200,26,251,9000,2.77
student5,5,ramp_down,4.0,0.01,stouffer_down,200,147,114,9000,1.855
student5,5,ramp_down,4.0,0.03,stouffer_down,200,186,308,9000,1.23
student5,5,ramp_down,4.0,0.01,stouffer_two_sided,200,115,95,9000,2.2
student5,5,ramp_down,4.0,0.03,stouffer_two_sided,200,165,281,9000,1.645
student5,5,ramp_down,4.0,0.01,max_absolute,200,18,60,9000,2.88
student5,5,ramp_down,4.0,0.03,max_absolute,200,71,265,9000,2.48
student5,5,ramp_down,4.0,0.01,glr_two_sided,200,103,73,9000,2.4
student5,5,ramp_down,4.0,0.03,glr_two_sided,200,155,308,9000,1.87
student5,5,ramp_down,4.0,0.01,energy,200,46,75,9000,2.715
student5,5,ramp_down,4.0,0.03,energy,200,121,267,9000,2.125
student5,5,ramp_down,4.0,0.01,mahalanobis,200,15,65,9000,2.9
student5,5,ramp_down,4.0,0.03,mahalanobis,200,64,251,9000,2.515
student5,5,ramp_down,6.0,0.01,stouffer_down,200,198,114,9000,1.08
student5,5,ramp_down,6.0,0.03,stouffer_down,200,200,308,9000,0.73
student5,5,ramp_down,6.0,0.01,stouffer_two_sided,200,195,95,9000,1.395
student5,5,ramp_down,6.0,0.03,stouffer_two_sided,200,198,281,9000,0.98
student5,5,ramp_down,6.0,0.01,max_absolute,200,61,60,9000,2.615
student5,5,ramp_down,6.0,0.03,max_absolute,200,144,265,9000,1.92
student5,5,ramp_down,6.0,0.01,glr_two_sided,200,187,73,9000,1.69
student5,5,ramp_down,6.0,0.03,glr_two_sided,200,198,308,9000,1.205
student5,5,ramp_down,6.0,0.01,energy,200,147,75,9000,2.06
student5,5,ramp_down,6.0,0.03,energy,200,193,267,9000,1.375
student5,5,ramp_down,6.0,0.01,mahalanobis,200,58,65,9000,2.655
student5,5,ramp_down,6.0,0.03,mahalanobis,200,155,251,9000,1.91
student5,6,common_down,2.0,0.01,stouffer_down,200,70,104,9000,2.25
student5,6,common_down,2.0,0.03,stouffer_down,200,126,287,9000,1.56
student5,6,common_down,2.0,0.01,stouffer_two_sided,200,38,109,9000,2.63
student5,6,common_down,2.0,0.03,stouffer_two_sided,200,93,283,9000,2.0
student5,6,common_down,2.0,0.01,max_absolute,200,7,73,9000,2.93
student5,6,common_down,2.0,0.03,max_absolute,200,31,259,9000,2.665
student5,6,common_down,2.0,0.01,glr_two_sided,200,35,102,9000,2.735
student5,6,common_down,2.0,0.03,glr_two_sided,200,86,305,9000,2.23
student5,6,common_down,2.0,0.01,energy,200,11,85,9000,2.875
student5,6,common_down,2.0,0.03,energy,200,47,273,9000,2.545
student5,6,common_down,2.0,0.01,mahalanobis,200,4,72,9000,2.96
student5,6,common_down,2.0,0.03,mahalanobis,200,29,272,9000,2.685
student5,6,common_down,4.0,0.01,stouffer_down,200,181,104,9000,0.565
student5,6,common_down,4.0,0.03,stouffer_down,200,200,287,9000,0.135
student5,6,common_down,4.0,0.01,stouffer_two_sided,200,160,109,9000,1.05
student5,6,common_down,4.0,0.03,stouffer_two_sided,200,194,283,9000,0.335
student5,6,common_down,4.0,0.01,max_absolute,200,26,73,9000,2.71
student5,6,common_down,4.0,0.03,max_absolute,200,103,259,9000,1.87
student5,6,common_down,4.0,0.01,glr_two_sided,200,181,102,9000,1.21
student5,6,common_down,4.0,0.03,glr_two_sided,200,193,305,9000,0.655
student5,6,common_down,4.0,0.01,energy,200,79,85,9000,2.145
student5,6,common_down,4.0,0.03,energy,200,157,273,9000,1.105
student5,6,common_down,4.0,0.01,mahalanobis,200,21,72,9000,2.765
student5,6,common_down,4.0,0.03,mahalanobis,200,87,272,9000,2.04
student5,6,common_down,6.0,0.01,stouffer_down,200,200,104,9000,0.025
student5,6,common_down,6.0,0.03,stouffer_down,200,200,287,9000,0.01
student5,6,common_down,6.0,0.01,stouffer_two_sided,200,200,109,9000,0.065
student5,6,common_down,6.0,0.03,stouffer_two_sided,200,200,283,9000,0.02
student5,6,common_down,6.0,0.01,max_absolute,200,96,73,9000,1.935
student5,6,common_down,6.0,0.03,max_absolute,200,186,259,9000,0.52
student5,6,common_down,6.0,0.01,glr_two_sided,200,199,102,9000,0.28
student5,6,common_down,6.0,0.03,glr_two_sided,200,200,305,9000,0.065
student5,6,common_down,6.0,0.01,energy,200,185,85,9000,0.485
student5,6,common_down,6.0,0.03,energy,200,200,273,9000,0.055
student5,6,common_down,6.0,0.01,mahalanobis,200,100,72,9000,1.885
student5,6,common_down,6.0,0.03,mahalanobis,200,190,272,9000,0.435
student5,6,common_up,2.0,0.01,stouffer_down,200,0,104,9000,3.0
student5,6,common_up,2.0,0.03,stouffer_down,200,1,287,9000,2.995
student5,6,common_up,2.0,0.01,stouffer_two_sided,200,25,109,9000,2.725
student5,6,common_up,2.0,0.03,stouffer_two_sided,200,82,283,9000,2.09
student5,6,common_up,2.0,0.01,max_absolute,200,7,73,9000,2.94
student5,6,common_up,2.0,0.03,max_absolute,200,29,259,9000,2.68
student5,6,common_up,2.0,0.01,glr_two_sided,200,27,102,9000,2.785
student5,6,common_up,2.0,0.03,glr_two_sided,200,84,305,9000,2.205
student5,6,common_up,2.0,0.01,energy,200,11,85,9000,2.91
student5,6,common_up,2.0,0.03,energy,200,33,273,9000,2.63
student5,6,common_up,2.0,0.01,mahalanobis,200,7,72,9000,2.925
student5,6,common_up,2.0,0.03,mahalanobis,200,21,272,9000,2.79
student5,6,common_up,4.0,0.01,stouffer_down,200,0,104,9000,3.0
student5,6,common_up,4.0,0.03,stouffer_down,200,0,287,9000,3.0
student5,6,common_up,4.0,0.01,stouffer_two_sided,200,163,109,9000,0.95
student5,6,common_up,4.0,0.03,stouffer_two_sided,200,195,283,9000,0.35
student5,6,common_up,4.0,0.01,max_absolute,200,27,73,9000,2.7
student5,6,common_up,4.0,0.03,max_absolute,200,90,259,9000,1.965
student5,6,common_up,4.0,0.01,glr_two_sided,200,174,102,9000,1.265
student5,6,common_up,4.0,0.03,glr_two_sided,200,198,305,9000,0.605
student5,6,common_up,4.0,0.01,energy,200,61,85,9000,2.295
student5,6,common_up,4.0,0.03,energy,200,162,273,9000,0.985
student5,6,common_up,4.0,0.01,mahalanobis,200,16,72,9000,2.85
student5,6,common_up,4.0,0.03,mahalanobis,200,81,272,9000,2.04
student5,6,common_up,6.0,0.01,stouffer_down,200,0,104,9000,3.0
student5,6,common_up,6.0,0.03,stouffer_down,200,0,287,9000,3.0
student5,6,common_up,6.0,0.01,stouffer_two_sided,200,200,109,9000,0.07
student5,6,common_up,6.0,0.03,stouffer_two_sided,200,200,283,9000,0.02
student5,6,common_up,6.0,0.01,max_absolute,200,86,73,9000,2.02
student5,6,common_up,6.0,0.03,max_absolute,200,190,259,9000,0.425
student5,6,common_up,6.0,0.01,glr_two_sided,200,200,102,9000,0.26
student5,6,common_up,6.0,0.03,glr_two_sided,200,200,305,9000,0.06
student5,6,common_up,6.0,0.01,energy,200,195,85,9000,0.38
student5,6,common_up,6.0,0.03,energy,200,200,273,9000,0.055
student5,6,common_up,6.0,0.01,mahalanobis,200,88,72,9000,1.95
student5,6,common_up,6.0,0.03,mahalanobis,200,196,272,9000,0.36
student5,6,sparse_down,2.0,0.01,stouffer_down,200,19,104,9000,2.805
student5,6,sparse_down,2.0,0.03,stouffer_down,200,53,287,9000,2.445
student5,6,sparse_down,2.0,0.01,stouffer_two_sided,200,11,109,9000,2.885
student5,6,sparse_down,2.0,0.03,stouffer_two_sided,200,33,283,9000,2.655
student5,6,sparse_down,2.0,0.01,max_absolute,200,16,73,9000,2.835
student5,6,sparse_down,2.0,0.03,max_absolute,200,44,259,9000,2.54
student5,6,sparse_down,2.0,0.01,glr_two_sided,200,6,102,9000,2.945
student5,6,sparse_down,2.0,0.03,glr_two_sided,200,26,305,9000,2.75
student5,6,sparse_down,2.0,0.01,energy,200,11,85,9000,2.885
student5,6,sparse_down,2.0,0.03,energy,200,36,273,9000,2.605
student5,6,sparse_down,2.0,0.01,mahalanobis,200,9,72,9000,2.91
student5,6,sparse_down,2.0,0.03,mahalanobis,200,45,272,9000,2.54
student5,6,sparse_down,4.0,0.01,stouffer_down,200,53,104,9000,2.45
student5,6,sparse_down,4.0,0.03,stouffer_down,200,115,287,9000,1.73
student5,6,sparse_down,4.0,0.01,stouffer_two_sided,200,29,109,9000,2.695
student5,6,sparse_down,4.0,0.03,stouffer_two_sided,200,80,283,9000,2.135
student5,6,sparse_down,4.0,0.01,max_absolute,200,150,73,9000,1.28
student5,6,sparse_down,4.0,0.03,max_absolute,200,197,259,9000,0.295
student5,6,sparse_down,4.0,0.01,glr_two_sided,200,26,102,9000,2.8
student5,6,sparse_down,4.0,0.03,glr_two_sided,200,69,305,9000,2.365
student5,6,sparse_down,4.0,0.01,energy,200,52,85,9000,2.445
student5,6,sparse_down,4.0,0.03,energy,200,172,273,9000,0.925
student5,6,sparse_down,4.0,0.01,mahalanobis,200,68,72,9000,2.28
student5,6,sparse_down,4.0,0.03,mahalanobis,200,187,272,9000,0.515
student5,6,sparse_down,6.0,0.01,stouffer_down,200,113,104,9000,1.745
student5,6,sparse_down,6.0,0.03,stouffer_down,200,173,287,9000,0.83
student5,6,sparse_down,6.0,0.01,stouffer_two_sided,200,78,109,9000,2.175
student5,6,sparse_down,6.0,0.03,stouffer_two_sided,200,133,283,9000,1.45
student5,6,sparse_down,6.0,0.01,max_absolute,200,200,73,9000,0.045
student5,6,sparse_down,6.0,0.03,max_absolute,200,200,259,9000,0.005
student5,6,sparse_down,6.0,0.01,glr_two_sided,200,81,102,9000,2.34
student5,6,sparse_down,6.0,0.03,glr_two_sided,200,147,305,9000,1.635
student5,6,sparse_down,6.0,0.01,energy,200,197,85,9000,0.25
student5,6,sparse_down,6.0,0.03,energy,200,200,273,9000,0.025
student5,6,sparse_down,6.0,0.01,mahalanobis,200,199,72,9000,0.16
student5,6,sparse_down,6.0,0.03,mahalanobis,200,200,272,9000,0.01
student5,6,opposed,2.0,0.01,stouffer_down,200,4,104,9000,2.955
student5,6,opposed,2.0,0.03,stouffer_down,200,19,287,9000,2.805
student5,6,opposed,2.0,0.01,stouffer_two_sided,200,8,109,9000,2.915
student5,6,opposed,2.0,0.03,stouffer_two_sided,200,15,283,9000,2.845
student5,6,opposed,2.0,0.01,max_absolute,200,10,73,9000,2.885
student5,6,opposed,2.0,0.03,max_absolute,200,39,259,9000,2.545
student5,6,opposed,2.0,0.01,glr_two_sided,200,7,102,9000,2.92
student5,6,opposed,2.0,0.03,glr_two_sided,200,12,305,9000,2.865
student5,6,opposed,2.0,0.01,energy,200,8,85,9000,2.92
student5,6,opposed,2.0,0.03,energy,200,30,273,9000,2.655
student5,6,opposed,2.0,0.01,mahalanobis,200,12,72,9000,2.875
student5,6,opposed,2.0,0.03,mahalanobis,200,41,272,9000,2.525
student5,6,opposed,4.0,0.01,stouffer_down,200,4,104,9000,2.955
student5,6,opposed,4.0,0.03,stouffer_down,200,19,287,9000,2.805
student5,6,opposed,4.0,0.01,stouffer_two_sided,200,8,109,9000,2.915
student5,6,opposed,4.0,0.03,stouffer_two_sided,200,15,283,9000,2.845
student5,6,opposed,4.0,0.01,max_absolute,200,64,73,9000,2.255
student5,6,opposed,4.0,0.03,max_absolute,200,170,259,9000,0.795
student5,6,opposed,4.0,0.01,glr_two_sided,200,7,102,9000,2.92
student5,6,opposed,4.0,0.03,glr_two_sided,200,12,305,9000,2.865
student5,6,opposed,4.0,0.01,energy,200,42,85,9000,2.53
student5,6,opposed,4.0,0.03,energy,200,162,273,9000,0.845
student5,6,opposed,4.0,0.01,mahalanobis,200,94,72,9000,1.915
student5,6,opposed,4.0,0.03,mahalanobis,200,192,272,9000,0.335
student5,6,opposed,6.0,0.01,stouffer_down,200,4,104,9000,2.955
student5,6,opposed,6.0,0.03,stouffer_down,200,19,287,9000,2.805
student5,6,opposed,6.0,0.01,stouffer_two_sided,200,8,109,9000,2.915
student5,6,opposed,6.0,0.03,stouffer_two_sided,200,15,283,9000,2.845
student5,6,opposed,6.0,0.01,max_absolute,200,195,73,9000,0.19
student5,6,opposed,6.0,0.03,max_absolute,200,200,259,9000,0.02
student5,6,opposed,6.0,0.01,glr_two_sided,200,7,102,9000,2.92
student5,6,opposed,6.0,0.03,glr_two_sided,200,12,305,9000,2.865
student5,6,opposed,6.0,0.01,energy,200,198,85,9000,0.175
student5,6,opposed,6.0,0.03,energy,200,200,273,9000,0.005
student5,6,opposed,6.0,0.01,mahalanobis,200,199,72,9000,0.045
student5,6,opposed,6.0,0.03,mahalanobis,200,200,272,9000,0.0
student5,6,ramp_down,2.0,0.01,stouffer_down,200,41,104,9000,2.695
student5,6,ramp_down,2.0,0.03,stouffer_down,200,89,287,9000,2.29
student5,6,ramp_down,2.0,0.01,stouffer_two_sided,200,24,109,9000,2.835
student5,6,ramp_down,2.0,0.03,stouffer_two_sided,200,62,283,9000,2.505
student5,6,ramp_down,2.0,0.01,max_absolute,200,7,73,9000,2.935
student5,6,ramp_down,2.0,0.03,max_absolute,200,26,259,9000,2.745
student5,6,ramp_down,2.0,0.01,glr_two_sided,200,15,102,9000,2.89
student5,6,ramp_down,2.0,0.03,glr_two_sided,200,50,305,9000,2.62
student5,6,ramp_down,2.0,0.01,energy,200,7,85,9000,2.935
student5,6,ramp_down,2.0,0.03,energy,200,38,273,9000,2.68
student5,6,ramp_down,2.0,0.01,mahalanobis,200,4,72,9000,2.96
student5,6,ramp_down,2.0,0.03,mahalanobis,200,23,272,9000,2.78
student5,6,ramp_down,4.0,0.01,stouffer_down,200,154,104,9000,1.905
student5,6,ramp_down,4.0,0.03,stouffer_down,200,191,287,9000,1.185
student5,6,ramp_down,4.0,0.01,stouffer_two_sided,200,119,109,9000,2.195
student5,6,ramp_down,4.0,0.03,stouffer_two_sided,200,177,283,9000,1.605
student5,6,ramp_down,4.0,0.01,max_absolute,200,15,73,9000,2.88
student5,6,ramp_down,4.0,0.03,max_absolute,200,70,259,9000,2.46
student5,6,ramp_down,4.0,0.01,glr_two_sided,200,95,102,9000,2.425
student5,6,ramp_down,4.0,0.03,glr_two_sided,200,159,305,9000,1.865
student5,6,ramp_down,4.0,0.01,energy,200,44,85,9000,2.715
student5,6,ramp_down,4.0,0.03,energy,200,115,273,9000,2.165
student5,6,ramp_down,4.0,0.01,mahalanobis,200,10,72,9000,2.93
student5,6,ramp_down,4.0,0.03,mahalanobis,200,57,272,9000,2.565
student5,6,ramp_down,6.0,0.01,stouffer_down,200,195,104,9000,1.12
student5,6,ramp_down,6.0,0.03,stouffer_down,200,200,287,9000,0.725
student5,6,ramp_down,6.0,0.01,stouffer_two_sided,200,192,109,9000,1.475
student5,6,ramp_down,6.0,0.03,stouffer_two_sided,200,198,283,9000,0.955
student5,6,ramp_down,6.0,0.01,max_absolute,200,49,73,9000,2.695
student5,6,ramp_down,6.0,0.03,max_absolute,200,146,259,9000,1.95
student5,6,ramp_down,6.0,0.01,glr_two_sided,200,189,102,9000,1.755
student5,6,ramp_down,6.0,0.03,glr_two_sided,200,196,305,9000,1.31
student5,6,ramp_down,6.0,0.01,energy,200,150,85,9000,2.06
student5,6,ramp_down,6.0,0.03,energy,200,192,273,9000,1.465
student5,6,ramp_down,6.0,0.01,mahalanobis,200,49,72,9000,2.715
student5,6,ramp_down,6.0,0.03,mahalanobis,200,157,272,9000,1.94
student5,7,common_down,2.0,0.01,stouffer_down,200,69,94,9000,2.275
student5,7,common_down,2.0,0.03,stouffer_down,200,141,273,9000,1.37
student5,7,common_down,2.0,0.01,stouffer_two_sided,200,37,106,9000,2.64
student5,7,common_down,2.0,0.03,stouffer_two_sided,200,89,289,9000,2.06
student5,7,common_down,2.0,0.01,max_absolute,200,16,93,9000,2.855
student5,7,common_down,2.0,0.03,max_absolute,200,40,267,9000,2.63
student5,7,common_down,2.0,0.01,glr_two_sided,200,38,89,9000,2.715
student5,7,common_down,2.0,0.03,glr_two_sided,200,84,281,9000,2.28
student5,7,common_down,2.0,0.01,energy,200,22,102,9000,2.8
student5,7,common_down,2.0,0.03,energy,200,52,282,9000,2.475
student5,7,common_down,2.0,0.01,mahalanobis,200,15,88,9000,2.87
student5,7,common_down,2.0,0.03,mahalanobis,200,34,270,9000,2.65
student5,7,common_down,4.0,0.01,stouffer_down,200,194,94,9000,0.385
student5,7,common_down,4.0,0.03,stouffer_down,200,200,273,9000,0.075
student5,7,common_down,4.0,0.01,stouffer_two_sided,200,172,106,9000,0.86
student5,7,common_down,4.0,0.03,stouffer_two_sided,200,197,289,9000,0.22
student5,7,common_down,4.0,0.01,max_absolute,200,39,93,9000,2.64
student5,7,common_down,4.0,0.03,max_absolute,200,110,267,9000,1.81
student5,7,common_down,4.0,0.01,glr_two_sided,200,191,89,9000,1.155
student5,7,common_down,4.0,0.03,glr_two_sided,200,199,281,9000,0.535
student5,7,common_down,4.0,0.01,energy,200,88,102,9000,2.05
student5,7,common_down,4.0,0.03,energy,200,169,282,9000,0.89
student5,7,common_down,4.0,0.01,mahalanobis,200,30,88,9000,2.715
student5,7,common_down,4.0,0.03,mahalanobis,200,102,270,9000,1.905
student5,7,common_down,6.0,0.01,stouffer_down,200,200,94,9000,0.025
student5,7,common_down,6.0,0.03,stouffer_down,200,200,273,9000,0.0
student5,7,common_down,6.0,0.01,stouffer_two_sided,200,200,106,9000,0.04
student5,7,common_down,6.0,0.03,stouffer_two_sided,200,200,289,9000,0.015
student5,7,common_down,6.0,0.01,max_absolute,200,108,93,9000,1.84
student5,7,common_down,6.0,0.03,max_absolute,200,193,267,9000,0.435
student5,7,common_down,6.0,0.01,glr_two_sided,200,200,89,9000,0.19
student5,7,common_down,6.0,0.03,glr_two_sided,200,200,281,9000,0.04
student5,7,common_down,6.0,0.01,energy,200,196,102,9000,0.305
student5,7,common_down,6.0,0.03,energy,200,200,282,9000,0.03
student5,7,common_down,6.0,0.01,mahalanobis,200,106,88,9000,1.855
student5,7,common_down,6.0,0.03,mahalanobis,200,195,270,9000,0.32
student5,7,common_up,2.0,0.01,stouffer_down,200,0,94,9000,3.0
student5,7,common_up,2.0,0.03,stouffer_down,200,2,273,9000,2.98
student5,7,common_up,2.0,0.01,stouffer_two_sided,200,19,106,9000,2.81
student5,7,common_up,2.0,0.03,stouffer_two_sided,200,63,289,9000,2.295
student5,7,common_up,2.0,0.01,max_absolute,200,11,93,9000,2.895
student5,7,common_up,2.0,0.03,max_absolute,200,33,267,9000,2.685
student5,7,common_up,2.0,0.01,glr_two_sided,200,14,89,9000,2.905
student5,7,common_up,2.0,0.03,glr_two_sided,200,62,281,9000,2.45
student5,7,common_up,2.0,0.01,energy,200,11,102,9000,2.915
student5,7,common_up,2.0,0.03,energy,200,39,282,9000,2.61
student5,7,common_up,2.0,0.01,mahalanobis,200,10,88,9000,2.915
student5,7,common_up,2.0,0.03,mahalanobis,200,32,270,9000,2.72
student5,7,common_up,4.0,0.01,stouffer_down,200,0,94,9000,3.0
student5,7,common_up,4.0,0.03,stouffer_down,200,0,273,9000,3.0
student5,7,common_up,4.0,0.01,stouffer_two_sided,200,158,106,9000,1.04
student5,7,common_up,4.0,0.03,stouffer_two_sided,200,196,289,9000,0.32
student5,7,common_up,4.0,0.01,max_absolute,200,32,93,9000,2.7
student5,7,common_up,4.0,0.03,max_absolute,200,97,267,9000,1.935
student5,7,common_up,4.0,0.01,glr_two_sided,200,176,89,9000,1.325
student5,7,common_up,4.0,0.03,glr_two_sided,200,194,281,9000,0.655
student5,7,common_up,4.0,0.01,energy,200,64,102,9000,2.325
student5,7,common_up,4.0,0.03,energy,200,163,282,9000,1.05
student5,7,common_up,4.0,0.01,mahalanobis,200,22,88,9000,2.795
student5,7,common_up,4.0,0.03,mahalanobis,200,84,270,9000,2.09
student5,7,common_up,6.0,0.01,stouffer_down,200,0,94,9000,3.0
student5,7,common_up,6.0,0.03,stouffer_down,200,0,273,9000,3.0
student5,7,common_up,6.0,0.01,stouffer_two_sided,200,200,106,9000,0.06
student5,7,common_up,6.0,0.03,stouffer_two_sided,200,200,289,9000,0.025
student5,7,common_up,6.0,0.01,max_absolute,200,90,93,9000,2.025
student5,7,common_up,6.0,0.03,max_absolute,200,194,267,9000,0.415
student5,7,common_up,6.0,0.01,glr_two_sided,200,200,89,9000,0.23
student5,7,common_up,6.0,0.03,glr_two_sided,200,200,281,9000,0.06
student5,7,common_up,6.0,0.01,energy,200,194,102,9000,0.415
student5,7,common_up,6.0,0.03,energy,200,200,282,9000,0.04
student5,7,common_up,6.0,0.01,mahalanobis,200,91,88,9000,2.015
student5,7,common_up,6.0,0.03,mahalanobis,200,193,270,9000,0.4
student5,7,sparse_down,2.0,0.01,stouffer_down,200,24,94,9000,2.76
student5,7,sparse_down,2.0,0.03,stouffer_down,200,52,273,9000,2.445
student5,7,sparse_down,2.0,0.01,stouffer_two_sided,200,9,106,9000,2.91
student5,7,sparse_down,2.0,0.03,stouffer_two_sided,200,32,289,9000,2.685
student5,7,sparse_down,2.0,0.01,max_absolute,200,17,93,9000,2.835
student5,7,sparse_down,2.0,0.03,max_absolute,200,57,267,9000,2.435
student5,7,sparse_down,2.0,0.01,glr_two_sided,200,3,89,9000,2.975
student5,7,sparse_down,2.0,0.03,glr_two_sided,200,25,281,9000,2.78
student5,7,sparse_down,2.0,0.01,energy,200,16,102,9000,2.855
student5,7,sparse_down,2.0,0.03,energy,200,44,282,9000,2.57
student5,7,sparse_down,2.0,0.01,mahalanobis,200,16,88,9000,2.865
student5,7,sparse_down,2.0,0.03,mahalanobis,200,49,270,9000,2.52
student5,7,sparse_down,4.0,0.01,stouffer_down,200,52,94,9000,2.45
student5,7,sparse_down,4.0,0.03,stouffer_down,200,123,273,9000,1.645
student5,7,sparse_down,4.0,0.01,stouffer_two_sided,200,31,106,9000,2.7
student5,7,sparse_down,4.0,0.03,stouffer_two_sided,200,77,289,9000,2.2
student5,7,sparse_down,4.0,0.01,max_absolute,200,149,93,9000,1.265
student5,7,sparse_down,4.0,0.03,max_absolute,200,200,267,9000,0.235
student5,7,sparse_down,4.0,0.01,glr_two_sided,200,26,89,9000,2.82
student5,7,sparse_down,4.0,0.03,glr_two_sided,200,68,281,9000,2.415
student5,7,sparse_down,4.0,0.01,energy,200,62,102,9000,2.375
student5,7,sparse_down,4.0,0.03,energy,200,162,282,9000,1.03
student5,7,sparse_down,4.0,0.01,mahalanobis,200,73,88,9000,2.29
student5,7,sparse_down,4.0,0.03,mahalanobis,200,185,270,9000,0.62
student5,7,sparse_down,6.0,0.01,stouffer_down,200,123,94,9000,1.66
student5,7,sparse_down,6.0,0.03,stouffer_down,200,180,273,9000,0.68
student5,7,sparse_down,6.0,0.01,stouffer_two_sided,200,73,106,9000,2.24
student5,7,sparse_down,6.0,0.03,stouffer_two_sided,200,148,289,9000,1.22
student5,7,sparse_down,6.0,0.01,max_absolute,200,200,93,9000,0.04
student5,7,sparse_down,6.0,0.03,max_absolute,200,200,267,9000,0.005
student5,7,sparse_down,6.0,0.01,glr_two_sided,200,80,89,9000,2.365
student5,7,sparse_down,6.0,0.03,glr_two_sided,200,159,281,9000,1.54
student5,7,sparse_down,6.0,0.01,energy,200,199,102,9000,0.26
student5,7,sparse_down,6.0,0.03,energy,200,200,282,9000,0.015
student5,7,sparse_down,6.0,0.01,mahalanobis,200,200,88,9000,0.14
student5,7,sparse_down,6.0,0.03,mahalanobis,200,200,270,9000,0.01
student5,7,opposed,2.0,0.01,stouffer_down,200,4,94,9000,2.97
student5,7,opposed,2.0,0.03,stouffer_down,200,25,273,9000,2.75
student5,7,opposed,2.0,0.01,stouffer_two_sided,200,3,106,9000,2.975
student5,7,opposed,2.0,0.03,stouffer_two_sided,200,15,289,9000,2.835
student5,7,opposed,2.0,0.01,max_absolute,200,14,93,9000,2.89
student5,7,opposed,2.0,0.03,max_absolute,200,43,267,9000,2.605
student5,7,opposed,2.0,0.01,glr_two_sided,200,2,89,9000,2.985
student5,7,opposed,2.0,0.03,glr_two_sided,200,3,281,9000,2.965
student5,7,opposed,2.0,0.01,energy,200,9,102,9000,2.92
student5,7,opposed,2.0,0.03,energy,200,39,282,9000,2.66
student5,7,opposed,2.0,0.01,mahalanobis,200,16,88,9000,2.865
student5,7,opposed,2.0,0.03,mahalanobis,200,57,270,9000,2.46
student5,7,opposed,4.0,0.01,stouffer_down,200,4,94,9000,2.97
student5,7,opposed,4.0,0.03,stouffer_down,200,25,273,9000,2.75
student5,7,opposed,4.0,0.01,stouffer_two_sided,200,3,106,9000,2.975
student5,7,opposed,4.0,0.03,stouffer_two_sided,200,15,289,9000,2.835
student5,7,opposed,4.0,0.01,max_absolute,200,67,93,9000,2.295
student5,7,opposed,4.0,0.03,max_absolute,200,170,267,9000,0.855
student5,7,opposed,4.0,0.01,glr_two_sided,200,2,89,9000,2.985
student5,7,opposed,4.0,0.03,glr_two_sided,200,3,281,9000,2.965
student5,7,opposed,4.0,0.01,energy,200,61,102,9000,2.39
student5,7,opposed,4.0,0.03,energy,200,165,282,9000,0.95
student5,7,opposed,4.0,0.01,mahalanobis,200,104,88,9000,1.825
student5,7,opposed,4.0,0.03,mahalanobis,200,187,270,9000,0.39
student5,7,opposed,6.0,0.01,stouffer_down,200,4,94,9000,2.97
student5,7,opposed,6.0,0.03,stouffer_down,200,25,273,9000,2.75
student5,7,opposed,6.0,0.01,stouffer_two_sided,200,3,106,9000,2.975
student5,7,opposed,6.0,0.03,stouffer_two_sided,200,15,289,9000,2.835
student5,7,opposed,6.0,0.01,max_absolute,200,194,93,9000,0.265
student5,7,opposed,6.0,0.03,max_absolute,200,200,267,9000,0.02
student5,7,opposed,6.0,0.01,glr_two_sided,200,2,89,9000,2.985
student5,7,opposed,6.0,0.03,glr_two_sided,200,3,281,9000,2.965
student5,7,opposed,6.0,0.01,energy,200,197,102,9000,0.21
student5,7,opposed,6.0,0.03,energy,200,200,282,9000,0.025
student5,7,opposed,6.0,0.01,mahalanobis,200,200,88,9000,0.085
student5,7,opposed,6.0,0.03,mahalanobis,200,200,270,9000,0.0
student5,7,ramp_down,2.0,0.01,stouffer_down,200,44,94,9000,2.665
student5,7,ramp_down,2.0,0.03,stouffer_down,200,95,273,9000,2.245
student5,7,ramp_down,2.0,0.01,stouffer_two_sided,200,23,106,9000,2.83
student5,7,ramp_down,2.0,0.03,stouffer_two_sided,200,59,289,9000,2.555
student5,7,ramp_down,2.0,0.01,max_absolute,200,12,93,9000,2.91
student5,7,ramp_down,2.0,0.03,max_absolute,200,33,267,9000,2.725
student5,7,ramp_down,2.0,0.01,glr_two_sided,200,14,89,9000,2.92
student5,7,ramp_down,2.0,0.03,glr_two_sided,200,48,281,9000,2.665
student5,7,ramp_down,2.0,0.01,energy,200,16,102,9000,2.87
student5,7,ramp_down,2.0,0.03,energy,200,35,282,9000,2.71
student5,7,ramp_down,2.0,0.01,mahalanobis,200,12,88,9000,2.905
student5,7,ramp_down,2.0,0.03,mahalanobis,200,29,270,9000,2.745
student5,7,ramp_down,4.0,0.01,stouffer_down,200,161,94,9000,1.83
student5,7,ramp_down,4.0,0.03,stouffer_down,200,194,273,9000,1.21
student5,7,ramp_down,4.0,0.01,stouffer_two_sided,200,117,106,9000,2.21
student5,7,ramp_down,4.0,0.03,stouffer_two_sided,200,184,289,9000,1.53
student5,7,ramp_down,4.0,0.01,max_absolute,200,27,93,9000,2.805
student5,7,ramp_down,4.0,0.03,max_absolute,200,70,267,9000,2.47
student5,7,ramp_down,4.0,0.01,glr_two_sided,200,99,89,9000,2.395
student5,7,ramp_down,4.0,0.03,glr_two_sided,200,170,281,9000,1.85
student5,7,ramp_down,4.0,0.01,energy,200,51,102,9000,2.655
student5,7,ramp_down,4.0,0.03,energy,200,125,282,9000,2.115
student5,7,ramp_down,4.0,0.01,mahalanobis,200,20,88,9000,2.845
student5,7,ramp_down,4.0,0.03,mahalanobis,200,68,270,9000,2.5
student5,7,ramp_down,6.0,0.01,stouffer_down,200,200,94,9000,1.07
student5,7,ramp_down,6.0,0.03,stouffer_down,200,200,273,9000,0.675
student5,7,ramp_down,6.0,0.01,stouffer_two_sided,200,194,106,9000,1.415
student5,7,ramp_down,6.0,0.03,stouffer_two_sided,200,200,289,9000,0.95
student5,7,ramp_down,6.0,0.01,max_absolute,200,61,93,9000,2.58
student5,7,ramp_down,6.0,0.03,max_absolute,200,164,267,9000,1.88
student5,7,ramp_down,6.0,0.01,glr_two_sided,200,196,89,9000,1.69
student5,7,ramp_down,6.0,0.03,glr_two_sided,200,200,281,9000,1.235
student5,7,ramp_down,6.0,0.01,energy,200,166,102,9000,1.93
student5,7,ramp_down,6.0,0.03,energy,200,196,282,9000,1.375
student5,7,ramp_down,6.0,0.01,mahalanobis,200,65,88,9000,2.59
student5,7,ramp_down,6.0,0.03,mahalanobis,200,168,270,9000,1.85
student5,8,common_down,2.0,0.01,stouffer_down,200,75,90,9000,2.215
student5,8,common_down,2.0,0.03,stouffer_down,200,138,270,9000,1.475
student5,8,common_down,2.0,0.01,stouffer_two_sided,200,47,108,9000,2.58
student5,8,common_down,2.0,0.03,stouffer_two_sided,200,98,302,9000,1.98
student5,8,common_down,2.0,0.01,max_absolute,200,13,97,9000,2.855
student5,8,common_down,2.0,0.03,max_absolute,200,41,272,9000,2.57
student5,8,common_down,2.0,0.01,glr_two_sided,200,39,99,9000,2.685
student5,8,common_down,2.0,0.03,glr_two_sided,200,96,284,9000,2.17
student5,8,common_down,2.0,0.01,energy,200,22,101,9000,2.775
student5,8,common_down,2.0,0.03,energy,200,54,305,9000,2.475
student5,8,common_down,2.0,0.01,mahalanobis,200,11,89,9000,2.895
student5,8,common_down,2.0,0.03,mahalanobis,200,36,289,9000,2.625
student5,8,common_down,4.0,0.01,stouffer_down,200,189,90,9000,0.47
student5,8,common_down,4.0,0.03,stouffer_down,200,200,270,9000,0.125
student5,8,common_down,4.0,0.01,stouffer_two_sided,200,165,108,9000,0.975
student5,8,common_down,4.0,0.03,stouffer_two_sided,200,196,302,9000,0.305
student5,8,common_down,4.0,0.01,max_absolute,200,40,97,9000,2.585
student5,8,common_down,4.0,0.03,max_absolute,200,118,272,9000,1.775
student5,8,common_down,4.0,0.01,glr_two_sided,200,179,99,9000,1.225
student5,8,common_down,4.0,0.03,glr_two_sided,200,195,284,9000,0.62
student5,8,common_down,4.0,0.01,energy,200,91,101,9000,2.05
student5,8,common_down,4.0,0.03,energy,200,168,305,9000,0.925
student5,8,common_down,4.0,0.01,mahalanobis,200,30,89,9000,2.7
student5,8,common_down,4.0,0.03,mahalanobis,200,108,289,9000,1.87
student5,8,common_down,6.0,0.01,stouffer_down,200,200,90,9000,0.03
student5,8,common_down,6.0,0.03,stouffer_down,200,200,270,9000,0.005
student5,8,common_down,6.0,0.01,stouffer_two_sided,200,200,108,9000,0.045
student5,8,common_down,6.0,0.03,stouffer_two_sided,200,200,302,9000,0.02
student5,8,common_down,6.0,0.01,max_absolute,200,113,97,9000,1.84
student5,8,common_down,6.0,0.03,max_absolute,200,192,272,9000,0.475
student5,8,common_down,6.0,0.01,glr_two_sided,200,200,99,9000,0.25
student5,8,common_down,6.0,0.03,glr_two_sided,200,200,284,9000,0.04
student5,8,common_down,6.0,0.01,energy,200,190,101,9000,0.445
student5,8,common_down,6.0,0.03,energy,200,200,305,9000,0.065
student5,8,common_down,6.0,0.01,mahalanobis,200,114,89,9000,1.795
student5,8,common_down,6.0,0.03,mahalanobis,200,193,289,9000,0.4
student5,8,common_up,2.0,0.01,stouffer_down,200,0,90,9000,3.0
student5,8,common_up,2.0,0.03,stouffer_down,200,0,270,9000,3.0
student5,8,common_up,2.0,0.01,stouffer_two_sided,200,25,108,9000,2.74
student5,8,common_up,2.0,0.03,stouffer_two_sided,200,82,302,9000,2.09
student5,8,common_up,2.0,0.01,max_absolute,200,10,97,9000,2.905
student5,8,common_up,2.0,0.03,max_absolute,200,33,272,9000,2.64
student5,8,common_up,2.0,0.01,glr_two_sided,200,31,99,9000,2.74
student5,8,common_up,2.0,0.03,glr_two_sided,200,78,284,9000,2.26
student5,8,common_up,2.0,0.01,energy,200,15,101,9000,2.84
student5,8,common_up,2.0,0.03,energy,200,39,305,9000,2.575
student5,8,common_up,2.0,0.01,mahalanobis,200,7,89,9000,2.925
student5,8,common_up,2.0,0.03,mahalanobis,200,28,289,9000,2.705
student5,8,common_up,4.0,0.01,stouffer_down,200,0,90,9000,3.0
student5,8,common_up,4.0,0.03,stouffer_down,200,0,270,9000,3.0
student5,8,common_up,4.0,0.01,stouffer_two_sided,200,165,108,9000,0.94
student5,8,common_up,4.0,0.03,stouffer_two_sided,200,194,302,9000,0.295
student5,8,common_up,4.0,0.01,max_absolute,200,29,97,9000,2.69
student5,8,common_up,4.0,0.03,max_absolute,200,99,272,9000,1.915
student5,8,common_up,4.0,0.01,glr_two_sided,200,179,99,9000,1.26
student5,8,common_up,4.0,0.03,glr_two_sided,200,196,284,9000,0.59
student5,8,common_up,4.0,0.01,energy,200,70,101,9000,2.19
student5,8,common_up,4.0,0.03,energy,200,161,305,9000,1.0
student5,8,common_up,4.0,0.01,mahalanobis,200,21,89,9000,2.795
student5,8,common_up,4.0,0.03,mahalanobis,200,84,289,9000,2.04
student5,8,common_up,6.0,0.01,stouffer_down,200,0,90,9000,3.0
student5,8,common_up,6.0,0.03,stouffer_down,200,0,270,9000,3.0
student5,8,common_up,6.0,0.01,stouffer_two_sided,200,200,108,9000,0.06
student5,8,common_up,6.0,0.03,stouffer_two_sided,200,200,302,9000,0.035
student5,8,common_up,6.0,0.01,max_absolute,200,91,97,9000,2.0
student5,8,common_up,6.0,0.03,max_absolute,200,195,272,9000,0.43
student5,8,common_up,6.0,0.01,glr_two_sided,200,200,99,9000,0.23
student5,8,common_up,6.0,0.03,glr_two_sided,200,200,284,9000,0.055
student5,8,common_up,6.0,0.01,energy,200,191,101,9000,0.405
student5,8,common_up,6.0,0.03,energy,200,200,305,9000,0.055
student5,8,common_up,6.0,0.01,mahalanobis,200,95,89,9000,1.915
student5,8,common_up,6.0,0.03,mahalanobis,200,195,289,9000,0.355
student5,8,sparse_down,2.0,0.01,stouffer_down,200,23,90,9000,2.785
student5,8,sparse_down,2.0,0.03,stouffer_down,200,69,270,9000,2.305
student5,8,sparse_down,2.0,0.01,stouffer_two_sided,200,13,108,9000,2.86
student5,8,sparse_down,2.0,0.03,stouffer_two_sided,200,38,302,9000,2.655
student5,8,sparse_down,2.0,0.01,max_absolute,200,16,97,9000,2.81
student5,8,sparse_down,2.0,0.03,max_absolute,200,61,272,9000,2.36
student5,8,sparse_down,2.0,0.01,glr_two_sided,200,7,99,9000,2.925
student5,8,sparse_down,2.0,0.03,glr_two_sided,200,25,284,9000,2.745
student5,8,sparse_down,2.0,0.01,energy,200,14,101,9000,2.85
student5,8,sparse_down,2.0,0.03,energy,200,48,305,9000,2.505
student5,8,sparse_down,2.0,0.01,mahalanobis,200,15,89,9000,2.84
student5,8,sparse_down,2.0,0.03,mahalanobis,200,47,289,9000,2.5
student5,8,sparse_down,4.0,0.01,stouffer_down,200,67,90,9000,2.325
student5,8,sparse_down,4.0,0.03,stouffer_down,200,118,270,9000,1.73
student5,8,sparse_down,4.0,0.01,stouffer_two_sided,200,32,108,9000,2.71
student5,8,sparse_down,4.0,0.03,stouffer_two_sided,200,85,302,9000,2.095
student5,8,sparse_down,4.0,0.01,max_absolute,200,156,97,9000,1.07
student5,8,sparse_down,4.0,0.03,max_absolute,200,196,272,9000,0.25
student5,8,sparse_down,4.0,0.01,glr_two_sided,200,26,99,9000,2.765
student5,8,sparse_down,4.0,0.03,glr_two_sided,200,77,284,9000,2.33
student5,8,sparse_down,4.0,0.01,energy,200,71,101,9000,2.26
student5,8,sparse_down,4.0,0.03,energy,200,176,305,9000,0.82
student5,8,sparse_down,4.0,0.01,mahalanobis,200,83,89,9000,2.12
student5,8,sparse_down,4.0,0.03,mahalanobis,200,189,289,9000,0.425
student5,8,sparse_down,6.0,0.01,stouffer_down,200,117,90,9000,1.745
student5,8,sparse_down,6.0,0.03,stouffer_down,200,176,270,9000,0.8
student5,8,sparse_down,6.0,0.01,stouffer_two_sided,200,84,108,9000,2.1
student5,8,sparse_down,6.0,0.03,stouffer_two_sided,200,141,302,9000,1.375
student5,8,sparse_down,6.0,0.01,max_absolute,200,200,97,9000,0.035
student5,8,sparse_down,6.0,0.03,max_absolute,200,200,272,9000,0.0
student5,8,sparse_down,6.0,0.01,glr_two_sided,200,89,99,9000,2.315
student5,8,sparse_down,6.0,0.03,glr_two_sided,200,142,284,9000,1.625
student5,8,sparse_down,6.0,0.01,energy,200,197,101,9000,0.23
student5,8,sparse_down,6.0,0.03,energy,200,200,305,9000,0.015
student5,8,sparse_down,6.0,0.01,mahalanobis,200,198,89,9000,0.125
student5,8,sparse_down,6.0,0.03,mahalanobis,200,200,289,9000,0.01
student5,8,opposed,2.0,0.01,stouffer_down,200,10,90,9000,2.885
student5,8,opposed,2.0,0.03,stouffer_down,200,23,270,9000,2.785
student5,8,opposed,2.0,0.01,stouffer_two_sided,200,4,108,9000,2.955
student5,8,opposed,2.0,0.03,stouffer_two_sided,200,21,302,9000,2.77
student5,8,opposed,2.0,0.01,max_absolute,200,13,97,9000,2.85
student5,8,opposed,2.0,0.03,max_absolute,200,42,272,9000,2.535
student5,8,opposed,2.0,0.01,glr_two_sided,200,4,99,9000,2.94
student5,8,opposed,2.0,0.03,glr_two_sided,200,10,284,9000,2.88
student5,8,opposed,2.0,0.01,energy,200,12,101,9000,2.88
student5,8,opposed,2.0,0.03,energy,200,42,305,9000,2.52
student5,8,opposed,2.0,0.01,mahalanobis,200,15,89,9000,2.835
student5,8,opposed,2.0,0.03,mahalanobis,200,51,289,9000,2.44
student5,8,opposed,4.0,0.01,stouffer_down,200,10,90,9000,2.885
student5,8,opposed,4.0,0.03,stouffer_down,200,23,270,9000,2.785
student5,8,opposed,4.0,0.01,stouffer_two_sided,200,4,108,9000,2.955
student5,8,opposed,4.0,0.03,stouffer_two_sided,200,21,302,9000,2.77
student5,8,opposed,4.0,0.01,max_absolute,200,77,97,9000,2.14
student5,8,opposed,4.0,0.03,max_absolute,200,180,272,9000,0.63
student5,8,opposed,4.0,0.01,glr_two_sided,200,4,99,9000,2.94
student5,8,opposed,4.0,0.03,glr_two_sided,200,10,284,9000,2.88
student5,8,opposed,4.0,0.01,energy,200,62,101,9000,2.29
student5,8,opposed,4.0,0.03,energy,200,171,305,9000,0.82
student5,8,opposed,4.0,0.01,mahalanobis,200,100,89,9000,1.87
student5,8,opposed,4.0,0.03,mahalanobis,200,194,289,9000,0.27
student5,8,opposed,6.0,0.01,stouffer_down,200,10,90,9000,2.885
student5,8,opposed,6.0,0.03,stouffer_down,200,23,270,9000,2.785
student5,8,opposed,6.0,0.01,stouffer_two_sided,200,4,108,9000,2.955
student5,8,opposed,6.0,0.03,stouffer_two_sided,200,21,302,9000,2.77
student5,8,opposed,6.0,0.01,max_absolute,200,196,97,9000,0.185
student5,8,opposed,6.0,0.03,max_absolute,200,200,272,9000,0.005
student5,8,opposed,6.0,0.01,glr_two_sided,200,4,99,9000,2.94
student5,8,opposed,6.0,0.03,glr_two_sided,200,10,284,9000,2.88
student5,8,opposed,6.0,0.01,energy,200,199,101,9000,0.15
student5,8,opposed,6.0,0.03,energy,200,200,305,9000,0.005
student5,8,opposed,6.0,0.01,mahalanobis,200,199,89,9000,0.05
student5,8,opposed,6.0,0.03,mahalanobis,200,200,289,9000,0.0
student5,8,ramp_down,2.0,0.01,stouffer_down,200,51,90,9000,2.605
student5,8,ramp_down,2.0,0.03,stouffer_down,200,105,270,9000,2.115
student5,8,ramp_down,2.0,0.01,stouffer_two_sided,200,35,108,9000,2.735
student5,8,ramp_down,2.0,0.03,stouffer_two_sided,200,67,302,9000,2.465
student5,8,ramp_down,2.0,0.01,max_absolute,200,7,97,9000,2.93
student5,8,ramp_down,2.0,0.03,max_absolute,200,33,272,9000,2.685
student5,8,ramp_down,2.0,0.01,glr_two_sided,200,16,99,9000,2.875
student5,8,ramp_down,2.0,0.03,glr_two_sided,200,56,284,9000,2.585
student5,8,ramp_down,2.0,0.01,energy,200,15,101,9000,2.875
student5,8,ramp_down,2.0,0.03,energy,200,44,305,9000,2.62
student5,8,ramp_down,2.0,0.01,mahalanobis,200,9,89,9000,2.925
student5,8,ramp_down,2.0,0.03,mahalanobis,200,29,289,9000,2.72
student5,8,ramp_down,4.0,0.01,stouffer_down,200,154,90,9000,1.855
student5,8,ramp_down,4.0,0.03,stouffer_down,200,189,270,9000,1.275
student5,8,ramp_down,4.0,0.01,stouffer_two_sided,200,117,108,9000,2.175
student5,8,ramp_down,4.0,0.03,stouffer_two_sided,200,173,302,9000,1.58
student5,8,ramp_down,4.0,0.01,max_absolute,200,22,97,9000,2.83
student5,8,ramp_down,4.0,0.03,max_absolute,200,73,272,9000,2.41
student5,8,ramp_down,4.0,0.01,glr_two_sided,200,108,99,9000,2.345
student5,8,ramp_down,4.0,0.03,glr_two_sided,200,156,284,9000,1.845
student5,8,ramp_down,4.0,0.01,energy,200,54,101,9000,2.64
student5,8,ramp_down,4.0,0.03,energy,200,118,305,9000,2.12
student5,8,ramp_down,4.0,0.01,mahalanobis,200,19,89,9000,2.85
student5,8,ramp_down,4.0,0.03,mahalanobis,200,70,289,9000,2.465
student5,8,ramp_down,6.0,0.01,stouffer_down,200,198,90,9000,1.15
student5,8,ramp_down,6.0,0.03,stouffer_down,200,200,270,9000,0.775
student5,8,ramp_down,6.0,0.01,stouffer_two_sided,200,194,108,9000,1.43
student5,8,ramp_down,6.0,0.03,stouffer_two_sided,200,199,302,9000,1.03
student5,8,ramp_down,6.0,0.01,max_absolute,200,64,97,9000,2.56
student5,8,ramp_down,6.0,0.03,max_absolute,200,162,272,9000,1.78
student5,8,ramp_down,6.0,0.01,glr_two_sided,200,188,99,9000,1.685
student5,8,ramp_down,6.0,0.03,glr_two_sided,200,199,284,9000,1.255
student5,8,ramp_down,6.0,0.01,energy,200,157,101,9000,1.955
student5,8,ramp_down,6.0,0.03,energy,200,196,305,9000,1.385
student5,8,ramp_down,6.0,0.01,mahalanobis,200,64,89,9000,2.6
student5,8,ramp_down,6.0,0.03,mahalanobis,200,163,289,9000,1.84
student5,9,common_down,2.0,0.01,stouffer_down,200,63,97,9000,2.335
student5,9,common_down,2.0,0.03,stouffer_down,200,131,294,9000,1.495
student5,9,common_down,2.0,0.01,stouffer_two_sided,200,32,110,9000,2.685
student5,9,common_down,2.0,0.03,stouffer_two_sided,200,87,320,9000,2.06
student5,9,common_down,2.0,0.01,max_absolute,200,9,100,9000,2.905
student5,9,common_down,2.0,0.03,max_absolute,200,35,283,9000,2.62
student5,9,common_down,2.0,0.01,glr_two_sided,200,27,100,9000,2.78
student5,9,common_down,2.0,0.03,glr_two_sided,200,84,299,9000,2.28
student5,9,common_down,2.0,0.01,energy,200,10,101,9000,2.9
student5,9,common_down,2.0,0.03,energy,200,47,313,9000,2.49
student5,9,common_down,2.0,0.01,mahalanobis,200,6,92,9000,2.935
student5,9,common_down,2.0,0.03,mahalanobis,200,29,287,9000,2.675
student5,9,common_down,4.0,0.01,stouffer_down,200,187,97,9000,0.455
student5,9,common_down,4.0,0.03,stouffer_down,200,197,294,9000,0.145
student5,9,common_down,4.0,0.01,stouffer_two_sided,200,166,110,9000,0.895
student5,9,common_down,4.0,0.03,stouffer_two_sided,200,192,320,9000,0.31
student5,9,common_down,4.0,0.01,max_absolute,200,32,100,9000,2.65
student5,9,common_down,4.0,0.03,max_absolute,200,105,283,9000,1.825
student5,9,common_down,4.0,0.01,glr_two_sided,200,181,100,9000,1.235
student5,9,common_down,4.0,0.03,glr_two_sided,200,193,299,9000,0.575
student5,9,common_down,4.0,0.01,energy,200,81,101,9000,2.135
student5,9,common_down,4.0,0.03,energy,200,168,313,9000,0.95
student5,9,common_down,4.0,0.01,mahalanobis,200,25,92,9000,2.73
student5,9,common_down,4.0,0.03,mahalanobis,200,87,287,9000,2.025
student5,9,common_down,6.0,0.01,stouffer_down,200,199,97,9000,0.045
student5,9,common_down,6.0,0.03,stouffer_down,200,200,294,9000,0.015
student5,9,common_down,6.0,0.01,stouffer_two_sided,200,199,110,9000,0.075
student5,9,common_down,6.0,0.03,stouffer_two_sided,200,200,320,9000,0.025
student5,9,common_down,6.0,0.01,max_absolute,200,101,100,9000,1.9
student5,9,common_down,6.0,0.03,max_absolute,200,189,283,9000,0.45
student5,9,common_down,6.0,0.01,glr_two_sided,200,199,100,9000,0.22
student5,9,common_down,6.0,0.03,glr_two_sided,200,199,299,9000,0.065
student5,9,common_down,6.0,0.01,energy,200,186,101,9000,0.42
student5,9,common_down,6.0,0.03,energy,200,199,313,9000,0.07
student5,9,common_down,6.0,0.01,mahalanobis,200,97,92,9000,1.92
student5,9,common_down,6.0,0.03,mahalanobis,200,187,287,9000,0.4
student5,9,common_up,2.0,0.01,stouffer_down,200,0,97,9000,3.0
student5,9,common_up,2.0,0.03,stouffer_down,200,1,294,9000,2.99
student5,9,common_up,2.0,0.01,stouffer_two_sided,200,28,110,9000,2.72
student5,9,common_up,2.0,0.03,stouffer_two_sided,200,80,320,9000,2.175
student5,9,common_up,2.0,0.01,max_absolute,200,9,100,9000,2.905
student5,9,common_up,2.0,0.03,max_absolute,200,30,283,9000,2.69
student5,9,common_up,2.0,0.01,glr_two_sided,200,29,100,9000,2.75
student5,9,common_up,2.0,0.03,glr_two_sided,200,78,299,9000,2.285
student5,9,common_up,2.0,0.01,energy,200,11,101,9000,2.88
student5,9,common_up,2.0,0.03,energy,200,46,313,9000,2.515
student5,9,common_up,2.0,0.01,mahalanobis,200,7,92,9000,2.93
student5,9,common_up,2.0,0.03,mahalanobis,200,31,287,9000,2.65
student5,9,common_up,4.0,0.01,stouffer_down,200,0,97,9000,3.0
student5,9,common_up,4.0,0.03,stouffer_down,200,0,294,9000,3.0
student5,9,common_up,4.0,0.01,stouffer_two_sided,200,157,110,9000,1.105
student5,9,common_up,4.0,0.03,stouffer_two_sided,200,194,320,9000,0.35
student5,9,common_up,4.0,0.01,max_absolute,200,27,100,9000,2.715
student5,9,common_up,4.0,0.03,max_absolute,200,99,283,9000,1.88
student5,9,common_up,4.0,0.01,glr_two_sided,200,179,100,9000,1.315
student5,9,common_up,4.0,0.03,glr_two_sided,200,196,299,9000,0.645
student5,9,common_up,4.0,0.01,energy,200,67,101,9000,2.32
student5,9,common_up,4.0,0.03,energy,200,158,313,9000,1.06
student5,9,common_up,4.0,0.01,mahalanobis,200,24,92,9000,2.755
student5,9,common_up,4.0,0.03,mahalanobis,200,85,287,9000,2.075
student5,9,common_up,6.0,0.01,stouffer_down,200,0,97,9000,3.0
student5,9,common_up,6.0,0.03,stouffer_down,200,0,294,9000,3.0
student5,9,common_up,6.0,0.01,stouffer_two_sided,200,200,110,9000,0.08
student5,9,common_up,6.0,0.03,stouffer_two_sided,200,200,320,9000,0.02
student5,9,common_up,6.0,0.01,max_absolute,200,93,100,9000,1.945
student5,9,common_up,6.0,0.03,max_absolute,200,190,283,9000,0.545
student5,9,common_up,6.0,0.01,glr_two_sided,200,200,100,9000,0.265
student5,9,common_up,6.0,0.03,glr_two_sided,200,200,299,9000,0.07
student5,9,common_up,6.0,0.01,energy,200,194,101,9000,0.375
student5,9,common_up,6.0,0.03,energy,200,200,313,9000,0.055
student5,9,common_up,6.0,0.01,mahalanobis,200,90,92,9000,2.01
student5,9,common_up,6.0,0.03,mahalanobis,200,195,287,9000,0.34
student5,9,sparse_down,2.0,0.01,stouffer_down,200,14,97,9000,2.87
student5,9,sparse_down,2.0,0.03,stouffer_down,200,54,294,9000,2.435
student5,9,sparse_down,2.0,0.01,stouffer_two_sided,200,8,110,9000,2.915
student5,9,sparse_down,2.0,0.03,stouffer_two_sided,200,27,320,9000,2.73
student5,9,sparse_down,2.0,0.01,max_absolute,200,13,100,9000,2.875
student5,9,sparse_down,2.0,0.03,max_absolute,200,57,283,9000,2.415
student5,9,sparse_down,2.0,0.01,glr_two_sided,200,7,100,9000,2.92
student5,9,sparse_down,2.0,0.03,glr_two_sided,200,21,299,9000,2.79
student5,9,sparse_down,2.0,0.01,energy,200,6,101,9000,2.93
student5,9,sparse_down,2.0,0.03,energy,200,41,313,9000,2.575
student5,9,sparse_down,2.0,0.01,mahalanobis,200,9,92,9000,2.89
student5,9,sparse_down,2.0,0.03,mahalanobis,200,47,287,9000,2.5
student5,9,sparse_down,4.0,0.01,stouffer_down,200,52,97,9000,2.465
student5,9,sparse_down,4.0,0.03,stouffer_down,200,113,294,9000,1.755
student5,9,sparse_down,4.0,0.01,stouffer_two_sided,200,24,110,9000,2.765
student5,9,sparse_down,4.0,0.03,stouffer_two_sided,200,74,320,9000,2.22
student5,9,sparse_down,4.0,0.01,max_absolute,200,149,100,9000,1.205
student5,9,sparse_down,4.0,0.03,max_absolute,200,198,283,9000,0.24
student5,9,sparse_down,4.0,0.01,glr_two_sided,200,20,100,9000,2.835
student5,9,sparse_down,4.0,0.03,glr_two_sided,200,65,299,9000,2.445
student5,9,sparse_down,4.0,0.01,energy,200,63,101,9000,2.31
student5,9,sparse_down,4.0,0.03,energy,200,165,313,9000,0.93
student5,9,sparse_down,4.0,0.01,mahalanobis,200,85,92,9000,2.055
student5,9,sparse_down,4.0,0.03,mahalanobis,200,182,287,9000,0.595
student5,9,sparse_down,6.0,0.01,stouffer_down,200,112,97,9000,1.77
student5,9,sparse_down,6.0,0.03,stouffer_down,200,174,294,9000,0.775
student5,9,sparse_down,6.0,0.01,stouffer_two_sided,200,72,110,9000,2.255
student5,9,sparse_down,6.0,0.03,stouffer_two_sided,200,142,320,9000,1.35
student5,9,sparse_down,6.0,0.01,max_absolute,200,200,100,9000,0.03
student5,9,sparse_down,6.0,0.03,max_absolute,200,200,283,9000,0.005
student5,9,sparse_down,6.0,0.01,glr_two_sided,200,82,100,9000,2.4
student5,9,sparse_down,6.0,0.03,glr_two_sided,200,138,299,9000,1.655
student5,9,sparse_down,6.0,0.01,energy,200,195,101,9000,0.295
student5,9,sparse_down,6.0,0.03,energy,200,200,313,9000,0.005
student5,9,sparse_down,6.0,0.01,mahalanobis,200,198,92,9000,0.105
student5,9,sparse_down,6.0,0.03,mahalanobis,200,200,287,9000,0.0
student5,9,opposed,2.0,0.01,stouffer_down,200,4,97,9000,2.965
student5,9,opposed,2.0,0.03,stouffer_down,200,16,294,9000,2.845
student5,9,opposed,2.0,0.01,stouffer_two_sided,200,4,110,9000,2.955
student5,9,opposed,2.0,0.03,stouffer_two_sided,200,22,320,9000,2.79
student5,9,opposed,2.0,0.01,max_absolute,200,9,100,9000,2.92
student5,9,opposed,2.0,0.03,max_absolute,200,38,283,9000,2.585
student5,9,opposed,2.0,0.01,glr_two_sided,200,7,100,9000,2.925
student5,9,opposed,2.0,0.03,glr_two_sided,200,14,299,9000,2.845
student5,9,opposed,2.0,0.01,energy,200,6,101,9000,2.93
student5,9,opposed,2.0,0.03,energy,200,31,313,9000,2.675
student5,9,opposed,2.0,0.01,mahalanobis,200,10,92,9000,2.88
student5,9,opposed,2.0,0.03,mahalanobis,200,46,287,9000,2.48
student5,9,opposed,4.0,0.01,stouffer_down,200,4,97,9000,2.965
student5,9,opposed,4.0,0.03,stouffer_down,200,16,294,9000,2.845
student5,9,opposed,4.0,0.01,stouffer_two_sided,200,4,110,9000,2.955
student5,9,opposed,4.0,0.03,stouffer_two_sided,200,22,320,9000,2.79
student5,9,opposed,4.0,0.01,max_absolute,200,72,100,9000,2.175
student5,9,opposed,4.0,0.03,max_absolute,200,181,283,9000,0.725
student5,9,opposed,4.0,0.01,glr_two_sided,200,7,100,9000,2.925
student5,9,opposed,4.0,0.03,glr_two_sided,200,14,299,9000,2.845
student5,9,opposed,4.0,0.01,energy,200,57,101,9000,2.345
student5,9,opposed,4.0,0.03,energy,200,168,313,9000,0.84
student5,9,opposed,4.0,0.01,mahalanobis,200,105,92,9000,1.78
student5,9,opposed,4.0,0.03,mahalanobis,200,194,287,9000,0.32
student5,9,opposed,6.0,0.01,stouffer_down,200,4,97,9000,2.965
student5,9,opposed,6.0,0.03,stouffer_down,200,16,294,9000,2.845
student5,9,opposed,6.0,0.01,stouffer_two_sided,200,4,110,9000,2.955
student5,9,opposed,6.0,0.03,stouffer_two_sided,200,22,320,9000,2.79
student5,9,opposed,6.0,0.01,max_absolute,200,198,100,9000,0.265
student5,9,opposed,6.0,0.03,max_absolute,200,200,283,9000,0.02
student5,9,opposed,6.0,0.01,glr_two_sided,200,7,100,9000,2.925
student5,9,opposed,6.0,0.03,glr_two_sided,200,14,299,9000,2.845
student5,9,opposed,6.0,0.01,energy,200,198,101,9000,0.215
student5,9,opposed,6.0,0.03,energy,200,200,313,9000,0.015
student5,9,opposed,6.0,0.01,mahalanobis,200,199,92,9000,0.09
student5,9,opposed,6.0,0.03,mahalanobis,200,200,287,9000,0.01
student5,9,ramp_down,2.0,0.01,stouffer_down,200,33,97,9000,2.765
student5,9,ramp_down,2.0,0.03,stouffer_down,200,92,294,9000,2.27
student5,9,ramp_down,2.0,0.01,stouffer_two_sided,200,21,110,9000,2.85
student5,9,ramp_down,2.0,0.03,stouffer_two_sided,200,54,320,9000,2.58
student5,9,ramp_down,2.0,0.01,max_absolute,200,6,100,9000,2.945
student5,9,ramp_down,2.0,0.03,max_absolute,200,25,283,9000,2.76
student5,9,ramp_down,2.0,0.01,glr_two_sided,200,12,100,9000,2.895
student5,9,ramp_down,2.0,0.03,glr_two_sided,200,40,299,9000,2.705
student5,9,ramp_down,2.0,0.01,energy,200,8,101,9000,2.93
student5,9,ramp_down,2.0,0.03,energy,200,33,313,9000,2.695
student5,9,ramp_down,2.0,0.01,mahalanobis,200,4,92,9000,2.97
student5,9,ramp_down,2.0,0.03,mahalanobis,200,22,287,9000,2.77
student5,9,ramp_down,4.0,0.01,stouffer_down,200,148,97,9000,1.955
student5,9,ramp_down,4.0,0.03,stouffer_down,200,188,294,9000,1.265
student5,9,ramp_down,4.0,0.01,stouffer_two_sided,200,116,110,9000,2.26
student5,9,ramp_down,4.0,0.03,stouffer_two_sided,200,169,320,9000,1.645
student5,9,ramp_down,4.0,0.01,max_absolute,200,16,100,9000,2.88
student5,9,ramp_down,4.0,0.03,max_absolute,200,61,283,9000,2.515
student5,9,ramp_down,4.0,0.01,glr_two_sided,200,90,100,9000,2.47
student5,9,ramp_down,4.0,0.03,glr_two_sided,200,154,299,9000,1.95
student5,9,ramp_down,4.0,0.01,energy,200,37,101,9000,2.775
student5,9,ramp_down,4.0,0.03,energy,200,122,313,9000,2.14
student5,9,ramp_down,4.0,0.01,mahalanobis,200,10,92,9000,2.925
student5,9,ramp_down,4.0,0.03,mahalanobis,200,54,287,9000,2.58
student5,9,ramp_down,6.0,0.01,stouffer_down,200,195,97,9000,1.15
student5,9,ramp_down,6.0,0.03,stouffer_down,200,198,294,9000,0.755
student5,9,ramp_down,6.0,0.01,stouffer_two_sided,200,191,110,9000,1.445
student5,9,ramp_down,6.0,0.03,stouffer_two_sided,200,195,320,9000,1.025
student5,9,ramp_down,6.0,0.01,max_absolute,200,52,100,9000,2.655
student5,9,ramp_down,6.0,0.03,max_absolute,200,151,283,9000,1.9
student5,9,ramp_down,6.0,0.01,glr_two_sided,200,186,100,9000,1.77
student5,9,ramp_down,6.0,0.03,glr_two_sided,200,195,299,9000,1.275
student5,9,ramp_down,6.0,0.01,energy,200,155,101,9000,2.05
student5,9,ramp_down,6.0,0.03,energy,200,188,313,9000,1.435
student5,9,ramp_down,6.0,0.01,mahalanobis,200,52,92,9000,2.67
student5,9,ramp_down,6.0,0.03,mahalanobis,200,158,287,9000,1.94
student5,10,common_down,2.0,0.01,stouffer_down,200,68,88,9000,2.305
student5,10,common_down,2.0,0.03,stouffer_down,200,136,293,9000,1.48
student5,10,common_down,2.0,0.01,stouffer_two_sided,200,36,108,9000,2.625
student5,10,common_down,2.0,0.03,stouffer_two_sided,200,104,289,9000,1.915
student5,10,common_down,2.0,0.01,max_absolute,200,7,86,9000,2.945
student5,10,common_down,2.0,0.03,max_absolute,200,33,272,9000,2.675
student5,10,common_down,2.0,0.01,glr_two_sided,200,35,103,9000,2.715
student5,10,common_down,2.0,0.03,glr_two_sided,200,91,331,9000,2.14
student5,10,common_down,2.0,0.01,energy,200,8,90,9000,2.93
student5,10,common_down,2.0,0.03,energy,200,43,285,9000,2.555
student5,10,common_down,2.0,0.01,mahalanobis,200,3,90,9000,2.98
student5,10,common_down,2.0,0.03,mahalanobis,200,26,288,9000,2.76
student5,10,common_down,4.0,0.01,stouffer_down,200,188,88,9000,0.505
student5,10,common_down,4.0,0.03,stouffer_down,200,197,293,9000,0.18
student5,10,common_down,4.0,0.01,stouffer_two_sided,200,166,108,9000,0.98
student5,10,common_down,4.0,0.03,stouffer_two_sided,200,191,289,9000,0.39
student5,10,common_down,4.0,0.01,max_absolute,200,31,86,9000,2.705
student5,10,common_down,4.0,0.03,max_absolute,200,114,272,9000,1.725
student5,10,common_down,4.0,0.01,glr_two_sided,200,174,103,9000,1.29
student5,10,common_down,4.0,0.03,glr_two_sided,200,188,331,9000,0.69
student5,10,common_down,4.0,0.01,energy,200,85,90,9000,2.11
student5,10,common_down,4.0,0.03,energy,200,161,285,9000,1.015
student5,10,common_down,4.0,0.01,mahalanobis,200,18,90,9000,2.85
student5,10,common_down,4.0,0.03,mahalanobis,200,99,288,9000,1.925
student5,10,common_down,6.0,0.01,stouffer_down,200,199,88,9000,0.05
student5,10,common_down,6.0,0.03,stouffer_down,200,200,293,9000,0.02
student5,10,common_down,6.0,0.01,stouffer_two_sided,200,199,108,9000,0.095
student5,10,common_down,6.0,0.03,stouffer_two_sided,200,200,289,9000,0.03
student5,10,common_down,6.0,0.01,max_absolute,200,110,86,9000,1.805
student5,10,common_down,6.0,0.03,max_absolute,200,189,272,9000,0.47
student5,10,common_down,6.0,0.01,glr_two_sided,200,199,103,9000,0.285
student5,10,common_down,6.0,0.03,glr_two_sided,200,200,331,9000,0.095
student5,10,common_down,6.0,0.01,energy,200,191,90,9000,0.395
student5,10,common_down,6.0,0.03,energy,200,199,285,9000,0.1
student5,10,common_down,6.0,0.01,mahalanobis,200,106,90,9000,1.84
student5,10,common_down,6.0,0.03,mahalanobis,200,192,288,9000,0.36
student5,10,common_up,2.0,0.01,stouffer_down,200,1,88,9000,2.99
student5,10,common_up,2.0,0.03,stouffer_down,200,1,293,9000,2.99
student5,10,common_up,2.0,0.01,stouffer_two_sided,200,37,108,9000,2.585
student5,10,common_up,2.0,0.03,stouffer_two_sided,200,80,289,9000,2.085
student5,10,common_up,2.0,0.01,max_absolute,200,11,86,9000,2.88
student5,10,common_up,2.0,0.03,max_absolute,200,38,272,9000,2.625
student5,10,common_up,2.0,0.01,glr_two_sided,200,33,103,9000,2.695
student5,10,common_up,2.0,0.03,glr_two_sided,200,76,331,9000,2.245
student5,10,common_up,2.0,0.01,energy,200,14,90,9000,2.845
student5,10,common_up,2.0,0.03,energy,200,47,285,9000,2.5
student5,10,common_up,2.0,0.01,mahalanobis,200,5,90,9000,2.945
student5,10,common_up,2.0,0.03,mahalanobis,200,26,288,9000,2.735
student5,10,common_up,4.0,0.01,stouffer_down,200,0,88,9000,3.0
student5,10,common_up,4.0,0.03,stouffer_down,200,0,293,9000,3.0
student5,10,common_up,4.0,0.01,stouffer_two_sided,200,154,108,9000,1.055
student5,10,common_up,4.0,0.03,stouffer_two_sided,200,196,289,9000,0.3
student5,10,common_up,4.0,0.01,max_absolute,200,32,86,9000,2.695
student5,10,common_up,4.0,0.03,max_absolute,200,113,272,9000,1.73
student5,10,common_up,4.0,0.01,glr_two_sided,200,175,103,9000,1.315
student5,10,common_up,4.0,0.03,glr_two_sided,200,193,331,9000,0.655
student5,10,common_up,4.0,0.01,energy,200,75,90,9000,2.185
student5,10,common_up,4.0,0.03,energy,200,152,285,9000,1.08
student5,10,common_up,4.0,0.01,mahalanobis,200,20,90,9000,2.805
student5,10,common_up,4.0,0.03,mahalanobis,200,93,288,9000,1.995
student5,10,common_up,6.0,0.01,stouffer_down,200,0,88,9000,3.0
student5,10,common_up,6.0,0.03,stouffer_down,200,0,293,9000,3.0
student5,10,common_up,6.0,0.01,stouffer_two_sided,200,200,108,9000,0.045
student5,10,common_up,6.0,0.03,stouffer_two_sided,200,200,289,9000,0.01
student5,10,common_up,6.0,0.01,max_absolute,200,112,86,9000,1.74
student5,10,common_up,6.0,0.03,max_absolute,200,190,272,9000,0.505
student5,10,common_up,6.0,0.01,glr_two_sided,200,200,103,9000,0.23
student5,10,common_up,6.0,0.03,glr_two_sided,200,200,331,9000,0.05
student5,10,common_up,6.0,0.01,energy,200,190,90,9000,0.41
student5,10,common_up,6.0,0.03,energy,200,200,285,9000,0.06
student5,10,common_up,6.0,0.01,mahalanobis,200,93,90,9000,1.96
student5,10,common_up,6.0,0.03,mahalanobis,200,190,288,9000,0.385
student5,10,sparse_down,2.0,0.01,stouffer_down,200,21,88,9000,2.81
student5,10,sparse_down,2.0,0.03,stouffer_down,200,58,293,9000,2.405
student5,10,sparse_down,2.0,0.01,stouffer_two_sided,200,9,108,9000,2.9
student5,10,sparse_down,2.0,0.03,stouffer_two_sided,200,31,289,9000,2.68
student5,10,sparse_down,2.0,0.01,max_absolute,200,12,86,9000,2.895
student5,10,sparse_down,2.0,0.03,max_absolute,200,55,272,9000,2.425
student5,10,sparse_down,2.0,0.01,glr_two_sided,200,6,103,9000,2.95
student5,10,sparse_down,2.0,0.03,glr_two_sided,200,24,331,9000,2.755
student5,10,sparse_down,2.0,0.01,energy,200,6,90,9000,2.95
student5,10,sparse_down,2.0,0.03,energy,200,39,285,9000,2.585
student5,10,sparse_down,2.0,0.01,mahalanobis,200,8,90,9000,2.925
student5,10,sparse_down,2.0,0.03,mahalanobis,200,41,288,9000,2.575
student5,10,sparse_down,4.0,0.01,stouffer_down,200,57,88,9000,2.425
student5,10,sparse_down,4.0,0.03,stouffer_down,200,130,293,9000,1.59
student5,10,sparse_down,4.0,0.01,stouffer_two_sided,200,25,108,9000,2.755
student5,10,sparse_down,4.0,0.03,stouffer_two_sided,200,81,289,9000,2.18
student5,10,sparse_down,4.0,0.01,max_absolute,200,160,86,9000,1.135
student5,10,sparse_down,4.0,0.03,max_absolute,200,196,272,9000,0.29
student5,10,sparse_down,4.0,0.01,glr_two_sided,200,23,103,9000,2.81
student5,10,sparse_down,4.0,0.03,glr_two_sided,200,73,331,9000,2.32
student5,10,sparse_down,4.0,0.01,energy,200,60,90,9000,2.375
student5,10,sparse_down,4.0,0.03,energy,200,180,285,9000,0.76
student5,10,sparse_down,4.0,0.01,mahalanobis,200,71,90,9000,2.2
student5,10,sparse_down,4.0,0.03,mahalanobis,200,192,288,9000,0.49
student5,10,sparse_down,6.0,0.01,stouffer_down,200,128,88,9000,1.625
student5,10,sparse_down,6.0,0.03,stouffer_down,200,173,293,9000,0.845
student5,10,sparse_down,6.0,0.01,stouffer_two_sided,200,76,108,9000,2.225
student5,10,sparse_down,6.0,0.03,stouffer_two_sided,200,144,289,9000,1.345
student5,10,sparse_down,6.0,0.01,max_absolute,200,200,86,9000,0.03
student5,10,sparse_down,6.0,0.03,max_absolute,200,200,272,9000,0.005
student5,10,sparse_down,6.0,0.01,glr_two_sided,200,85,103,9000,2.285
student5,10,sparse_down,6.0,0.03,glr_two_sided,200,147,331,9000,1.605
student5,10,sparse_down,6.0,0.01,energy,200,197,90,9000,0.28
student5,10,sparse_down,6.0,0.03,energy,200,200,285,9000,0.005
student5,10,sparse_down,6.0,0.01,mahalanobis,200,200,90,9000,0.1
student5,10,sparse_down,6.0,0.03,mahalanobis,200,200,288,9000,0.005
student5,10,opposed,2.0,0.01,stouffer_down,200,3,88,9000,2.965
student5,10,opposed,2.0,0.03,stouffer_down,200,21,293,9000,2.81
student5,10,opposed,2.0,0.01,stouffer_two_sided,200,4,108,9000,2.95
student5,10,opposed,2.0,0.03,stouffer_two_sided,200,21,289,9000,2.78
student5,10,opposed,2.0,0.01,max_absolute,200,8,86,9000,2.925
student5,10,opposed,2.0,0.03,max_absolute,200,39,272,9000,2.59
student5,10,opposed,2.0,0.01,glr_two_sided,200,5,103,9000,2.94
student5,10,opposed,2.0,0.03,glr_two_sided,200,13,331,9000,2.84
student5,10,opposed,2.0,0.01,energy,200,6,90,9000,2.935
student5,10,opposed,2.0,0.03,energy,200,32,285,9000,2.675
student5,10,opposed,2.0,0.01,mahalanobis,200,8,90,9000,2.925
student5,10,opposed,2.0,0.03,mahalanobis,200,47,288,9000,2.475
student5,10,opposed,4.0,0.01,stouffer_down,200,3,88,9000,2.965
student5,10,opposed,4.0,0.03,stouffer_down,200,21,293,9000,2.81
student5,10,opposed,4.0,0.01,stouffer_two_sided,200,4,108,9000,2.95
student5,10,opposed,4.0,0.03,stouffer_two_sided,200,21,289,9000,2.78
student5,10,opposed,4.0,0.01,max_absolute,200,81,86,9000,2.16
student5,10,opposed,4.0,0.03,max_absolute,200,182,272,9000,0.71
student5,10,opposed,4.0,0.01,glr_two_sided,200,5,103,9000,2.94
student5,10,opposed,4.0,0.03,glr_two_sided,200,13,331,9000,2.84
student5,10,opposed,4.0,0.01,energy,200,57,90,9000,2.41
student5,10,opposed,4.0,0.03,energy,200,169,285,9000,0.89
student5,10,opposed,4.0,0.01,mahalanobis,200,105,90,9000,1.82
student5,10,opposed,4.0,0.03,mahalanobis,200,193,288,9000,0.34
student5,10,opposed,6.0,0.01,stouffer_down,200,3,88,9000,2.965
student5,10,opposed,6.0,0.03,stouffer_down,200,21,293,9000,2.81
student5,10,opposed,6.0,0.01,stouffer_two_sided,200,4,108,9000,2.95
student5,10,opposed,6.0,0.03,stouffer_two_sided,200,21,289,9000,2.78
student5,10,opposed,6.0,0.01,max_absolute,200,198,86,9000,0.22
student5,10,opposed,6.0,0.03,max_absolute,200,200,272,9000,0.01
student5,10,opposed,6.0,0.01,glr_two_sided,200,5,103,9000,2.94
student5,10,opposed,6.0,0.03,glr_two_sided,200,13,331,9000,2.84
student5,10,opposed,6.0,0.01,energy,200,198,90,9000,0.23
student5,10,opposed,6.0,0.03,energy,200,200,285,9000,0.005
student5,10,opposed,6.0,0.01,mahalanobis,200,200,90,9000,0.06
student5,10,opposed,6.0,0.03,mahalanobis,200,200,288,9000,0.0
student5,10,ramp_down,2.0,0.01,stouffer_down,200,37,88,9000,2.725
student5,10,ramp_down,2.0,0.03,stouffer_down,200,105,293,9000,2.125
student5,10,ramp_down,2.0,0.01,stouffer_two_sided,200,23,108,9000,2.815
student5,10,ramp_down,2.0,0.03,stouffer_two_sided,200,64,289,9000,2.505
student5,10,ramp_down,2.0,0.01,max_absolute,200,6,86,9000,2.955
student5,10,ramp_down,2.0,0.03,max_absolute,200,26,272,9000,2.785
student5,10,ramp_down,2.0,0.01,glr_two_sided,200,13,103,9000,2.905
student5,10,ramp_down,2.0,0.03,glr_two_sided,200,44,331,9000,2.62
student5,10,ramp_down,2.0,0.01,energy,200,5,90,9000,2.965
student5,10,ramp_down,2.0,0.03,energy,200,32,285,9000,2.72
student5,10,ramp_down,2.0,0.01,mahalanobis,200,4,90,9000,2.965
student5,10,ramp_down,2.0,0.03,mahalanobis,200,21,288,9000,2.825
student5,10,ramp_down,4.0,0.01,stouffer_down,200,152,88,9000,1.86
student5,10,ramp_down,4.0,0.03,stouffer_down,200,183,293,9000,1.325
student5,10,ramp_down,4.0,0.01,stouffer_two_sided,200,121,108,9000,2.185
student5,10,ramp_down,4.0,0.03,stouffer_two_sided,200,168,289,9000,1.625
student5,10,ramp_down,4.0,0.01,max_absolute,200,18,86,9000,2.88
student5,10,ramp_down,4.0,0.03,max_absolute,200,69,272,9000,2.485
student5,10,ramp_down,4.0,0.01,glr_two_sided,200,106,103,9000,2.37
student5,10,ramp_down,4.0,0.03,glr_two_sided,200,155,331,9000,1.845
student5,10,ramp_down,4.0,0.01,energy,200,41,90,9000,2.74
student5,10,ramp_down,4.0,0.03,energy,200,118,285,9000,2.145
student5,10,ramp_down,4.0,0.01,mahalanobis,200,9,90,9000,2.95
student5,10,ramp_down,4.0,0.03,mahalanobis,200,53,288,9000,2.625
student5,10,ramp_down,6.0,0.01,stouffer_down,200,197,88,9000,1.21
student5,10,ramp_down,6.0,0.03,stouffer_down,200,200,293,9000,0.77
student5,10,ramp_down,6.0,0.01,stouffer_two_sided,200,188,108,9000,1.47
student5,10,ramp_down,6.0,0.03,stouffer_two_sided,200,197,289,9000,1.015
student5,10,ramp_down,6.0,0.01,max_absolute,200,58,86,9000,2.64
student5,10,ramp_down,6.0,0.03,max_absolute,200,155,272,9000,1.91
student5,10,ramp_down,6.0,0.01,glr_two_sided,200,186,103,9000,1.7
student5,10,ramp_down,6.0,0.03,glr_two_sided,200,196,331,9000,1.29
student5,10,ramp_down,6.0,0.01,energy,200,155,90,9000,2.02
student5,10,ramp_down,6.0,0.03,energy,200,190,285,9000,1.45
student5,10,ramp_down,6.0,0.01,mahalanobis,200,53,90,9000,2.695
student5,10,ramp_down,6.0,0.03,mahalanobis,200,162,288,9000,1.925
student5,11,common_down,2.0,0.01,stouffer_down,200,60,115,9000,2.31
student5,11,common_down,2.0,0.03,stouffer_down,200,135,311,9000,1.395
student5,11,common_down,2.0,0.01,stouffer_two_sided,200,33,125,9000,2.63
student5,11,common_down,2.0,0.03,stouffer_two_sided,200,87,327,9000,2.035
student5,11,common_down,2.0,0.01,max_absolute,200,12,93,9000,2.87
student5,11,common_down,2.0,0.03,max_absolute,200,33,286,9000,2.64
student5,11,common_down,2.0,0.01,glr_two_sided,200,32,84,9000,2.72
student5,11,common_down,2.0,0.03,glr_two_sided,200,78,327,9000,2.23
student5,11,common_down,2.0,0.01,energy,200,12,94,9000,2.89
student5,11,common_down,2.0,0.03,energy,200,44,298,9000,2.515
student5,11,common_down,2.0,0.01,mahalanobis,200,8,84,9000,2.93
student5,11,common_down,2.0,0.03,mahalanobis,200,25,285,9000,2.735
student5,11,common_down,4.0,0.01,stouffer_down,200,191,115,9000,0.445
student5,11,common_down,4.0,0.03,stouffer_down,200,199,311,9000,0.13
student5,11,common_down,4.0,0.01,stouffer_two_sided,200,170,125,9000,0.92
student5,11,common_down,4.0,0.03,stouffer_two_sided,200,194,327,9000,0.31
student5,11,common_down,4.0,0.01,max_absolute,200,27,93,9000,2.7
student5,11,common_down,4.0,0.03,max_absolute,200,98,286,9000,1.855
student5,11,common_down,4.0,0.01,glr_two_sided,200,174,84,9000,1.26
student5,11,common_down,4.0,0.03,glr_two_sided,200,194,327,9000,0.62
student5,11,common_down,4.0,0.01,energy,200,75,94,9000,2.09
student5,11,common_down,4.0,0.03,energy,200,166,298,9000,0.98
student5,11,common_down,4.0,0.01,mahalanobis,200,19,84,9000,2.795
student5,11,common_down,4.0,0.03,mahalanobis,200,86,285,9000,1.985
student5,11,common_down,6.0,0.01,stouffer_down,200,200,115,9000,0.025
student5,11,common_down,6.0,0.03,stouffer_down,200,200,311,9000,0.005
student5,11,common_down,6.0,0.01,stouffer_two_sided,200,200,125,9000,0.08
student5,11,common_down,6.0,0.03,stouffer_two_sided,200,200,327,9000,0.015
student5,11,common_down,6.0,0.01,max_absolute,200,96,93,9000,1.885
student5,11,common_down,6.0,0.03,max_absolute,200,189,286,9000,0.485
student5,11,common_down,6.0,0.01,glr_two_sided,200,200,84,9000,0.24
student5,11,common_down,6.0,0.03,glr_two_sided,200,200,327,9000,0.075
student5,11,common_down,6.0,0.01,energy,200,190,94,9000,0.39
student5,11,common_down,6.0,0.03,energy,200,200,298,9000,0.07
student5,11,common_down,6.0,0.01,mahalanobis,200,93,84,9000,1.915
student5,11,common_down,6.0,0.03,mahalanobis,200,192,285,9000,0.35
student5,11,common_up,2.0,0.01,stouffer_down,200,1,115,9000,2.99
student5,11,common_up,2.0,0.03,stouffer_down,200,3,311,9000,2.965
student5,11,common_up,2.0,0.01,stouffer_two_sided,200,46,125,9000,2.555
student5,11,common_up,2.0,0.03,stouffer_two_sided,200,94,327,9000,1.985
student5,11,common_up,2.0,0.01,max_absolute,200,12,93,9000,2.88
student5,11,common_up,2.0,0.03,max_absolute,200,38,286,9000,2.635
student5,11,common_up,2.0,0.01,glr_two_sided,200,39,84,9000,2.67
student5,11,common_up,2.0,0.03,glr_two_sided,200,86,327,9000,2.2
student5,11,common_up,2.0,0.01,energy,200,19,94,9000,2.825
student5,11,common_up,2.0,0.03,energy,200,58,298,9000,2.465
student5,11,common_up,2.0,0.01,mahalanobis,200,12,84,9000,2.88
student5,11,common_up,2.0,0.03,mahalanobis,200,30,285,9000,2.715
student5,11,common_up,4.0,0.01,stouffer_down,200,1,115,9000,2.99
student5,11,common_up,4.0,0.03,stouffer_down,200,1,311,9000,2.99
student5,11,common_up,4.0,0.01,stouffer_two_sided,200,173,125,9000,0.945
student5,11,common_up,4.0,0.03,stouffer_two_sided,200,195,327,9000,0.325
student5,11,common_up,4.0,0.01,max_absolute,200,34,93,9000,2.675
student5,11,common_up,4.0,0.03,max_absolute,200,105,286,9000,1.84
student5,11,common_up,4.0,0.01,glr_two_sided,200,178,84,9000,1.29
student5,11,common_up,4.0,0.03,glr_two_sided,200,195,327,9000,0.665
student5,11,common_up,4.0,0.01,energy,200,79,94,9000,2.15
student5,11,common_up,4.0,0.03,energy,200,169,298,9000,0.98
student5,11,common_up,4.0,0.01,mahalanobis,200,25,84,9000,2.775
student5,11,common_up,4.0,0.03,mahalanobis,200,93,285,9000,2.0
student5,11,common_up,6.0,0.01,stouffer_down,200,0,115,9000,3.0
student5,11,common_up,6.0,0.03,stouffer_down,200,0,311,9000,3.0
student5,11,common_up,6.0,0.01,stouffer_two_sided,200,199,125,9000,0.06
student5,11,common_up,6.0,0.03,stouffer_two_sided,200,200,327,9000,0.02
student5,11,common_up,6.0,0.01,max_absolute,200,101,93,9000,1.9
student5,11,common_up,6.0,0.03,max_absolute,200,190,286,9000,0.43
student5,11,common_up,6.0,0.01,glr_two_sided,200,200,84,9000,0.245
student5,11,common_up,6.0,0.03,glr_two_sided,200,200,327,9000,0.055
student5,11,common_up,6.0,0.01,energy,200,196,94,9000,0.345
student5,11,common_up,6.0,0.03,energy,200,200,298,9000,0.05
student5,11,common_up,6.0,0.01,mahalanobis,200,97,84,9000,1.945
student5,11,common_up,6.0,0.03,mahalanobis,200,197,285,9000,0.32
student5,11,sparse_down,2.0,0.01,stouffer_down,200,15,115,9000,2.835
student5,11,sparse_down,2.0,0.03,stouffer_down,200,44,311,9000,2.51
student5,11,sparse_down,2.0,0.01,stouffer_two_sided,200,9,125,9000,2.905
student5,11,sparse_down,2.0,0.03,stouffer_two_sided,200,28,327,9000,2.71
student5,11,sparse_down,2.0,0.01,max_absolute,200,16,93,9000,2.825
student5,11,sparse_down,2.0,0.03,max_absolute,200,53,286,9000,2.41
student5,11,sparse_down,2.0,0.01,glr_two_sided,200,6,84,9000,2.94
student5,11,sparse_down,2.0,0.03,glr_two_sided,200,25,327,9000,2.72
student5,11,sparse_down,2.0,0.01,energy,200,15,94,9000,2.84
student5,11,sparse_down,2.0,0.03,energy,200,28,298,9000,2.68
student5,11,sparse_down,2.0,0.01,mahalanobis,200,13,84,9000,2.865
student5,11,sparse_down,2.0,0.03,mahalanobis,200,33,285,9000,2.635
student5,11,sparse_down,4.0,0.01,stouffer_down,200,44,115,9000,2.51
student5,11,sparse_down,4.0,0.03,stouffer_down,200,118,311,9000,1.655
student5,11,sparse_down,4.0,0.01,stouffer_two_sided,200,24,125,9000,2.745
student5,11,sparse_down,4.0,0.03,stouffer_two_sided,200,73,327,9000,2.19
student5,11,sparse_down,4.0,0.01,max_absolute,200,152,93,9000,1.145
student5,11,sparse_down,4.0,0.03,max_absolute,200,198,286,9000,0.245
student5,11,sparse_down,4.0,0.01,glr_two_sided,200,23,84,9000,2.79
student5,11,sparse_down,4.0,0.03,glr_two_sided,200,65,327,9000,2.375
student5,11,sparse_down,4.0,0.01,energy,200,51,94,9000,2.415
student5,11,sparse_down,4.0,0.03,energy,200,173,298,9000,0.77
student5,11,sparse_down,4.0,0.01,mahalanobis,200,75,84,9000,2.18
student5,11,sparse_down,4.0,0.03,mahalanobis,200,191,285,9000,0.475
student5,11,sparse_down,6.0,0.01,stouffer_down,200,114,115,9000,1.705
student5,11,sparse_down,6.0,0.03,stouffer_down,200,179,311,9000,0.74
student5,11,sparse_down,6.0,0.01,stouffer_two_sided,200,69,125,9000,2.235
student5,11,sparse_down,6.0,0.03,stouffer_two_sided,200,145,327,9000,1.28
student5,11,sparse_down,6.0,0.01,max_absolute,200,200,93,9000,0.045
student5,11,sparse_down,6.0,0.03,max_absolute,200,200,286,9000,0.005
student5,11,sparse_down,6.0,0.01,glr_two_sided,200,73,84,9000,2.38
student5,11,sparse_down,6.0,0.03,glr_two_sided,200,143,327,9000,1.605
student5,11,sparse_down,6.0,0.01,energy,200,196,94,9000,0.28
student5,11,sparse_down,6.0,0.03,energy,200,200,298,9000,0.015
student5,11,sparse_down,6.0,0.01,mahalanobis,200,200,84,9000,0.135
student5,11,sparse_down,6.0,0.03,mahalanobis,200,200,285,9000,0.0
student5,11,opposed,2.0,0.01,stouffer_down,200,8,115,9000,2.915
student5,11,opposed,2.0,0.03,stouffer_down,200,17,311,9000,2.81
student5,11,opposed,2.0,0.01,stouffer_two_sided,200,8,125,9000,2.93
student5,11,opposed,2.0,0.03,stouffer_two_sided,200,25,327,9000,2.765
student5,11,opposed,2.0,0.01,max_absolute,200,16,93,9000,2.845
student5,11,opposed,2.0,0.03,max_absolute,200,52,286,9000,2.49
student5,11,opposed,2.0,0.01,glr_two_sided,200,3,84,9000,2.965
student5,11,opposed,2.0,0.03,glr_two_sided,200,16,327,9000,2.82
student5,11,opposed,2.0,0.01,energy,200,11,94,9000,2.895
student5,11,opposed,2.0,0.03,energy,200,39,298,9000,2.605
student5,11,opposed,2.0,0.01,mahalanobis,200,17,84,9000,2.825
student5,11,opposed,2.0,0.03,mahalanobis,200,51,285,9000,2.495
student5,11,opposed,4.0,0.01,stouffer_down,200,8,115,9000,2.915
student5,11,opposed,4.0,0.03,stouffer_down,200,17,311,9000,2.81
student5,11,opposed,4.0,0.01,stouffer_two_sided,200,8,125,9000,2.93
student5,11,opposed,4.0,0.03,stouffer_two_sided,200,25,327,9000,2.765
student5,11,opposed,4.0,0.01,max_absolute,200,84,93,9000,2.105
student5,11,opposed,4.0,0.03,max_absolute,200,184,286,9000,0.71
student5,11,opposed,4.0,0.01,glr_two_sided,200,3,84,9000,2.965
student5,11,opposed,4.0,0.03,glr_two_sided,200,16,327,9000,2.82
student5,11,opposed,4.0,0.01,energy,200,60,94,9000,2.395
student5,11,opposed,4.0,0.03,energy,200,174,298,9000,0.81
student5,11,opposed,4.0,0.01,mahalanobis,200,97,84,9000,1.89
student5,11,opposed,4.0,0.03,mahalanobis,200,194,285,9000,0.315
student5,11,opposed,6.0,0.01,stouffer_down,200,8,115,9000,2.915
student5,11,opposed,6.0,0.03,stouffer_down,200,17,311,9000,2.81
student5,11,opposed,6.0,0.01,stouffer_two_sided,200,8,125,9000,2.93
student5,11,opposed,6.0,0.03,stouffer_two_sided,200,25,327,9000,2.765
student5,11,opposed,6.0,0.01,max_absolute,200,199,93,9000,0.195
student5,11,opposed,6.0,0.03,max_absolute,200,200,286,9000,0.0
student5,11,opposed,6.0,0.01,glr_two_sided,200,3,84,9000,2.965
student5,11,opposed,6.0,0.03,glr_two_sided,200,16,327,9000,2.82
student5,11,opposed,6.0,0.01,energy,200,197,94,9000,0.2
student5,11,opposed,6.0,0.03,energy,200,200,298,9000,0.005
student5,11,opposed,6.0,0.01,mahalanobis,200,198,84,9000,0.07
student5,11,opposed,6.0,0.03,mahalanobis,200,200,285,9000,0.0
student5,11,ramp_down,2.0,0.01,stouffer_down,200,29,115,9000,2.745
student5,11,ramp_down,2.0,0.03,stouffer_down,200,89,311,9000,2.24
student5,11,ramp_down,2.0,0.01,stouffer_two_sided,200,17,125,9000,2.855
student5,11,ramp_down,2.0,0.03,stouffer_two_sided,200,53,327,9000,2.55
student5,11,ramp_down,2.0,0.01,max_absolute,200,10,93,9000,2.905
student5,11,ramp_down,2.0,0.03,max_absolute,200,27,286,9000,2.73
student5,11,ramp_down,2.0,0.01,glr_two_sided,200,13,84,9000,2.9
student5,11,ramp_down,2.0,0.03,glr_two_sided,200,41,327,9000,2.625
student5,11,ramp_down,2.0,0.01,energy,200,11,94,9000,2.91
student5,11,ramp_down,2.0,0.03,energy,200,30,298,9000,2.715
student5,11,ramp_down,2.0,0.01,mahalanobis,200,6,84,9000,2.955
student5,11,ramp_down,2.0,0.03,mahalanobis,200,20,285,9000,2.8
student5,11,ramp_down,4.0,0.01,stouffer_down,200,148,115,9000,1.925
student5,11,ramp_down,4.0,0.03,stouffer_down,200,188,311,9000,1.28
student5,11,ramp_down,4.0,0.01,stouffer_two_sided,200,108,125,9000,2.245
student5,11,ramp_down,4.0,0.03,stouffer_two_sided,200,168,327,9000,1.68
student5,11,ramp_down,4.0,0.01,max_absolute,200,14,93,9000,2.875
student5,11,ramp_down,4.0,0.03,max_absolute,200,55,286,9000,2.55
student5,11,ramp_down,4.0,0.01,glr_two_sided,200,86,84,9000,2.455
student5,11,ramp_down,4.0,0.03,glr_two_sided,200,157,327,9000,1.87
student5,11,ramp_down,4.0,0.01,energy,200,26,94,9000,2.81
student5,11,ramp_down,4.0,0.03,energy,200,109,298,9000,2.195
student5,11,ramp_down,4.0,0.01,mahalanobis,200,11,84,9000,2.905
student5,11,ramp_down,4.0,0.03,mahalanobis,200,42,285,9000,2.645
student5,11,ramp_down,6.0,0.01,stouffer_down,200,199,115,9000,1.165
student5,11,ramp_down,6.0,0.03,stouffer_down,200,200,311,9000,0.745
student5,11,ramp_down,6.0,0.01,stouffer_two_sided,200,190,125,9000,1.485
student5,11,ramp_down,6.0,0.03,stouffer_two_sided,200,200,327,9000,1.03
student5,11,ramp_down,6.0,0.01,max_absolute,200,42,93,9000,2.675
student5,11,ramp_down,6.0,0.03,max_absolute,200,142,286,9000,1.95
student5,11,ramp_down,6.0,0.01,glr_two_sided,200,183,84,9000,1.735
student5,11,ramp_down,6.0,0.03,glr_two_sided,200,200,327,9000,1.245
student5,11,ramp_down,6.0,0.01,energy,200,148,94,9000,2.045
student5,11,ramp_down,6.0,0.03,energy,200,189,298,9000,1.495
student5,11,ramp_down,6.0,0.01,mahalanobis,200,35,84,9000,2.765
student5,11,ramp_down,6.0,0.03,mahalanobis,200,161,285,9000,1.9
student5,12,common_down,2.0,0.01,stouffer_down,200,69,113,9000,2.165
student5,12,common_down,2.0,0.03,stouffer_down,200,141,312,9000,1.285
student5,12,common_down,2.0,0.01,stouffer_two_sided,200,39,123,9000,2.55
student5,12,common_down,2.0,0.03,stouffer_two_sided,200,94,333,9000,1.895
student5,12,common_down,2.0,0.01,max_absolute,200,12,103,9000,2.885
student5,12,common_down,2.0,0.03,max_absolute,200,32,305,9000,2.655
student5,12,common_down,2.0,0.01,glr_two_sided,200,41,126,9000,2.66
student5,12,common_down,2.0,0.03,glr_two_sided,200,89,364,9000,2.08
student5,12,common_down,2.0,0.01,energy,200,16,118,9000,2.83
student5,12,common_down,2.0,0.03,energy,200,46,310,9000,2.47
student5,12,common_down,2.0,0.01,mahalanobis,200,11,107,9000,2.88
student5,12,common_down,2.0,0.03,mahalanobis,200,27,286,9000,2.725
student5,12,common_down,4.0,0.01,stouffer_down,200,190,113,9000,0.43
student5,12,common_down,4.0,0.03,stouffer_down,200,200,312,9000,0.125
student5,12,common_down,4.0,0.01,stouffer_two_sided,200,169,123,9000,0.885
student5,12,common_down,4.0,0.03,stouffer_two_sided,200,196,333,9000,0.26
student5,12,common_down,4.0,0.01,max_absolute,200,30,103,9000,2.675
student5,12,common_down,4.0,0.03,max_absolute,200,98,305,9000,1.865
student5,12,common_down,4.0,0.01,glr_two_sided,200,181,126,9000,1.145
student5,12,common_down,4.0,0.03,glr_two_sided,200,197,364,9000,0.525
student5,12,common_down,4.0,0.01,energy,200,82,118,9000,2.02
student5,12,common_down,4.0,0.03,energy,200,168,310,9000,0.88
student5,12,common_down,4.0,0.01,mahalanobis,200,23,107,9000,2.76
student5,12,common_down,4.0,0.03,mahalanobis,200,93,286,9000,1.865
student5,12,common_down,6.0,0.01,stouffer_down,200,200,113,9000,0.025
student5,12,common_down,6.0,0.03,stouffer_down,200,200,312,9000,0.01
student5,12,common_down,6.0,0.01,stouffer_two_sided,200,200,123,9000,0.05
student5,12,common_down,6.0,0.03,stouffer_two_sided,200,200,333,9000,0.015
student5,12,common_down,6.0,0.01,max_absolute,200,94,103,9000,1.895
student5,12,common_down,6.0,0.03,max_absolute,200,190,305,9000,0.445
student5,12,common_down,6.0,0.01,glr_two_sided,200,200,126,9000,0.225
student5,12,common_down,6.0,0.03,glr_two_sided,200,200,364,9000,0.055
student5,12,common_down,6.0,0.01,energy,200,190,118,9000,0.385
student5,12,common_down,6.0,0.03,energy,200,200,310,9000,0.045
student5,12,common_down,6.0,0.01,mahalanobis,200,99,107,9000,1.81
student5,12,common_down,6.0,0.03,mahalanobis,200,193,286,9000,0.36
student5,12,common_up,2.0,0.01,stouffer_down,200,1,113,9000,2.995
student5,12,common_up,2.0,0.03,stouffer_down,200,2,312,9000,2.985
student5,12,common_up,2.0,0.01,stouffer_two_sided,200,31,123,9000,2.665
student5,12,common_up,2.0,0.03,stouffer_two_sided,200,84,333,9000,2.135
student5,12,common_up,2.0,0.01,max_absolute,200,11,103,9000,2.89
student5,12,common_up,2.0,0.03,max_absolute,200,34,305,9000,2.64
student5,12,common_up,2.0,0.01,glr_two_sided,200,26,126,9000,2.78
student5,12,common_up,2.0,0.03,glr_two_sided,200,75,364,9000,2.305
student5,12,common_up,2.0,0.01,energy,200,11,118,9000,2.885
student5,12,common_up,2.0,0.03,energy,200,45,310,9000,2.505
student5,12,common_up,2.0,0.01,mahalanobis,200,5,107,9000,2.965
student5,12,common_up,2.0,0.03,mahalanobis,200,25,286,9000,2.715
student5,12,common_up,4.0,0.01,stouffer_down,200,0,113,9000,3.0
student5,12,common_up,4.0,0.03,stouffer_down,200,0,312,9000,3.0
student5,12,common_up,4.0,0.01,stouffer_two_sided,200,163,123,9000,1.065
student5,12,common_up,4.0,0.03,stouffer_two_sided,200,195,333,9000,0.385
student5,12,common_up,4.0,0.01,max_absolute,200,30,103,9000,2.685
student5,12,common_up,4.0,0.03,max_absolute,200,103,305,9000,1.855
student5,12,common_up,4.0,0.01,glr_two_sided,200,174,126,9000,1.37
student5,12,common_up,4.0,0.03,glr_two_sided,200,193,364,9000,0.72
student5,12,common_up,4.0,0.01,energy,200,76,118,9000,2.195
student5,12,common_up,4.0,0.03,energy,200,166,310,9000,1.01
student5,12,common_up,4.0,0.01,mahalanobis,200,20,107,9000,2.775
student5,12,common_up,4.0,0.03,mahalanobis,200,95,286,9000,1.99
student5,12,common_up,6.0,0.01,stouffer_down,200,0,113,9000,3.0
student5,12,common_up,6.0,0.03,stouffer_down,200,0,312,9000,3.0
student5,12,common_up,6.0,0.01,stouffer_two_sided,200,200,123,9000,0.09
student5,12,common_up,6.0,0.03,stouffer_two_sided,200,200,333,9000,0.025
student5,12,common_up,6.0,0.01,max_absolute,200,95,103,9000,1.95
student5,12,common_up,6.0,0.03,max_absolute,200,192,305,9000,0.53
student5,12,common_up,6.0,0.01,glr_two_sided,200,200,126,9000,0.325
student5,12,common_up,6.0,0.03,glr_two_sided,200,200,364,9000,0.085
student5,12,common_up,6.0,0.01,energy,200,191,118,9000,0.54
student5,12,common_up,6.0,0.03,energy,200,200,310,9000,0.095
student5,12,common_up,6.0,0.01,mahalanobis,200,99,107,9000,1.945
student5,12,common_up,6.0,0.03,mahalanobis,200,194,286,9000,0.445
student5,12,sparse_down,2.0,0.01,stouffer_down,200,18,113,9000,2.815
student5,12,sparse_down,2.0,0.03,stouffer_down,200,60,312,9000,2.3
student5,12,sparse_down,2.0,0.01,stouffer_two_sided,200,13,123,9000,2.87
student5,12,sparse_down,2.0,0.03,stouffer_two_sided,200,35,333,9000,2.605
student5,12,sparse_down,2.0,0.01,max_absolute,200,17,103,9000,2.82
student5,12,sparse_down,2.0,0.03,max_absolute,200,55,305,9000,2.35
student5,12,sparse_down,2.0,0.01,glr_two_sided,200,8,126,9000,2.935
student5,12,sparse_down,2.0,0.03,glr_two_sided,200,32,364,9000,2.67
student5,12,sparse_down,2.0,0.01,energy,200,13,118,9000,2.855
student5,12,sparse_down,2.0,0.03,energy,200,40,310,9000,2.545
student5,12,sparse_down,2.0,0.01,mahalanobis,200,13,107,9000,2.855
student5,12,sparse_down,2.0,0.03,mahalanobis,200,43,286,9000,2.5
student5,12,sparse_down,4.0,0.01,stouffer_down,200,57,113,9000,2.335
student5,12,sparse_down,4.0,0.03,stouffer_down,200,127,312,9000,1.465
student5,12,sparse_down,4.0,0.01,stouffer_two_sided,200,34,123,9000,2.625
student5,12,sparse_down,4.0,0.03,stouffer_two_sided,200,78,333,9000,2.07
student5,12,sparse_down,4.0,0.01,max_absolute,200,147,103,9000,1.11
student5,12,sparse_down,4.0,0.03,max_absolute,200,196,305,9000,0.235
student5,12,sparse_down,4.0,0.01,glr_two_sided,200,29,126,9000,2.765
student5,12,sparse_down,4.0,0.03,glr_two_sided,200,70,364,9000,2.255
student5,12,sparse_down,4.0,0.01,energy,200,66,118,9000,2.195
student5,12,sparse_down,4.0,0.03,energy,200,168,310,9000,0.84
student5,12,sparse_down,4.0,0.01,mahalanobis,200,83,107,9000,2.045
student5,12,sparse_down,4.0,0.03,mahalanobis,200,181,286,9000,0.57
student5,12,sparse_down,6.0,0.01,stouffer_down,200,124,113,9000,1.51
student5,12,sparse_down,6.0,0.03,stouffer_down,200,180,312,9000,0.7
student5,12,sparse_down,6.0,0.01,stouffer_two_sided,200,74,123,9000,2.11
student5,12,sparse_down,6.0,0.03,stouffer_two_sided,200,148,333,9000,1.2
student5,12,sparse_down,6.0,0.01,max_absolute,200,200,103,9000,0.025
student5,12,sparse_down,6.0,0.03,max_absolute,200,200,305,9000,0.015
student5,12,sparse_down,6.0,0.01,glr_two_sided,200,79,126,9000,2.275
student5,12,sparse_down,6.0,0.03,glr_two_sided,200,155,364,9000,1.46
student5,12,sparse_down,6.0,0.01,energy,200,197,118,9000,0.225
student5,12,sparse_down,6.0,0.03,energy,200,200,310,9000,0.015
student5,12,sparse_down,6.0,0.01,mahalanobis,200,199,107,9000,0.11
student5,12,sparse_down,6.0,0.03,mahalanobis,200,200,286,9000,0.01
student5,12,opposed,2.0,0.01,stouffer_down,200,6,113,9000,2.945
student5,12,opposed,2.0,0.03,stouffer_down,200,20,312,9000,2.795
student5,12,opposed,2.0,0.01,stouffer_two_sided,200,6,123,9000,2.955
student5,12,opposed,2.0,0.03,stouffer_two_sided,200,21,333,9000,2.78
student5,12,opposed,2.0,0.01,max_absolute,200,13,103,9000,2.855
student5,12,opposed,2.0,0.03,max_absolute,200,41,305,9000,2.535
student5,12,opposed,2.0,0.01,glr_two_sided,200,4,126,9000,2.96
student5,12,opposed,2.0,0.03,glr_two_sided,200,14,364,9000,2.845
student5,12,opposed,2.0,0.01,energy,200,12,118,9000,2.865
student5,12,opposed,2.0,0.03,energy,200,34,310,9000,2.62
student5,12,opposed,2.0,0.01,mahalanobis,200,11,107,9000,2.885
student5,12,opposed,2.0,0.03,mahalanobis,200,48,286,9000,2.45
student5,12,opposed,4.0,0.01,stouffer_down,200,6,113,9000,2.945
student5,12,opposed,4.0,0.03,stouffer_down,200,20,312,9000,2.795
student5,12,opposed,4.0,0.01,stouffer_two_sided,200,6,123,9000,2.955
student5,12,opposed,4.0,0.03,stouffer_two_sided,200,21,333,9000,2.78
student5,12,opposed,4.0,0.01,max_absolute,200,74,103,9000,2.195
student5,12,opposed,4.0,0.03,max_absolute,200,183,305,9000,0.695
student5,12,opposed,4.0,0.01,glr_two_sided,200,4,126,9000,2.96
student5,12,opposed,4.0,0.03,glr_two_sided,200,14,364,9000,2.845
student5,12,opposed,4.0,0.01,energy,200,61,118,9000,2.33
student5,12,opposed,4.0,0.03,energy,200,174,310,9000,0.805
student5,12,opposed,4.0,0.01,mahalanobis,200,104,107,9000,1.805
student5,12,opposed,4.0,0.03,mahalanobis,200,193,286,9000,0.36
student5,12,opposed,6.0,0.01,stouffer_down,200,6,113,9000,2.945
student5,12,opposed,6.0,0.03,stouffer_down,200,20,312,9000,2.795
student5,12,opposed,6.0,0.01,stouffer_two_sided,200,6,123,9000,2.955
student5,12,opposed,6.0,0.03,stouffer_two_sided,200,21,333,9000,2.78
student5,12,opposed,6.0,0.01,max_absolute,200,198,103,9000,0.2
student5,12,opposed,6.0,0.03,max_absolute,200,200,305,9000,0.02
student5,12,opposed,6.0,0.01,glr_two_sided,200,4,126,9000,2.96
student5,12,opposed,6.0,0.03,glr_two_sided,200,14,364,9000,2.845
student5,12,opposed,6.0,0.01,energy,200,198,118,9000,0.205
student5,12,opposed,6.0,0.03,energy,200,200,310,9000,0.015
student5,12,opposed,6.0,0.01,mahalanobis,200,200,107,9000,0.045
student5,12,opposed,6.0,0.03,mahalanobis,200,200,286,9000,0.0
student5,12,ramp_down,2.0,0.01,stouffer_down,200,36,113,9000,2.695
student5,12,ramp_down,2.0,0.03,stouffer_down,200,98,312,9000,2.12
student5,12,ramp_down,2.0,0.01,stouffer_two_sided,200,19,123,9000,2.865
student5,12,ramp_down,2.0,0.03,stouffer_two_sided,200,56,333,9000,2.505
student5,12,ramp_down,2.0,0.01,max_absolute,200,10,103,9000,2.91
student5,12,ramp_down,2.0,0.03,max_absolute,200,24,305,9000,2.765
student5,12,ramp_down,2.0,0.01,glr_two_sided,200,19,126,9000,2.865
student5,12,ramp_down,2.0,0.03,glr_two_sided,200,43,364,9000,2.635
student5,12,ramp_down,2.0,0.01,energy,200,11,118,9000,2.9
student5,12,ramp_down,2.0,0.03,energy,200,32,310,9000,2.7
student5,12,ramp_down,2.0,0.01,mahalanobis,200,8,107,9000,2.92
student5,12,ramp_down,2.0,0.03,mahalanobis,200,23,286,9000,2.775
student5,12,ramp_down,4.0,0.01,stouffer_down,200,153,113,9000,1.81
student5,12,ramp_down,4.0,0.03,stouffer_down,200,190,312,9000,1.15
student5,12,ramp_down,4.0,0.01,stouffer_two_sided,200,115,123,9000,2.225
student5,12,ramp_down,4.0,0.03,stouffer_two_sided,200,173,333,9000,1.565
student5,12,ramp_down,4.0,0.01,max_absolute,200,15,103,9000,2.87
student5,12,ramp_down,4.0,0.03,max_absolute,200,60,305,9000,2.49
student5,12,ramp_down,4.0,0.01,glr_two_sided,200,96,126,9000,2.41
student5,12,ramp_down,4.0,0.03,glr_two_sided,200,167,364,9000,1.775
student5,12,ramp_down,4.0,0.01,energy,200,40,118,9000,2.715
student5,12,ramp_down,4.0,0.03,energy,200,114,310,9000,2.145
student5,12,ramp_down,4.0,0.01,mahalanobis,200,16,107,9000,2.85
student5,12,ramp_down,4.0,0.03,mahalanobis,200,49,286,9000,2.595
student5,12,ramp_down,6.0,0.01,stouffer_down,200,199,113,9000,1.055
student5,12,ramp_down,6.0,0.03,stouffer_down,200,200,312,9000,0.65
student5,12,ramp_down,6.0,0.01,stouffer_two_sided,200,195,123,9000,1.38
student5,12,ramp_down,6.0,0.03,stouffer_two_sided,200,200,333,9000,0.92
student5,12,ramp_down,6.0,0.01,max_absolute,200,50,103,9000,2.655
student5,12,ramp_down,6.0,0.03,max_absolute,200,150,305,9000,1.905
student5,12,ramp_down,6.0,0.01,glr_two_sided,200,189,126,9000,1.67
student5,12,ramp_down,6.0,0.03,glr_two_sided,200,198,364,9000,1.19
student5,12,ramp_down,6.0,0.01,energy,200,153,118,9000,2.0
student5,12,ramp_down,6.0,0.03,energy,200,198,310,9000,1.35
student5,12,ramp_down,6.0,0.01,mahalanobis,200,46,107,9000,2.685
student5,12,ramp_down,6.0,0.03,mahalanobis,200,157,286,9000,1.92
student5,13,common_down,2.0,0.01,stouffer_down,200,54,78,9000,2.465
student5,13,common_down,2.0,0.03,stouffer_down,200,119,267,9000,1.625
student5,13,common_down,2.0,0.01,stouffer_two_sided,200,27,96,9000,2.725
student5,13,common_down,2.0,0.03,stouffer_two_sided,200,74,270,9000,2.18
student5,13,common_down,2.0,0.01,max_absolute,200,6,104,9000,2.96
student5,13,common_down,2.0,0.03,max_absolute,200,30,270,9000,2.69
student5,13,common_down,2.0,0.01,glr_two_sided,200,27,84,9000,2.765
student5,13,common_down,2.0,0.03,glr_two_sided,200,79,259,9000,2.35
student5,13,common_down,2.0,0.01,energy,200,9,100,9000,2.92
student5,13,common_down,2.0,0.03,energy,200,41,271,9000,2.585
student5,13,common_down,2.0,0.01,mahalanobis,200,6,95,9000,2.955
student5,13,common_down,2.0,0.03,mahalanobis,200,25,295,9000,2.76
student5,13,common_down,4.0,0.01,stouffer_down,200,190,78,9000,0.485
student5,13,common_down,4.0,0.03,stouffer_down,200,199,267,9000,0.12
student5,13,common_down,4.0,0.01,stouffer_two_sided,200,162,96,9000,0.95
student5,13,common_down,4.0,0.03,stouffer_two_sided,200,194,270,9000,0.275
student5,13,common_down,4.0,0.01,max_absolute,200,24,104,9000,2.77
student5,13,common_down,4.0,0.03,max_absolute,200,94,270,9000,1.97
student5,13,common_down,4.0,0.01,glr_two_sided,200,179,84,9000,1.35
student5,13,common_down,4.0,0.03,glr_two_sided,200,194,259,9000,0.6
student5,13,common_down,4.0,0.01,energy,200,63,100,9000,2.35
student5,13,common_down,4.0,0.03,energy,200,153,271,9000,1.07
student5,13,common_down,4.0,0.01,mahalanobis,200,17,95,9000,2.845
student5,13,common_down,4.0,0.03,mahalanobis,200,80,295,9000,2.155
student5,13,common_down,6.0,0.01,stouffer_down,200,200,78,9000,0.02
student5,13,common_down,6.0,0.03,stouffer_down,200,200,267,9000,0.005
student5,13,common_down,6.0,0.01,stouffer_two_sided,200,200,96,9000,0.05
student5,13,common_down,6.0,0.03,stouffer_two_sided,200,200,270,9000,0.01
student5,13,common_down,6.0,0.01,max_absolute,200,91,104,9000,2.02
student5,13,common_down,6.0,0.03,max_absolute,200,190,270,9000,0.485
student5,13,common_down,6.0,0.01,glr_two_sided,200,200,84,9000,0.215
student5,13,common_down,6.0,0.03,glr_two_sided,200,200,259,9000,0.055
student5,13,common_down,6.0,0.01,energy,200,192,100,9000,0.4
student5,13,common_down,6.0,0.03,energy,200,200,271,9000,0.05
student5,13,common_down,6.0,0.01,mahalanobis,200,80,95,9000,2.14
student5,13,common_down,6.0,0.03,mahalanobis,200,192,295,9000,0.405
student5,13,common_up,2.0,0.01,stouffer_down,200,1,78,9000,2.995
student5,13,common_up,2.0,0.03,stouffer_down,200,2,267,9000,2.99
student5,13,common_up,2.0,0.01,stouffer_two_sided,200,33,96,9000,2.655
student5,13,common_up,2.0,0.03,stouffer_two_sided,200,85,270,9000,2.09
student5,13,common_up,2.0,0.01,max_absolute,200,9,104,9000,2.92
student5,13,common_up,2.0,0.03,max_absolute,200,29,270,9000,2.715
student5,13,common_up,2.0,0.01,glr_two_sided,200,30,84,9000,2.705
student5,13,common_up,2.0,0.03,glr_two_sided,200,91,259,9000,2.21
student5,13,common_up,2.0,0.01,energy,200,13,100,9000,2.885
student5,13,common_up,2.0,0.03,energy,200,42,271,9000,2.6
student5,13,common_up,2.0,0.01,mahalanobis,200,7,95,9000,2.93
student5,13,common_up,2.0,0.03,mahalanobis,200,21,295,9000,2.805
student5,13,common_up,4.0,0.01,stouffer_down,200,0,78,9000,3.0
student5,13,common_up,4.0,0.03,stouffer_down,200,0,267,9000,3.0
student5,13,common_up,4.0,0.01,stouffer_two_sided,200,174,96,9000,0.85
student5,13,common_up,4.0,0.03,stouffer_two_sided,200,196,270,9000,0.27
student5,13,common_up,4.0,0.01,max_absolute,200,24,104,9000,2.775
student5,13,common_up,4.0,0.03,max_absolute,200,93,270,9000,1.97
student5,13,common_up,4.0,0.01,glr_two_sided,200,184,84,9000,1.2
student5,13,common_up,4.0,0.03,glr_two_sided,200,197,259,9000,0.57
student5,13,common_up,4.0,0.01,energy,200,67,100,9000,2.26
student5,13,common_up,4.0,0.03,energy,200,169,271,9000,0.935
student5,13,common_up,4.0,0.01,mahalanobis,200,16,95,9000,2.845
student5,13,common_up,4.0,0.03,mahalanobis,200,79,295,9000,2.145
student5,13,common_up,6.0,0.01,stouffer_down,200,0,78,9000,3.0
student5,13,common_up,6.0,0.03,stouffer_down,200,0,267,9000,3.0
student5,13,common_up,6.0,0.01,stouffer_two_sided,200,200,96,9000,0.045
student5,13,common_up,6.0,0.03,stouffer_two_sided,200,200,270,9000,0.01
student5,13,common_up,6.0,0.01,max_absolute,200,91,104,9000,2.0
student5,13,common_up,6.0,0.03,max_absolute,200,190,270,9000,0.43
student5,13,common_up,6.0,0.01,glr_two_sided,200,200,84,9000,0.225
student5,13,common_up,6.0,0.03,glr_two_sided,200,200,259,9000,0.04
student5,13,common_up,6.0,0.01,energy,200,191,100,9000,0.41
student5,13,common_up,6.0,0.03,energy,200,200,271,9000,0.035
student5,13,common_up,6.0,0.01,mahalanobis,200,87,95,9000,2.05
student5,13,common_up,6.0,0.03,mahalanobis,200,194,295,9000,0.345
student5,13,sparse_down,2.0,0.01,stouffer_down,200,16,78,9000,2.84
student5,13,sparse_down,2.0,0.03,stouffer_down,200,42,267,9000,2.58
student5,13,sparse_down,2.0,0.01,stouffer_two_sided,200,8,96,9000,2.93
student5,13,sparse_down,2.0,0.03,stouffer_two_sided,200,24,270,9000,2.76
student5,13,sparse_down,2.0,0.01,max_absolute,200,13,104,9000,2.885
student5,13,sparse_down,2.0,0.03,max_absolute,200,51,270,9000,2.505
student5,13,sparse_down,2.0,0.01,glr_two_sided,200,8,84,9000,2.925
student5,13,sparse_down,2.0,0.03,glr_two_sided,200,20,259,9000,2.81
student5,13,sparse_down,2.0,0.01,energy,200,8,100,9000,2.93
student5,13,sparse_down,2.0,0.03,energy,200,35,271,9000,2.655
student5,13,sparse_down,2.0,0.01,mahalanobis,200,8,95,9000,2.93
student5,13,sparse_down,2.0,0.03,mahalanobis,200,40,295,9000,2.63
student5,13,sparse_down,4.0,0.01,stouffer_down,200,42,78,9000,2.58
student5,13,sparse_down,4.0,0.03,stouffer_down,200,103,267,9000,1.805
student5,13,sparse_down,4.0,0.01,stouffer_two_sided,200,20,96,9000,2.795
student5,13,sparse_down,4.0,0.03,stouffer_two_sided,200,59,270,9000,2.4
student5,13,sparse_down,4.0,0.01,max_absolute,200,145,104,9000,1.28
student5,13,sparse_down,4.0,0.03,max_absolute,200,198,270,9000,0.24
student5,13,sparse_down,4.0,0.01,glr_two_sided,200,21,84,9000,2.84
student5,13,sparse_down,4.0,0.03,glr_two_sided,200,59,259,9000,2.515
student5,13,sparse_down,4.0,0.01,energy,200,51,100,9000,2.495
student5,13,sparse_down,4.0,0.03,energy,200,160,271,9000,1.025
student5,13,sparse_down,4.0,0.01,mahalanobis,200,80,95,9000,2.165
student5,13,sparse_down,4.0,0.03,mahalanobis,200,186,295,9000,0.545
student5,13,sparse_down,6.0,0.01,stouffer_down,200,102,78,9000,1.83
student5,13,sparse_down,6.0,0.03,stouffer_down,200,176,267,9000,0.765
student5,13,sparse_down,6.0,0.01,stouffer_two_sided,200,56,96,9000,2.44
student5,13,sparse_down,6.0,0.03,stouffer_two_sided,200,129,270,9000,1.495
student5,13,sparse_down,6.0,0.01,max_absolute,200,200,104,9000,0.035
student5,13,sparse_down,6.0,0.03,max_absolute,200,200,270,9000,0.005
student5,13,sparse_down,6.0,0.01,glr_two_sided,200,77,84,9000,2.44
student5,13,sparse_down,6.0,0.03,glr_two_sided,200,127,259,9000,1.785
student5,13,sparse_down,6.0,0.01,energy,200,198,100,9000,0.26
student5,13,sparse_down,6.0,0.03,energy,200,200,271,9000,0.01
student5,13,sparse_down,6.0,0.01,mahalanobis,200,199,95,9000,0.15
student5,13,sparse_down,6.0,0.03,mahalanobis,200,200,295,9000,0.005
student5,13,opposed,2.0,0.01,stouffer_down,200,5,78,9000,2.96
student5,13,opposed,2.0,0.03,stouffer_down,200,16,267,9000,2.84
student5,13,opposed,2.0,0.01,stouffer_two_sided,200,7,96,9000,2.945
student5,13,opposed,2.0,0.03,stouffer_two_sided,200,17,270,9000,2.845
student5,13,opposed,2.0,0.01,max_absolute,200,7,104,9000,2.935
student5,13,opposed,2.0,0.03,max_absolute,200,33,270,9000,2.65
student5,13,opposed,2.0,0.01,glr_two_sided,200,4,84,9000,2.95
student5,13,opposed,2.0,0.03,glr_two_sided,200,12,259,9000,2.87
student5,13,opposed,2.0,0.01,energy,200,5,100,9000,2.965
student5,13,opposed,2.0,0.03,energy,200,30,271,9000,2.71
student5,13,opposed,2.0,0.01,mahalanobis,200,7,95,9000,2.945
student5,13,opposed,2.0,0.03,mahalanobis,200,40,295,9000,2.57
student5,13,opposed,4.0,0.01,stouffer_down,200,5,78,9000,2.96
student5,13,opposed,4.0,0.03,stouffer_down,200,16,267,9000,2.84
student5,13,opposed,4.0,0.01,stouffer_two_sided,200,7,96,9000,2.945
student5,13,opposed,4.0,0.03,stouffer_two_sided,200,17,270,9000,2.845
student5,13,opposed,4.0,0.01,max_absolute,200,62,104,9000,2.305
student5,13,opposed,4.0,0.03,max_absolute,200,172,270,9000,0.775
student5,13,opposed,4.0,0.01,glr_two_sided,200,4,84,9000,2.95
student5,13,opposed,4.0,0.03,glr_two_sided,200,12,259,9000,2.87
student5,13,opposed,4.0,0.01,energy,200,47,100,9000,2.49
student5,13,opposed,4.0,0.03,energy,200,168,271,9000,0.875
student5,13,opposed,4.0,0.01,mahalanobis,200,95,95,9000,1.875
student5,13,opposed,4.0,0.03,mahalanobis,200,192,295,9000,0.355
student5,13,opposed,6.0,0.01,stouffer_down,200,5,78,9000,2.96
student5,13,opposed,6.0,0.03,stouffer_down,200,16,267,9000,2.84
student5,13,opposed,6.0,0.01,stouffer_two_sided,200,7,96,9000,2.945
student5,13,opposed,6.0,0.03,stouffer_two_sided,200,17,270,9000,2.845
student5,13,opposed,6.0,0.01,max_absolute,200,198,104,9000,0.21
student5,13,opposed,6.0,0.03,max_absolute,200,200,270,9000,0.005
student5,13,opposed,6.0,0.01,glr_two_sided,200,4,84,9000,2.95
student5,13,opposed,6.0,0.03,glr_two_sided,200,12,259,9000,2.87
student5,13,opposed,6.0,0.01,energy,200,197,100,9000,0.205
student5,13,opposed,6.0,0.03,energy,200,200,271,9000,0.0
student5,13,opposed,6.0,0.01,mahalanobis,200,200,95,9000,0.05
student5,13,opposed,6.0,0.03,mahalanobis,200,200,295,9000,0.0
student5,13,ramp_down,2.0,0.01,stouffer_down,200,36,78,9000,2.735
student5,13,ramp_down,2.0,0.03,stouffer_down,200,86,267,9000,2.33
student5,13,ramp_down,2.0,0.01,stouffer_two_sided,200,15,96,9000,2.88
student5,13,ramp_down,2.0,0.03,stouffer_two_sided,200,47,270,9000,2.63
student5,13,ramp_down,2.0,0.01,max_absolute,200,7,104,9000,2.95
student5,13,ramp_down,2.0,0.03,max_absolute,200,22,270,9000,2.815
student5,13,ramp_down,2.0,0.01,glr_two_sided,200,13,84,9000,2.895
student5,13,ramp_down,2.0,0.03,glr_two_sided,200,33,259,9000,2.725
student5,13,ramp_down,2.0,0.01,energy,200,7,100,9000,2.95
student5,13,ramp_down,2.0,0.03,energy,200,29,271,9000,2.75
student5,13,ramp_down,2.0,0.01,mahalanobis,200,4,95,9000,2.98
student5,13,ramp_down,2.0,0.03,mahalanobis,200,18,295,9000,2.85
student5,13,ramp_down,4.0,0.01,stouffer_down,200,150,78,9000,1.99
student5,13,ramp_down,4.0,0.03,stouffer_down,200,189,267,9000,1.365
student5,13,ramp_down,4.0,0.01,stouffer_two_sided,200,108,96,9000,2.305
student5,13,ramp_down,4.0,0.03,stouffer_two_sided,200,168,270,9000,1.75
student5,13,ramp_down,4.0,0.01,max_absolute,200,15,104,9000,2.895
student5,13,ramp_down,4.0,0.03,max_absolute,200,52,270,9000,2.635
student5,13,ramp_down,4.0,0.01,glr_two_sided,200,86,84,9000,2.465
student5,13,ramp_down,4.0,0.03,glr_two_sided,200,145,259,9000,2.025
student5,13,ramp_down,4.0,0.01,energy,200,36,100,9000,2.77
student5,13,ramp_down,4.0,0.03,energy,200,108,271,9000,2.23
student5,13,ramp_down,4.0,0.01,mahalanobis,200,10,95,9000,2.935
student5,13,ramp_down,4.0,0.03,mahalanobis,200,51,295,9000,2.625
student5,13,ramp_down,6.0,0.01,stouffer_down,200,198,78,9000,1.25
student5,13,ramp_down,6.0,0.03,stouffer_down,200,200,267,9000,0.765
student5,13,ramp_down,6.0,0.01,stouffer_two_sided,200,193,96,9000,1.525
student5,13,ramp_down,6.0,0.03,stouffer_two_sided,200,199,270,9000,1.055
student5,13,ramp_down,6.0,0.01,max_absolute,200,45,104,9000,2.725
student5,13,ramp_down,6.0,0.03,max_absolute,200,146,270,9000,1.965
student5,13,ramp_down,6.0,0.01,glr_two_sided,200,186,84,9000,1.82
student5,13,ramp_down,6.0,0.03,glr_two_sided,200,197,259,9000,1.35
student5,13,ramp_down,6.0,0.01,energy,200,157,100,9000,2.055
student5,13,ramp_down,6.0,0.03,energy,200,195,271,9000,1.505
student5,13,ramp_down,6.0,0.01,mahalanobis,200,41,95,9000,2.765
student5,13,ramp_down,6.0,0.03,mahalanobis,200,158,295,9000,1.965
student5,14,common_down,2.0,0.01,stouffer_down,200,57,110,9000,2.4
student5,14,common_down,2.0,0.03,stouffer_down,200,121,295,9000,1.625
student5,14,common_down,2.0,0.01,stouffer_two_sided,200,36,94,9000,2.63
student5,14,common_down,2.0,0.03,stouffer_two_sided,200,80,281,9000,2.185
student5,14,common_down,2.0,0.01,max_absolute,200,9,97,9000,2.915
student5,14,common_down,2.0,0.03,max_absolute,200,33,275,9000,2.68
student5,14,common_down,2.0,0.01,glr_two_sided,200,28,68,9000,2.785
student5,14,common_down,2.0,0.03,glr_two_sided,200,79,269,9000,2.3
student5,14,common_down,2.0,0.01,energy,200,13,93,9000,2.89
student5,14,common_down,2.0,0.03,energy,200,42,287,9000,2.575
student5,14,common_down,2.0,0.01,mahalanobis,200,9,87,9000,2.915
student5,14,common_down,2.0,0.03,mahalanobis,200,28,295,9000,2.705
student5,14,common_down,4.0,0.01,stouffer_down,200,189,110,9000,0.545
student5,14,common_down,4.0,0.03,stouffer_down,200,199,295,9000,0.145
student5,14,common_down,4.0,0.01,stouffer_two_sided,200,157,94,9000,1.085
student5,14,common_down,4.0,0.03,stouffer_two_sided,200,194,281,9000,0.345
student5,14,common_down,4.0,0.01,max_absolute,200,31,97,9000,2.69
student5,14,common_down,4.0,0.03,max_absolute,200,105,275,9000,1.84
student5,14,common_down,4.0,0.01,glr_two_sided,200,176,68,9000,1.345
student5,14,common_down,4.0,0.03,glr_two_sided,200,193,269,9000,0.705
student5,14,common_down,4.0,0.01,energy,200,68,93,9000,2.285
student5,14,common_down,4.0,0.03,energy,200,158,287,9000,1.095
student5,14,common_down,4.0,0.01,mahalanobis,200,20,87,9000,2.83
student5,14,common_down,4.0,0.03,mahalanobis,200,86,295,9000,2.01
student5,14,common_down,6.0,0.01,stouffer_down,200,200,110,9000,0.025
student5,14,common_down,6.0,0.03,stouffer_down,200,200,295,9000,0.0
student5,14,common_down,6.0,0.01,stouffer_two_sided,200,200,94,9000,0.07
student5,14,common_down,6.0,0.03,stouffer_two_sided,200,200,281,9000,0.0
student5,14,common_down,6.0,0.01,max_absolute,200,101,97,9000,1.875
student5,14,common_down,6.0,0.03,max_absolute,200,186,275,9000,0.57
student5,14,common_down,6.0,0.01,glr_two_sided,200,200,68,9000,0.285
student5,14,common_down,6.0,0.03,glr_two_sided,200,200,269,9000,0.065
student5,14,common_down,6.0,0.01,energy,200,190,93,9000,0.435
student5,14,common_down,6.0,0.03,energy,200,200,287,9000,0.05
student5,14,common_down,6.0,0.01,mahalanobis,200,88,87,9000,2.0
student5,14,common_down,6.0,0.03,mahalanobis,200,188,295,9000,0.45
student5,14,common_up,2.0,0.01,stouffer_down,200,1,110,9000,2.985
student5,14,common_up,2.0,0.03,stouffer_down,200,1,295,9000,2.985
student5,14,common_up,2.0,0.01,stouffer_two_sided,200,33,94,9000,2.655
student5,14,common_up,2.0,0.03,stouffer_two_sided,200,83,281,9000,2.01
student5,14,common_up,2.0,0.01,max_absolute,200,10,97,9000,2.925
student5,14,common_up,2.0,0.03,max_absolute,200,33,275,9000,2.655
student5,14,common_up,2.0,0.01,glr_two_sided,200,31,68,9000,2.77
student5,14,common_up,2.0,0.03,glr_two_sided,200,81,269,9000,2.255
student5,14,common_up,2.0,0.01,energy,200,15,93,9000,2.84
student5,14,common_up,2.0,0.03,energy,200,40,287,9000,2.57
student5,14,common_up,2.0,0.01,mahalanobis,200,10,87,9000,2.905
student5,14,common_up,2.0,0.03,mahalanobis,200,26,295,9000,2.705
student5,14,common_up,4.0,0.01,stouffer_down,200,0,110,9000,3.0
student5,14,common_up,4.0,0.03,stouffer_down,200,1,295,9000,2.985
student5,14,common_up,4.0,0.01,stouffer_two_sided,200,167,94,9000,0.84
student5,14,common_up,4.0,0.03,stouffer_two_sided,200,198,281,9000,0.205
student5,14,common_up,4.0,0.01,max_absolute,200,30,97,9000,2.685
student5,14,common_up,4.0,0.03,max_absolute,200,95,275,9000,1.9
student5,14,common_up,4.0,0.01,glr_two_sided,200,182,68,9000,1.215
student5,14,common_up,4.0,0.03,glr_two_sided,200,198,269,9000,0.51
student5,14,common_up,4.0,0.01,energy,200,65,93,9000,2.255
student5,14,common_up,4.0,0.03,energy,200,166,287,9000,0.85
student5,14,common_up,4.0,0.01,mahalanobis,200,22,87,9000,2.775
student5,14,common_up,4.0,0.03,mahalanobis,200,85,295,9000,2.01
student5,14,common_up,6.0,0.01,stouffer_down,200,0,110,9000,3.0
student5,14,common_up,6.0,0.03,stouffer_down,200,0,295,9000,3.0
student5,14,common_up,6.0,0.01,stouffer_two_sided,200,200,94,9000,0.075
student5,14,common_up,6.0,0.03,stouffer_two_sided,200,200,281,9000,0.035
student5,14,common_up,6.0,0.01,max_absolute,200,91,97,9000,1.94
student5,14,common_up,6.0,0.03,max_absolute,200,187,275,9000,0.46
student5,14,common_up,6.0,0.01,glr_two_sided,200,200,68,9000,0.22
student5,14,common_up,6.0,0.03,glr_two_sided,200,200,269,9000,0.08
student5,14,common_up,6.0,0.01,energy,200,193,93,9000,0.34
student5,14,common_up,6.0,0.03,energy,200,200,287,9000,0.055
student5,14,common_up,6.0,0.01,mahalanobis,200,90,87,9000,1.925
student5,14,common_up,6.0,0.03,mahalanobis,200,194,295,9000,0.305
student5,14,sparse_down,2.0,0.01,stouffer_down,200,16,110,9000,2.84
student5,14,sparse_down,2.0,0.03,stouffer_down,200,51,295,9000,2.485
student5,14,sparse_down,2.0,0.01,stouffer_two_sided,200,12,94,9000,2.88
student5,14,sparse_down,2.0,0.03,stouffer_two_sided,200,30,281,9000,2.7
student5,14,sparse_down,2.0,0.01,max_absolute,200,15,97,9000,2.86
student5,14,sparse_down,2.0,0.03,max_absolute,200,54,275,9000,2.43
student5,14,sparse_down,2.0,0.01,glr_two_sided,200,4,68,9000,2.965
student5,14,sparse_down,2.0,0.03,glr_two_sided,200,23,269,9000,2.78
student5,14,sparse_down,2.0,0.01,energy,200,9,93,9000,2.925
student5,14,sparse_down,2.0,0.03,energy,200,40,287,9000,2.58
student5,14,sparse_down,2.0,0.01,mahalanobis,200,13,87,9000,2.875
student5,14,sparse_down,2.0,0.03,mahalanobis,200,38,295,9000,2.57
student5,14,sparse_down,4.0,0.01,stouffer_down,200,51,110,9000,2.485
student5,14,sparse_down,4.0,0.03,stouffer_down,200,109,295,9000,1.79
student5,14,sparse_down,4.0,0.01,stouffer_two_sided,200,29,94,9000,2.71
student5,14,sparse_down,4.0,0.03,stouffer_two_sided,200,67,281,9000,2.315
student5,14,sparse_down,4.0,0.01,max_absolute,200,142,97,9000,1.365
student5,14,sparse_down,4.0,0.03,max_absolute,200,195,275,9000,0.27
student5,14,sparse_down,4.0,0.01,glr_two_sided,200,27,68,9000,2.82
student5,14,sparse_down,4.0,0.03,glr_two_sided,200,63,269,9000,2.44
student5,14,sparse_down,4.0,0.01,energy,200,62,93,9000,2.33
student5,14,sparse_down,4.0,0.03,energy,200,165,287,9000,0.99
student5,14,sparse_down,4.0,0.01,mahalanobis,200,75,87,9000,2.2
student5,14,sparse_down,4.0,0.03,mahalanobis,200,185,295,9000,0.655
student5,14,sparse_down,6.0,0.01,stouffer_down,200,107,110,9000,1.82
student5,14,sparse_down,6.0,0.03,stouffer_down,200,166,295,9000,0.91
student5,14,sparse_down,6.0,0.01,stouffer_two_sided,200,64,94,9000,2.335
student5,14,sparse_down,6.0,0.03,stouffer_two_sided,200,133,281,9000,1.465
student5,14,sparse_down,6.0,0.01,max_absolute,200,200,97,9000,0.035
student5,14,sparse_down,6.0,0.03,max_absolute,200,200,275,9000,0.01
student5,14,sparse_down,6.0,0.01,glr_two_sided,200,75,68,9000,2.435
student5,14,sparse_down,6.0,0.03,glr_two_sided,200,141,269,9000,1.715
student5,14,sparse_down,6.0,0.01,energy,200,195,93,9000,0.27
student5,14,sparse_down,6.0,0.03,energy,200,200,287,9000,0.0
student5,14,sparse_down,6.0,0.01,mahalanobis,200,199,87,9000,0.14
student5,14,sparse_down,6.0,0.03,mahalanobis,200,200,295,9000,0.0
student5,14,opposed,2.0,0.01,stouffer_down,200,5,110,9000,2.95
student5,14,opposed,2.0,0.03,stouffer_down,200,16,295,9000,2.84
student5,14,opposed,2.0,0.01,stouffer_two_sided,200,4,94,9000,2.965
student5,14,opposed,2.0,0.03,stouffer_two_sided,200,18,281,9000,2.84
student5,14,opposed,2.0,0.01,max_absolute,200,10,97,9000,2.895
student5,14,opposed,2.0,0.03,max_absolute,200,41,275,9000,2.6
student5,14,opposed,2.0,0.01,glr_two_sided,200,3,68,9000,2.975
student5,14,opposed,2.0,0.03,glr_two_sided,200,8,269,9000,2.915
student5,14,opposed,2.0,0.01,energy,200,12,93,9000,2.895
student5,14,opposed,2.0,0.03,energy,200,39,287,9000,2.615
student5,14,opposed,2.0,0.01,mahalanobis,200,12,87,9000,2.895
student5,14,opposed,2.0,0.03,mahalanobis,200,51,295,9000,2.485
student5,14,opposed,4.0,0.01,stouffer_down,200,5,110,9000,2.95
student5,14,opposed,4.0,0.03,stouffer_down,200,16,295,9000,2.84
student5,14,opposed,4.0,0.01,stouffer_two_sided,200,4,94,9000,2.965
student5,14,opposed,4.0,0.03,stouffer_two_sided,200,18,281,9000,2.84
student5,14,opposed,4.0,0.01,max_absolute,200,75,97,9000,2.225
student5,14,opposed,4.0,0.03,max_absolute,200,179,275,9000,0.715
student5,14,opposed,4.0,0.01,glr_two_sided,200,3,68,9000,2.975
student5,14,opposed,4.0,0.03,glr_two_sided,200,8,269,9000,2.915
student5,14,opposed,4.0,0.01,energy,200,52,93,9000,2.455
student5,14,opposed,4.0,0.03,energy,200,176,287,9000,0.79
student5,14,opposed,4.0,0.01,mahalanobis,200,109,87,9000,1.865
student5,14,opposed,4.0,0.03,mahalanobis,200,192,295,9000,0.345
student5,14,opposed,6.0,0.01,stouffer_down,200,5,110,9000,2.95
student5,14,opposed,6.0,0.03,stouffer_down,200,16,295,9000,2.84
student5,14,opposed,6.0,0.01,stouffer_two_sided,200,4,94,9000,2.965
student5,14,opposed,6.0,0.03,stouffer_two_sided,200,18,281,9000,2.84
student5,14,opposed,6.0,0.01,max_absolute,200,196,97,9000,0.22
student5,14,opposed,6.0,0.03,max_absolute,200,200,275,9000,0.02
student5,14,opposed,6.0,0.01,glr_two_sided,200,3,68,9000,2.975
student5,14,opposed,6.0,0.03,glr_two_sided,200,8,269,9000,2.915
student5,14,opposed,6.0,0.01,energy,200,198,93,9000,0.17
student5,14,opposed,6.0,0.03,energy,200,200,287,9000,0.015
student5,14,opposed,6.0,0.01,mahalanobis,200,200,87,9000,0.05
student5,14,opposed,6.0,0.03,mahalanobis,200,200,295,9000,0.005
student5,14,ramp_down,2.0,0.01,stouffer_down,200,35,110,9000,2.725
student5,14,ramp_down,2.0,0.03,stouffer_down,200,85,295,9000,2.285
student5,14,ramp_down,2.0,0.01,stouffer_two_sided,200,20,94,9000,2.865
student5,14,ramp_down,2.0,0.03,stouffer_two_sided,200,56,281,9000,2.57
student5,14,ramp_down,2.0,0.01,max_absolute,200,8,97,9000,2.93
student5,14,ramp_down,2.0,0.03,max_absolute,200,27,275,9000,2.79
student5,14,ramp_down,2.0,0.01,glr_two_sided,200,13,68,9000,2.92
student5,14,ramp_down,2.0,0.03,glr_two_sided,200,41,269,9000,2.715
student5,14,ramp_down,2.0,0.01,energy,200,10,93,9000,2.93
student5,14,ramp_down,2.0,0.03,energy,200,32,287,9000,2.725
student5,14,ramp_down,2.0,0.01,mahalanobis,200,8,87,9000,2.935
student5,14,ramp_down,2.0,0.03,mahalanobis,200,25,295,9000,2.745
student5,14,ramp_down,4.0,0.01,stouffer_down,200,158,110,9000,1.85
student5,14,ramp_down,4.0,0.03,stouffer_down,200,187,295,9000,1.345
student5,14,ramp_down,4.0,0.01,stouffer_two_sided,200,110,94,9000,2.29
student5,14,ramp_down,4.0,0.03,stouffer_two_sided,200,170,281,9000,1.695
student5,14,ramp_down,4.0,0.01,max_absolute,200,19,97,9000,2.87
student5,14,ramp_down,4.0,0.03,max_absolute,200,61,275,9000,2.545
student5,14,ramp_down,4.0,0.01,glr_two_sided,200,87,68,9000,2.505
student5,14,ramp_down,4.0,0.03,glr_two_sided,200,156,269,9000,1.97
student5,14,ramp_down,4.0,0.01,energy,200,36,93,9000,2.755
student5,14,ramp_down,4.0,0.03,energy,200,109,287,9000,2.25
student5,14,ramp_down,4.0,0.01,mahalanobis,200,15,87,9000,2.895
student5,14,ramp_down,4.0,0.03,mahalanobis,200,51,295,9000,2.575
student5,14,ramp_down,6.0,0.01,stouffer_down,200,197,110,9000,1.17
student5,14,ramp_down,6.0,0.03,stouffer_down,200,199,295,9000,0.8
student5,14,ramp_down,6.0,0.01,stouffer_two_sided,200,189,94,9000,1.46
student5,14,ramp_down,6.0,0.03,stouffer_two_sided,200,199,281,9000,1.025
student5,14,ramp_down,6.0,0.01,max_absolute,200,48,97,9000,2.695
student5,14,ramp_down,6.0,0.03,max_absolute,200,141,275,9000,2.005
student5,14,ramp_down,6.0,0.01,glr_two_sided,200,186,68,9000,1.765
student5,14,ramp_down,6.0,0.03,glr_two_sided,200,198,269,9000,1.28
student5,14,ramp_down,6.0,0.01,energy,200,158,93,9000,2.055
student5,14,ramp_down,6.0,0.03,energy,200,191,287,9000,1.46
student5,14,ramp_down,6.0,0.01,mahalanobis,200,43,87,9000,2.735
student5,14,ramp_down,6.0,0.03,mahalanobis,200,156,295,9000,1.96
student5,15,common_down,2.0,0.01,stouffer_down,200,60,78,9000,2.345
student5,15,common_down,2.0,0.03,stouffer_down,200,137,263,9000,1.425
student5,15,common_down,2.0,0.01,stouffer_two_sided,200,28,113,9000,2.685
student5,15,common_down,2.0,0.03,stouffer_two_sided,200,80,285,9000,2.11
student5,15,common_down,2.0,0.01,max_absolute,200,6,83,9000,2.945
student5,15,common_down,2.0,0.03,max_absolute,200,30,277,9000,2.705
student5,15,common_down,2.0,0.01,glr_two_sided,200,30,92,9000,2.785
student5,15,common_down,2.0,0.03,glr_two_sided,200,83,313,9000,2.265
student5,15,common_down,2.0,0.01,energy,200,7,99,9000,2.935
student5,15,common_down,2.0,0.03,energy,200,43,270,9000,2.515
student5,15,common_down,2.0,0.01,mahalanobis,200,7,92,9000,2.93
student5,15,common_down,2.0,0.03,mahalanobis,200,24,254,9000,2.77
student5,15,common_down,4.0,0.01,stouffer_down,200,193,78,9000,0.4
student5,15,common_down,4.0,0.03,stouffer_down,200,200,263,9000,0.13
student5,15,common_down,4.0,0.01,stouffer_two_sided,200,170,113,9000,0.82
student5,15,common_down,4.0,0.03,stouffer_two_sided,200,198,285,9000,0.24
student5,15,common_down,4.0,0.01,max_absolute,200,28,83,9000,2.72
student5,15,common_down,4.0,0.03,max_absolute,200,105,277,9000,1.76
student5,15,common_down,4.0,0.01,glr_two_sided,200,182,92,9000,1.22
student5,15,common_down,4.0,0.03,glr_two_sided,200,195,313,9000,0.55
student5,15,common_down,4.0,0.01,energy,200,69,99,9000,2.25
student5,15,common_down,4.0,0.03,energy,200,171,270,9000,0.81
student5,15,common_down,4.0,0.01,mahalanobis,200,14,92,9000,2.875
student5,15,common_down,4.0,0.03,mahalanobis,200,94,254,9000,1.97
student5,15,common_down,6.0,0.01,stouffer_down,200,200,78,9000,0.02
student5,15,common_down,6.0,0.03,stouffer_down,200,200,263,9000,0.01
student5,15,common_down,6.0,0.01,stouffer_two_sided,200,200,113,9000,0.055
student5,15,common_down,6.0,0.03,stouffer_two_sided,200,200,285,9000,0.015
student5,15,common_down,6.0,0.01,max_absolute,200,102,83,9000,1.825
student5,15,common_down,6.0,0.03,max_absolute,200,194,277,9000,0.385
student5,15,common_down,6.0,0.01,glr_two_sided,200,200,92,9000,0.22
student5,15,common_down,6.0,0.03,glr_two_sided,200,200,313,9000,0.055
student5,15,common_down,6.0,0.01,energy,200,194,99,9000,0.34
student5,15,common_down,6.0,0.03,energy,200,200,270,9000,0.05
student5,15,common_down,6.0,0.01,mahalanobis,200,98,92,9000,1.925
student5,15,common_down,6.0,0.03,mahalanobis,200,196,254,9000,0.295
student5,15,common_up,2.0,0.01,stouffer_down,200,0,78,9000,3.0
student5,15,common_up,2.0,0.03,stouffer_down,200,3,263,9000,2.98
student5,15,common_up,2.0,0.01,stouffer_two_sided,200,29,113,9000,2.705
student5,15,common_up,2.0,0.03,stouffer_two_sided,200,86,285,9000,2.055
student5,15,common_up,2.0,0.01,max_absolute,200,8,83,9000,2.925
student5,15,common_up,2.0,0.03,max_absolute,200,35,277,9000,2.65
student5,15,common_up,2.0,0.01,glr_two_sided,200,28,92,9000,2.77
student5,15,common_up,2.0,0.03,glr_two_sided,200,74,313,9000,2.325
student5,15,common_up,2.0,0.01,energy,200,14,99,9000,2.85
student5,15,common_up,2.0,0.03,energy,200,44,270,9000,2.53
student5,15,common_up,2.0,0.01,mahalanobis,200,10,92,9000,2.89
student5,15,common_up,2.0,0.03,mahalanobis,200,28,254,9000,2.71
student5,15,common_up,4.0,0.01,stouffer_down,200,0,78,9000,3.0
student5,15,common_up,4.0,0.03,stouffer_down,200,0,263,9000,3.0
student5,15,common_up,4.0,0.01,stouffer_two_sided,200,162,113,9000,1.005
student5,15,common_up,4.0,0.03,stouffer_two_sided,200,190,285,9000,0.335
student5,15,common_up,4.0,0.01,max_absolute,200,34,83,9000,2.66
student5,15,common_up,4.0,0.03,max_absolute,200,108,277,9000,1.82
student5,15,common_up,4.0,0.01,glr_two_sided,200,173,92,9000,1.28
student5,15,common_up,4.0,0.03,glr_two_sided,200,192,313,9000,0.68
student5,15,common_up,4.0,0.01,energy,200,78,99,9000,2.125
student5,15,common_up,4.0,0.03,energy,200,160,270,9000,1.085
student5,15,common_up,4.0,0.01,mahalanobis,200,18,92,9000,2.805
student5,15,common_up,4.0,0.03,mahalanobis,200,97,254,9000,1.965
student5,15,common_up,6.0,0.01,stouffer_down,200,0,78,9000,3.0
student5,15,common_up,6.0,0.03,stouffer_down,200,0,263,9000,3.0
student5,15,common_up,6.0,0.01,stouffer_two_sided,200,200,113,9000,0.075
student5,15,common_up,6.0,0.03,stouffer_two_sided,200,200,285,9000,0.005
student5,15,common_up,6.0,0.01,max_absolute,200,105,83,9000,1.855
student5,15,common_up,6.0,0.03,max_absolute,200,185,277,9000,0.525
student5,15,common_up,6.0,0.01,glr_two_sided,200,199,92,9000,0.265
student5,15,common_up,6.0,0.03,glr_two_sided,200,200,313,9000,0.065
student5,15,common_up,6.0,0.01,energy,200,186,99,9000,0.445
student5,15,common_up,6.0,0.03,energy,200,200,270,9000,0.08
student5,15,common_up,6.0,0.01,mahalanobis,200,104,92,9000,1.85
student5,15,common_up,6.0,0.03,mahalanobis,200,184,254,9000,0.445
student5,15,sparse_down,2.0,0.01,stouffer_down,200,13,78,9000,2.87
student5,15,sparse_down,2.0,0.03,stouffer_down,200,53,263,9000,2.42
student5,15,sparse_down,2.0,0.01,stouffer_two_sided,200,5,113,9000,2.95
student5,15,sparse_down,2.0,0.03,stouffer_two_sided,200,27,285,9000,2.71
student5,15,sparse_down,2.0,0.01,max_absolute,200,14,83,9000,2.87
student5,15,sparse_down,2.0,0.03,max_absolute,200,47,277,9000,2.44
student5,15,sparse_down,2.0,0.01,glr_two_sided,200,5,92,9000,2.96
student5,15,sparse_down,2.0,0.03,glr_two_sided,200,18,313,9000,2.83
student5,15,sparse_down,2.0,0.01,energy,200,11,99,9000,2.9
student5,15,sparse_down,2.0,0.03,energy,200,34,270,9000,2.64
student5,15,sparse_down,2.0,0.01,mahalanobis,200,8,92,9000,2.92
student5,15,sparse_down,2.0,0.03,mahalanobis,200,42,254,9000,2.59
student5,15,sparse_down,4.0,0.01,stouffer_down,200,53,78,9000,2.42
student5,15,sparse_down,4.0,0.03,stouffer_down,200,117,263,9000,1.675
student5,15,sparse_down,4.0,0.01,stouffer_two_sided,200,23,113,9000,2.76
student5,15,sparse_down,4.0,0.03,stouffer_two_sided,200,71,285,9000,2.22
student5,15,sparse_down,4.0,0.01,max_absolute,200,157,83,9000,1.065
student5,15,sparse_down,4.0,0.03,max_absolute,200,198,277,9000,0.24
student5,15,sparse_down,4.0,0.01,glr_two_sided,200,22,92,9000,2.83
student5,15,sparse_down,4.0,0.03,glr_two_sided,200,61,313,9000,2.445
student5,15,sparse_down,4.0,0.01,energy,200,57,99,9000,2.365
student5,15,sparse_down,4.0,0.03,energy,200,180,270,9000,0.77
student5,15,sparse_down,4.0,0.01,mahalanobis,200,80,92,9000,2.1
student5,15,sparse_down,4.0,0.03,mahalanobis,200,193,254,9000,0.435
student5,15,sparse_down,6.0,0.01,stouffer_down,200,111,78,9000,1.73
student5,15,sparse_down,6.0,0.03,stouffer_down,200,175,263,9000,0.715
student5,15,sparse_down,6.0,0.01,stouffer_two_sided,200,68,113,9000,2.26
student5,15,sparse_down,6.0,0.03,stouffer_two_sided,200,146,285,9000,1.285
student5,15,sparse_down,6.0,0.01,max_absolute,200,200,83,9000,0.04
student5,15,sparse_down,6.0,0.03,max_absolute,200,200,277,9000,0.0
student5,15,sparse_down,6.0,0.01,glr_two_sided,200,76,92,9000,2.44
student5,15,sparse_down,6.0,0.03,glr_two_sided,200,143,313,9000,1.635
student5,15,sparse_down,6.0,0.01,energy,200,198,99,9000,0.225
student5,15,sparse_down,6.0,0.03,energy,200,200,270,9000,0.02
student5,15,sparse_down,6.0,0.01,mahalanobis,200,199,92,9000,0.12
student5,15,sparse_down,6.0,0.03,mahalanobis,200,200,254,9000,0.0
student5,15,opposed,2.0,0.01,stouffer_down,200,4,78,9000,2.965
student5,15,opposed,2.0,0.03,stouffer_down,200,13,263,9000,2.87
student5,15,opposed,2.0,0.01,stouffer_two_sided,200,8,113,9000,2.92
student5,15,opposed,2.0,0.03,stouffer_two_sided,200,15,285,9000,2.85
student5,15,opposed,2.0,0.01,max_absolute,200,10,83,9000,2.895
student5,15,opposed,2.0,0.03,max_absolute,200,47,277,9000,2.55
student5,15,opposed,2.0,0.01,glr_two_sided,200,4,92,9000,2.97
student5,15,opposed,2.0,0.03,glr_two_sided,200,12,313,9000,2.86
student5,15,opposed,2.0,0.01,energy,200,9,99,9000,2.91
student5,15,opposed,2.0,0.03,energy,200,38,270,9000,2.635
student5,15,opposed,2.0,0.01,mahalanobis,200,10,92,9000,2.885
student5,15,opposed,2.0,0.03,mahalanobis,200,47,254,9000,2.54
student5,15,opposed,4.0,0.01,stouffer_down,200,4,78,9000,2.965
student5,15,opposed,4.0,0.03,stouffer_down,200,13,263,9000,2.87
student5,15,opposed,4.0,0.01,stouffer_two_sided,200,8,113,9000,2.92
student5,15,opposed,4.0,0.03,stouffer_two_sided,200,15,285,9000,2.85
student5,15,opposed,4.0,0.01,max_absolute,200,86,83,9000,2.07
student5,15,opposed,4.0,0.03,max_absolute,200,182,277,9000,0.705
student5,15,opposed,4.0,0.01,glr_two_sided,200,4,92,9000,2.97
student5,15,opposed,4.0,0.03,glr_two_sided,200,12,313,9000,2.86
student5,15,opposed,4.0,0.01,energy,200,61,99,9000,2.405
student5,15,opposed,4.0,0.03,energy,200,175,270,9000,0.795
student5,15,opposed,4.0,0.01,mahalanobis,200,112,92,9000,1.785
student5,15,opposed,4.0,0.03,mahalanobis,200,195,254,9000,0.355
student5,15,opposed,6.0,0.01,stouffer_down,200,4,78,9000,2.965
student5,15,opposed,6.0,0.03,stouffer_down,200,13,263,9000,2.87
student5,15,opposed,6.0,0.01,stouffer_two_sided,200,8,113,9000,2.92
student5,15,opposed,6.0,0.03,stouffer_two_sided,200,15,285,9000,2.85
student5,15,opposed,6.0,0.01,max_absolute,200,198,83,9000,0.23
student5,15,opposed,6.0,0.03,max_absolute,200,200,277,9000,0.0
student5,15,opposed,6.0,0.01,glr_two_sided,200,4,92,9000,2.97
student5,15,opposed,6.0,0.03,glr_two_sided,200,12,313,9000,2.86
student5,15,opposed,6.0,0.01,energy,200,199,99,9000,0.21
student5,15,opposed,6.0,0.03,energy,200,200,270,9000,0.01
student5,15,opposed,6.0,0.01,mahalanobis,200,199,92,9000,0.055
student5,15,opposed,6.0,0.03,mahalanobis,200,200,254,9000,0.0
student5,15,ramp_down,2.0,0.01,stouffer_down,200,31,78,9000,2.775
student5,15,ramp_down,2.0,0.03,stouffer_down,200,97,263,9000,2.2
student5,15,ramp_down,2.0,0.01,stouffer_two_sided,200,13,113,9000,2.9
student5,15,ramp_down,2.0,0.03,stouffer_two_sided,200,53,285,9000,2.575
student5,15,ramp_down,2.0,0.01,max_absolute,200,5,83,9000,2.96
student5,15,ramp_down,2.0,0.03,max_absolute,200,21,277,9000,2.82
student5,15,ramp_down,2.0,0.01,glr_two_sided,200,13,92,9000,2.91
student5,15,ramp_down,2.0,0.03,glr_two_sided,200,39,313,9000,2.71
student5,15,ramp_down,2.0,0.01,energy,200,6,99,9000,2.945
student5,15,ramp_down,2.0,0.03,energy,200,22,270,9000,2.805
student5,15,ramp_down,2.0,0.01,mahalanobis,200,6,92,9000,2.94
student5,15,ramp_down,2.0,0.03,mahalanobis,200,22,254,9000,2.8
student5,15,ramp_down,4.0,0.01,stouffer_down,200,155,78,9000,1.88
student5,15,ramp_down,4.0,0.03,stouffer_down,200,188,263,9000,1.285
student5,15,ramp_down,4.0,0.01,stouffer_two_sided,200,110,113,9000,2.28
student5,15,ramp_down,4.0,0.03,stouffer_two_sided,200,168,285,9000,1.67
student5,15,ramp_down,4.0,0.01,max_absolute,200,12,83,9000,2.925
student5,15,ramp_down,4.0,0.03,max_absolute,200,58,277,9000,2.575
student5,15,ramp_down,4.0,0.01,glr_two_sided,200,89,92,9000,2.485
student5,15,ramp_down,4.0,0.03,glr_two_sided,200,154,313,9000,1.95
student5,15,ramp_down,4.0,0.01,energy,200,34,99,9000,2.805
student5,15,ramp_down,4.0,0.03,energy,200,118,270,9000,2.185
student5,15,ramp_down,4.0,0.01,mahalanobis,200,12,92,9000,2.9
student5,15,ramp_down,4.0,0.03,mahalanobis,200,53,254,9000,2.62
student5,15,ramp_down,6.0,0.01,stouffer_down,200,197,78,9000,1.165
student5,15,ramp_down,6.0,0.03,stouffer_down,200,200,263,9000,0.71
student5,15,ramp_down,6.0,0.01,stouffer_two_sided,200,194,113,9000,1.435
student5,15,ramp_down,6.0,0.03,stouffer_two_sided,200,198,285,9000,1.01
student5,15,ramp_down,6.0,0.01,max_absolute,200,47,83,9000,2.705
student5,15,ramp_down,6.0,0.03,max_absolute,200,144,277,9000,1.955
student5,15,ramp_down,6.0,0.01,glr_two_sided,200,188,92,9000,1.78
student5,15,ramp_down,6.0,0.03,glr_two_sided,200,198,313,9000,1.25
student5,15,ramp_down,6.0,0.01,energy,200,149,99,9000,2.095
student5,15,ramp_down,6.0,0.03,energy,200,194,270,9000,1.375
student5,15,ramp_down,6.0,0.01,mahalanobis,200,49,92,9000,2.71
student5,15,ramp_down,6.0,0.03,mahalanobis,200,156,254,9000,1.94
student5,16,common_down,2.0,0.01,stouffer_down,200,54,102,9000,2.445
student5,16,common_down,2.0,0.03,stouffer_down,200,119,305,9000,1.65
student5,16,common_down,2.0,0.01,stouffer_two_sided,200,24,115,9000,2.77
student5,16,common_down,2.0,0.03,stouffer_two_sided,200,77,311,9000,2.18
student5,16,common_down,2.0,0.01,max_absolute,200,4,103,9000,2.97
student5,16,common_down,2.0,0.03,max_absolute,200,30,282,9000,2.71
student5,16,common_down,2.0,0.01,glr_two_sided,200,24,90,9000,2.815
student5,16,common_down,2.0,0.03,glr_two_sided,200,75,322,9000,2.375
student5,16,common_down,2.0,0.01,energy,200,9,113,9000,2.91
student5,16,common_down,2.0,0.03,energy,200,43,301,9000,2.565
student5,16,common_down,2.0,0.01,mahalanobis,200,6,95,9000,2.945
student5,16,common_down,2.0,0.03,mahalanobis,200,24,311,9000,2.755
student5,16,common_down,4.0,0.01,stouffer_down,200,193,102,9000,0.475
student5,16,common_down,4.0,0.03,stouffer_down,200,200,305,9000,0.09
student5,16,common_down,4.0,0.01,stouffer_two_sided,200,169,115,9000,0.95
student5,16,common_down,4.0,0.03,stouffer_two_sided,200,198,311,9000,0.26
student5,16,common_down,4.0,0.01,max_absolute,200,27,103,9000,2.725
student5,16,common_down,4.0,0.03,max_absolute,200,102,282,9000,1.96
student5,16,common_down,4.0,0.01,glr_two_sided,200,186,90,9000,1.29
student5,16,common_down,4.0,0.03,glr_two_sided,200,198,322,9000,0.59
student5,16,common_down,4.0,0.01,energy,200,73,113,9000,2.25
student5,16,common_down,4.0,0.03,energy,200,169,301,9000,0.955
student5,16,common_down,4.0,0.01,mahalanobis,200,18,95,9000,2.82
student5,16,common_down,4.0,0.03,mahalanobis,200,87,311,9000,2.09
student5,16,common_down,6.0,0.01,stouffer_down,200,200,102,9000,0.01
student5,16,common_down,6.0,0.03,stouffer_down,200,200,305,9000,0.01
student5,16,common_down,6.0,0.01,stouffer_two_sided,200,200,115,9000,0.04
student5,16,common_down,6.0,0.03,stouffer_two_sided,200,200,311,9000,0.01
student5,16,common_down,6.0,0.01,max_absolute,200,95,103,9000,2.05
student5,16,common_down,6.0,0.03,max_absolute,200,192,282,9000,0.465
student5,16,common_down,6.0,0.01,glr_two_sided,200,200,90,9000,0.22
student5,16,common_down,6.0,0.03,glr_two_sided,200,200,322,9000,0.03
student5,16,common_down,6.0,0.01,energy,200,194,113,9000,0.42
student5,16,common_down,6.0,0.03,energy,200,200,301,9000,0.035
student5,16,common_down,6.0,0.01,mahalanobis,200,88,95,9000,2.085
student5,16,common_down,6.0,0.03,mahalanobis,200,194,311,9000,0.395
student5,16,common_up,2.0,0.01,stouffer_down,200,0,102,9000,3.0
student5,16,common_up,2.0,0.03,stouffer_down,200,0,305,9000,3.0
student5,16,common_up,2.0,0.01,stouffer_two_sided,200,24,115,9000,2.75
student5,16,common_up,2.0,0.03,stouffer_two_sided,200,75,311,9000,2.17
student5,16,common_up,2.0,0.01,max_absolute,200,6,103,9000,2.955
student5,16,common_up,2.0,0.03,max_absolute,200,21,282,9000,2.775
student5,16,common_up,2.0,0.01,glr_two_sided,200,23,90,9000,2.805
student5,16,common_up,2.0,0.03,glr_two_sided,200,82,322,9000,2.25
student5,16,common_up,2.0,0.01,energy,200,6,113,9000,2.945
student5,16,common_up,2.0,0.03,energy,200,30,301,9000,2.7
student5,16,common_up,2.0,0.01,mahalanobis,200,6,95,9000,2.955
student5,16,common_up,2.0,0.03,mahalanobis,200,13,311,9000,2.89
student5,16,common_up,4.0,0.01,stouffer_down,200,0,102,9000,3.0
student5,16,common_up,4.0,0.03,stouffer_down,200,0,305,9000,3.0
student5,16,common_up,4.0,0.01,stouffer_two_sided,200,171,115,9000,0.895
student5,16,common_up,4.0,0.03,stouffer_two_sided,200,194,311,9000,0.245
student5,16,common_up,4.0,0.01,max_absolute,200,16,103,9000,2.825
student5,16,common_up,4.0,0.03,max_absolute,200,98,282,9000,1.9
student5,16,common_up,4.0,0.01,glr_two_sided,200,185,90,9000,1.16
student5,16,common_up,4.0,0.03,glr_two_sided,200,195,322,9000,0.565
student5,16,common_up,4.0,0.01,energy,200,64,113,9000,2.285
student5,16,common_up,4.0,0.03,energy,200,170,301,9000,0.88
student5,16,common_up,4.0,0.01,mahalanobis,200,11,95,9000,2.895
student5,16,common_up,4.0,0.03,mahalanobis,200,81,311,9000,2.085
student5,16,common_up,6.0,0.01,stouffer_down,200,0,102,9000,3.0
student5,16,common_up,6.0,0.03,stouffer_down,200,0,305,9000,3.0
student5,16,common_up,6.0,0.01,stouffer_two_sided,200,200,115,9000,0.04
student5,16,common_up,6.0,0.03,stouffer_two_sided,200,200,311,9000,0.025
student5,16,common_up,6.0,0.01,max_absolute,200,93,103,9000,1.965
student5,16,common_up,6.0,0.03,max_absolute,200,193,282,9000,0.425
student5,16,common_up,6.0,0.01,glr_two_sided,200,200,90,9000,0.185
student5,16,common_up,6.0,0.03,glr_two_sided,200,200,322,9000,0.04
student5,16,common_up,6.0,0.01,energy,200,194,113,9000,0.325
student5,16,common_up,6.0,0.03,energy,200,200,301,9000,0.04
student5,16,common_up,6.0,0.01,mahalanobis,200,85,95,9000,2.04
student5,16,common_up,6.0,0.03,mahalanobis,200,194,311,9000,0.31
student5,16,sparse_down,2.0,0.01,stouffer_down,200,14,102,9000,2.855
student5,16,sparse_down,2.0,0.03,stouffer_down,200,45,305,9000,2.555
student5,16,sparse_down,2.0,0.01,stouffer_two_sided,200,10,115,9000,2.895
student5,16,sparse_down,2.0,0.03,stouffer_two_sided,200,22,311,9000,2.78
student5,16,sparse_down,2.0,0.01,max_absolute,200,15,103,9000,2.805
student5,16,sparse_down,2.0,0.03,max_absolute,200,49,282,9000,2.41
student5,16,sparse_down,2.0,0.01,glr_two_sided,200,1,90,9000,2.99
student5,16,sparse_down,2.0,0.03,glr_two_sided,200,19,322,9000,2.805
student5,16,sparse_down,2.0,0.01,energy,200,8,113,9000,2.91
student5,16,sparse_down,2.0,0.03,energy,200,35,301,9000,2.605
student5,16,sparse_down,2.0,0.01,mahalanobis,200,8,95,9000,2.92
student5,16,sparse_down,2.0,0.03,mahalanobis,200,40,311,9000,2.545
student5,16,sparse_down,4.0,0.01,stouffer_down,200,45,102,9000,2.56
student5,16,sparse_down,4.0,0.03,stouffer_down,200,97,305,9000,1.935
student5,16,sparse_down,4.0,0.01,stouffer_two_sided,200,18,115,9000,2.82
student5,16,sparse_down,4.0,0.03,stouffer_two_sided,200,64,311,9000,2.33
student5,16,sparse_down,4.0,0.01,max_absolute,200,136,103,9000,1.295
student5,16,sparse_down,4.0,0.03,max_absolute,200,199,282,9000,0.24
student5,16,sparse_down,4.0,0.01,glr_two_sided,200,18,90,9000,2.85
student5,16,sparse_down,4.0,0.03,glr_two_sided,200,52,322,9000,2.56
student5,16,sparse_down,4.0,0.01,energy,200,54,113,9000,2.38
student5,16,sparse_down,4.0,0.03,energy,200,165,301,9000,0.955
student5,16,sparse_down,4.0,0.01,mahalanobis,200,72,95,9000,2.125
student5,16,sparse_down,4.0,0.03,mahalanobis,200,180,311,9000,0.63
student5,16,sparse_down,6.0,0.01,stouffer_down,200,94,102,9000,1.975
student5,16,sparse_down,6.0,0.03,stouffer_down,200,177,305,9000,0.785
student5,16,sparse_down,6.0,0.01,stouffer_two_sided,200,59,115,9000,2.385
student5,16,sparse_down,6.0,0.03,stouffer_two_sided,200,131,311,9000,1.505
student5,16,sparse_down,6.0,0.01,max_absolute,200,200,103,9000,0.025
student5,16,sparse_down,6.0,0.03,max_absolute,200,200,282,9000,0.01
student5,16,sparse_down,6.0,0.01,glr_two_sided,200,70,90,9000,2.47
student5,16,sparse_down,6.0,0.03,glr_two_sided,200,150,322,9000,1.66
student5,16,sparse_down,6.0,0.01,energy,200,197,113,9000,0.275
student5,16,sparse_down,6.0,0.03,energy,200,200,301,9000,0.015
student5,16,sparse_down,6.0,0.01,mahalanobis,200,200,95,9000,0.125
student5,16,sparse_down,6.0,0.03,mahalanobis,200,200,311,9000,0.01
student5,16,opposed,2.0,0.01,stouffer_down,200,4,102,9000,2.96
student5,16,opposed,2.0,0.03,stouffer_down,200,14,305,9000,2.855
student5,16,opposed,2.0,0.01,stouffer_two_sided,200,6,115,9000,2.935
student5,16,opposed,2.0,0.03,stouffer_two_sided,200,13,311,9000,2.865
student5,16,opposed,2.0,0.01,max_absolute,200,4,103,9000,2.97
student5,16,opposed,2.0,0.03,max_absolute,200,35,282,9000,2.66
student5,16,opposed,2.0,0.01,glr_two_sided,200,4,90,9000,2.955
student5,16,opposed,2.0,0.03,glr_two_sided,200,10,322,9000,2.875
student5,16,opposed,2.0,0.01,energy,200,7,113,9000,2.94
student5,16,opposed,2.0,0.03,energy,200,24,301,9000,2.76
student5,16,opposed,2.0,0.01,mahalanobis,200,9,95,9000,2.92
student5,16,opposed,2.0,0.03,mahalanobis,200,39,311,9000,2.595
student5,16,opposed,4.0,0.01,stouffer_down,200,4,102,9000,2.96
student5,16,opposed,4.0,0.03,stouffer_down,200,14,305,9000,2.855
student5,16,opposed,4.0,0.01,stouffer_two_sided,200,6,115,9000,2.935
student5,16,opposed,4.0,0.03,stouffer_two_sided,200,13,311,9000,2.865
student5,16,opposed,4.0,0.01,max_absolute,200,67,103,9000,2.33
student5,16,opposed,4.0,0.03,max_absolute,200,187,282,9000,0.69
student5,16,opposed,4.0,0.01,glr_two_sided,200,4,90,9000,2.955
student5,16,opposed,4.0,0.03,glr_two_sided,200,10,322,9000,2.875
student5,16,opposed,4.0,0.01,energy,200,49,113,9000,2.465
student5,16,opposed,4.0,0.03,energy,200,174,301,9000,0.855
student5,16,opposed,4.0,0.01,mahalanobis,200,102,95,9000,1.865
student5,16,opposed,4.0,0.03,mahalanobis,200,196,311,9000,0.325
student5,16,opposed,6.0,0.01,stouffer_down,200,4,102,9000,2.96
student5,16,opposed,6.0,0.03,stouffer_down,200,14,305,9000,2.855
student5,16,opposed,6.0,0.01,stouffer_two_sided,200,6,115,9000,2.935
student5,16,opposed,6.0,0.03,stouffer_two_sided,200,13,311,9000,2.865
student5,16,opposed,6.0,0.01,max_absolute,200,198,103,9000,0.22
student5,16,opposed,6.0,0.03,max_absolute,200,200,282,9000,0.005
student5,16,opposed,6.0,0.01,glr_two_sided,200,4,90,9000,2.955
student5,16,opposed,6.0,0.03,glr_two_sided,200,10,322,9000,2.875
student5,16,opposed,6.0,0.01,energy,200,199,113,9000,0.205
student5,16,opposed,6.0,0.03,energy,200,200,301,9000,0.005
student5,16,opposed,6.0,0.01,mahalanobis,200,200,95,9000,0.025
student5,16,opposed,6.0,0.03,mahalanobis,200,200,311,9000,0.005
student5,16,ramp_down,2.0,0.01,stouffer_down,200,34,102,9000,2.74
student5,16,ramp_down,2.0,0.03,stouffer_down,200,78,305,9000,2.405
student5,16,ramp_down,2.0,0.01,stouffer_two_sided,200,16,115,9000,2.88
student5,16,ramp_down,2.0,0.03,stouffer_two_sided,200,52,311,9000,2.58
student5,16,ramp_down,2.0,0.01,max_absolute,200,4,103,9000,2.97
student5,16,ramp_down,2.0,0.03,max_absolute,200,22,282,9000,2.835
student5,16,ramp_down,2.0,0.01,glr_two_sided,200,11,90,9000,2.935
student5,16,ramp_down,2.0,0.03,glr_two_sided,200,32,322,9000,2.75
student5,16,ramp_down,2.0,0.01,energy,200,7,113,9000,2.945
student5,16,ramp_down,2.0,0.03,energy,200,30,301,9000,2.755
student5,16,ramp_down,2.0,0.01,mahalanobis,200,5,95,9000,2.96
student5,16,ramp_down,2.0,0.03,mahalanobis,200,17,311,9000,2.855
student5,16,ramp_down,4.0,0.01,stouffer_down,200,155,102,9000,1.985
student5,16,ramp_down,4.0,0.03,stouffer_down,200,191,305,9000,1.32
student5,16,ramp_down,4.0,0.01,stouffer_two_sided,200,122,115,9000,2.225
student5,16,ramp_down,4.0,0.03,stouffer_two_sided,200,172,311,9000,1.75
student5,16,ramp_down,4.0,0.01,max_absolute,200,15,103,9000,2.905
student5,16,ramp_down,4.0,0.03,max_absolute,200,58,282,9000,2.625
student5,16,ramp_down,4.0,0.01,glr_two_sided,200,84,90,9000,2.525
student5,16,ramp_down,4.0,0.03,glr_two_sided,200,163,322,9000,1.915
student5,16,ramp_down,4.0,0.01,energy,200,41,113,9000,2.75
student5,16,ramp_down,4.0,0.03,energy,200,114,301,9000,2.205
student5,16,ramp_down,4.0,0.01,mahalanobis,200,11,95,9000,2.92
student5,16,ramp_down,4.0,0.03,mahalanobis,200,48,311,9000,2.67
student5,16,ramp_down,6.0,0.01,stouffer_down,200,197,102,9000,1.195
student5,16,ramp_down,6.0,0.03,stouffer_down,200,200,305,9000,0.78
student5,16,ramp_down,6.0,0.01,stouffer_two_sided,200,193,115,9000,1.48
student5,16,ramp_down,6.0,0.03,stouffer_two_sided,200,200,311,9000,1.005
student5,16,ramp_down,6.0,0.01,max_absolute,200,50,103,9000,2.705
student5,16,ramp_down,6.0,0.03,max_absolute,200,153,282,9000,1.97
student5,16,ramp_down,6.0,0.01,glr_two_sided,200,191,90,9000,1.79
student5,16,ramp_down,6.0,0.03,glr_two_sided,200,198,322,9000,1.305
student5,16,ramp_down,6.0,0.01,energy,200,163,113,9000,2.025
student5,16,ramp_down,6.0,0.03,energy,200,195,301,9000,1.465
student5,16,ramp_down,6.0,0.01,mahalanobis,200,48,95,9000,2.715
student5,16,ramp_down,6.0,0.03,mahalanobis,200,162,311,9000,1.94
student5,17,common_down,2.0,0.01,stouffer_down,200,63,106,9000,2.3
student5,17,common_down,2.0,0.03,stouffer_down,200,139,308,9000,1.36
student5,17,common_down,2.0,0.01,stouffer_two_sided,200,36,108,9000,2.6
student5,17,common_down,2.0,0.03,stouffer_two_sided,200,87,299,9000,2.01
student5,17,common_down,2.0,0.01,max_absolute,200,13,110,9000,2.865
student5,17,common_down,2.0,0.03,max_absolute,200,38,288,9000,2.63
student5,17,common_down,2.0,0.01,glr_two_sided,200,39,98,9000,2.67
student5,17,common_down,2.0,0.03,glr_two_sided,200,83,279,9000,2.15
student5,17,common_down,2.0,0.01,energy,200,12,113,9000,2.885
student5,17,common_down,2.0,0.03,energy,200,53,315,9000,2.45
student5,17,common_down,2.0,0.01,mahalanobis,200,10,103,9000,2.905
student5,17,common_down,2.0,0.03,mahalanobis,200,32,312,9000,2.69
student5,17,common_down,4.0,0.01,stouffer_down,200,189,106,9000,0.455
student5,17,common_down,4.0,0.03,stouffer_down,200,200,308,9000,0.1
student5,17,common_down,4.0,0.01,stouffer_two_sided,200,171,108,9000,0.875
student5,17,common_down,4.0,0.03,stouffer_two_sided,200,197,299,9000,0.25
student5,17,common_down,4.0,0.01,max_absolute,200,38,110,9000,2.63
student5,17,common_down,4.0,0.03,max_absolute,200,113,288,9000,1.71
student5,17,common_down,4.0,0.01,glr_two_sided,200,180,98,9000,1.23
student5,17,common_down,4.0,0.03,glr_two_sided,200,197,279,9000,0.595
student5,17,common_down,4.0,0.01,energy,200,73,113,9000,2.19
student5,17,common_down,4.0,0.03,energy,200,169,315,9000,0.925
student5,17,common_down,4.0,0.01,mahalanobis,200,24,103,9000,2.765
student5,17,common_down,4.0,0.03,mahalanobis,200,93,312,9000,1.945
student5,17,common_down,6.0,0.01,stouffer_down,200,200,106,9000,0.025
student5,17,common_down,6.0,0.03,stouffer_down,200,200,308,9000,0.0
student5,17,common_down,6.0,0.01,stouffer_two_sided,200,200,108,9000,0.05
student5,17,common_down,6.0,0.03,stouffer_two_sided,200,200,299,9000,0.02
student5,17,common_down,6.0,0.01,max_absolute,200,109,110,9000,1.76
student5,17,common_down,6.0,0.03,max_absolute,200,192,288,9000,0.445
student5,17,common_down,6.0,0.01,glr_two_sided,200,200,98,9000,0.225
student5,17,common_down,6.0,0.03,glr_two_sided,200,200,279,9000,0.045
student5,17,common_down,6.0,0.01,energy,200,194,113,9000,0.38
student5,17,common_down,6.0,0.03,energy,200,200,315,9000,0.05
student5,17,common_down,6.0,0.01,mahalanobis,200,98,103,9000,1.86
student5,17,common_down,6.0,0.03,mahalanobis,200,193,312,9000,0.39
student5,17,common_up,2.0,0.01,stouffer_down,200,2,106,9000,2.98
student5,17,common_up,2.0,0.03,stouffer_down,200,3,308,9000,2.97
student5,17,common_up,2.0,0.01,stouffer_two_sided,200,35,108,9000,2.655
student5,17,common_up,2.0,0.03,stouffer_two_sided,200,94,299,9000,2.01
student5,17,common_up,2.0,0.01,max_absolute,200,8,110,9000,2.94
student5,17,common_up,2.0,0.03,max_absolute,200,37,288,9000,2.665
student5,17,common_up,2.0,0.01,glr_two_sided,200,30,98,9000,2.76
student5,17,common_up,2.0,0.03,glr_two_sided,200,81,279,9000,2.305
student5,17,common_up,2.0,0.01,energy,200,15,113,9000,2.88
student5,17,common_up,2.0,0.03,energy,200,50,315,9000,2.51
student5,17,common_up,2.0,0.01,mahalanobis,200,11,103,9000,2.915
student5,17,common_up,2.0,0.03,mahalanobis,200,35,312,9000,2.685
student5,17,common_up,4.0,0.01,stouffer_down,200,0,106,9000,3.0
student5,17,common_up,4.0,0.03,stouffer_down,200,0,308,9000,3.0
student5,17,common_up,4.0,0.01,stouffer_two_sided,200,164,108,9000,0.995
student5,17,common_up,4.0,0.03,stouffer_two_sided,200,197,299,9000,0.34
student5,17,common_up,4.0,0.01,max_absolute,200,34,110,9000,2.695
student5,17,common_up,4.0,0.03,max_absolute,200,103,288,9000,1.88
student5,17,common_up,4.0,0.01,glr_two_sided,200,174,98,9000,1.365
student5,17,common_up,4.0,0.03,glr_two_sided,200,196,279,9000,0.655
student5,17,common_up,4.0,0.01,energy,200,83,113,9000,2.165
student5,17,common_up,4.0,0.03,energy,200,164,315,9000,1.02
student5,17,common_up,4.0,0.01,mahalanobis,200,24,103,9000,2.79
student5,17,common_up,4.0,0.03,mahalanobis,200,99,312,9000,1.975
student5,17,common_up,6.0,0.01,stouffer_down,200,0,106,9000,3.0
student5,17,common_up,6.0,0.03,stouffer_down,200,0,308,9000,3.0
student5,17,common_up,6.0,0.01,stouffer_two_sided,200,200,108,9000,0.09
student5,17,common_up,6.0,0.03,stouffer_two_sided,200,200,299,9000,0.02
student5,17,common_up,6.0,0.01,max_absolute,200,98,110,9000,1.955
student5,17,common_up,6.0,0.03,max_absolute,200,191,288,9000,0.54
student5,17,common_up,6.0,0.01,glr_two_sided,200,200,98,9000,0.265
student5,17,common_up,6.0,0.03,glr_two_sided,200,200,279,9000,0.08
student5,17,common_up,6.0,0.01,energy,200,193,113,9000,0.475
student5,17,common_up,6.0,0.03,energy,200,200,315,9000,0.075
student5,17,common_up,6.0,0.01,mahalanobis,200,100,103,9000,1.98
student5,17,common_up,6.0,0.03,mahalanobis,200,193,312,9000,0.415
student5,17,sparse_down,2.0,0.01,stouffer_down,200,15,106,9000,2.835
student5,17,sparse_down,2.0,0.03,stouffer_down,200,55,308,9000,2.4
student5,17,sparse_down,2.0,0.01,stouffer_two_sided,200,10,108,9000,2.905
student5,17,sparse_down,2.0,0.03,stouffer_two_sided,200,31,299,9000,2.675
student5,17,sparse_down,2.0,0.01,max_absolute,200,16,110,9000,2.84
student5,17,sparse_down,2.0,0.03,max_absolute,200,57,288,9000,2.425
student5,17,sparse_down,2.0,0.01,glr_two_sided,200,9,98,9000,2.9
student5,17,sparse_down,2.0,0.03,glr_two_sided,200,30,279,9000,2.685
student5,17,sparse_down,2.0,0.01,energy,200,11,113,9000,2.89
student5,17,sparse_down,2.0,0.03,energy,200,40,315,9000,2.605
student5,17,sparse_down,2.0,0.01,mahalanobis,200,14,103,9000,2.85
student5,17,sparse_down,2.0,0.03,mahalanobis,200,47,312,9000,2.545
student5,17,sparse_down,4.0,0.01,stouffer_down,200,54,106,9000,2.405
student5,17,sparse_down,4.0,0.03,stouffer_down,200,113,308,9000,1.675
student5,17,sparse_down,4.0,0.01,stouffer_two_sided,200,28,108,9000,2.695
student5,17,sparse_down,4.0,0.03,stouffer_two_sided,200,72,299,9000,2.19
student5,17,sparse_down,4.0,0.01,max_absolute,200,148,110,9000,1.235
student5,17,sparse_down,4.0,0.03,max_absolute,200,195,288,9000,0.215
student5,17,sparse_down,4.0,0.01,glr_two_sided,200,28,98,9000,2.76
student5,17,sparse_down,4.0,0.03,glr_two_sided,200,71,279,9000,2.275
student5,17,sparse_down,4.0,0.01,energy,200,64,113,9000,2.355
student5,17,sparse_down,4.0,0.03,energy,200,171,315,9000,0.835
student5,17,sparse_down,4.0,0.01,mahalanobis,200,80,103,9000,2.155
student5,17,sparse_down,4.0,0.03,mahalanobis,200,186,312,9000,0.52
student5,17,sparse_down,6.0,0.01,stouffer_down,200,111,106,9000,1.7
student5,17,sparse_down,6.0,0.03,stouffer_down,200,177,308,9000,0.735
student5,17,sparse_down,6.0,0.01,stouffer_two_sided,200,70,108,9000,2.215
student5,17,sparse_down,6.0,0.03,stouffer_two_sided,200,147,299,9000,1.255
student5,17,sparse_down,6.0,0.01,max_absolute,200,199,110,9000,0.04
student5,17,sparse_down,6.0,0.03,max_absolute,200,200,288,9000,0.005
student5,17,sparse_down,6.0,0.01,glr_two_sided,200,82,98,9000,2.305
student5,17,sparse_down,6.0,0.03,glr_two_sided,200,140,279,9000,1.615
student5,17,sparse_down,6.0,0.01,energy,200,197,113,9000,0.23
student5,17,sparse_down,6.0,0.03,energy,200,200,315,9000,0.02
student5,17,sparse_down,6.0,0.01,mahalanobis,200,198,103,9000,0.1
student5,17,sparse_down,6.0,0.03,mahalanobis,200,200,312,9000,0.0
student5,17,opposed,2.0,0.01,stouffer_down,200,6,106,9000,2.95
student5,17,opposed,2.0,0.03,stouffer_down,200,16,308,9000,2.83
student5,17,opposed,2.0,0.01,stouffer_two_sided,200,7,108,9000,2.945
student5,17,opposed,2.0,0.03,stouffer_two_sided,200,17,299,9000,2.835
student5,17,opposed,2.0,0.01,max_absolute,200,22,110,9000,2.805
student5,17,opposed,2.0,0.03,max_absolute,200,43,288,9000,2.55
student5,17,opposed,2.0,0.01,glr_two_sided,200,7,98,9000,2.915
student5,17,opposed,2.0,0.03,glr_two_sided,200,15,279,9000,2.825
student5,17,opposed,2.0,0.01,energy,200,17,113,9000,2.85
student5,17,opposed,2.0,0.03,energy,200,42,315,9000,2.605
student5,17,opposed,2.0,0.01,mahalanobis,200,19,103,9000,2.81
student5,17,opposed,2.0,0.03,mahalanobis,200,51,312,9000,2.49
student5,17,opposed,4.0,0.01,stouffer_down,200,6,106,9000,2.95
student5,17,opposed,4.0,0.03,stouffer_down,200,16,308,9000,2.83
student5,17,opposed,4.0,0.01,stouffer_two_sided,200,7,108,9000,2.945
student5,17,opposed,4.0,0.03,stouffer_two_sided,200,17,299,9000,2.835
student5,17,opposed,4.0,0.01,max_absolute,200,76,110,9000,2.19
student5,17,opposed,4.0,0.03,max_absolute,200,186,288,9000,0.705
student5,17,opposed,4.0,0.01,glr_two_sided,200,7,98,9000,2.915
student5,17,opposed,4.0,0.03,glr_two_sided,200,15,279,9000,2.825
student5,17,opposed,4.0,0.01,energy,200,60,113,9000,2.39
student5,17,opposed,4.0,0.03,energy,200,171,315,9000,0.825
student5,17,opposed,4.0,0.01,mahalanobis,200,101,103,9000,1.85
student5,17,opposed,4.0,0.03,mahalanobis,200,196,312,9000,0.285
student5,17,opposed,6.0,0.01,stouffer_down,200,6,106,9000,2.95
student5,17,opposed,6.0,0.03,stouffer_down,200,16,308,9000,2.83
student5,17,opposed,6.0,0.01,stouffer_two_sided,200,7,108,9000,2.945
student5,17,opposed,6.0,0.03,stouffer_two_sided,200,17,299,9000,2.835
student5,17,opposed,6.0,0.01,max_absolute,200,198,110,9000,0.19
student5,17,opposed,6.0,0.03,max_absolute,200,200,288,9000,0.0
student5,17,opposed,6.0,0.01,glr_two_sided,200,7,98,9000,2.915
student5,17,opposed,6.0,0.03,glr_two_sided,200,15,279,9000,2.825
student5,17,opposed,6.0,0.01,energy,200,198,113,9000,0.165
student5,17,opposed,6.0,0.03,energy,200,200,315,9000,0.01
student5,17,opposed,6.0,0.01,mahalanobis,200,200,103,9000,0.055
student5,17,opposed,6.0,0.03,mahalanobis,200,200,312,9000,0.0
student5,17,ramp_down,2.0,0.01,stouffer_down,200,36,106,9000,2.72
student5,17,ramp_down,2.0,0.03,stouffer_down,200,93,308,9000,2.19
student5,17,ramp_down,2.0,0.01,stouffer_two_sided,200,19,108,9000,2.85
student5,17,ramp_down,2.0,0.03,stouffer_two_sided,200,54,299,9000,2.585
student5,17,ramp_down,2.0,0.01,max_absolute,200,8,110,9000,2.93
student5,17,ramp_down,2.0,0.03,max_absolute,200,29,288,9000,2.74
student5,17,ramp_down,2.0,0.01,glr_two_sided,200,19,98,9000,2.85
student5,17,ramp_down,2.0,0.03,glr_two_sided,200,47,279,9000,2.615
student5,17,ramp_down,2.0,0.01,energy,200,9,113,9000,2.925
student5,17,ramp_down,2.0,0.03,energy,200,37,315,9000,2.69
student5,17,ramp_down,2.0,0.01,mahalanobis,200,9,103,9000,2.915
student5,17,ramp_down,2.0,0.03,mahalanobis,200,31,312,9000,2.705
student5,17,ramp_down,4.0,0.01,stouffer_down,200,155,106,9000,1.825
student5,17,ramp_down,4.0,0.03,stouffer_down,200,189,308,9000,1.255
student5,17,ramp_down,4.0,0.01,stouffer_two_sided,200,116,108,9000,2.22
student5,17,ramp_down,4.0,0.03,stouffer_two_sided,200,174,299,9000,1.57
student5,17,ramp_down,4.0,0.01,max_absolute,200,21,110,9000,2.845
student5,17,ramp_down,4.0,0.03,max_absolute,200,65,288,9000,2.47
student5,17,ramp_down,4.0,0.01,glr_two_sided,200,100,98,9000,2.375
student5,17,ramp_down,4.0,0.03,glr_two_sided,200,157,279,9000,1.815
student5,17,ramp_down,4.0,0.01,energy,200,39,113,9000,2.715
student5,17,ramp_down,4.0,0.03,energy,200,111,315,9000,2.16
student5,17,ramp_down,4.0,0.01,mahalanobis,200,13,103,9000,2.89
student5,17,ramp_down,4.0,0.03,mahalanobis,200,58,312,9000,2.54
student5,17,ramp_down,6.0,0.01,stouffer_down,200,200,106,9000,1.16
student5,17,ramp_down,6.0,0.03,stouffer_down,200,200,308,9000,0.74
student5,17,ramp_down,6.0,0.01,stouffer_two_sided,200,198,108,9000,1.395
student5,17,ramp_down,6.0,0.03,stouffer_two_sided,200,200,299,9000,1.03
student5,17,ramp_down,6.0,0.01,max_absolute,200,61,110,9000,2.56
student5,17,ramp_down,6.0,0.03,max_absolute,200,147,288,9000,1.895
student5,17,ramp_down,6.0,0.01,glr_two_sided,200,189,98,9000,1.675
student5,17,ramp_down,6.0,0.03,glr_two_sided,200,200,279,9000,1.215
student5,17,ramp_down,6.0,0.01,energy,200,153,113,9000,2.015
student5,17,ramp_down,6.0,0.03,energy,200,196,315,9000,1.38
student5,17,ramp_down,6.0,0.01,mahalanobis,200,49,103,9000,2.67
student5,17,ramp_down,6.0,0.03,mahalanobis,200,155,312,9000,1.935
student5,18,common_down,2.0,0.01,stouffer_down,200,64,109,9000,2.33
student5,18,common_down,2.0,0.03,stouffer_down,200,123,285,9000,1.595
student5,18,common_down,2.0,0.01,stouffer_two_sided,200,40,109,9000,2.57
student5,18,common_down,2.0,0.03,stouffer_two_sided,200,83,307,9000,2.115
student5,18,common_down,2.0,0.01,max_absolute,200,11,98,9000,2.855
student5,18,common_down,2.0,0.03,max_absolute,200,30,270,9000,2.68
student5,18,common_down,2.0,0.01,glr_two_sided,200,39,117,9000,2.665
student5,18,common_down,2.0,0.03,glr_two_sided,200,79,294,9000,2.26
student5,18,common_down,2.0,0.01,energy,200,17,103,9000,2.805
student5,18,common_down,2.0,0.03,energy,200,45,292,9000,2.525
student5,18,common_down,2.0,0.01,mahalanobis,200,6,93,9000,2.93
student5,18,common_down,2.0,0.03,mahalanobis,200,29,283,9000,2.675
student5,18,common_down,4.0,0.01,stouffer_down,200,191,109,9000,0.45
student5,18,common_down,4.0,0.03,stouffer_down,200,200,285,9000,0.11
student5,18,common_down,4.0,0.01,stouffer_two_sided,200,157,109,9000,1.1
student5,18,common_down,4.0,0.03,stouffer_two_sided,200,197,307,9000,0.245
student5,18,common_down,4.0,0.01,max_absolute,200,27,98,9000,2.72
student5,18,common_down,4.0,0.03,max_absolute,200,106,270,9000,1.87
student5,18,common_down,4.0,0.01,glr_two_sided,200,173,117,9000,1.355
student5,18,common_down,4.0,0.03,glr_two_sided,200,196,294,9000,0.66
student5,18,common_down,4.0,0.01,energy,200,74,103,9000,2.235
student5,18,common_down,4.0,0.03,energy,200,161,292,9000,1.06
student5,18,common_down,4.0,0.01,mahalanobis,200,25,93,9000,2.73
student5,18,common_down,4.0,0.03,mahalanobis,200,89,283,9000,2.055
student5,18,common_down,6.0,0.01,stouffer_down,200,200,109,9000,0.02
student5,18,common_down,6.0,0.03,stouffer_down,200,200,285,9000,0.01
student5,18,common_down,6.0,0.01,stouffer_two_sided,200,200,109,9000,0.055
student5,18,common_down,6.0,0.03,stouffer_two_sided,200,200,307,9000,0.02
student5,18,common_down,6.0,0.01,max_absolute,200,97,98,9000,1.965
student5,18,common_down,6.0,0.03,max_absolute,200,191,270,9000,0.455
student5,18,common_down,6.0,0.01,glr_two_sided,200,200,117,9000,0.22
student5,18,common_down,6.0,0.03,glr_two_sided,200,200,294,9000,0.055
student5,18,common_down,6.0,0.01,energy,200,194,103,9000,0.37
student5,18,common_down,6.0,0.03,energy,200,200,292,9000,0.015
student5,18,common_down,6.0,0.01,mahalanobis,200,92,93,9000,2.015
student5,18,common_down,6.0,0.03,mahalanobis,200,194,283,9000,0.34
student5,18,common_up,2.0,0.01,stouffer_down,200,0,109,9000,3.0
student5,18,common_up,2.0,0.03,stouffer_down,200,3,285,9000,2.965
student5,18,common_up,2.0,0.01,stouffer_two_sided,200,30,109,9000,2.685
student5,18,common_up,2.0,0.03,stouffer_two_sided,200,76,307,9000,2.15
student5,18,common_up,2.0,0.01,max_absolute,200,9,98,9000,2.905
student5,18,common_up,2.0,0.03,max_absolute,200,28,270,9000,2.695
student5,18,common_up,2.0,0.01,glr_two_sided,200,34,117,9000,2.74
student5,18,common_up,2.0,0.03,glr_two_sided,200,89,294,9000,2.24
student5,18,common_up,2.0,0.01,energy,200,11,103,9000,2.89
student5,18,common_up,2.0,0.03,energy,200,38,292,9000,2.59
student5,18,common_up,2.0,0.01,mahalanobis,200,6,93,9000,2.925
student5,18,common_up,2.0,0.03,mahalanobis,200,26,283,9000,2.74
student5,18,common_up,4.0,0.01,stouffer_down,200,0,109,9000,3.0
student5,18,common_up,4.0,0.03,stouffer_down,200,0,285,9000,3.0
student5,18,common_up,4.0,0.01,stouffer_two_sided,200,159,109,9000,0.945
student5,18,common_up,4.0,0.03,stouffer_two_sided,200,197,307,9000,0.29
student5,18,common_up,4.0,0.01,max_absolute,200,28,98,9000,2.695
student5,18,common_up,4.0,0.03,max_absolute,200,85,270,9000,1.995
student5,18,common_up,4.0,0.01,glr_two_sided,200,170,117,9000,1.32
student5,18,common_up,4.0,0.03,glr_two_sided,200,194,294,9000,0.595
student5,18,common_up,4.0,0.01,energy,200,66,103,9000,2.275
student5,18,common_up,4.0,0.03,energy,200,156,292,9000,1.015
student5,18,common_up,4.0,0.01,mahalanobis,200,17,93,9000,2.825
student5,18,common_up,4.0,0.03,mahalanobis,200,79,283,9000,2.125
student5,18,common_up,6.0,0.01,stouffer_down,200,0,109,9000,3.0
student5,18,common_up,6.0,0.03,stouffer_down,200,0,285,9000,3.0
student5,18,common_up,6.0,0.01,stouffer_two_sided,200,200,109,9000,0.06
student5,18,common_up,6.0,0.03,stouffer_two_sided,200,200,307,9000,0.03
student5,18,common_up,6.0,0.01,max_absolute,200,80,98,9000,2.065
student5,18,common_up,6.0,0.03,max_absolute,200,187,270,9000,0.56
student5,18,common_up,6.0,0.01,glr_two_sided,200,200,117,9000,0.25
student5,18,common_up,6.0,0.03,glr_two_sided,200,200,294,9000,0.06
student5,18,common_up,6.0,0.01,energy,200,193,103,9000,0.425
student5,18,common_up,6.0,0.03,energy,200,200,292,9000,0.09
student5,18,common_up,6.0,0.01,mahalanobis,200,81,93,9000,2.09
student5,18,common_up,6.0,0.03,mahalanobis,200,191,283,9000,0.38
student5,18,sparse_down,2.0,0.01,stouffer_down,200,22,109,9000,2.775
student5,18,sparse_down,2.0,0.03,stouffer_down,200,52,285,9000,2.435
student5,18,sparse_down,2.0,0.01,stouffer_two_sided,200,18,109,9000,2.805
student5,18,sparse_down,2.0,0.03,stouffer_two_sided,200,35,307,9000,2.64
student5,18,sparse_down,2.0,0.01,max_absolute,200,11,98,9000,2.87
student5,18,sparse_down,2.0,0.03,max_absolute,200,59,270,9000,2.37
student5,18,sparse_down,2.0,0.01,glr_two_sided,200,9,117,9000,2.91
student5,18,sparse_down,2.0,0.03,glr_two_sided,200,30,294,9000,2.69
student5,18,sparse_down,2.0,0.01,energy,200,11,103,9000,2.865
student5,18,sparse_down,2.0,0.03,energy,200,40,292,9000,2.56
student5,18,sparse_down,2.0,0.01,mahalanobis,200,10,93,9000,2.88
student5,18,sparse_down,2.0,0.03,mahalanobis,200,44,283,9000,2.47
student5,18,sparse_down,4.0,0.01,stouffer_down,200,50,109,9000,2.45
student5,18,sparse_down,4.0,0.03,stouffer_down,200,111,285,9000,1.77
student5,18,sparse_down,4.0,0.01,stouffer_two_sided,200,30,109,9000,2.7
student5,18,sparse_down,4.0,0.03,stouffer_two_sided,200,71,307,9000,2.255
student5,18,sparse_down,4.0,0.01,max_absolute,200,151,98,9000,1.095
student5,18,sparse_down,4.0,0.03,max_absolute,200,194,270,9000,0.205
student5,18,sparse_down,4.0,0.01,glr_two_sided,200,27,117,9000,2.74
student5,18,sparse_down,4.0,0.03,glr_two_sided,200,66,294,9000,2.38
student5,18,sparse_down,4.0,0.01,energy,200,71,103,9000,2.245
student5,18,sparse_down,4.0,0.03,energy,200,165,292,9000,0.885
student5,18,sparse_down,4.0,0.01,mahalanobis,200,84,93,9000,2.035
student5,18,sparse_down,4.0,0.03,mahalanobis,200,184,283,9000,0.49
student5,18,sparse_down,6.0,0.01,stouffer_down,200,110,109,9000,1.775
student5,18,sparse_down,6.0,0.03,stouffer_down,200,166,285,9000,0.895
student5,18,sparse_down,6.0,0.01,stouffer_two_sided,200,68,109,9000,2.29
student5,18,sparse_down,6.0,0.03,stouffer_two_sided,200,135,307,9000,1.485
student5,18,sparse_down,6.0,0.01,max_absolute,200,200,98,9000,0.015
student5,18,sparse_down,6.0,0.03,max_absolute,200,200,270,9000,0.0
student5,18,sparse_down,6.0,0.01,glr_two_sided,200,79,117,9000,2.335
student5,18,sparse_down,6.0,0.03,glr_two_sided,200,141,294,9000,1.66
student5,18,sparse_down,6.0,0.01,energy,200,196,103,9000,0.195
student5,18,sparse_down,6.0,0.03,energy,200,200,292,9000,0.005
student5,18,sparse_down,6.0,0.01,mahalanobis,200,199,93,9000,0.065
student5,18,sparse_down,6.0,0.03,mahalanobis,200,200,283,9000,0.005
student5,18,opposed,2.0,0.01,stouffer_down,200,10,109,9000,2.89
student5,18,opposed,2.0,0.03,stouffer_down,200,22,285,9000,2.775
student5,18,opposed,2.0,0.01,stouffer_two_sided,200,8,109,9000,2.91
student5,18,opposed,2.0,0.03,stouffer_two_sided,200,25,307,9000,2.745
student5,18,opposed,2.0,0.01,max_absolute,200,13,98,9000,2.84
student5,18,opposed,2.0,0.03,max_absolute,200,38,270,9000,2.575
student5,18,opposed,2.0,0.01,glr_two_sided,200,4,117,9000,2.95
student5,18,opposed,2.0,0.03,glr_two_sided,200,14,294,9000,2.84
student5,18,opposed,2.0,0.01,energy,200,10,103,9000,2.88
student5,18,opposed,2.0,0.03,energy,200,37,292,9000,2.61
student5,18,opposed,2.0,0.01,mahalanobis,200,11,93,9000,2.875
student5,18,opposed,2.0,0.03,mahalanobis,200,49,283,9000,2.46
student5,18,opposed,4.0,0.01,stouffer_down,200,10,109,9000,2.89
student5,18,opposed,4.0,0.03,stouffer_down,200,22,285,9000,2.775
student5,18,opposed,4.0,0.01,stouffer_two_sided,200,8,109,9000,2.91
student5,18,opposed,4.0,0.03,stouffer_two_sided,200,25,307,9000,2.745
student5,18,opposed,4.0,0.01,max_absolute,200,76,98,9000,2.155
student5,18,opposed,4.0,0.03,max_absolute,200,177,270,9000,0.755
student5,18,opposed,4.0,0.01,glr_two_sided,200,4,117,9000,2.95
student5,18,opposed,4.0,0.03,glr_two_sided,200,14,294,9000,2.84
student5,18,opposed,4.0,0.01,energy,200,61,103,9000,2.355
student5,18,opposed,4.0,0.03,energy,200,172,292,9000,0.795
student5,18,opposed,4.0,0.01,mahalanobis,200,102,93,9000,1.905
student5,18,opposed,4.0,0.03,mahalanobis,200,188,283,9000,0.415
student5,18,opposed,6.0,0.01,stouffer_down,200,10,109,9000,2.89
student5,18,opposed,6.0,0.03,stouffer_down,200,22,285,9000,2.775
student5,18,opposed,6.0,0.01,stouffer_two_sided,200,8,109,9000,2.91
student5,18,opposed,6.0,0.03,stouffer_two_sided,200,25,307,9000,2.745
student5,18,opposed,6.0,0.01,max_absolute,200,197,98,9000,0.23
student5,18,opposed,6.0,0.03,max_absolute,200,200,270,9000,0.005
student5,18,opposed,6.0,0.01,glr_two_sided,200,4,117,9000,2.95
student5,18,opposed,6.0,0.03,glr_two_sided,200,14,294,9000,2.84
student5,18,opposed,6.0,0.01,energy,200,198,103,9000,0.22
student5,18,opposed,6.0,0.03,energy,200,200,292,9000,0.015
student5,18,opposed,6.0,0.01,mahalanobis,200,199,93,9000,0.075
student5,18,opposed,6.0,0.03,mahalanobis,200,200,283,9000,0.005
student5,18,ramp_down,2.0,0.01,stouffer_down,200,45,109,9000,2.635
student5,18,ramp_down,2.0,0.03,stouffer_down,200,93,285,9000,2.22
student5,18,ramp_down,2.0,0.01,stouffer_two_sided,200,25,109,9000,2.78
student5,18,ramp_down,2.0,0.03,stouffer_two_sided,200,65,307,9000,2.48
student5,18,ramp_down,2.0,0.01,max_absolute,200,6,98,9000,2.925
student5,18,ramp_down,2.0,0.03,max_absolute,200,24,270,9000,2.755
student5,18,ramp_down,2.0,0.01,glr_two_sided,200,19,117,9000,2.85
student5,18,ramp_down,2.0,0.03,glr_two_sided,200,46,294,9000,2.6
student5,18,ramp_down,2.0,0.01,energy,200,10,103,9000,2.89
student5,18,ramp_down,2.0,0.03,energy,200,35,292,9000,2.675
student5,18,ramp_down,2.0,0.01,mahalanobis,200,6,93,9000,2.93
student5,18,ramp_down,2.0,0.03,mahalanobis,200,20,283,9000,2.8
student5,18,ramp_down,4.0,0.01,stouffer_down,200,146,109,9000,1.94
student5,18,ramp_down,4.0,0.03,stouffer_down,200,188,285,9000,1.29
student5,18,ramp_down,4.0,0.01,stouffer_two_sided,200,117,109,9000,2.195
student5,18,ramp_down,4.0,0.03,stouffer_two_sided,200,167,307,9000,1.63
student5,18,ramp_down,4.0,0.01,max_absolute,200,16,98,9000,2.86
student5,18,ramp_down,4.0,0.03,max_absolute,200,65,270,9000,2.48
student5,18,ramp_down,4.0,0.01,glr_two_sided,200,91,117,9000,2.415
student5,18,ramp_down,4.0,0.03,glr_two_sided,200,156,294,9000,1.89
student5,18,ramp_down,4.0,0.01,energy,200,47,103,9000,2.64
student5,18,ramp_down,4.0,0.03,energy,200,117,292,9000,2.14
student5,18,ramp_down,4.0,0.01,mahalanobis,200,13,93,9000,2.89
student5,18,ramp_down,4.0,0.03,mahalanobis,200,54,283,9000,2.565
student5,18,ramp_down,6.0,0.01,stouffer_down,200,196,109,9000,1.155
student5,18,ramp_down,6.0,0.03,stouffer_down,200,199,285,9000,0.77
student5,18,ramp_down,6.0,0.01,stouffer_two_sided,200,193,109,9000,1.425
student5,18,ramp_down,6.0,0.03,stouffer_two_sided,200,199,307,9000,0.98
student5,18,ramp_down,6.0,0.01,max_absolute,200,50,98,9000,2.625
student5,18,ramp_down,6.0,0.03,max_absolute,200,159,270,9000,1.84
student5,18,ramp_down,6.0,0.01,glr_two_sided,200,185,117,9000,1.75
student5,18,ramp_down,6.0,0.03,glr_two_sided,200,199,294,9000,1.31
student5,18,ramp_down,6.0,0.01,energy,200,152,103,9000,2.0
student5,18,ramp_down,6.0,0.03,energy,200,191,292,9000,1.42
student5,18,ramp_down,6.0,0.01,mahalanobis,200,51,93,9000,2.67
student5,18,ramp_down,6.0,0.03,mahalanobis,200,154,283,9000,1.885
student5,19,common_down,2.0,0.01,stouffer_down,200,55,102,9000,2.355
student5,19,common_down,2.0,0.03,stouffer_down,200,123,283,9000,1.535
student5,19,common_down,2.0,0.01,stouffer_two_sided,200,30,93,9000,2.665
student5,19,common_down,2.0,0.03,stouffer_two_sided,200,78,271,9000,2.11
student5,19,common_down,2.0,0.01,max_absolute,200,13,80,9000,2.865
student5,19,common_down,2.0,0.03,max_absolute,200,30,268,9000,2.675
student5,19,common_down,2.0,0.01,glr_two_sided,200,30,75,9000,2.76
student5,19,common_down,2.0,0.03,glr_two_sided,200,81,277,9000,2.26
student5,19,common_down,2.0,0.01,energy,200,13,79,9000,2.855
student5,19,common_down,2.0,0.03,energy,200,37,266,9000,2.585
student5,19,common_down,2.0,0.01,mahalanobis,200,6,71,9000,2.935
student5,19,common_down,2.0,0.03,mahalanobis,200,29,262,9000,2.685
student5,19,common_down,4.0,0.01,stouffer_down,200,188,102,9000,0.445
student5,19,common_down,4.0,0.03,stouffer_down,200,200,283,9000,0.09
student5,19,common_down,4.0,0.01,stouffer_two_sided,200,166,93,9000,0.895
student5,19,common_down,4.0,0.03,stouffer_two_sided,200,198,271,9000,0.22
student5,19,common_down,4.0,0.01,max_absolute,200,27,80,9000,2.71
student5,19,common_down,4.0,0.03,max_absolute,200,83,268,9000,2.055
student5,19,common_down,4.0,0.01,glr_two_sided,200,178,75,9000,1.26
student5,19,common_down,4.0,0.03,glr_two_sided,200,197,277,9000,0.615
student5,19,common_down,4.0,0.01,energy,200,61,79,9000,2.295
student5,19,common_down,4.0,0.03,energy,200,158,266,9000,1.005
student5,19,common_down,4.0,0.01,mahalanobis,200,20,71,9000,2.78
student5,19,common_down,4.0,0.03,mahalanobis,200,71,262,9000,2.16
student5,19,common_down,6.0,0.01,stouffer_down,200,200,102,9000,0.015
student5,19,common_down,6.0,0.03,stouffer_down,200,200,283,9000,0.005
student5,19,common_down,6.0,0.01,stouffer_two_sided,200,200,93,9000,0.06
student5,19,common_down,6.0,0.03,stouffer_two_sided,200,200,271,9000,0.005
student5,19,common_down,6.0,0.01,max_absolute,200,80,80,9000,2.085
student5,19,common_down,6.0,0.03,max_absolute,200,188,268,9000,0.505
student5,19,common_down,6.0,0.01,glr_two_sided,200,200,75,9000,0.22
student5,19,common_down,6.0,0.03,glr_two_sided,200,200,277,9000,0.065
student5,19,common_down,6.0,0.01,energy,200,192,79,9000,0.385
student5,19,common_down,6.0,0.03,energy,200,200,266,9000,0.045
student5,19,common_down,6.0,0.01,mahalanobis,200,74,71,9000,2.12
student5,19,common_down,6.0,0.03,mahalanobis,200,193,262,9000,0.375
student5,19,common_up,2.0,0.01,stouffer_down,200,2,102,9000,2.985
student5,19,common_up,2.0,0.03,stouffer_down,200,2,283,9000,2.985
student5,19,common_up,2.0,0.01,stouffer_two_sided,200,28,93,9000,2.7
student5,19,common_up,2.0,0.03,stouffer_two_sided,200,80,271,9000,2.15
student5,19,common_up,2.0,0.01,max_absolute,200,10,80,9000,2.91
student5,19,common_up,2.0,0.03,max_absolute,200,32,268,9000,2.65
student5,19,common_up,2.0,0.01,glr_two_sided,200,26,75,9000,2.805
student5,19,common_up,2.0,0.03,glr_two_sided,200,83,277,9000,2.23
student5,19,common_up,2.0,0.01,energy,200,10,79,9000,2.905
student5,19,common_up,2.0,0.03,energy,200,37,266,9000,2.625
student5,19,common_up,2.0,0.01,mahalanobis,200,5,71,9000,2.94
student5,19,common_up,2.0,0.03,mahalanobis,200,21,262,9000,2.775
student5,19,common_up,4.0,0.01,stouffer_down,200,0,102,9000,3.0
student5,19,common_up,4.0,0.03,stouffer_down,200,0,283,9000,3.0
student5,19,common_up,4.0,0.01,stouffer_two_sided,200,169,93,9000,0.895
student5,19,common_up,4.0,0.03,stouffer_two_sided,200,196,271,9000,0.28
student5,19,common_up,4.0,0.01,max_absolute,200,30,80,9000,2.665
student5,19,common_up,4.0,0.03,max_absolute,200,106,268,9000,1.84
student5,19,common_up,4.0,0.01,glr_two_sided,200,178,75,9000,1.28
student5,19,common_up,4.0,0.03,glr_two_sided,200,194,277,9000,0.615
student5,19,common_up,4.0,0.01,energy,200,70,79,9000,2.24
student5,19,common_up,4.0,0.03,energy,200,165,266,9000,0.945
student5,19,common_up,4.0,0.01,mahalanobis,200,14,71,9000,2.855
student5,19,common_up,4.0,0.03,mahalanobis,200,82,262,9000,2.115
student5,19,common_up,6.0,0.01,stouffer_down,200,0,102,9000,3.0
student5,19,common_up,6.0,0.03,stouffer_down,200,0,283,9000,3.0
student5,19,common_up,6.0,0.01,stouffer_two_sided,200,200,93,9000,0.07
student5,19,common_up,6.0,0.03,stouffer_two_sided,200,200,271,9000,0.01
student5,19,common_up,6.0,0.01,max_absolute,200,98,80,9000,1.945
student5,19,common_up,6.0,0.03,max_absolute,200,182,268,9000,0.57
student5,19,common_up,6.0,0.01,glr_two_sided,200,200,75,9000,0.23
student5,19,common_up,6.0,0.03,glr_two_sided,200,200,277,9000,0.065
student5,19,common_up,6.0,0.01,energy,200,189,79,9000,0.42
student5,19,common_up,6.0,0.03,energy,200,200,266,9000,0.06
student5,19,common_up,6.0,0.01,mahalanobis,200,87,71,9000,2.055
student5,19,common_up,6.0,0.03,mahalanobis,200,190,262,9000,0.425
student5,19,sparse_down,2.0,0.01,stouffer_down,200,17,102,9000,2.825
student5,19,sparse_down,2.0,0.03,stouffer_down,200,43,283,9000,2.5
student5,19,sparse_down,2.0,0.01,stouffer_two_sided,200,12,93,9000,2.875
student5,19,sparse_down,2.0,0.03,stouffer_two_sided,200,27,271,9000,2.695
student5,19,sparse_down,2.0,0.01,max_absolute,200,11,80,9000,2.9
student5,19,sparse_down,2.0,0.03,max_absolute,200,49,268,9000,2.495
student5,19,sparse_down,2.0,0.01,glr_two_sided,200,6,75,9000,2.94
student5,19,sparse_down,2.0,0.03,glr_two_sided,200,19,277,9000,2.78
student5,19,sparse_down,2.0,0.01,energy,200,8,79,9000,2.915
student5,19,sparse_down,2.0,0.03,energy,200,31,266,9000,2.675
student5,19,sparse_down,2.0,0.01,mahalanobis,200,12,71,9000,2.865
student5,19,sparse_down,2.0,0.03,mahalanobis,200,39,262,9000,2.6
student5,19,sparse_down,4.0,0.01,stouffer_down,200,41,102,9000,2.53
student5,19,sparse_down,4.0,0.03,stouffer_down,200,105,283,9000,1.75
student5,19,sparse_down,4.0,0.01,stouffer_two_sided,200,24,93,9000,2.725
student5,19,sparse_down,4.0,0.03,stouffer_two_sided,200,65,271,9000,2.27
student5,19,sparse_down,4.0,0.01,max_absolute,200,153,80,9000,1.165
student5,19,sparse_down,4.0,0.03,max_absolute,200,197,268,9000,0.285
student5,19,sparse_down,4.0,0.01,glr_two_sided,200,22,75,9000,2.82
student5,19,sparse_down,4.0,0.03,glr_two_sided,200,61,277,9000,2.42
student5,19,sparse_down,4.0,0.01,energy,200,45,79,9000,2.505
student5,19,sparse_down,4.0,0.03,energy,200,166,266,9000,0.97
student5,19,sparse_down,4.0,0.01,mahalanobis,200,65,71,9000,2.33
student5,19,sparse_down,4.0,0.03,mahalanobis,200,190,262,9000,0.555
student5,19,sparse_down,6.0,0.01,stouffer_down,200,104,102,9000,1.775
student5,19,sparse_down,6.0,0.03,stouffer_down,200,171,283,9000,0.795
student5,19,sparse_down,6.0,0.01,stouffer_two_sided,200,59,93,9000,2.315
student5,19,sparse_down,6.0,0.03,stouffer_two_sided,200,130,271,9000,1.435
student5,19,sparse_down,6.0,0.01,max_absolute,200,200,80,9000,0.04
student5,19,sparse_down,6.0,0.03,max_absolute,200,200,268,9000,0.0
student5,19,sparse_down,6.0,0.01,glr_two_sided,200,80,75,9000,2.35
student5,19,sparse_down,6.0,0.03,glr_two_sided,200,136,277,9000,1.665
student5,19,sparse_down,6.0,0.01,energy,200,196,79,9000,0.31
student5,19,sparse_down,6.0,0.03,energy,200,200,266,9000,0.025
student5,19,sparse_down,6.0,0.01,mahalanobis,200,200,71,9000,0.17
student5,19,sparse_down,6.0,0.03,mahalanobis,200,200,262,9000,0.02
student5,19,opposed,2.0,0.01,stouffer_down,200,6,102,9000,2.945
student5,19,opposed,2.0,0.03,stouffer_down,200,18,283,9000,2.81
student5,19,opposed,2.0,0.01,stouffer_two_sided,200,5,93,9000,2.95
student5,19,opposed,2.0,0.03,stouffer_two_sided,200,15,271,9000,2.86
student5,19,opposed,2.0,0.01,max_absolute,200,9,80,9000,2.915
student5,19,opposed,2.0,0.03,max_absolute,200,34,268,9000,2.63
student5,19,opposed,2.0,0.01,glr_two_sided,200,3,75,9000,2.97
student5,19,opposed,2.0,0.03,glr_two_sided,200,10,277,9000,2.89
student5,19,opposed,2.0,0.01,energy,200,7,79,9000,2.925
student5,19,opposed,2.0,0.03,energy,200,28,266,9000,2.735
student5,19,opposed,2.0,0.01,mahalanobis,200,7,71,9000,2.92
student5,19,opposed,2.0,0.03,mahalanobis,200,38,262,9000,2.635
student5,19,opposed,4.0,0.01,stouffer_down,200,6,102,9000,2.945
student5,19,opposed,4.0,0.03,stouffer_down,200,18,283,9000,2.81
student5,19,opposed,4.0,0.01,stouffer_two_sided,200,5,93,9000,2.95
student5,19,opposed,4.0,0.03,stouffer_two_sided,200,15,271,9000,2.86
student5,19,opposed,4.0,0.01,max_absolute,200,62,80,9000,2.335
student5,19,opposed,4.0,0.03,max_absolute,200,176,268,9000,0.77
student5,19,opposed,4.0,0.01,glr_two_sided,200,3,75,9000,2.97
student5,19,opposed,4.0,0.03,glr_two_sided,200,10,277,9000,2.89
student5,19,opposed,4.0,0.01,energy,200,49,79,9000,2.505
student5,19,opposed,4.0,0.03,energy,200,171,266,9000,0.865
student5,19,opposed,4.0,0.01,mahalanobis,200,97,71,9000,1.87
student5,19,opposed,4.0,0.03,mahalanobis,200,190,262,9000,0.35
student5,19,opposed,6.0,0.01,stouffer_down,200,6,102,9000,2.945
student5,19,opposed,6.0,0.03,stouffer_down,200,18,283,9000,2.81
student5,19,opposed,6.0,0.01,stouffer_two_sided,200,5,93,9000,2.95
student5,19,opposed,6.0,0.03,stouffer_two_sided,200,15,271,9000,2.86
student5,19,opposed,6.0,0.01,max_absolute,200,196,80,9000,0.235
student5,19,opposed,6.0,0.03,max_absolute,200,200,268,9000,0.01
student5,19,opposed,6.0,0.01,glr_two_sided,200,3,75,9000,2.97
student5,19,opposed,6.0,0.03,glr_two_sided,200,10,277,9000,2.89
student5,19,opposed,6.0,0.01,energy,200,195,79,9000,0.22
student5,19,opposed,6.0,0.03,energy,200,200,266,9000,0.015
student5,19,opposed,6.0,0.01,mahalanobis,200,200,71,9000,0.065
student5,19,opposed,6.0,0.03,mahalanobis,200,200,262,9000,0.005
student5,19,ramp_down,2.0,0.01,stouffer_down,200,25,102,9000,2.805
student5,19,ramp_down,2.0,0.03,stouffer_down,200,90,283,9000,2.255
student5,19,ramp_down,2.0,0.01,stouffer_two_sided,200,20,93,9000,2.825
student5,19,ramp_down,2.0,0.03,stouffer_two_sided,200,45,271,9000,2.62
student5,19,ramp_down,2.0,0.01,max_absolute,200,9,80,9000,2.915
student5,19,ramp_down,2.0,0.03,max_absolute,200,24,268,9000,2.76
student5,19,ramp_down,2.0,0.01,glr_two_sided,200,11,75,9000,2.905
student5,19,ramp_down,2.0,0.03,glr_two_sided,200,39,277,9000,2.675
student5,19,ramp_down,2.0,0.01,energy,200,8,79,9000,2.92
student5,19,ramp_down,2.0,0.03,energy,200,25,266,9000,2.76
student5,19,ramp_down,2.0,0.01,mahalanobis,200,6,71,9000,2.935
student5,19,ramp_down,2.0,0.03,mahalanobis,200,20,262,9000,2.8
student5,19,ramp_down,4.0,0.01,stouffer_down,200,143,102,9000,1.94
student5,19,ramp_down,4.0,0.03,stouffer_down,200,184,283,9000,1.32
student5,19,ramp_down,4.0,0.01,stouffer_two_sided,200,107,93,9000,2.295
student5,19,ramp_down,4.0,0.03,stouffer_two_sided,200,165,271,9000,1.67
student5,19,ramp_down,4.0,0.01,max_absolute,200,15,80,9000,2.875
student5,19,ramp_down,4.0,0.03,max_absolute,200,49,268,9000,2.595
student5,19,ramp_down,4.0,0.01,glr_two_sided,200,87,75,9000,2.485
student5,19,ramp_down,4.0,0.03,glr_two_sided,200,152,277,9000,1.93
student5,19,ramp_down,4.0,0.01,energy,200,28,79,9000,2.78
student5,19,ramp_down,4.0,0.03,energy,200,108,266,9000,2.24
student5,19,ramp_down,4.0,0.01,mahalanobis,200,10,71,9000,2.91
student5,19,ramp_down,4.0,0.03,mahalanobis,200,39,262,9000,2.655
student5,19,ramp_down,6.0,0.01,stouffer_down,200,198,102,9000,1.135
student5,19,ramp_down,6.0,0.03,stouffer_down,200,200,283,9000,0.765
student5,19,ramp_down,6.0,0.01,stouffer_two_sided,200,189,93,9000,1.45
student5,19,ramp_down,6.0,0.03,stouffer_two_sided,200,200,271,9000,0.99
student5,19,ramp_down,6.0,0.01,max_absolute,200,40,80,9000,2.695
student5,19,ramp_down,6.0,0.03,max_absolute,200,142,268,9000,1.975
student5,19,ramp_down,6.0,0.01,glr_two_sided,200,185,75,9000,1.76
student5,19,ramp_down,6.0,0.03,glr_two_sided,200,199,277,9000,1.235
student5,19,ramp_down,6.0,0.01,energy,200,147,79,9000,2.075
student5,19,ramp_down,6.0,0.03,energy,200,190,266,9000,1.43
student5,19,ramp_down,6.0,0.01,mahalanobis,200,34,71,9000,2.77
student5,19,ramp_down,6.0,0.03,mahalanobis,200,153,262,9000,1.98
