territory_id,mode,n2023,n2024,jaccard
1,all,5,5,0.42857142857142855
1,matched,5,5,0.42857142857142855
2,all,5,5,0.0
2,matched,5,5,0.42857142857142855
3,all,5,5,0.1111111111111111
3,matched,5,5,0.25
4,all,5,5,0.6666666666666666
4,matched,5,5,0.1111111111111111
5,all,5,5,0.25
5,matched,5,5,0.25
6,all,5,5,0.25
6,matched,5,5,0.42857142857142855
7,all,5,5,0.6666666666666666
7,matched,5,5,0.6666666666666666
8,all,5,5,0.42857142857142855
8,matched,5,5,0.42857142857142855
9,all,5,5,0.0
9,matched,5,5,0.0
10,all,5,5,0.0
10,matched,5,5,0.1111111111111111
11,all,5,5,0.25
11,matched,5,5,0.42857142857142855
12,all,5,5,0.42857142857142855
12,matched,5,5,0.42857142857142855
13,all,5,5,0.42857142857142855
13,matched,5,5,0.42857142857142855
14,all,5,5,0.1111111111111111
14,matched,5,5,0.1111111111111111
15,all,5,5,0.42857142857142855
15,matched,5,5,0.42857142857142855
16,all,5,5,0.42857142857142855
16,matched,5,5,0.6666666666666666
17,all,5,5,0.42857142857142855
17,matched,5,5,0.42857142857142855
18,all,5,5,0.42857142857142855
18,matched,5,5,0.42857142857142855
19,all,5,5,0.0
19,matched,5,5,0.0
20,all,5,5,0.25
20,matched,5,5,0.6666666666666666
21,all,5,5,0.42857142857142855
21,matched,5,5,1.0
22,all,5,5,0.1111111111111111
22,matched,5,5,0.1111111111111111
23,all,5,5,0.6666666666666666
23,matched,5,5,1.0
25,all,5,5,0.42857142857142855
25,matched,5,5,0.6666666666666666
26,all,5,5,0.25
26,matched,5,5,0.42857142857142855
27,all,5,5,0.42857142857142855
27,matched,5,5,0.6666666666666666
28,all,5,5,0.6666666666666666
28,matched,5,5,0.42857142857142855
29,all,5,5,0.6666666666666666
29,matched,5,5,0.6666666666666666
30,all,5,5,0.25
30,matched,5,5,0.25
31,all,5,5,0.25
31,matched,5,5,0.42857142857142855
32,all,5,5,0.1111111111111111
32,matched,5,5,0.1111111111111111
33,all,5,5,0.1111111111111111
33,matched,5,5,0.1111111111111111
34,all,5,5,0.42857142857142855
34,matched,5,5,0.6666666666666666
35,all,5,5,0.1111111111111111
35,matched,5,5,0.6666666666666666
36,all,5,5,0.42857142857142855
36,matched,5,5,0.42857142857142855
37,all,5,5,0.25
37,matched,5,5,0.42857142857142855
38,all,5,5,0.6666666666666666
38,matched,5,5,0.6666666666666666
39,all,5,5,0.42857142857142855
39,matched,5,5,0.42857142857142855
40,all,5,5,0.1111111111111111
40,matched,5,5,0.25
41,all,5,5,0.25
41,matched,5,5,0.25
42,all,5,5,0.42857142857142855
42,matched,5,5,0.6666666666666666
43,all,5,5,0.1111111111111111
43,matched,5,5,0.1111111111111111
44,all,5,5,0.1111111111111111
44,matched,5,5,0.6666666666666666
45,all,5,5,0.25
45,matched,5,5,0.25
46,all,5,5,0.1111111111111111
46,matched,5,5,0.0
47,all,5,5,0.25
47,matched,5,5,0.25
48,all,5,5,0.42857142857142855
48,matched,5,5,0.42857142857142855
49,all,5,5,0.1111111111111111
49,matched,5,5,0.25
50,all,5,5,0.25
50,matched,5,5,0.6666666666666666
51,all,5,5,0.42857142857142855
51,matched,5,5,0.25
52,all,5,5,0.25
52,matched,5,5,0.1111111111111111
53,all,5,5,0.1111111111111111
53,matched,5,5,0.1111111111111111
54,all,5,5,0.1111111111111111
54,matched,5,5,0.1111111111111111
55,all,5,5,0.6666666666666666
55,matched,5,5,0.42857142857142855
56,all,5,5,0.25
56,matched,5,5,0.25
57,all,5,5,0.25
57,matched,5,5,0.42857142857142855
58,all,5,5,0.25
58,matched,5,5,0.1111111111111111
59,all,5,5,0.0
59,matched,5,5,0.1111111111111111
60,all,5,5,0.1111111111111111
60,matched,5,5,0.1111111111111111
61,all,5,5,0.6666666666666666
61,matched,5,5,0.6666666666666666
62,all,5,5,0.25
62,matched,5,5,0.25
63,all,5,5,0.25
63,matched,5,5,0.25
65,all,5,5,0.25
65,matched,5,5,0.25
66,all,5,5,0.42857142857142855
66,matched,5,5,0.25
67,all,5,5,0.6666666666666666
67,matched,5,5,0.6666666666666666
68,all,5,5,0.25
68,matched,5,5,0.25
69,all,5,5,0.42857142857142855
69,matched,5,5,0.42857142857142855
70,all,5,5,0.0
70,matched,5,5,0.1111111111111111
71,all,5,5,0.1111111111111111
71,matched,5,5,0.25
72,all,5,5,0.25
72,matched,5,5,0.25
73,all,5,5,0.42857142857142855
73,matched,5,5,0.42857142857142855
74,all,5,5,0.1111111111111111
74,matched,5,5,0.1111111111111111
75,all,5,5,0.1111111111111111
75,matched,5,5,0.42857142857142855
76,all,5,5,0.42857142857142855
76,matched,5,5,0.6666666666666666
77,all,5,5,0.1111111111111111
77,matched,5,5,0.42857142857142855
78,all,5,5,0.0
78,matched,5,5,0.0
79,all,5,5,0.25
79,matched,5,5,0.1111111111111111
80,all,5,5,0.42857142857142855
80,matched,5,5,0.25
81,all,5,5,0.25
81,matched,5,5,0.25
82,all,5,5,0.1111111111111111
82,matched,5,5,0.1111111111111111
83,all,5,5,0.25
83,matched,5,5,0.42857142857142855
167,all,5,5,1.0
167,matched,5,5,1.0
168,all,5,5,0.6666666666666666
168,matched,5,5,1.0
169,all,5,5,0.42857142857142855
169,matched,5,5,0.6666666666666666
173,all,5,5,0.1111111111111111
173,matched,5,5,0.42857142857142855
181,all,5,5,0.0
181,matched,5,5,0.1111111111111111
184,all,5,5,0.25
184,matched,5,5,0.25
185,all,5,5,0.25
185,matched,5,5,0.6666666666666666
188,all,5,5,0.0
188,matched,5,5,0.0
191,all,5,5,0.1111111111111111
191,matched,5,5,0.42857142857142855
194,all,5,5,0.25
194,matched,5,5,0.6666666666666666
195,all,5,5,0.25
195,matched,5,5,1.0
196,all,5,5,0.6666666666666666
196,matched,5,5,0.6666666666666666
198,all,5,5,0.42857142857142855
198,matched,5,5,0.6666666666666666
201,all,5,5,0.42857142857142855
201,matched,5,5,0.6666666666666666
203,all,5,5,0.0
203,matched,5,5,0.1111111111111111
204,all,5,5,0.25
204,matched,5,5,0.25
205,all,5,5,0.6666666666666666
205,matched,5,5,0.6666666666666666
206,all,5,5,0.25
206,matched,5,5,0.42857142857142855
207,all,5,5,0.1111111111111111
207,matched,5,5,0.1111111111111111
208,all,5,5,0.1111111111111111
208,matched,5,5,0.1111111111111111
209,all,5,5,0.42857142857142855
209,matched,5,5,0.6666666666666666
210,all,5,5,0.0
210,matched,5,5,0.0
211,all,5,5,0.1111111111111111
211,matched,5,5,0.0
212,all,5,5,0.1111111111111111
212,matched,5,5,0.25
213,all,5,5,0.0
213,matched,5,5,0.1111111111111111
214,all,5,5,0.25
214,matched,5,5,0.42857142857142855
215,all,5,5,0.25
215,matched,5,5,0.25
216,all,5,5,0.1111111111111111
216,matched,5,5,0.25
217,all,5,5,0.1111111111111111
217,matched,5,5,0.1111111111111111
218,all,5,5,0.1111111111111111
218,matched,5,5,0.6666666666666666
219,all,5,5,0.1111111111111111
219,matched,5,5,0.1111111111111111
220,all,5,5,0.0
220,matched,5,5,0.1111111111111111
221,all,5,5,0.1111111111111111
221,matched,5,5,0.25
222,all,5,5,0.25
222,matched,5,5,0.25
223,all,5,5,0.42857142857142855
223,matched,5,5,0.25
224,all,5,5,0.42857142857142855
224,matched,5,5,1.0
225,all,5,5,0.42857142857142855
225,matched,5,5,0.6666666666666666
226,all,5,5,0.1111111111111111
226,matched,5,5,0.25
227,all,5,5,0.42857142857142855
227,matched,5,5,0.6666666666666666
228,all,5,5,0.6666666666666666
228,matched,5,5,0.25
229,all,5,5,0.42857142857142855
229,matched,5,5,0.42857142857142855
230,all,5,5,0.25
230,matched,5,5,0.25
231,all,5,5,0.42857142857142855
231,matched,5,5,0.1111111111111111
232,all,5,5,0.1111111111111111
232,matched,5,5,0.0
233,all,5,5,0.1111111111111111
233,matched,5,5,0.1111111111111111
234,all,5,5,0.6666666666666666
234,matched,5,5,0.42857142857142855
235,all,5,5,0.1111111111111111
235,matched,5,5,0.1111111111111111
236,all,5,5,0.1111111111111111
236,matched,5,5,0.42857142857142855
237,all,5,5,0.42857142857142855
237,matched,5,5,0.25
238,all,5,5,0.42857142857142855
238,matched,5,5,0.42857142857142855
239,all,5,5,0.1111111111111111
239,matched,5,5,0.25
240,all,5,5,0.25
240,matched,5,5,0.25
241,all,5,5,0.1111111111111111
241,matched,5,5,0.1111111111111111
242,all,5,5,0.0
242,matched,5,5,0.1111111111111111
243,all,5,5,0.0
243,matched,5,5,0.0
269,all,5,5,0.25
269,matched,5,5,0.25
270,all,5,5,0.42857142857142855
270,matched,5,5,0.25
271,all,5,5,0.25
271,matched,5,5,0.25
272,all,5,5,0.25
272,matched,5,5,0.42857142857142855
273,all,5,5,0.1111111111111111
273,matched,5,5,0.1111111111111111
274,all,5,5,0.1111111111111111
274,matched,5,5,0.25
275,all,5,5,0.1111111111111111
275,matched,5,5,0.0
276,all,5,5,0.1111111111111111
276,matched,5,5,0.1111111111111111
277,all,5,5,0.0
277,matched,5,5,0.0
278,all,5,5,0.1111111111111111
278,matched,5,5,0.42857142857142855
279,all,5,5,0.0
279,matched,5,5,0.0
280,all,5,5,0.1111111111111111
280,matched,5,5,0.1111111111111111
281,all,5,5,0.1111111111111111
281,matched,5,5,0.25
282,all,5,5,0.0
282,matched,5,5,0.0
283,all,5,5,0.42857142857142855
283,matched,5,5,0.1111111111111111
284,all,5,5,0.25
284,matched,5,5,0.42857142857142855
285,all,5,5,0.0
285,matched,5,5,0.0
287,all,5,5,0.1111111111111111
287,matched,5,5,0.25
288,all,5,5,0.1111111111111111
288,matched,5,5,0.1111111111111111
289,all,5,5,0.0
289,matched,5,5,0.0
290,all,5,5,0.1111111111111111
290,matched,5,5,0.1111111111111111
292,all,5,5,0.0
292,matched,5,5,0.0
293,all,5,5,0.1111111111111111
293,matched,5,5,0.25
294,all,5,5,0.1111111111111111
294,matched,5,5,0.6666666666666666
295,all,5,5,0.0
295,matched,5,5,0.0
296,all,5,5,0.0
296,matched,5,5,0.1111111111111111
297,all,5,5,0.1111111111111111
297,matched,5,5,0.1111111111111111
298,all,5,5,0.1111111111111111
298,matched,5,5,0.1111111111111111
300,all,5,5,0.0
300,matched,5,5,0.1111111111111111
301,all,5,5,0.0
301,matched,5,5,0.1111111111111111
302,all,5,5,0.1111111111111111
302,matched,5,5,0.1111111111111111
303,all,5,5,0.0
303,matched,5,5,0.1111111111111111
304,all,5,5,0.1111111111111111
304,matched,5,5,0.1111111111111111
305,all,5,5,0.1111111111111111
305,matched,5,5,0.1111111111111111
306,all,5,5,0.42857142857142855
306,matched,5,5,0.42857142857142855
307,all,5,5,0.0
307,matched,5,5,0.0
308,all,5,5,0.42857142857142855
308,matched,5,5,0.42857142857142855
312,all,5,5,0.1111111111111111
312,matched,5,5,0.1111111111111111
314,all,5,5,0.6666666666666666
314,matched,5,5,1.0
316,all,5,5,0.6666666666666666
316,matched,5,5,0.6666666666666666
317,all,5,5,0.42857142857142855
317,matched,5,5,0.6666666666666666
318,all,5,5,0.25
318,matched,5,5,0.1111111111111111
319,all,5,5,0.25
319,matched,5,5,0.1111111111111111
320,all,5,5,0.42857142857142855
320,matched,5,5,0.42857142857142855
321,all,5,5,0.42857142857142855
321,matched,5,5,0.1111111111111111
325,all,5,5,0.42857142857142855
325,matched,5,5,0.25
326,all,5,5,1.0
326,matched,5,5,1.0
327,all,5,5,0.42857142857142855
327,matched,5,5,0.6666666666666666
329,all,5,5,0.42857142857142855
329,matched,5,5,0.6666666666666666
330,all,5,5,0.42857142857142855
330,matched,5,5,0.6666666666666666
331,all,5,5,0.6666666666666666
331,matched,5,5,1.0
332,all,5,5,0.42857142857142855
332,matched,5,5,0.25
333,all,5,5,0.25
333,matched,5,5,0.0
334,all,5,5,0.25
334,matched,5,5,0.42857142857142855
335,all,5,5,0.6666666666666666
335,matched,5,5,0.6666666666666666
336,all,5,5,0.42857142857142855
336,matched,5,5,0.6666666666666666
337,all,5,5,0.42857142857142855
337,matched,5,5,0.6666666666666666
338,all,5,5,0.25
338,matched,5,5,0.1111111111111111
339,all,5,5,0.6666666666666666
339,matched,5,5,1.0
340,all,5,5,0.1111111111111111
340,matched,5,5,0.6666666666666666
341,all,5,5,0.42857142857142855
341,matched,5,5,0.42857142857142855
342,all,5,5,0.6666666666666666
342,matched,5,5,0.42857142857142855
343,all,5,5,1.0
343,matched,5,5,1.0
345,all,5,5,0.6666666666666666
345,matched,5,5,1.0
346,all,5,5,0.6666666666666666
346,matched,5,5,1.0
347,all,5,5,0.6666666666666666
347,matched,5,5,0.6666666666666666
348,all,5,5,1.0
348,matched,5,5,0.6666666666666666
349,all,5,5,0.6666666666666666
349,matched,5,5,0.42857142857142855
351,all,5,5,0.42857142857142855
351,matched,5,5,0.42857142857142855
352,all,5,5,0.42857142857142855
352,matched,5,5,0.6666666666666666
354,all,5,5,0.6666666666666666
354,matched,5,5,1.0
355,all,5,5,0.25
355,matched,5,5,1.0
356,all,5,5,0.25
356,matched,5,5,0.0
357,all,5,5,0.1111111111111111
357,matched,5,5,0.1111111111111111
358,all,5,5,0.42857142857142855
358,matched,5,5,0.42857142857142855
359,all,5,5,0.0
359,matched,5,5,0.1111111111111111
360,all,5,5,0.1111111111111111
360,matched,5,5,0.1111111111111111
361,all,5,5,0.1111111111111111
361,matched,5,5,0.1111111111111111
362,all,5,5,0.25
362,matched,5,5,1.0
363,all,5,5,0.0
363,matched,5,5,0.0
364,all,5,5,0.25
364,matched,5,5,0.6666666666666666
365,all,5,5,0.0
365,matched,5,5,0.1111111111111111
366,all,5,5,0.0
366,matched,5,5,0.1111111111111111
367,all,5,5,0.1111111111111111
367,matched,5,5,0.1111111111111111
368,all,5,5,0.42857142857142855
368,matched,5,5,0.6666666666666666
369,all,5,5,0.42857142857142855
369,matched,5,5,0.42857142857142855
370,all,5,5,0.1111111111111111
370,matched,5,5,0.6666666666666666
371,all,5,5,0.25
371,matched,5,5,0.42857142857142855
372,all,5,5,0.25
372,matched,5,5,0.25
373,all,5,5,0.25
373,matched,5,5,0.42857142857142855
374,all,5,5,0.25
374,matched,5,5,0.25
375,all,5,5,0.25
375,matched,5,5,0.25
376,all,5,5,0.0
376,matched,5,5,0.0
377,all,5,5,0.1111111111111111
377,matched,5,5,0.1111111111111111
378,all,5,5,0.25
378,matched,5,5,0.6666666666666666
379,all,5,5,0.42857142857142855
379,matched,5,5,0.6666666666666666
380,all,5,5,0.1111111111111111
380,matched,5,5,0.42857142857142855
381,all,5,5,0.0
381,matched,5,5,0.0
382,all,5,5,0.0
382,matched,5,5,0.1111111111111111
383,all,5,5,0.0
383,matched,5,5,0.1111111111111111
384,all,5,5,0.1111111111111111
384,matched,5,5,0.25
385,all,5,5,0.6666666666666666
385,matched,5,5,1.0
386,all,5,5,0.25
386,matched,5,5,0.1111111111111111
387,all,5,5,0.25
387,matched,5,5,0.1111111111111111
388,all,5,5,0.0
388,matched,5,5,0.1111111111111111
390,all,5,5,0.25
390,matched,5,5,0.42857142857142855
391,all,5,5,0.1111111111111111
391,matched,5,5,0.1111111111111111
392,all,5,5,0.0
392,matched,5,5,0.0
393,all,5,5,0.1111111111111111
393,matched,5,5,0.1111111111111111
395,all,5,5,0.1111111111111111
395,matched,5,5,0.1111111111111111
396,all,5,5,0.1111111111111111
396,matched,5,5,0.25
397,all,5,5,0.25
397,matched,5,5,0.6666666666666666
398,all,5,5,0.1111111111111111
398,matched,5,5,0.1111111111111111
401,all,5,5,0.1111111111111111
401,matched,5,5,0.1111111111111111
402,all,5,5,0.25
402,matched,5,5,0.25
403,all,5,5,0.1111111111111111
403,matched,5,5,0.1111111111111111
404,all,5,5,0.42857142857142855
404,matched,5,5,0.25
405,all,5,5,0.42857142857142855
405,matched,5,5,0.42857142857142855
408,all,5,5,0.25
408,matched,5,5,0.25
410,all,5,5,0.25
410,matched,5,5,0.25
413,all,5,5,0.42857142857142855
413,matched,5,5,0.42857142857142855
414,all,5,5,0.0
414,matched,5,5,0.1111111111111111
416,all,5,5,0.1111111111111111
416,matched,5,5,0.0
418,all,5,5,0.42857142857142855
418,matched,5,5,0.42857142857142855
419,all,5,5,0.42857142857142855
419,matched,5,5,0.6666666666666666
420,all,5,5,0.42857142857142855
420,matched,5,5,0.6666666666666666
421,all,5,5,0.25
421,matched,5,5,0.6666666666666666
422,all,5,5,0.42857142857142855
422,matched,5,5,0.42857142857142855
423,all,5,5,0.0
423,matched,5,5,0.1111111111111111
424,all,5,5,0.1111111111111111
424,matched,5,5,0.42857142857142855
425,all,5,5,0.0
425,matched,5,5,0.0
428,all,5,5,0.1111111111111111
428,matched,5,5,0.1111111111111111
429,all,5,5,0.0
429,matched,5,5,0.1111111111111111
430,all,5,5,0.6666666666666666
430,matched,5,5,0.42857142857142855
431,all,5,5,0.25
431,matched,5,5,0.42857142857142855
432,all,5,5,0.25
432,matched,5,5,0.25
433,all,5,5,0.0
433,matched,5,5,0.0
434,all,5,5,0.0
434,matched,5,5,0.1111111111111111
435,all,5,5,0.25
435,matched,5,5,0.25
436,all,5,5,0.0
436,matched,5,5,0.42857142857142855
437,all,5,5,0.1111111111111111
437,matched,5,5,0.1111111111111111
438,all,5,5,0.0
438,matched,5,5,0.1111111111111111
440,all,5,5,0.0
440,matched,5,5,0.1111111111111111
441,all,5,5,0.1111111111111111
441,matched,5,5,0.25
442,all,5,5,0.1111111111111111
442,matched,5,5,0.1111111111111111
443,all,5,5,0.1111111111111111
443,matched,5,5,0.1111111111111111
444,all,5,5,0.25
444,matched,5,5,0.1111111111111111
445,all,5,5,0.25
445,matched,5,5,0.25
446,all,5,5,0.0
446,matched,5,5,0.0
447,all,5,5,0.1111111111111111
447,matched,5,5,0.1111111111111111
448,all,5,5,0.1111111111111111
448,matched,5,5,0.42857142857142855
449,all,5,5,0.1111111111111111
449,matched,5,5,0.25
450,all,5,5,0.25
450,matched,5,5,0.25
451,all,5,5,0.25
451,matched,5,5,0.42857142857142855
452,all,5,5,0.0
452,matched,5,5,0.42857142857142855
453,all,5,5,0.1111111111111111
453,matched,5,5,0.1111111111111111
455,all,5,5,0.25
455,matched,5,5,0.25
456,all,5,5,0.1111111111111111
456,matched,5,5,0.0
457,all,5,5,0.1111111111111111
457,matched,5,5,0.1111111111111111
458,all,5,5,0.25
458,matched,5,5,0.42857142857142855
459,all,5,5,0.42857142857142855
459,matched,5,5,0.6666666666666666
460,all,5,5,0.25
460,matched,5,5,0.25
478,all,5,5,0.42857142857142855
478,matched,5,5,1.0
479,all,5,5,0.42857142857142855
479,matched,5,5,0.25
480,all,5,5,0.42857142857142855
480,matched,5,5,0.6666666666666666
481,all,5,5,0.42857142857142855
481,matched,5,5,0.25
482,all,5,5,0.1111111111111111
482,matched,5,5,0.42857142857142855
484,all,5,5,0.0
484,matched,5,5,0.42857142857142855
485,all,5,5,0.25
485,matched,5,5,0.42857142857142855
486,all,5,5,0.1111111111111111
486,matched,5,5,0.0
487,all,5,5,0.1111111111111111
487,matched,5,5,0.1111111111111111
489,all,5,5,0.0
489,matched,5,5,0.0
490,all,5,5,0.0
490,matched,5,5,0.0
491,all,5,5,0.0
491,matched,5,5,0.0
492,all,5,5,0.25
492,matched,5,5,0.42857142857142855
493,all,5,5,0.1111111111111111
493,matched,5,5,0.1111111111111111
494,all,5,5,0.0
494,matched,5,5,0.0
495,all,5,5,0.25
495,matched,5,5,0.25
496,all,5,5,0.0
496,matched,5,5,0.1111111111111111
497,all,5,5,0.42857142857142855
497,matched,5,5,0.6666666666666666
498,all,5,5,0.0
498,matched,5,5,0.42857142857142855
499,all,5,5,0.1111111111111111
499,matched,5,5,0.0
501,all,5,5,0.0
501,matched,5,5,0.0
502,all,5,5,0.25
502,matched,5,5,0.25
503,all,5,5,0.0
503,matched,5,5,0.1111111111111111
504,all,5,5,0.42857142857142855
504,matched,5,5,0.42857142857142855
505,all,5,5,0.1111111111111111
505,matched,5,5,0.25
506,all,5,5,0.42857142857142855
506,matched,5,5,0.42857142857142855
507,all,5,5,0.6666666666666666
507,matched,5,5,0.42857142857142855
508,all,5,5,0.42857142857142855
508,matched,5,5,0.6666666666666666
509,all,5,5,0.25
509,matched,5,5,0.6666666666666666
510,all,5,5,0.42857142857142855
510,matched,5,5,0.42857142857142855
511,all,5,5,0.42857142857142855
511,matched,5,5,0.6666666666666666
512,all,5,5,0.0
512,matched,5,5,0.42857142857142855
515,all,5,5,0.25
515,matched,5,5,0.25
516,all,5,5,0.25
516,matched,5,5,0.1111111111111111
517,all,5,5,0.42857142857142855
517,matched,5,5,0.25
518,all,5,5,0.25
518,matched,5,5,0.1111111111111111
519,all,5,5,0.1111111111111111
519,matched,5,5,0.1111111111111111
520,all,5,5,0.25
520,matched,5,5,0.42857142857142855
521,all,5,5,0.0
521,matched,5,5,0.0
522,all,5,5,0.0
522,matched,5,5,0.0
523,all,5,5,0.0
523,matched,5,5,0.1111111111111111
524,all,5,5,0.0
524,matched,5,5,0.0
525,all,5,5,0.1111111111111111
525,matched,5,5,0.1111111111111111
527,all,5,5,0.25
527,matched,5,5,0.42857142857142855
528,all,5,5,0.0
528,matched,5,5,0.0
529,all,5,5,0.42857142857142855
529,matched,5,5,0.42857142857142855
530,all,5,5,0.0
530,matched,5,5,0.1111111111111111
531,all,5,5,0.0
531,matched,5,5,0.1111111111111111
532,all,5,5,0.1111111111111111
532,matched,5,5,0.1111111111111111
533,all,5,5,0.25
533,matched,5,5,0.25
534,all,5,5,0.1111111111111111
534,matched,5,5,0.25
535,all,5,5,0.25
535,matched,5,5,0.0
536,all,5,5,0.1111111111111111
536,matched,5,5,0.25
537,all,5,5,0.1111111111111111
537,matched,5,5,0.1111111111111111
538,all,5,5,0.0
538,matched,5,5,0.1111111111111111
539,all,5,5,0.1111111111111111
539,matched,5,5,0.1111111111111111
540,all,5,5,0.1111111111111111
540,matched,5,5,0.1111111111111111
541,all,5,5,0.42857142857142855
541,matched,5,5,0.42857142857142855
542,all,5,5,0.0
542,matched,5,5,0.1111111111111111
543,all,5,5,0.25
543,matched,5,5,0.42857142857142855
544,all,5,5,0.0
544,matched,5,5,0.0
545,all,5,5,0.0
545,matched,5,5,0.1111111111111111
546,all,5,5,0.1111111111111111
546,matched,5,5,0.25
547,all,5,5,0.0
547,matched,5,5,0.0
548,all,5,5,0.1111111111111111
548,matched,5,5,0.1111111111111111
549,all,5,5,0.0
549,matched,5,5,0.0
550,all,5,5,0.0
550,matched,5,5,0.1111111111111111
552,all,5,5,0.1111111111111111
552,matched,5,5,0.1111111111111111
553,all,5,5,0.1111111111111111
553,matched,5,5,0.25
554,all,5,5,0.0
554,matched,5,5,0.0
555,all,5,5,0.1111111111111111
555,matched,5,5,0.25
556,all,5,5,0.0
556,matched,5,5,0.0
557,all,5,5,0.25
557,matched,5,5,0.25
558,all,5,5,0.1111111111111111
558,matched,5,5,0.1111111111111111
559,all,5,5,0.1111111111111111
559,matched,5,5,0.25
560,all,5,5,0.1111111111111111
560,matched,5,5,0.0
561,all,5,5,0.0
561,matched,5,5,0.0
562,all,5,5,0.1111111111111111
562,matched,5,5,0.0
563,all,5,5,0.1111111111111111
563,matched,5,5,0.1111111111111111
564,all,5,5,0.25
564,matched,5,5,0.1111111111111111
565,all,5,5,0.0
565,matched,5,5,0.1111111111111111
566,all,5,5,0.0
566,matched,5,5,0.1111111111111111
567,all,5,5,0.25
567,matched,5,5,0.25
568,all,5,5,0.1111111111111111
568,matched,5,5,0.0
569,all,5,5,0.0
569,matched,5,5,0.0
570,all,5,5,0.0
570,matched,5,5,0.1111111111111111
571,all,5,5,0.0
571,matched,5,5,0.0
572,all,5,5,0.25
572,matched,5,5,0.1111111111111111
574,all,5,5,0.0
574,matched,5,5,0.1111111111111111
578,all,5,5,0.0
578,matched,5,5,0.1111111111111111
579,all,5,5,0.1111111111111111
579,matched,5,5,0.1111111111111111
580,all,5,5,0.25
580,matched,5,5,0.1111111111111111
581,all,5,5,0.25
581,matched,5,5,0.42857142857142855
582,all,5,5,0.25
582,matched,5,5,0.6666666666666666
583,all,5,5,0.1111111111111111
583,matched,5,5,0.42857142857142855
584,all,5,5,0.25
584,matched,5,5,0.25
585,all,5,5,0.0
585,matched,5,5,0.1111111111111111
586,all,5,5,0.25
586,matched,5,5,0.25
587,all,5,5,0.42857142857142855
587,matched,5,5,0.42857142857142855
588,all,5,5,0.1111111111111111
588,matched,5,5,0.25
589,all,5,5,0.1111111111111111
589,matched,5,5,0.0
591,all,5,5,0.25
591,matched,5,5,0.42857142857142855
592,all,5,5,0.25
592,matched,5,5,0.25
593,all,5,5,0.1111111111111111
593,matched,5,5,0.25
594,all,5,5,0.0
594,matched,5,5,0.1111111111111111
595,all,5,5,0.0
595,matched,5,5,0.1111111111111111
598,all,5,5,0.25
598,matched,5,5,0.25
599,all,5,5,0.25
599,matched,5,5,0.42857142857142855
600,all,5,5,0.0
600,matched,5,5,0.0
601,all,5,5,0.42857142857142855
601,matched,5,5,0.42857142857142855
602,all,5,5,0.1111111111111111
602,matched,5,5,0.42857142857142855
603,all,5,5,0.1111111111111111
603,matched,5,5,0.1111111111111111
604,all,5,5,0.42857142857142855
604,matched,5,5,0.6666666666666666
605,all,5,5,0.42857142857142855
605,matched,5,5,0.25
606,all,5,5,0.1111111111111111
606,matched,5,5,0.25
607,all,5,5,0.6666666666666666
607,matched,5,5,0.42857142857142855
608,all,5,5,0.6666666666666666
608,matched,5,5,0.42857142857142855
612,all,5,5,0.42857142857142855
612,matched,5,5,0.6666666666666666
613,all,5,5,0.25
613,matched,5,5,0.1111111111111111
614,all,5,5,0.25
614,matched,5,5,0.6666666666666666
615,all,5,5,0.1111111111111111
615,matched,5,5,0.42857142857142855
616,all,5,5,0.25
616,matched,5,5,0.25
621,all,5,5,0.6666666666666666
621,matched,5,5,0.6666666666666666
666,all,5,5,0.42857142857142855
666,matched,5,5,0.6666666666666666
667,all,5,5,0.42857142857142855
667,matched,5,5,0.6666666666666666
668,all,5,5,0.0
668,matched,5,5,0.42857142857142855
669,all,5,5,0.1111111111111111
669,matched,5,5,0.42857142857142855
670,all,5,5,0.42857142857142855
670,matched,5,5,0.25
671,all,5,5,0.0
671,matched,5,5,0.42857142857142855
674,all,5,5,0.25
674,matched,5,5,0.25
675,all,5,5,0.0
675,matched,5,5,0.25
676,all,5,5,0.25
676,matched,5,5,0.42857142857142855
677,all,5,5,0.1111111111111111
677,matched,5,5,0.6666666666666666
679,all,5,5,0.42857142857142855
679,matched,5,5,0.42857142857142855
680,all,5,5,0.25
680,matched,5,5,0.42857142857142855
683,all,5,5,0.0
683,matched,5,5,0.0
685,all,5,5,0.0
685,matched,5,5,0.0
686,all,5,5,0.42857142857142855
686,matched,5,5,0.25
687,all,5,5,0.0
687,matched,5,5,0.0
689,all,5,5,0.0
689,matched,5,5,0.1111111111111111
690,all,5,5,0.0
690,matched,5,5,0.1111111111111111
691,all,5,5,0.0
691,matched,5,5,0.0
692,all,5,5,0.1111111111111111
692,matched,5,5,0.25
693,all,5,5,0.42857142857142855
693,matched,5,5,0.25
694,all,5,5,0.0
694,matched,5,5,0.1111111111111111
695,all,5,5,0.1111111111111111
695,matched,5,5,0.0
696,all,5,5,0.0
696,matched,5,5,0.0
697,all,5,5,0.0
697,matched,5,5,0.0
698,all,5,5,0.42857142857142855
698,matched,5,5,0.25
699,all,5,5,0.25
699,matched,5,5,0.25
701,all,5,5,0.25
701,matched,5,5,0.25
702,all,5,5,0.1111111111111111
702,matched,5,5,0.25
703,all,5,5,0.1111111111111111
703,matched,5,5,0.25
704,all,5,5,0.25
704,matched,5,5,0.25
705,all,5,5,0.1111111111111111
705,matched,5,5,0.25
706,all,5,5,0.0
706,matched,5,5,0.0
708,all,5,5,0.0
708,matched,5,5,0.0
710,all,5,5,0.25
710,matched,5,5,0.25
711,all,5,5,0.1111111111111111
711,matched,5,5,0.42857142857142855
712,all,5,5,0.1111111111111111
712,matched,5,5,0.25
713,all,5,5,0.0
713,matched,5,5,0.1111111111111111
714,all,5,5,0.1111111111111111
714,matched,5,5,0.0
715,all,5,5,0.0
715,matched,5,5,0.0
716,all,5,5,0.1111111111111111
716,matched,5,5,0.42857142857142855
717,all,5,5,0.1111111111111111
717,matched,5,5,0.1111111111111111
719,all,5,5,0.1111111111111111
719,matched,5,5,0.42857142857142855
721,all,5,5,0.1111111111111111
721,matched,5,5,0.1111111111111111
722,all,5,5,0.0
722,matched,5,5,0.0
723,all,5,5,0.25
723,matched,5,5,0.1111111111111111
725,all,5,5,0.0
725,matched,5,5,0.1111111111111111
727,all,5,5,0.42857142857142855
727,matched,5,5,0.42857142857142855
731,all,5,5,0.42857142857142855
731,matched,5,5,0.6666666666666666
734,all,5,5,0.42857142857142855
734,matched,5,5,0.6666666666666666
735,all,5,5,0.0
735,matched,5,5,0.1111111111111111
736,all,5,5,0.1111111111111111
736,matched,5,5,0.1111111111111111
737,all,5,5,0.0
737,matched,5,5,0.1111111111111111
738,all,5,5,0.1111111111111111
738,matched,5,5,0.1111111111111111
739,all,5,5,0.0
739,matched,5,5,0.0
741,all,5,5,0.25
741,matched,5,5,0.25
742,all,5,5,0.0
742,matched,5,5,0.1111111111111111
743,all,5,5,0.1111111111111111
743,matched,5,5,0.25
744,all,5,5,0.0
744,matched,5,5,0.1111111111111111
745,all,5,5,0.1111111111111111
745,matched,5,5,0.25
746,all,5,5,0.0
746,matched,5,5,0.0
747,all,5,5,0.1111111111111111
747,matched,5,5,0.1111111111111111
748,all,5,5,0.1111111111111111
748,matched,5,5,0.42857142857142855
749,all,5,5,0.0
749,matched,5,5,0.1111111111111111
751,all,5,5,0.0
751,matched,5,5,0.1111111111111111
752,all,5,5,0.1111111111111111
752,matched,5,5,0.25
753,all,5,5,0.0
753,matched,5,5,0.1111111111111111
754,all,5,5,0.1111111111111111
754,matched,5,5,0.25
755,all,5,5,0.1111111111111111
755,matched,5,5,0.1111111111111111
756,all,5,5,0.1111111111111111
756,matched,5,5,0.1111111111111111
757,all,5,5,0.1111111111111111
757,matched,5,5,0.25
758,all,5,5,0.0
758,matched,5,5,0.0
760,all,5,5,0.0
760,matched,5,5,0.0
761,all,5,5,0.0
761,matched,5,5,0.0
763,all,5,5,0.42857142857142855
763,matched,5,5,0.42857142857142855
764,all,5,5,0.1111111111111111
764,matched,5,5,0.1111111111111111
765,all,5,5,0.25
765,matched,5,5,0.25
766,all,5,5,0.0
766,matched,5,5,0.0
767,all,5,5,0.25
767,matched,5,5,0.42857142857142855
769,all,5,5,0.1111111111111111
769,matched,5,5,0.0
770,all,5,5,0.25
770,matched,5,5,0.1111111111111111
771,all,5,5,0.1111111111111111
771,matched,5,5,0.1111111111111111
773,all,5,5,0.1111111111111111
773,matched,5,5,0.25
774,all,5,5,0.0
774,matched,5,5,0.0
775,all,5,5,1.0
775,matched,5,5,0.6666666666666666
776,all,5,5,0.6666666666666666
776,matched,5,5,0.6666666666666666
777,all,5,5,0.42857142857142855
777,matched,5,5,1.0
778,all,5,5,0.42857142857142855
778,matched,5,5,0.42857142857142855
779,all,5,5,0.0
779,matched,5,5,0.42857142857142855
780,all,5,5,0.6666666666666666
780,matched,5,5,0.42857142857142855
781,all,5,5,0.1111111111111111
781,matched,5,5,0.25
782,all,5,5,0.6666666666666666
782,matched,5,5,0.6666666666666666
783,all,5,5,0.1111111111111111
783,matched,5,5,0.6666666666666666
784,all,5,5,0.0
784,matched,5,5,0.6666666666666666
785,all,5,5,1.0
785,matched,5,5,1.0
787,all,5,5,0.0
787,matched,5,5,0.0
788,all,5,5,0.25
788,matched,5,5,0.25
789,all,5,5,0.1111111111111111
789,matched,5,5,0.1111111111111111
790,all,5,5,0.0
790,matched,5,5,0.0
791,all,5,5,0.0
791,matched,5,5,0.0
792,all,5,5,0.25
792,matched,5,5,0.42857142857142855
793,all,5,5,0.25
793,matched,5,5,0.42857142857142855
794,all,5,5,0.25
794,matched,5,5,0.6666666666666666
795,all,5,5,0.25
795,matched,5,5,0.42857142857142855
796,all,5,5,0.1111111111111111
796,matched,5,5,0.25
797,all,5,5,0.25
797,matched,5,5,0.42857142857142855
798,all,5,5,0.0
798,matched,5,5,0.0
799,all,5,5,0.25
799,matched,5,5,0.25
800,all,5,5,0.0
800,matched,5,5,0.1111111111111111
801,all,5,5,0.0
801,matched,5,5,0.0
802,all,5,5,0.1111111111111111
802,matched,5,5,0.1111111111111111
803,all,5,5,0.25
803,matched,5,5,0.42857142857142855
804,all,5,5,0.42857142857142855
804,matched,5,5,0.1111111111111111
805,all,5,5,0.0
805,matched,5,5,0.1111111111111111
806,all,5,5,0.1111111111111111
806,matched,5,5,0.1111111111111111
807,all,5,5,0.25
807,matched,5,5,0.25
808,all,5,5,0.0
808,matched,5,5,0.0
809,all,5,5,0.1111111111111111
809,matched,5,5,0.42857142857142855
810,all,5,5,0.42857142857142855
810,matched,5,5,0.42857142857142855
811,all,5,5,0.6666666666666666
811,matched,5,5,1.0
812,all,5,5,0.25
812,matched,5,5,0.6666666666666666
813,all,5,5,0.25
813,matched,5,5,0.6666666666666666
814,all,5,5,0.1111111111111111
814,matched,5,5,0.42857142857142855
815,all,5,5,0.42857142857142855
815,matched,5,5,0.42857142857142855
817,all,5,5,0.1111111111111111
817,matched,5,5,0.42857142857142855
818,all,5,5,0.25
818,matched,5,5,0.25
819,all,5,5,0.25
819,matched,5,5,0.25
820,all,5,5,0.6666666666666666
820,matched,5,5,0.6666666666666666
821,all,5,5,1.0
821,matched,5,5,1.0
822,all,5,5,0.1111111111111111
822,matched,5,5,0.6666666666666666
823,all,5,5,0.42857142857142855
823,matched,5,5,1.0
824,all,5,5,0.25
824,matched,5,5,0.6666666666666666
825,all,5,5,0.42857142857142855
825,matched,5,5,0.6666666666666666
826,all,5,5,0.42857142857142855
826,matched,5,5,0.6666666666666666
827,all,5,5,0.25
827,matched,5,5,0.42857142857142855
828,all,5,5,0.0
828,matched,5,5,0.25
829,all,5,5,0.25
829,matched,5,5,0.25
830,all,5,5,0.6666666666666666
830,matched,5,5,0.6666666666666666
831,all,5,5,0.0
831,matched,5,5,0.1111111111111111
832,all,5,5,0.1111111111111111
832,matched,5,5,0.42857142857142855
833,all,5,5,0.0
833,matched,5,5,0.0
834,all,5,5,0.6666666666666666
834,matched,5,5,0.42857142857142855
835,all,5,5,0.6666666666666666
835,matched,5,5,0.42857142857142855
836,all,5,5,0.25
836,matched,5,5,0.25
838,all,5,5,0.1111111111111111
838,matched,5,5,0.1111111111111111
839,all,5,5,0.25
839,matched,5,5,0.25
840,all,5,5,0.0
840,matched,5,5,0.0
841,all,5,5,0.0
841,matched,5,5,0.42857142857142855
842,all,5,5,0.6666666666666666
842,matched,5,5,0.42857142857142855
843,all,5,5,0.42857142857142855
843,matched,5,5,0.6666666666666666
844,all,5,5,0.25
844,matched,5,5,0.42857142857142855
846,all,5,5,0.6666666666666666
846,matched,5,5,0.6666666666666666
847,all,5,5,0.25
847,matched,5,5,0.42857142857142855
848,all,5,5,0.42857142857142855
848,matched,5,5,0.42857142857142855
849,all,5,5,0.1111111111111111
849,matched,5,5,0.1111111111111111
851,all,5,5,0.42857142857142855
851,matched,5,5,0.25
852,all,5,5,0.0
852,matched,5,5,0.0
853,all,5,5,0.0
853,matched,5,5,0.25
855,all,5,5,0.25
855,matched,5,5,0.42857142857142855
856,all,5,5,0.25
856,matched,5,5,0.6666666666666666
857,all,5,5,0.42857142857142855
857,matched,5,5,0.25
859,all,5,5,0.1111111111111111
859,matched,5,5,0.1111111111111111
860,all,5,5,0.25
860,matched,5,5,0.42857142857142855
870,all,5,5,0.1111111111111111
870,matched,5,5,0.1111111111111111
871,all,5,5,0.25
871,matched,5,5,0.42857142857142855
872,all,5,5,0.6666666666666666
872,matched,5,5,0.42857142857142855
873,all,5,5,0.25
873,matched,5,5,0.42857142857142855
874,all,5,5,0.1111111111111111
874,matched,5,5,0.1111111111111111
876,all,5,5,0.25
876,matched,5,5,0.42857142857142855
877,all,5,5,0.42857142857142855
877,matched,5,5,0.25
878,all,5,5,0.42857142857142855
878,matched,5,5,0.6666666666666666
879,all,5,5,0.25
879,matched,5,5,0.1111111111111111
880,all,5,5,0.0
880,matched,5,5,0.1111111111111111
881,all,5,5,0.25
881,matched,5,5,0.1111111111111111
882,all,5,5,0.1111111111111111
882,matched,5,5,0.1111111111111111
883,all,5,5,0.25
883,matched,5,5,0.25
884,all,5,5,0.0
884,matched,5,5,0.42857142857142855
885,all,5,5,0.25
885,matched,5,5,0.25
886,all,5,5,0.25
886,matched,5,5,0.25
888,all,5,5,0.42857142857142855
888,matched,5,5,0.25
889,all,5,5,0.25
889,matched,5,5,0.42857142857142855
890,all,5,5,0.42857142857142855
890,matched,5,5,0.6666666666666666
891,all,5,5,0.42857142857142855
891,matched,5,5,0.42857142857142855
892,all,5,5,0.25
892,matched,5,5,0.42857142857142855
895,all,5,5,0.42857142857142855
895,matched,5,5,1.0
896,all,5,5,0.6666666666666666
896,matched,5,5,0.6666666666666666
897,all,5,5,0.1111111111111111
897,matched,5,5,0.1111111111111111
898,all,5,5,0.25
898,matched,5,5,0.1111111111111111
899,all,5,5,0.0
899,matched,5,5,0.1111111111111111
900,all,5,5,0.25
900,matched,5,5,0.25
901,all,5,5,0.25
901,matched,5,5,0.25
902,all,5,5,0.1111111111111111
902,matched,5,5,0.1111111111111111
903,all,5,5,0.0
903,matched,5,5,0.0
904,all,5,5,0.0
904,matched,5,5,0.0
905,all,5,5,0.25
905,matched,5,5,0.25
907,all,5,5,0.1111111111111111
907,matched,5,5,0.42857142857142855
908,all,5,5,0.25
908,matched,5,5,0.25
909,all,5,5,0.42857142857142855
909,matched,5,5,0.42857142857142855
911,all,5,5,0.25
911,matched,5,5,0.25
912,all,5,5,0.42857142857142855
912,matched,5,5,0.42857142857142855
913,all,5,5,0.0
913,matched,5,5,0.25
914,all,5,5,0.1111111111111111
914,matched,5,5,0.1111111111111111
915,all,5,5,0.1111111111111111
915,matched,5,5,0.0
916,all,5,5,0.42857142857142855
916,matched,5,5,0.42857142857142855
917,all,5,5,0.25
917,matched,5,5,0.42857142857142855
918,all,5,5,0.42857142857142855
918,matched,5,5,0.42857142857142855
920,all,5,5,0.25
920,matched,5,5,0.42857142857142855
922,all,5,5,0.1111111111111111
922,matched,5,5,0.1111111111111111
923,all,5,5,0.1111111111111111
923,matched,5,5,0.25
924,all,5,5,0.25
924,matched,5,5,0.1111111111111111
925,all,5,5,0.25
925,matched,5,5,0.42857142857142855
926,all,5,5,0.1111111111111111
926,matched,5,5,0.1111111111111111
927,all,5,5,0.25
927,matched,5,5,0.42857142857142855
928,all,5,5,0.25
928,matched,5,5,0.6666666666666666
929,all,5,5,0.0
929,matched,5,5,0.25
930,all,5,5,0.0
930,matched,5,5,0.0
986,all,5,5,0.25
986,matched,5,5,0.42857142857142855
987,all,5,5,0.42857142857142855
987,matched,5,5,0.42857142857142855
988,all,5,5,0.42857142857142855
988,matched,5,5,0.25
989,all,5,5,0.42857142857142855
989,matched,5,5,0.6666666666666666
991,all,5,5,0.42857142857142855
991,matched,5,5,0.25
992,all,5,5,0.1111111111111111
992,matched,5,5,0.42857142857142855
993,all,5,5,0.0
993,matched,5,5,0.1111111111111111
994,all,5,5,0.42857142857142855
994,matched,5,5,0.25
995,all,5,5,0.25
995,matched,5,5,0.25
996,all,5,5,0.42857142857142855
996,matched,5,5,0.25
998,all,5,5,0.0
998,matched,5,5,0.25
999,all,5,5,0.25
999,matched,5,5,0.1111111111111111
1001,all,5,5,0.25
1001,matched,5,5,0.42857142857142855
1002,all,5,5,0.42857142857142855
1002,matched,5,5,0.42857142857142855
1003,all,5,5,0.1111111111111111
1003,matched,5,5,0.1111111111111111
1004,all,5,5,0.25
1004,matched,5,5,0.6666666666666666
1005,all,5,5,0.25
1005,matched,5,5,0.42857142857142855
1006,all,5,5,0.25
1006,matched,5,5,0.6666666666666666
1007,all,5,5,0.6666666666666666
1007,matched,5,5,0.6666666666666666
1008,all,5,5,0.42857142857142855
1008,matched,5,5,0.42857142857142855
1009,all,5,5,0.25
1009,matched,5,5,0.42857142857142855
1010,all,5,5,0.42857142857142855
1010,matched,5,5,0.6666666666666666
1011,all,5,5,0.42857142857142855
1011,matched,5,5,1.0
1012,all,5,5,0.25
1012,matched,5,5,0.42857142857142855
1013,all,5,5,0.25
1013,matched,5,5,0.25
1014,all,5,5,0.0
1014,matched,5,5,0.1111111111111111
1015,all,5,5,0.0
1015,matched,5,5,0.1111111111111111
1016,all,5,5,0.0
1016,matched,5,5,0.0
1017,all,5,5,0.25
1017,matched,5,5,0.1111111111111111
1018,all,5,5,0.42857142857142855
1018,matched,5,5,0.25
1019,all,5,5,0.1111111111111111
1019,matched,5,5,0.25
1020,all,5,5,0.0
1020,matched,5,5,0.0
1021,all,5,5,0.25
1021,matched,5,5,0.25
1023,all,5,5,0.1111111111111111
1023,matched,5,5,0.1111111111111111
1024,all,5,5,0.1111111111111111
1024,matched,5,5,0.25
1025,all,5,5,0.25
1025,matched,5,5,0.42857142857142855
1026,all,5,5,0.25
1026,matched,5,5,0.25
1027,all,5,5,0.1111111111111111
1027,matched,5,5,0.1111111111111111
1028,all,5,5,0.25
1028,matched,5,5,0.1111111111111111
1029,all,5,5,0.25
1029,matched,5,5,0.25
1030,all,5,5,0.25
1030,matched,5,5,0.42857142857142855
1031,all,5,5,0.1111111111111111
1031,matched,5,5,0.1111111111111111
1032,all,5,5,0.42857142857142855
1032,matched,5,5,0.42857142857142855
1033,all,5,5,0.0
1033,matched,5,5,0.1111111111111111
1034,all,5,5,0.1111111111111111
1034,matched,5,5,0.1111111111111111
1035,all,5,5,0.0
1035,matched,5,5,0.1111111111111111
1036,all,5,5,0.1111111111111111
1036,matched,5,5,0.0
1037,all,5,5,0.1111111111111111
1037,matched,5,5,0.1111111111111111
1038,all,5,5,0.1111111111111111
1038,matched,5,5,0.1111111111111111
1039,all,5,5,0.1111111111111111
1039,matched,5,5,0.25
1040,all,5,5,0.25
1040,matched,5,5,0.25
1041,all,5,5,0.0
1041,matched,5,5,0.25
1044,all,5,5,0.1111111111111111
1044,matched,5,5,0.25
1047,all,5,5,0.6666666666666666
1047,matched,5,5,0.6666666666666666
1048,all,5,5,0.0
1048,matched,5,5,0.1111111111111111
1049,all,5,5,0.42857142857142855
1049,matched,5,5,0.42857142857142855
1051,all,5,5,0.0
1051,matched,5,5,0.1111111111111111
1052,all,5,5,0.0
1052,matched,5,5,0.0
1053,all,5,5,0.1111111111111111
1053,matched,5,5,0.1111111111111111
1054,all,5,5,0.42857142857142855
1054,matched,5,5,0.42857142857142855
1055,all,5,5,0.0
1055,matched,5,5,0.0
1056,all,5,5,0.25
1056,matched,5,5,0.25
1057,all,5,5,0.42857142857142855
1057,matched,5,5,0.42857142857142855
1058,all,5,5,0.0
1058,matched,5,5,0.0
1059,all,5,5,0.0
1059,matched,5,5,0.0
1060,all,5,5,0.42857142857142855
1060,matched,5,5,0.42857142857142855
1061,all,5,5,0.1111111111111111
1061,matched,5,5,0.1111111111111111
1062,all,5,5,0.1111111111111111
1062,matched,5,5,0.25
1063,all,5,5,0.25
1063,matched,5,5,0.0
1064,all,5,5,0.1111111111111111
1064,matched,5,5,0.25
1065,all,5,5,0.0
1065,matched,5,5,0.0
1066,all,5,5,0.25
1066,matched,5,5,0.25
1067,all,5,5,0.1111111111111111
1067,matched,5,5,0.42857142857142855
1068,all,5,5,0.6666666666666666
1068,matched,5,5,0.42857142857142855
1069,all,5,5,0.1111111111111111
1069,matched,5,5,0.1111111111111111
1070,all,5,5,0.1111111111111111
1070,matched,5,5,0.1111111111111111
1071,all,5,5,0.42857142857142855
1071,matched,5,5,0.6666666666666666
1072,all,5,5,0.42857142857142855
1072,matched,5,5,0.6666666666666666
1107,all,5,5,0.25
1107,matched,5,5,0.42857142857142855
1108,all,5,5,0.1111111111111111
1108,matched,5,5,0.42857142857142855
1109,all,5,5,0.25
1109,matched,5,5,0.6666666666666666
1110,all,5,5,0.1111111111111111
1110,matched,5,5,0.1111111111111111
1111,all,5,5,0.1111111111111111
1111,matched,5,5,0.25
1112,all,5,5,0.1111111111111111
1112,matched,5,5,0.42857142857142855
1113,all,5,5,0.1111111111111111
1113,matched,5,5,0.1111111111111111
1115,all,5,5,0.1111111111111111
1115,matched,5,5,0.1111111111111111
1116,all,5,5,0.0
1116,matched,5,5,0.0
1117,all,5,5,0.25
1117,matched,5,5,0.42857142857142855
1118,all,5,5,0.42857142857142855
1118,matched,5,5,0.1111111111111111
1119,all,5,5,0.1111111111111111
1119,matched,5,5,0.1111111111111111
1120,all,5,5,0.1111111111111111
1120,matched,5,5,0.1111111111111111
1121,all,5,5,0.1111111111111111
1121,matched,5,5,0.0
1122,all,5,5,0.42857142857142855
1122,matched,5,5,0.42857142857142855
1123,all,5,5,0.0
1123,matched,5,5,0.0
1124,all,5,5,0.25
1124,matched,5,5,0.42857142857142855
1125,all,5,5,0.0
1125,matched,5,5,0.0
1126,all,5,5,0.1111111111111111
1126,matched,5,5,0.25
1127,all,5,5,0.25
1127,matched,5,5,0.25
1128,all,5,5,0.1111111111111111
1128,matched,5,5,0.1111111111111111
1129,all,5,5,0.0
1129,matched,5,5,0.25
1130,all,5,5,0.42857142857142855
1130,matched,5,5,0.42857142857142855
1131,all,5,5,0.0
1131,matched,5,5,0.0
1132,all,5,5,0.25
1132,matched,5,5,0.42857142857142855
1133,all,5,5,0.0
1133,matched,5,5,0.0
1134,all,5,5,0.6666666666666666
1134,matched,5,5,0.6666666666666666
1135,all,5,5,0.42857142857142855
1135,matched,5,5,0.42857142857142855
1136,all,5,5,0.42857142857142855
1136,matched,5,5,0.6666666666666666
1137,all,5,5,0.25
1137,matched,5,5,0.42857142857142855
1138,all,5,5,0.0
1138,matched,5,5,0.1111111111111111
1139,all,5,5,0.25
1139,matched,5,5,0.6666666666666666
1140,all,5,5,0.25
1140,matched,5,5,0.6666666666666666
1141,all,5,5,0.42857142857142855
1141,matched,5,5,0.42857142857142855
1142,all,5,5,0.6666666666666666
1142,matched,5,5,1.0
1143,all,5,5,0.25
1143,matched,5,5,0.1111111111111111
1144,all,5,5,0.0
1144,matched,5,5,0.1111111111111111
1146,all,5,5,0.0
1146,matched,5,5,0.25
1147,all,5,5,0.0
1147,matched,5,5,0.1111111111111111
1148,all,5,5,0.6666666666666666
1148,matched,5,5,0.42857142857142855
1151,all,5,5,0.0
1151,matched,5,5,0.0
1152,all,5,5,0.0
1152,matched,5,5,0.42857142857142855
1153,all,5,5,0.0
1153,matched,5,5,0.1111111111111111
1154,all,5,5,0.0
1154,matched,5,5,0.25
1155,all,5,5,0.42857142857142855
1155,matched,5,5,0.42857142857142855
1157,all,5,5,0.1111111111111111
1157,matched,5,5,0.25
1158,all,5,5,0.1111111111111111
1158,matched,5,5,0.1111111111111111
1160,all,5,5,0.1111111111111111
1160,matched,5,5,0.0
1161,all,5,5,0.1111111111111111
1161,matched,5,5,0.25
1164,all,5,5,0.1111111111111111
1164,matched,5,5,0.1111111111111111
1166,all,5,5,0.25
1166,matched,5,5,0.42857142857142855
1170,all,5,5,0.25
1170,matched,5,5,0.42857142857142855
1171,all,5,5,0.42857142857142855
1171,matched,5,5,0.42857142857142855
1172,all,5,5,0.42857142857142855
1172,matched,5,5,0.42857142857142855
1173,all,5,5,0.0
1173,matched,5,5,0.0
1174,all,5,5,0.1111111111111111
1174,matched,5,5,0.1111111111111111
1175,all,5,5,0.1111111111111111
1175,matched,5,5,0.42857142857142855
1176,all,5,5,0.6666666666666666
1176,matched,5,5,0.6666666666666666
1178,all,5,5,0.0
1178,matched,5,5,0.25
1179,all,5,5,0.1111111111111111
1179,matched,5,5,0.6666666666666666
1180,all,5,5,0.25
1180,matched,5,5,0.42857142857142855
1181,all,5,5,0.25
1181,matched,5,5,0.42857142857142855
1184,all,5,5,0.42857142857142855
1184,matched,5,5,0.42857142857142855
1185,all,5,5,0.1111111111111111
1185,matched,5,5,0.1111111111111111
1186,all,5,5,0.6666666666666666
1186,matched,5,5,0.42857142857142855
1187,all,5,5,0.1111111111111111
1187,matched,5,5,0.1111111111111111
1188,all,5,5,0.1111111111111111
1188,matched,5,5,0.42857142857142855
1189,all,5,5,0.0
1189,matched,5,5,0.25
1190,all,5,5,0.25
1190,matched,5,5,0.42857142857142855
1191,all,5,5,0.1111111111111111
1191,matched,5,5,0.1111111111111111
1192,all,5,5,0.0
1192,matched,5,5,0.42857142857142855
1193,all,5,5,0.1111111111111111
1193,matched,5,5,0.42857142857142855
1194,all,5,5,0.0
1194,matched,5,5,0.1111111111111111
1195,all,5,5,0.0
1195,matched,5,5,0.0
1196,all,5,5,0.0
1196,matched,5,5,0.0
1197,all,5,5,0.25
1197,matched,5,5,0.42857142857142855
1198,all,5,5,0.42857142857142855
1198,matched,5,5,0.25
1200,all,5,5,0.0
1200,matched,5,5,0.0
1201,all,5,5,0.0
1201,matched,5,5,0.0
1203,all,5,5,0.42857142857142855
1203,matched,5,5,0.25
1204,all,5,5,0.1111111111111111
1204,matched,5,5,0.1111111111111111
1205,all,5,5,0.0
1205,matched,5,5,0.25
1206,all,5,5,0.42857142857142855
1206,matched,5,5,0.25
1207,all,5,5,0.25
1207,matched,5,5,0.6666666666666666
1208,all,5,5,0.0
1208,matched,5,5,0.0
1209,all,5,5,0.1111111111111111
1209,matched,5,5,0.25
1210,all,5,5,0.25
1210,matched,5,5,0.42857142857142855
1211,all,5,5,0.25
1211,matched,5,5,0.1111111111111111
1212,all,5,5,0.1111111111111111
1212,matched,5,5,0.42857142857142855
1213,all,5,5,0.25
1213,matched,5,5,0.25
1214,all,5,5,0.0
1214,matched,5,5,0.0
1215,all,5,5,0.1111111111111111
1215,matched,5,5,0.1111111111111111
1217,all,5,5,0.25
1217,matched,5,5,0.1111111111111111
1218,all,5,5,0.0
1218,matched,5,5,0.0
1219,all,5,5,0.1111111111111111
1219,matched,5,5,0.25
1220,all,5,5,0.25
1220,matched,5,5,0.25
1221,all,5,5,0.0
1221,matched,5,5,0.0
1222,all,5,5,0.1111111111111111
1222,matched,5,5,0.25
1223,all,5,5,0.42857142857142855
1223,matched,5,5,0.25
1224,all,5,5,0.6666666666666666
1224,matched,5,5,0.6666666666666666
1225,all,5,5,0.0
1225,matched,5,5,0.6666666666666666
1226,all,5,5,0.25
1226,matched,5,5,0.1111111111111111
1227,all,5,5,0.1111111111111111
1227,matched,5,5,0.25
1228,all,5,5,0.0
1228,matched,5,5,0.42857142857142855
1229,all,5,5,0.25
1229,matched,5,5,0.6666666666666666
1230,all,5,5,0.25
1230,matched,5,5,0.42857142857142855
1231,all,5,5,0.25
1231,matched,5,5,0.42857142857142855
1232,all,5,5,0.1111111111111111
1232,matched,5,5,0.42857142857142855
1233,all,5,5,0.6666666666666666
1233,matched,5,5,0.6666666666666666
1234,all,5,5,0.1111111111111111
1234,matched,5,5,0.25
1235,all,5,5,0.1111111111111111
1235,matched,5,5,0.25
1236,all,5,5,0.42857142857142855
1236,matched,5,5,0.42857142857142855
1237,all,5,5,0.0
1237,matched,5,5,0.1111111111111111
1238,all,5,5,0.6666666666666666
1238,matched,5,5,0.42857142857142855
1240,all,5,5,0.1111111111111111
1240,matched,5,5,0.25
1241,all,5,5,0.25
1241,matched,5,5,0.1111111111111111
1242,all,5,5,0.0
1242,matched,5,5,0.0
1243,all,5,5,0.1111111111111111
1243,matched,5,5,0.42857142857142855
1244,all,5,5,0.0
1244,matched,5,5,0.0
1246,all,5,5,0.42857142857142855
1246,matched,5,5,0.42857142857142855
1249,all,5,5,0.42857142857142855
1249,matched,5,5,0.1111111111111111
1250,all,5,5,0.25
1250,matched,5,5,0.25
1251,all,5,5,0.1111111111111111
1251,matched,5,5,0.1111111111111111
1252,all,5,5,0.25
1252,matched,5,5,0.1111111111111111
1253,all,5,5,0.25
1253,matched,5,5,0.25
1254,all,5,5,0.42857142857142855
1254,matched,5,5,0.1111111111111111
1256,all,5,5,0.0
1256,matched,5,5,0.1111111111111111
1257,all,5,5,0.0
1257,matched,5,5,0.0
1258,all,5,5,0.42857142857142855
1258,matched,5,5,0.6666666666666666
1259,all,5,5,0.1111111111111111
1259,matched,5,5,0.1111111111111111
1260,all,5,5,0.25
1260,matched,5,5,0.42857142857142855
1261,all,5,5,0.25
1261,matched,5,5,0.6666666666666666
1262,all,5,5,0.25
1262,matched,5,5,0.25
1264,all,5,5,0.6666666666666666
1264,matched,5,5,0.6666666666666666
1265,all,5,5,0.25
1265,matched,5,5,0.1111111111111111
1266,all,5,5,0.0
1266,matched,5,5,0.0
1267,all,5,5,0.25
1267,matched,5,5,0.25
1268,all,5,5,0.25
1268,matched,5,5,0.25
1269,all,5,5,0.1111111111111111
1269,matched,5,5,0.25
1270,all,5,5,0.42857142857142855
1270,matched,5,5,0.25
1271,all,5,5,0.1111111111111111
1271,matched,5,5,0.25
1272,all,5,5,0.42857142857142855
1272,matched,5,5,0.42857142857142855
1273,all,5,5,0.1111111111111111
1273,matched,5,5,0.1111111111111111
1274,all,5,5,0.1111111111111111
1274,matched,5,5,0.1111111111111111
1275,all,5,5,0.0
1275,matched,5,5,0.1111111111111111
1276,all,5,5,0.1111111111111111
1276,matched,5,5,0.0
1277,all,5,5,0.42857142857142855
1277,matched,5,5,0.25
1278,all,5,5,0.1111111111111111
1278,matched,5,5,0.0
1279,all,5,5,0.25
1279,matched,5,5,0.25
1280,all,5,5,0.0
1280,matched,5,5,0.0
1281,all,5,5,0.1111111111111111
1281,matched,5,5,0.0
1282,all,5,5,0.1111111111111111
1282,matched,5,5,0.1111111111111111
1284,all,5,5,0.25
1284,matched,5,5,0.25
1285,all,5,5,0.1111111111111111
1285,matched,5,5,0.42857142857142855
1286,all,5,5,0.0
1286,matched,5,5,0.0
1287,all,5,5,0.1111111111111111
1287,matched,5,5,0.42857142857142855
1288,all,5,5,0.1111111111111111
1288,matched,5,5,0.1111111111111111
1289,all,5,5,0.25
1289,matched,5,5,0.25
1290,all,5,5,0.25
1290,matched,5,5,0.1111111111111111
1291,all,5,5,0.0
1291,matched,5,5,0.0
1292,all,5,5,0.25
1292,matched,5,5,0.1111111111111111
1293,all,5,5,0.1111111111111111
1293,matched,5,5,0.1111111111111111
1294,all,5,5,0.42857142857142855
1294,matched,5,5,0.25
1295,all,5,5,0.42857142857142855
1295,matched,5,5,0.42857142857142855
1296,all,5,5,0.25
1296,matched,5,5,0.42857142857142855
1297,all,5,5,0.1111111111111111
1297,matched,5,5,0.42857142857142855
1298,all,5,5,0.25
1298,matched,5,5,0.1111111111111111
1299,all,5,5,0.1111111111111111
1299,matched,5,5,0.1111111111111111
1300,all,5,5,0.0
1300,matched,5,5,0.1111111111111111
1301,all,5,5,0.25
1301,matched,5,5,0.25
1302,all,5,5,0.42857142857142855
1302,matched,5,5,0.25
1303,all,5,5,0.42857142857142855
1303,matched,5,5,0.6666666666666666
1304,all,5,5,0.0
1304,matched,5,5,0.1111111111111111
1305,all,5,5,0.42857142857142855
1305,matched,5,5,0.42857142857142855
1306,all,5,5,0.0
1306,matched,5,5,0.42857142857142855
1308,all,5,5,0.42857142857142855
1308,matched,5,5,0.6666666666666666
1309,all,5,5,0.1111111111111111
1309,matched,5,5,0.1111111111111111
1310,all,5,5,0.1111111111111111
1310,matched,5,5,0.25
1311,all,5,5,0.0
1311,matched,5,5,0.0
1312,all,5,5,0.25
1312,matched,5,5,0.1111111111111111
1313,all,5,5,0.42857142857142855
1313,matched,5,5,0.42857142857142855
1314,all,5,5,0.25
1314,matched,5,5,0.25
1315,all,5,5,0.1111111111111111
1315,matched,5,5,0.25
1316,all,5,5,0.0
1316,matched,5,5,0.0
1317,all,5,5,0.42857142857142855
1317,matched,5,5,0.42857142857142855
1319,all,5,5,0.1111111111111111
1319,matched,5,5,0.6666666666666666
1320,all,5,5,0.25
1320,matched,5,5,0.25
1321,all,5,5,0.25
1321,matched,5,5,0.25
1322,all,5,5,0.0
1322,matched,5,5,0.42857142857142855
1323,all,5,5,0.0
1323,matched,5,5,0.1111111111111111
1324,all,5,5,0.0
1324,matched,5,5,0.25
1325,all,5,5,0.0
1325,matched,5,5,0.1111111111111111
1326,all,5,5,0.0
1326,matched,5,5,0.25
1327,all,5,5,0.1111111111111111
1327,matched,5,5,0.25
1328,all,5,5,0.1111111111111111
1328,matched,5,5,0.1111111111111111
1329,all,5,5,0.0
1329,matched,5,5,0.0
1330,all,5,5,0.1111111111111111
1330,matched,5,5,0.1111111111111111
1331,all,5,5,0.1111111111111111
1331,matched,5,5,0.0
1333,all,5,5,0.1111111111111111
1333,matched,5,5,1.0
1334,all,5,5,0.1111111111111111
1334,matched,5,5,0.42857142857142855
1335,all,5,5,0.25
1335,matched,5,5,0.25
1336,all,5,5,0.1111111111111111
1336,matched,5,5,0.1111111111111111
1337,all,5,5,0.0
1337,matched,5,5,0.1111111111111111
1338,all,5,5,0.42857142857142855
1338,matched,5,5,0.42857142857142855
1339,all,5,5,0.0
1339,matched,5,5,0.0
1340,all,5,5,0.1111111111111111
1340,matched,5,5,0.0
1341,all,5,5,0.42857142857142855
1341,matched,5,5,0.42857142857142855
1343,all,5,5,0.0
1343,matched,5,5,0.0
1344,all,5,5,0.25
1344,matched,5,5,0.25
1345,all,5,5,0.25
1345,matched,5,5,0.25
1346,all,5,5,0.1111111111111111
1346,matched,5,5,0.25
1347,all,5,5,0.25
1347,matched,5,5,0.25
1348,all,5,5,0.0
1348,matched,5,5,0.0
1349,all,5,5,0.1111111111111111
1349,matched,5,5,0.1111111111111111
1350,all,5,5,0.25
1350,matched,5,5,0.25
1351,all,5,5,0.42857142857142855
1351,matched,5,5,0.42857142857142855
1352,all,5,5,0.0
1352,matched,5,5,0.1111111111111111
1353,all,5,5,0.1111111111111111
1353,matched,5,5,0.1111111111111111
1355,all,5,5,0.1111111111111111
1355,matched,5,5,0.1111111111111111
1356,all,5,5,0.1111111111111111
1356,matched,5,5,0.1111111111111111
1357,all,5,5,0.1111111111111111
1357,matched,5,5,0.0
1358,all,5,5,0.25
1358,matched,5,5,0.0
1392,all,5,5,0.25
1392,matched,5,5,0.25
1393,all,5,5,0.1111111111111111
1393,matched,5,5,0.25
1394,all,5,5,0.42857142857142855
1394,matched,5,5,0.25
1395,all,5,5,0.25
1395,matched,3,3,1.0
1396,all,5,5,0.25
1396,matched,5,5,0.25
1397,all,5,5,0.25
1397,matched,5,5,0.6666666666666666
1398,all,5,5,0.42857142857142855
1398,matched,5,5,0.42857142857142855
1399,all,5,5,0.42857142857142855
1399,matched,5,5,0.25
1400,all,5,5,0.42857142857142855
1400,matched,5,5,0.42857142857142855
1401,all,5,5,0.25
1401,matched,5,5,0.25
1402,all,5,5,0.6666666666666666
1402,matched,5,5,0.6666666666666666
1403,all,5,5,0.6666666666666666
1403,matched,5,5,0.42857142857142855
1404,all,5,5,0.0
1404,matched,5,5,0.1111111111111111
1405,all,5,5,0.42857142857142855
1405,matched,5,5,0.42857142857142855
1406,all,5,5,0.25
1406,matched,5,5,0.42857142857142855
1407,all,5,5,0.25
1407,matched,5,5,0.0
1408,all,5,5,0.6666666666666666
1408,matched,5,5,1.0
1409,all,5,5,0.6666666666666666
1409,matched,5,5,0.6666666666666666
1410,all,5,5,0.0
1410,matched,5,5,0.1111111111111111
1411,all,5,5,0.1111111111111111
1411,matched,5,5,0.1111111111111111
1412,all,5,5,0.25
1412,matched,5,5,0.25
1413,all,5,5,0.1111111111111111
1413,matched,5,5,0.25
1414,all,5,5,0.1111111111111111
1414,matched,5,5,0.1111111111111111
1415,all,5,5,0.25
1415,matched,5,5,0.1111111111111111
1416,all,5,5,0.0
1416,matched,5,5,0.1111111111111111
1417,all,5,5,0.0
1417,matched,5,5,0.0
1419,all,5,5,0.0
1419,matched,5,5,0.1111111111111111
1420,all,5,5,0.25
1420,matched,5,5,0.42857142857142855
1421,all,5,5,0.1111111111111111
1421,matched,5,5,0.1111111111111111
1422,all,5,5,0.1111111111111111
1422,matched,5,5,0.25
1423,all,5,5,0.0
1423,matched,5,5,0.1111111111111111
1425,all,5,5,0.0
1425,matched,5,5,0.0
1426,all,5,5,0.1111111111111111
1426,matched,5,5,0.1111111111111111
1427,all,5,5,0.0
1427,matched,5,5,0.1111111111111111
1428,all,5,5,0.1111111111111111
1428,matched,5,5,0.1111111111111111
1429,all,5,5,0.1111111111111111
1429,matched,5,5,0.1111111111111111
1430,all,5,5,0.42857142857142855
1430,matched,5,5,0.25
1431,all,5,5,0.1111111111111111
1431,matched,5,5,0.42857142857142855
1438,all,5,5,0.1111111111111111
1438,matched,5,5,0.25
1439,all,5,5,0.42857142857142855
1439,matched,5,5,0.6666666666666666
1440,all,5,5,0.42857142857142855
1440,matched,5,5,0.6666666666666666
1443,all,5,5,0.42857142857142855
1443,matched,5,5,0.6666666666666666
1444,all,5,5,0.42857142857142855
1444,matched,5,5,1.0
1445,all,5,5,0.42857142857142855
1445,matched,5,5,0.6666666666666666
1446,all,5,5,0.25
1446,matched,5,5,0.6666666666666666
1447,all,5,5,0.25
1447,matched,5,5,0.42857142857142855
1448,all,5,5,0.42857142857142855
1448,matched,5,5,0.6666666666666666
1449,all,5,5,0.1111111111111111
1449,matched,5,5,0.25
1453,all,5,5,0.42857142857142855
1453,matched,5,5,1.0
1454,all,5,5,0.25
1454,matched,5,5,0.42857142857142855
1456,all,5,5,0.6666666666666666
1456,matched,5,5,0.6666666666666666
1457,all,5,5,1.0
1457,matched,5,5,0.6666666666666666
1459,all,5,5,0.6666666666666666
1459,matched,5,5,1.0
1461,all,5,5,0.6666666666666666
1461,matched,5,5,0.6666666666666666
1463,all,5,5,0.42857142857142855
1463,matched,5,5,0.42857142857142855
1464,all,5,5,0.6666666666666666
1464,matched,5,5,1.0
1465,all,5,5,0.42857142857142855
1465,matched,5,5,0.6666666666666666
1467,all,5,5,0.6666666666666666
1467,matched,5,5,1.0
1468,all,5,5,0.42857142857142855
1468,matched,5,5,0.6666666666666666
1472,all,5,5,0.6666666666666666
1472,matched,5,5,0.6666666666666666
1473,all,5,5,0.0
1473,matched,5,5,0.1111111111111111
1474,all,5,5,0.25
1474,matched,5,5,0.6666666666666666
1475,all,5,5,0.6666666666666666
1475,matched,5,5,0.6666666666666666
1477,all,5,5,0.42857142857142855
1477,matched,5,5,0.6666666666666666
1478,all,5,5,0.1111111111111111
1478,matched,5,5,0.6666666666666666
1480,all,5,5,0.42857142857142855
1480,matched,5,5,0.25
1481,all,5,5,0.42857142857142855
1481,matched,5,5,1.0
1483,all,5,5,0.25
1483,matched,5,5,0.42857142857142855
1484,all,5,5,0.42857142857142855
1484,matched,5,5,0.6666666666666666
1486,all,5,5,0.42857142857142855
1486,matched,5,5,1.0
1488,all,5,5,0.25
1488,matched,5,5,0.6666666666666666
1489,all,5,5,0.42857142857142855
1489,matched,5,5,0.25
1490,all,5,5,0.42857142857142855
1490,matched,5,5,0.6666666666666666
1491,all,5,5,0.25
1491,matched,5,5,0.6666666666666666
1492,all,5,5,0.42857142857142855
1492,matched,5,5,0.6666666666666666
1493,all,5,5,1.0
1493,matched,5,5,0.6666666666666666
1494,all,5,5,0.0
1494,matched,5,5,0.25
1495,all,5,5,0.42857142857142855
1495,matched,5,5,0.42857142857142855
1496,all,5,5,0.25
1496,matched,5,5,0.42857142857142855
1500,all,5,5,0.42857142857142855
1500,matched,5,5,0.6666666666666666
1501,all,5,5,0.25
1501,matched,5,5,1.0
1504,all,5,5,0.42857142857142855
1504,matched,5,5,0.42857142857142855
1506,all,5,5,0.6666666666666666
1506,matched,5,5,0.6666666666666666
1507,all,5,5,0.6666666666666666
1507,matched,5,5,0.6666666666666666
1508,all,5,5,0.42857142857142855
1508,matched,5,5,0.6666666666666666
1509,all,5,5,0.0
1509,matched,5,5,0.1111111111111111
1510,all,5,5,0.42857142857142855
1510,matched,5,5,0.6666666666666666
1511,all,5,5,0.25
1511,matched,5,5,0.6666666666666666
1512,all,5,5,0.25
1512,matched,5,5,0.6666666666666666
1518,all,5,5,0.25
1518,matched,5,5,0.6666666666666666
1519,all,5,5,0.42857142857142855
1519,matched,5,5,0.42857142857142855
1520,all,5,5,0.42857142857142855
1520,matched,5,5,0.1111111111111111
1521,all,5,5,0.42857142857142855
1521,matched,5,5,0.42857142857142855
1522,all,5,5,0.1111111111111111
1522,matched,5,5,0.42857142857142855
1523,all,5,5,0.6666666666666666
1523,matched,5,5,1.0
1525,all,5,5,0.42857142857142855
1525,matched,5,5,0.42857142857142855
1526,all,5,5,0.42857142857142855
1526,matched,5,5,0.42857142857142855
1527,all,5,5,0.25
1527,matched,5,5,0.6666666666666666
1528,all,5,5,0.0
1528,matched,5,5,1.0
1529,all,5,5,0.25
1529,matched,5,5,0.25
1530,all,5,5,0.0
1530,matched,5,5,0.25
1532,all,5,5,0.1111111111111111
1532,matched,5,5,0.6666666666666666
1533,all,5,5,0.25
1533,matched,5,5,0.42857142857142855
1534,all,5,5,0.25
1534,matched,5,5,0.42857142857142855
1535,all,5,5,0.25
1535,matched,5,5,0.42857142857142855
1536,all,5,5,0.0
1536,matched,5,5,0.6666666666666666
1537,all,5,5,0.1111111111111111
1537,matched,5,5,0.1111111111111111
1539,all,5,5,0.42857142857142855
1539,matched,5,5,0.6666666666666666
1540,all,5,5,0.25
1540,matched,5,5,0.25
1541,all,5,5,0.1111111111111111
1541,matched,5,5,0.1111111111111111
1542,all,5,5,0.42857142857142855
1542,matched,5,5,0.6666666666666666
1543,all,5,5,0.1111111111111111
1543,matched,5,5,0.1111111111111111
1544,all,5,5,0.0
1544,matched,5,5,0.0
1545,all,5,5,0.25
1545,matched,5,5,0.25
1546,all,5,5,0.1111111111111111
1546,matched,5,5,0.1111111111111111
1547,all,5,5,0.25
1547,matched,5,5,0.1111111111111111
1548,all,5,5,0.25
1548,matched,5,5,0.42857142857142855
1549,all,5,5,0.1111111111111111
1549,matched,5,5,0.25
1550,all,5,5,0.1111111111111111
1550,matched,5,5,0.1111111111111111
1551,all,5,5,0.0
1551,matched,5,5,0.0
1552,all,5,5,0.0
1552,matched,5,5,0.0
1553,all,5,5,0.1111111111111111
1553,matched,5,5,0.42857142857142855
1554,all,5,5,0.1111111111111111
1554,matched,5,5,0.0
1555,all,5,5,0.25
1555,matched,5,5,0.25
1556,all,5,5,0.1111111111111111
1556,matched,5,5,0.1111111111111111
1557,all,5,5,0.0
1557,matched,5,5,0.0
1558,all,5,5,0.42857142857142855
1558,matched,5,5,0.42857142857142855
1559,all,5,5,0.1111111111111111
1559,matched,5,5,0.25
1560,all,5,5,0.25
1560,matched,5,5,0.42857142857142855
1561,all,5,5,0.25
1561,matched,5,5,0.25
1562,all,5,5,0.25
1562,matched,5,5,0.42857142857142855
1563,all,5,5,0.6666666666666666
1563,matched,5,5,0.6666666666666666
1564,all,5,5,0.25
1564,matched,5,5,0.1111111111111111
1565,all,5,5,0.1111111111111111
1565,matched,5,5,0.1111111111111111
1566,all,5,5,0.0
1566,matched,5,5,0.0
1567,all,5,5,0.1111111111111111
1567,matched,5,5,0.1111111111111111
1568,all,5,5,0.1111111111111111
1568,matched,5,5,0.25
1569,all,5,5,0.25
1569,matched,5,5,0.1111111111111111
1570,all,5,5,0.1111111111111111
1570,matched,5,5,0.0
1571,all,5,5,0.25
1571,matched,5,5,0.25
1572,all,5,5,0.25
1572,matched,5,5,0.1111111111111111
1573,all,5,5,0.42857142857142855
1573,matched,5,5,0.42857142857142855
1574,all,5,5,0.42857142857142855
1574,matched,5,5,0.25
1575,all,5,5,0.25
1575,matched,5,5,0.25
1577,all,5,5,0.1111111111111111
1577,matched,5,5,0.42857142857142855
1578,all,5,5,0.0
1578,matched,5,5,0.0
1579,all,5,5,0.1111111111111111
1579,matched,5,5,0.25
1580,all,5,5,0.0
1580,matched,5,5,0.0
1581,all,5,5,0.0
1581,matched,5,5,0.1111111111111111
1582,all,5,5,0.1111111111111111
1582,matched,5,5,0.1111111111111111
1583,all,5,5,0.0
1583,matched,5,5,0.42857142857142855
1584,all,5,5,0.42857142857142855
1584,matched,5,5,0.6666666666666666
1585,all,5,5,0.1111111111111111
1585,matched,5,5,0.1111111111111111
1586,all,5,5,0.25
1586,matched,5,5,0.42857142857142855
1587,all,5,5,0.25
1587,matched,5,5,0.25
1588,all,5,5,0.0
1588,matched,5,5,0.0
1589,all,5,5,0.42857142857142855
1589,matched,5,5,0.42857142857142855
1590,all,5,5,0.6666666666666666
1590,matched,5,5,0.42857142857142855
1591,all,5,5,0.1111111111111111
1591,matched,5,5,0.1111111111111111
1592,all,5,5,0.42857142857142855
1592,matched,5,5,0.25
1593,all,5,5,0.1111111111111111
1593,matched,5,5,0.25
1594,all,5,5,0.0
1594,matched,5,5,0.25
1595,all,5,5,0.1111111111111111
1595,matched,5,5,0.25
1596,all,5,5,0.0
1596,matched,5,5,0.0
1597,all,5,5,1.0
1597,matched,5,5,0.6666666666666666
1598,all,5,5,0.42857142857142855
1598,matched,5,5,0.6666666666666666
1599,all,5,5,0.25
1599,matched,5,5,0.42857142857142855
1600,all,5,5,0.0
1600,matched,5,5,0.25
1601,all,5,5,0.42857142857142855
1601,matched,5,5,0.42857142857142855
1602,all,5,5,0.0
1602,matched,5,5,0.0
1603,all,5,5,0.1111111111111111
1603,matched,5,5,0.1111111111111111
1604,all,5,5,0.25
1604,matched,5,5,0.0
1605,all,5,5,0.25
1605,matched,5,5,0.42857142857142855
1606,all,5,5,0.1111111111111111
1606,matched,5,5,0.1111111111111111
1607,all,5,5,0.1111111111111111
1607,matched,5,5,0.1111111111111111
1608,all,5,5,0.0
1608,matched,5,5,0.0
1609,all,5,5,0.1111111111111111
1609,matched,5,5,0.42857142857142855
1610,all,5,5,0.42857142857142855
1610,matched,5,5,0.42857142857142855
1611,all,5,5,0.42857142857142855
1611,matched,5,5,0.25
1612,all,5,5,0.0
1612,matched,5,5,0.42857142857142855
1613,all,5,5,0.1111111111111111
1613,matched,5,5,0.1111111111111111
1614,all,5,5,0.1111111111111111
1614,matched,5,5,0.1111111111111111
1615,all,5,5,0.0
1615,matched,5,5,0.0
1616,all,5,5,0.0
1616,matched,5,5,0.0
1617,all,5,5,0.0
1617,matched,5,5,0.0
1618,all,5,5,0.0
1618,matched,5,5,0.0
1619,all,5,5,0.1111111111111111
1619,matched,5,5,0.1111111111111111
1620,all,5,5,0.25
1620,matched,5,5,0.6666666666666666
1621,all,5,5,0.1111111111111111
1621,matched,5,5,0.1111111111111111
1622,all,5,5,0.0
1622,matched,5,5,0.0
1623,all,5,5,0.1111111111111111
1623,matched,5,5,0.1111111111111111
1624,all,5,5,0.1111111111111111
1624,matched,5,5,0.1111111111111111
1625,all,5,5,0.25
1625,matched,5,5,0.25
1626,all,5,5,0.0
1626,matched,5,5,0.0
1627,all,5,5,0.0
1627,matched,5,5,0.0
1628,all,5,5,0.25
1628,matched,5,5,0.1111111111111111
1629,all,5,5,0.1111111111111111
1629,matched,5,5,0.1111111111111111
1630,all,5,5,0.0
1630,matched,5,5,0.0
1631,all,5,5,0.1111111111111111
1631,matched,5,5,0.1111111111111111
1632,all,5,5,0.42857142857142855
1632,matched,5,5,0.6666666666666666
1633,all,5,5,0.0
1633,matched,5,5,0.1111111111111111
1634,all,5,5,0.0
1634,matched,5,5,0.0
1635,all,5,5,0.0
1635,matched,5,5,0.0
1636,all,5,5,0.25
1636,matched,5,5,0.25
1637,all,5,5,0.0
1637,matched,5,5,0.0
1638,all,5,5,0.0
1638,matched,5,5,0.0
1639,all,5,5,0.0
1639,matched,5,5,0.1111111111111111
1640,all,5,5,0.0
1640,matched,5,5,0.0
1641,all,5,5,0.1111111111111111
1641,matched,5,5,0.25
1642,all,5,5,0.0
1642,matched,5,5,0.1111111111111111
1643,all,5,5,0.1111111111111111
1643,matched,5,5,0.0
1644,all,5,5,0.0
1644,matched,5,5,0.1111111111111111
1645,all,5,5,0.25
1645,matched,5,5,0.25
1646,all,5,5,0.0
1646,matched,5,5,0.0
1647,all,5,5,0.25
1647,matched,5,5,0.25
1648,all,5,5,0.1111111111111111
1648,matched,5,5,0.1111111111111111
1649,all,5,5,0.1111111111111111
1649,matched,5,5,0.1111111111111111
1650,all,5,5,0.0
1650,matched,5,5,0.0
1651,all,5,5,0.0
1651,matched,5,5,0.0
1652,all,5,5,0.0
1652,matched,5,5,0.25
1653,all,5,5,0.1111111111111111
1653,matched,5,5,0.1111111111111111
1654,all,5,5,0.25
1654,matched,5,5,0.1111111111111111
1655,all,5,5,0.25
1655,matched,5,5,0.25
1656,all,5,5,0.1111111111111111
1656,matched,5,5,0.1111111111111111
1657,all,5,5,0.0
1657,matched,5,5,0.0
1658,all,5,5,0.25
1658,matched,5,5,0.1111111111111111
1659,all,5,5,0.0
1659,matched,5,5,0.25
1660,all,5,5,0.0
1660,matched,5,5,0.0
1661,all,5,5,0.0
1661,matched,5,5,0.1111111111111111
1662,all,5,5,0.0
1662,matched,5,5,0.0
1663,all,5,5,0.0
1663,matched,5,5,0.0
1664,all,5,5,0.1111111111111111
1664,matched,5,5,0.1111111111111111
1665,all,5,5,0.6666666666666666
1665,matched,5,5,1.0
1666,all,5,5,0.0
1666,matched,5,5,0.42857142857142855
1667,all,5,5,0.25
1667,matched,5,5,0.42857142857142855
1668,all,5,5,0.25
1668,matched,5,5,0.42857142857142855
1669,all,5,5,0.25
1669,matched,5,5,0.6666666666666666
1670,all,5,5,0.1111111111111111
1670,matched,5,5,0.25
1671,all,5,5,0.0
1671,matched,5,5,0.1111111111111111
1672,all,5,5,0.6666666666666666
1672,matched,5,5,0.42857142857142855
1673,all,5,5,0.25
1673,matched,5,5,0.42857142857142855
1674,all,5,5,0.0
1674,matched,5,5,0.0
1675,all,5,5,0.0
1675,matched,5,5,0.25
1676,all,5,5,0.6666666666666666
1676,matched,5,5,1.0
1678,all,5,5,0.25
1678,matched,5,5,0.25
1679,all,5,5,0.0
1679,matched,5,5,0.1111111111111111
1680,all,5,5,0.1111111111111111
1680,matched,5,5,0.1111111111111111
1681,all,5,5,0.0
1681,matched,5,5,0.0
1682,all,5,5,0.1111111111111111
1682,matched,5,5,0.1111111111111111
1683,all,5,5,0.25
1683,matched,5,5,0.0
1685,all,5,5,0.6666666666666666
1685,matched,5,5,0.42857142857142855
1686,all,5,5,0.0
1686,matched,5,5,0.0
1687,all,5,5,0.1111111111111111
1687,matched,5,5,0.1111111111111111
1688,all,5,5,0.0
1688,matched,5,5,0.0
1689,all,5,5,0.1111111111111111
1689,matched,5,5,0.1111111111111111
1690,all,5,5,0.0
1690,matched,5,5,0.0
1691,all,5,5,0.42857142857142855
1691,matched,5,5,0.25
1692,all,5,5,0.42857142857142855
1692,matched,5,5,0.42857142857142855
1693,all,5,5,0.25
1693,matched,5,5,0.25
1694,all,5,5,0.1111111111111111
1694,matched,5,5,0.1111111111111111
1696,all,5,5,0.1111111111111111
1696,matched,5,5,0.25
1697,all,5,5,0.1111111111111111
1697,matched,5,5,0.25
1698,all,5,5,0.0
1698,matched,5,5,0.0
1699,all,5,5,0.0
1699,matched,5,5,0.0
1700,all,5,5,0.1111111111111111
1700,matched,5,5,0.25
1701,all,5,5,0.42857142857142855
1701,matched,5,5,0.25
1702,all,5,5,0.0
1702,matched,5,5,0.0
1703,all,5,5,0.1111111111111111
1703,matched,5,5,0.1111111111111111
1704,all,5,5,0.1111111111111111
1704,matched,5,5,1.0
1705,all,5,5,0.1111111111111111
1705,matched,5,5,0.0
1706,all,5,5,0.1111111111111111
1706,matched,5,5,0.0
1707,all,5,5,0.42857142857142855
1707,matched,5,5,0.6666666666666666
1708,all,5,5,0.1111111111111111
1708,matched,5,5,0.1111111111111111
1709,all,5,5,0.25
1709,matched,5,5,0.1111111111111111
1710,all,5,5,0.1111111111111111
1710,matched,5,5,0.25
1711,all,5,5,0.1111111111111111
1711,matched,5,5,0.0
1712,all,5,5,0.0
1712,matched,5,5,0.0
1714,all,5,5,0.25
1714,matched,5,5,0.25
1715,all,5,5,0.1111111111111111
1715,matched,5,5,0.1111111111111111
1717,all,5,5,0.1111111111111111
1717,matched,5,5,0.42857142857142855
1718,all,5,5,0.25
1718,matched,5,5,0.25
1719,all,5,5,0.0
1719,matched,5,5,0.0
1722,all,5,5,0.1111111111111111
1722,matched,5,5,0.25
1724,all,5,5,0.0
1724,matched,5,5,0.0
1725,all,5,5,0.0
1725,matched,5,5,0.1111111111111111
1726,all,5,5,0.42857142857142855
1726,matched,5,5,0.25
1727,all,5,5,0.0
1727,matched,5,5,0.0
1728,all,5,5,0.1111111111111111
1728,matched,5,5,0.1111111111111111
1730,all,5,5,0.0
1730,matched,5,5,0.1111111111111111
1731,all,5,5,0.0
1731,matched,5,5,0.0
1732,all,5,5,0.25
1732,matched,5,5,0.25
1733,all,5,5,0.1111111111111111
1733,matched,5,5,0.25
1737,all,5,5,0.42857142857142855
1737,matched,5,5,0.42857142857142855
1738,all,5,5,0.25
1738,matched,5,5,0.25
1739,all,5,5,0.25
1739,matched,5,5,0.25
1740,all,5,5,0.0
1740,matched,5,5,0.25
1741,all,5,5,0.0
1741,matched,5,5,0.0
1742,all,5,5,0.1111111111111111
1742,matched,5,5,0.25
1743,all,5,5,0.25
1743,matched,5,5,0.25
1744,all,5,5,0.1111111111111111
1744,matched,5,5,0.42857142857142855
1745,all,5,5,0.25
1745,matched,5,5,0.42857142857142855
1746,all,5,5,0.25
1746,matched,5,5,0.1111111111111111
1747,all,5,5,0.1111111111111111
1747,matched,5,5,0.1111111111111111
1749,all,5,5,0.42857142857142855
1749,matched,5,5,0.42857142857142855
1750,all,5,5,0.0
1750,matched,5,5,0.0
1751,all,5,5,0.0
1751,matched,5,5,0.1111111111111111
1752,all,5,5,0.0
1752,matched,5,5,0.25
1753,all,5,5,0.0
1753,matched,5,5,0.0
1754,all,5,5,0.1111111111111111
1754,matched,5,5,0.1111111111111111
1755,all,5,5,0.1111111111111111
1755,matched,5,5,0.0
1756,all,5,5,0.0
1756,matched,5,5,0.25
1757,all,5,5,0.25
1757,matched,5,5,0.25
1758,all,5,5,0.42857142857142855
1758,matched,5,5,0.6666666666666666
1759,all,5,5,0.1111111111111111
1759,matched,5,5,0.25
1760,all,5,5,0.25
1760,matched,5,5,0.1111111111111111
1761,all,5,5,0.1111111111111111
1761,matched,5,5,0.1111111111111111
1762,all,5,5,0.1111111111111111
1762,matched,5,5,0.1111111111111111
1764,all,5,5,0.1111111111111111
1764,matched,5,5,0.25
1765,all,5,5,0.25
1765,matched,5,5,0.42857142857142855
1766,all,5,5,0.6666666666666666
1766,matched,5,5,0.6666666666666666
1768,all,5,5,0.0
1768,matched,5,5,0.1111111111111111
1769,all,5,5,0.25
1769,matched,5,5,0.25
1770,all,5,5,0.0
1770,matched,5,5,0.1111111111111111
1771,all,5,5,0.25
1771,matched,5,5,0.25
1773,all,5,5,0.0
1773,matched,5,5,0.0
1774,all,5,5,0.25
1774,matched,5,5,0.25
1775,all,5,5,0.0
1775,matched,5,5,0.0
1776,all,5,5,0.42857142857142855
1776,matched,5,5,0.42857142857142855
1777,all,5,5,0.0
1777,matched,5,5,0.0
1778,all,5,5,0.1111111111111111
1778,matched,5,5,0.0
1780,all,5,5,0.42857142857142855
1780,matched,5,5,0.1111111111111111
1781,all,5,5,0.0
1781,matched,5,5,0.0
1782,all,5,5,0.25
1782,matched,5,5,0.25
1783,all,5,5,0.0
1783,matched,5,5,0.42857142857142855
1784,all,5,5,0.1111111111111111
1784,matched,5,5,0.42857142857142855
1785,all,5,5,0.0
1785,matched,5,5,0.0
1786,all,5,5,0.25
1786,matched,5,5,0.42857142857142855
1787,all,5,5,0.25
1787,matched,5,5,0.42857142857142855
1788,all,5,5,0.0
1788,matched,5,5,0.1111111111111111
1845,all,5,5,0.6666666666666666
1845,matched,5,5,0.6666666666666666
1846,all,5,5,0.0
1846,matched,5,5,0.42857142857142855
1848,all,5,5,0.25
1848,matched,5,5,0.42857142857142855
1849,all,5,5,0.25
1849,matched,5,5,0.1111111111111111
1850,all,5,5,0.25
1850,matched,5,5,0.42857142857142855
1851,all,5,5,0.1111111111111111
1851,matched,5,5,0.1111111111111111
1852,all,5,5,0.1111111111111111
1852,matched,5,5,0.1111111111111111
1853,all,5,5,0.25
1853,matched,5,5,0.25
1854,all,5,5,0.25
1854,matched,5,5,0.1111111111111111
1855,all,5,5,0.1111111111111111
1855,matched,5,5,0.1111111111111111
1856,all,5,5,0.1111111111111111
1856,matched,5,5,0.25
1857,all,5,5,0.0
1857,matched,5,5,0.1111111111111111
1858,all,5,5,0.42857142857142855
1858,matched,5,5,0.25
1859,all,5,5,0.25
1859,matched,5,5,0.1111111111111111
1860,all,5,5,0.0
1860,matched,5,5,0.0
1861,all,5,5,0.42857142857142855
1861,matched,5,5,0.25
1862,all,5,5,0.25
1862,matched,5,5,0.25
1863,all,5,5,0.25
1863,matched,5,5,0.42857142857142855
1864,all,5,5,0.1111111111111111
1864,matched,5,5,0.1111111111111111
1865,all,5,5,0.1111111111111111
1865,matched,5,5,0.1111111111111111
1868,all,5,5,0.1111111111111111
1868,matched,5,5,0.1111111111111111
1869,all,5,5,0.1111111111111111
1869,matched,5,5,0.1111111111111111
1870,all,5,5,0.25
1870,matched,5,5,0.6666666666666666
1871,all,5,5,0.6666666666666666
1871,matched,5,5,1.0
1872,all,5,5,0.1111111111111111
1872,matched,5,5,0.25
1873,all,5,5,0.0
1873,matched,5,5,0.25
1874,all,5,5,0.42857142857142855
1874,matched,5,5,0.42857142857142855
1875,all,5,5,0.42857142857142855
1875,matched,5,5,0.25
1876,all,5,5,0.6666666666666666
1876,matched,5,5,0.6666666666666666
1877,all,5,5,0.6666666666666666
1877,matched,5,5,0.25
1878,all,5,5,0.42857142857142855
1878,matched,5,5,0.6666666666666666
1879,all,5,5,0.25
1879,matched,5,5,0.42857142857142855
1880,all,5,5,0.25
1880,matched,5,5,0.6666666666666666
1881,all,5,5,0.42857142857142855
1881,matched,5,5,0.42857142857142855
1883,all,5,5,0.25
1883,matched,5,5,0.6666666666666666
1884,all,5,5,0.1111111111111111
1884,matched,5,5,0.1111111111111111
1885,all,5,5,0.42857142857142855
1885,matched,5,5,0.6666666666666666
1886,all,5,5,0.25
1886,matched,5,5,0.42857142857142855
1887,all,5,5,0.1111111111111111
1887,matched,5,5,0.25
1888,all,5,5,0.1111111111111111
1888,matched,5,5,0.1111111111111111
1889,all,5,5,0.1111111111111111
1889,matched,5,5,0.25
1890,all,5,5,0.1111111111111111
1890,matched,5,5,0.6666666666666666
1891,all,5,5,0.1111111111111111
1891,matched,5,5,0.25
1892,all,5,5,0.0
1892,matched,5,5,0.0
1893,all,5,5,0.0
1893,matched,5,5,0.25
1894,all,5,5,0.25
1894,matched,5,5,0.1111111111111111
1895,all,5,5,0.42857142857142855
1895,matched,5,5,0.1111111111111111
1896,all,5,5,0.0
1896,matched,5,5,0.0
1897,all,5,5,0.0
1897,matched,5,5,0.1111111111111111
1898,all,5,5,0.1111111111111111
1898,matched,5,5,0.1111111111111111
1899,all,5,5,0.1111111111111111
1899,matched,5,5,0.0
1900,all,5,5,0.1111111111111111
1900,matched,5,5,0.0
1901,all,5,5,0.25
1901,matched,5,5,0.25
1902,all,5,5,0.0
1902,matched,5,5,0.0
1903,all,5,5,0.0
1903,matched,5,5,0.0
1904,all,5,5,0.0
1904,matched,5,5,0.1111111111111111
1905,all,5,5,0.25
1905,matched,5,5,0.42857142857142855
1906,all,5,5,0.1111111111111111
1906,matched,5,5,0.1111111111111111
1907,all,5,5,0.0
1907,matched,5,5,0.0
1908,all,5,5,0.25
1908,matched,5,5,0.25
1909,all,5,5,0.42857142857142855
1909,matched,5,5,0.42857142857142855
1910,all,5,5,0.0
1910,matched,5,5,0.0
1912,all,5,5,0.0
1912,matched,5,5,0.6666666666666666
1915,all,5,5,0.1111111111111111
1915,matched,5,5,0.0
1916,all,5,5,0.1111111111111111
1916,matched,5,5,0.1111111111111111
1917,all,5,5,0.25
1917,matched,5,5,0.42857142857142855
1918,all,5,5,0.1111111111111111
1918,matched,5,5,0.25
1919,all,5,5,0.42857142857142855
1919,matched,5,5,0.42857142857142855
1920,all,5,5,0.25
1920,matched,5,5,0.6666666666666666
1921,all,5,5,0.0
1921,matched,5,5,0.0
1922,all,5,5,0.25
1922,matched,5,5,0.6666666666666666
1923,all,5,5,0.25
1923,matched,5,5,0.42857142857142855
1924,all,5,5,0.25
1924,matched,5,5,0.25
1925,all,5,5,0.1111111111111111
1925,matched,5,5,0.25
1926,all,5,5,0.0
1926,matched,5,5,0.1111111111111111
1927,all,5,5,0.25
1927,matched,5,5,0.42857142857142855
1928,all,5,5,0.0
1928,matched,5,5,0.0
1929,all,5,5,0.1111111111111111
1929,matched,5,5,0.25
1930,all,5,5,0.1111111111111111
1930,matched,5,5,0.25
1931,all,5,5,0.0
1931,matched,5,5,0.0
1932,all,5,5,0.1111111111111111
1932,matched,5,5,0.1111111111111111
1933,all,5,5,0.0
1933,matched,5,5,0.1111111111111111
1934,all,5,5,0.42857142857142855
1934,matched,5,5,0.42857142857142855
1935,all,5,5,0.1111111111111111
1935,matched,5,5,0.1111111111111111
1936,all,5,5,0.42857142857142855
1936,matched,5,5,0.42857142857142855
1937,all,5,5,0.0
1937,matched,5,5,0.0
1938,all,5,5,0.0
1938,matched,5,5,0.0
1939,all,5,5,0.1111111111111111
1939,matched,5,5,0.25
1940,all,5,5,0.25
1940,matched,5,5,0.25
1941,all,5,5,0.42857142857142855
1941,matched,5,5,0.42857142857142855
1942,all,5,5,0.1111111111111111
1942,matched,5,5,0.0
1943,all,5,5,0.25
1943,matched,5,5,0.25
1944,all,5,5,0.25
1944,matched,5,5,0.42857142857142855
1945,all,5,5,0.25
1945,matched,5,5,0.25
1947,all,5,5,0.0
1947,matched,5,5,0.0
1948,all,5,5,0.0
1948,matched,5,5,0.0
1949,all,5,5,0.0
1949,matched,5,5,0.42857142857142855
1950,all,5,5,0.1111111111111111
1950,matched,5,5,0.25
1951,all,5,5,0.25
1951,matched,5,5,0.25
1952,all,5,5,0.25
1952,matched,5,5,0.6666666666666666
1954,all,5,5,0.0
1954,matched,5,5,0.25
1955,all,5,5,0.42857142857142855
1955,matched,5,5,0.25
1956,all,5,5,0.42857142857142855
1956,matched,5,5,0.6666666666666666
1957,all,5,5,0.1111111111111111
1957,matched,5,5,0.42857142857142855
1958,all,5,5,0.25
1958,matched,5,5,0.25
1959,all,5,5,0.0
1959,matched,5,5,0.6666666666666666
1960,all,5,5,0.1111111111111111
1960,matched,5,5,0.1111111111111111
1961,all,5,5,0.25
1961,matched,5,5,0.6666666666666666
1962,all,5,5,0.42857142857142855
1962,matched,5,5,0.6666666666666666
1963,all,5,5,0.25
1963,matched,5,5,0.6666666666666666
1965,all,5,5,0.1111111111111111
1965,matched,5,5,0.6666666666666666
1966,all,5,5,0.25
1966,matched,5,5,0.6666666666666666
1967,all,5,5,0.25
1967,matched,5,5,0.6666666666666666
1968,all,5,5,0.6666666666666666
1968,matched,5,5,0.6666666666666666
1969,all,5,5,0.6666666666666666
1969,matched,5,5,0.6666666666666666
1970,all,5,5,0.6666666666666666
1970,matched,5,5,0.6666666666666666
1971,all,5,5,1.0
1971,matched,5,5,1.0
1972,all,5,5,0.1111111111111111
1972,matched,5,5,0.6666666666666666
1973,all,5,5,0.0
1973,matched,5,5,0.42857142857142855
1974,all,5,5,0.42857142857142855
1974,matched,5,5,0.42857142857142855
1975,all,5,5,0.1111111111111111
1975,matched,5,5,0.42857142857142855
1976,all,5,5,0.1111111111111111
1976,matched,5,5,0.1111111111111111
1977,all,5,5,0.6666666666666666
1977,matched,5,5,0.6666666666666666
1978,all,5,5,0.1111111111111111
1978,matched,5,5,0.25
1979,all,5,5,0.42857142857142855
1979,matched,5,5,0.6666666666666666
1980,all,5,5,0.0
1980,matched,5,5,0.0
1981,all,5,5,0.25
1981,matched,5,5,0.25
1982,all,5,5,0.1111111111111111
1982,matched,5,5,0.42857142857142855
1983,all,5,5,0.25
1983,matched,5,5,0.25
1984,all,5,5,0.1111111111111111
1984,matched,5,5,1.0
1985,all,5,5,0.25
1985,matched,5,5,0.42857142857142855
1986,all,5,5,0.42857142857142855
1986,matched,5,5,0.42857142857142855
1987,all,5,5,0.1111111111111111
1987,matched,5,5,0.42857142857142855
1988,all,5,5,0.1111111111111111
1988,matched,5,5,0.25
1989,all,5,5,0.42857142857142855
1989,matched,5,5,0.25
1990,all,5,5,0.25
1990,matched,5,5,0.42857142857142855
1991,all,5,5,0.1111111111111111
1991,matched,5,5,0.25
1992,all,5,5,0.1111111111111111
1992,matched,5,5,0.42857142857142855
1993,all,5,5,0.25
1993,matched,5,5,0.42857142857142855
1994,all,5,5,0.42857142857142855
1994,matched,5,5,0.6666666666666666
1995,all,5,5,0.25
1995,matched,5,5,0.25
1996,all,5,5,0.25
1996,matched,5,5,0.1111111111111111
1997,all,5,5,0.0
1997,matched,5,5,0.42857142857142855
1999,all,5,5,0.1111111111111111
1999,matched,5,5,0.25
2000,all,5,5,0.42857142857142855
2000,matched,5,5,0.6666666666666666
2001,all,5,5,0.1111111111111111
2001,matched,5,5,0.1111111111111111
2002,all,5,5,0.42857142857142855
2002,matched,5,5,0.25
2004,all,5,5,0.6666666666666666
2004,matched,5,5,0.42857142857142855
2005,all,5,5,0.1111111111111111
2005,matched,5,5,0.1111111111111111
2006,all,5,5,0.25
2006,matched,5,5,0.42857142857142855
2007,all,5,5,0.0
2007,matched,5,5,0.25
2008,all,5,5,0.0
2008,matched,5,5,0.42857142857142855
2009,all,5,5,0.1111111111111111
2009,matched,5,5,0.25
2010,all,5,5,0.42857142857142855
2010,matched,5,5,1.0
2011,all,5,5,0.25
2011,matched,5,5,0.42857142857142855
2012,all,5,5,0.0
2012,matched,5,5,0.1111111111111111
2015,all,5,5,0.1111111111111111
2015,matched,5,5,0.25
2017,all,5,5,0.0
2017,matched,5,5,0.25
2018,all,5,5,0.1111111111111111
2018,matched,5,5,0.1111111111111111
2019,all,5,5,0.25
2019,matched,5,5,0.42857142857142855
2021,all,5,5,0.0
2021,matched,5,5,0.25
2022,all,5,5,0.1111111111111111
2022,matched,3,3,1.0
2023,all,5,5,0.1111111111111111
2023,matched,5,5,0.25
2024,all,5,5,0.25
2024,matched,5,5,0.42857142857142855
2025,all,5,5,0.1111111111111111
2025,matched,5,5,0.25
2027,all,5,5,0.1111111111111111
2027,matched,5,5,0.6666666666666666
2028,all,5,5,0.1111111111111111
2028,matched,5,5,0.25
2030,all,5,5,0.1111111111111111
2030,matched,5,5,0.42857142857142855
2031,all,5,5,0.25
2031,matched,5,5,0.42857142857142855
2032,all,5,5,0.25
2032,matched,5,5,0.6666666666666666
2033,all,5,5,0.25
2033,matched,5,5,0.42857142857142855
2034,all,5,5,0.1111111111111111
2034,matched,5,5,0.25
2035,all,5,5,0.1111111111111111
2035,matched,5,5,0.42857142857142855
2036,all,5,5,0.1111111111111111
2036,matched,5,5,0.1111111111111111
2037,all,5,5,0.0
2037,matched,5,5,0.1111111111111111
2039,all,5,5,0.25
2039,matched,5,5,0.25
2040,all,5,5,0.42857142857142855
2040,matched,5,5,0.42857142857142855
2041,all,5,5,0.1111111111111111
2041,matched,5,5,0.25
2042,all,5,5,0.0
2042,matched,5,5,0.1111111111111111
2043,all,5,5,0.1111111111111111
2043,matched,5,5,0.25
2044,all,5,5,0.42857142857142855
2044,matched,5,5,0.42857142857142855
2045,all,5,5,0.0
2045,matched,5,5,0.1111111111111111
2046,all,5,5,0.0
2046,matched,5,5,0.1111111111111111
2047,all,5,5,0.1111111111111111
2047,matched,5,5,0.42857142857142855
2048,all,5,5,0.25
2048,matched,5,5,0.42857142857142855
2049,all,5,5,0.0
2049,matched,5,5,0.1111111111111111
2050,all,5,5,0.6666666666666666
2050,matched,5,5,0.25
2051,all,5,5,0.25
2051,matched,5,5,0.6666666666666666
2052,all,5,5,0.0
2052,matched,5,5,0.0
2053,all,5,5,0.25
2053,matched,5,5,0.25
2054,all,5,5,0.0
2054,matched,5,5,0.1111111111111111
2055,all,5,5,0.0
2055,matched,5,5,0.0
2056,all,5,5,0.1111111111111111
2056,matched,5,5,0.25
2057,all,5,5,0.25
2057,matched,5,5,0.1111111111111111
2058,all,5,5,0.1111111111111111
2058,matched,5,5,0.1111111111111111
2059,all,5,5,0.1111111111111111
2059,matched,5,5,0.1111111111111111
2060,all,5,5,0.1111111111111111
2060,matched,5,5,0.6666666666666666
2061,all,5,5,0.0
2061,matched,5,5,0.1111111111111111
2062,all,5,5,0.6666666666666666
2062,matched,5,5,0.25
2063,all,5,5,0.42857142857142855
2063,matched,5,5,0.6666666666666666
2064,all,5,5,0.6666666666666666
2064,matched,5,5,0.42857142857142855
2065,all,5,5,0.1111111111111111
2065,matched,5,5,0.25
2066,all,5,5,0.1111111111111111
2066,matched,5,5,0.1111111111111111
2067,all,5,5,0.0
2067,matched,5,5,0.1111111111111111
2068,all,5,5,0.1111111111111111
2068,matched,5,5,0.1111111111111111
2069,all,5,5,0.0
2069,matched,5,5,0.1111111111111111
2070,all,5,5,0.1111111111111111
2070,matched,5,5,0.1111111111111111
2072,all,5,5,0.1111111111111111
2072,matched,5,5,0.42857142857142855
2073,all,5,5,0.25
2073,matched,5,5,0.6666666666666666
2074,all,5,5,0.25
2074,matched,5,5,0.25
2075,all,5,5,0.0
2075,matched,5,5,0.42857142857142855
2076,all,5,5,0.25
2076,matched,5,5,0.42857142857142855
2077,all,5,5,0.1111111111111111
2077,matched,5,5,0.42857142857142855
2078,all,5,5,0.1111111111111111
2078,matched,5,5,0.1111111111111111
2079,all,5,5,0.25
2079,matched,5,5,0.42857142857142855
2080,all,5,5,0.0
2080,matched,5,5,0.0
2081,all,5,5,0.0
2081,matched,5,5,0.0
2082,all,5,5,0.1111111111111111
2082,matched,5,5,0.1111111111111111
2085,all,5,5,0.25
2085,matched,5,5,0.1111111111111111
2087,all,5,5,0.25
2087,matched,5,5,0.25
2088,all,5,5,0.42857142857142855
2088,matched,5,5,0.42857142857142855
2089,all,5,5,0.25
2089,matched,5,5,0.25
2090,all,5,5,0.1111111111111111
2090,matched,5,5,0.1111111111111111
2091,all,5,5,0.0
2091,matched,5,5,0.0
2093,all,5,5,0.1111111111111111
2093,matched,5,5,0.25
2094,all,5,5,0.0
2094,matched,5,5,0.0
2095,all,5,5,0.1111111111111111
2095,matched,5,5,0.42857142857142855
2096,all,5,5,0.0
2096,matched,5,5,0.0
2098,all,5,5,0.1111111111111111
2098,matched,5,5,0.1111111111111111
2100,all,5,5,0.25
2100,matched,5,5,0.25
2101,all,5,5,0.42857142857142855
2101,matched,5,5,0.42857142857142855
2105,all,5,5,0.42857142857142855
2105,matched,5,5,0.6666666666666666
2108,all,5,5,0.25
2108,matched,5,5,0.42857142857142855
2109,all,5,5,0.42857142857142855
2109,matched,5,5,0.42857142857142855
2110,all,5,5,0.1111111111111111
2110,matched,5,5,0.25
2111,all,5,5,0.25
2111,matched,5,5,0.1111111111111111
2112,all,5,5,0.0
2112,matched,5,5,0.0
2113,all,5,5,0.25
2113,matched,5,5,0.1111111111111111
2114,all,5,5,0.25
2114,matched,5,5,0.25
2116,all,5,5,0.25
2116,matched,5,5,0.42857142857142855
2117,all,5,5,0.0
2117,matched,5,5,0.0
2118,all,5,5,0.25
2118,matched,5,5,0.25
2119,all,5,5,0.42857142857142855
2119,matched,5,5,0.6666666666666666
2120,all,5,5,0.42857142857142855
2120,matched,5,5,0.6666666666666666
2121,all,5,5,0.1111111111111111
2121,matched,5,5,0.25
2122,all,5,5,0.1111111111111111
2122,matched,5,5,0.1111111111111111
2124,all,5,5,0.6666666666666666
2124,matched,5,5,0.6666666666666666
2125,all,5,5,0.1111111111111111
2125,matched,5,5,0.42857142857142855
2126,all,5,5,0.42857142857142855
2126,matched,5,5,0.42857142857142855
2127,all,5,5,0.0
2127,matched,5,5,0.1111111111111111
2128,all,5,5,0.0
2128,matched,5,5,0.25
2129,all,5,5,0.25
2129,matched,5,5,0.25
2130,all,5,5,0.6666666666666666
2130,matched,5,5,0.42857142857142855
2131,all,5,5,0.25
2131,matched,5,5,0.1111111111111111
2132,all,5,5,0.1111111111111111
2132,matched,5,5,0.25
2133,all,5,5,0.42857142857142855
2133,matched,5,5,0.6666666666666666
2134,all,5,5,0.1111111111111111
2134,matched,5,5,0.25
2136,all,5,5,0.6666666666666666
2136,matched,5,5,0.42857142857142855
2137,all,5,5,0.25
2137,matched,5,5,0.25
2138,all,5,5,0.1111111111111111
2138,matched,5,5,0.0
2139,all,5,5,0.0
2139,matched,5,5,0.0
2140,all,5,5,0.1111111111111111
2140,matched,5,5,0.1111111111111111
2142,all,5,5,0.1111111111111111
2142,matched,5,5,0.1111111111111111
2143,all,5,5,0.25
2143,matched,5,5,0.25
2144,all,5,5,0.6666666666666666
2144,matched,5,5,0.6666666666666666
2145,all,5,5,0.25
2145,matched,3,3,1.0
2146,all,5,5,0.6666666666666666
2146,matched,5,5,0.42857142857142855
2148,all,5,5,0.0
2148,matched,5,5,0.25
2149,all,5,5,0.1111111111111111
2149,matched,5,5,0.25
2150,all,5,5,0.0
2150,matched,5,5,0.0
2151,all,5,5,0.42857142857142855
2151,matched,5,5,0.42857142857142855
2152,all,5,5,0.25
2152,matched,5,5,0.25
2153,all,5,5,0.25
2153,matched,5,5,0.25
2154,all,5,5,0.1111111111111111
2154,matched,5,5,0.1111111111111111
2155,all,5,5,0.0
2155,matched,5,5,0.1111111111111111
2156,all,5,5,0.42857142857142855
2156,matched,5,5,0.42857142857142855
2157,all,5,5,0.1111111111111111
2157,matched,5,5,0.0
2158,all,5,5,0.0
2158,matched,5,5,0.25
2159,all,5,5,0.1111111111111111
2159,matched,5,5,0.1111111111111111
2160,all,5,5,0.0
2160,matched,5,5,0.0
2161,all,5,5,0.6666666666666666
2161,matched,5,5,0.6666666666666666
2162,all,5,5,0.1111111111111111
2162,matched,5,5,0.1111111111111111
2163,all,5,5,0.1111111111111111
2163,matched,5,5,0.1111111111111111
2164,all,5,5,0.42857142857142855
2164,matched,5,5,0.42857142857142855
2165,all,5,5,0.25
2165,matched,5,5,0.42857142857142855
2167,all,5,5,0.25
2167,matched,5,5,0.42857142857142855
2168,all,5,5,0.6666666666666666
2168,matched,5,5,0.25
2169,all,5,5,0.42857142857142855
2169,matched,5,5,0.42857142857142855
2171,all,5,5,0.1111111111111111
2171,matched,5,5,0.1111111111111111
2172,all,5,5,0.1111111111111111
2172,matched,5,5,0.25
2173,all,5,5,0.25
2173,matched,5,5,0.25
2174,all,5,5,0.1111111111111111
2174,matched,5,5,0.25
2175,all,5,5,0.1111111111111111
2175,matched,5,5,0.1111111111111111
2176,all,5,5,0.42857142857142855
2176,matched,5,5,0.25
2177,all,5,5,0.42857142857142855
2177,matched,5,5,0.42857142857142855
2178,all,5,5,0.25
2178,matched,5,5,0.0
2179,all,5,5,0.25
2179,matched,5,5,0.1111111111111111
2180,all,5,5,0.25
2180,matched,5,5,0.42857142857142855
2181,all,5,5,0.0
2181,matched,5,5,0.0
2182,all,5,5,0.42857142857142855
2182,matched,5,5,0.42857142857142855
2183,all,5,5,0.25
2183,matched,5,5,0.25
2184,all,5,5,0.1111111111111111
2184,matched,5,5,0.1111111111111111
2185,all,5,5,0.1111111111111111
2185,matched,5,5,0.25
2186,all,5,5,0.42857142857142855
2186,matched,5,5,0.42857142857142855
2187,all,5,5,0.1111111111111111
2187,matched,5,5,0.1111111111111111
2188,all,5,5,0.42857142857142855
2188,matched,5,5,0.25
2189,all,5,5,0.25
2189,matched,5,5,0.25
2190,all,5,5,0.25
2190,matched,5,5,0.6666666666666666
2191,all,5,5,0.42857142857142855
2191,matched,5,5,0.6666666666666666
2192,all,5,5,0.42857142857142855
2192,matched,5,5,0.42857142857142855
2193,all,5,5,0.25
2193,matched,5,5,0.6666666666666666
2194,all,5,5,0.42857142857142855
2194,matched,5,5,0.42857142857142855
2195,all,5,5,0.1111111111111111
2195,matched,5,5,0.1111111111111111
2196,all,5,5,0.0
2196,matched,5,5,0.0
2197,all,5,5,0.25
2197,matched,5,5,0.25
2198,all,5,5,0.1111111111111111
2198,matched,5,5,0.1111111111111111
2199,all,5,5,0.25
2199,matched,5,5,0.1111111111111111
2200,all,5,5,0.25
2200,matched,5,5,0.25
2201,all,5,5,0.25
2201,matched,5,5,0.42857142857142855
2202,all,5,5,0.25
2202,matched,5,5,0.42857142857142855
2203,all,5,5,0.25
2203,matched,5,5,0.0
2204,all,5,5,0.25
2204,matched,5,5,0.25
2205,all,5,5,0.1111111111111111
2205,matched,5,5,0.0
2206,all,5,5,0.0
2206,matched,5,5,0.0
2207,all,5,5,0.1111111111111111
2207,matched,5,5,0.1111111111111111
2208,all,5,5,0.25
2208,matched,5,5,0.42857142857142855
2210,all,5,5,0.25
2210,matched,5,5,0.42857142857142855
2211,all,5,5,0.1111111111111111
2211,matched,5,5,0.1111111111111111
2212,all,5,5,0.25
2212,matched,5,5,0.25
2213,all,5,5,0.1111111111111111
2213,matched,5,5,0.1111111111111111
2215,all,5,5,0.25
2215,matched,5,5,0.1111111111111111
2216,all,5,5,0.6666666666666666
2216,matched,5,5,1.0
2217,all,5,5,0.6666666666666666
2217,matched,5,5,0.6666666666666666
2218,all,5,5,0.42857142857142855
2218,matched,5,5,0.6666666666666666
2219,all,5,5,0.42857142857142855
2219,matched,5,5,1.0
2220,all,5,5,0.6666666666666666
2220,matched,5,5,0.6666666666666666
2221,all,5,5,0.6666666666666666
2221,matched,5,5,0.6666666666666666
2222,all,5,5,0.42857142857142855
2222,matched,5,5,0.25
2223,all,5,5,0.25
2223,matched,5,5,0.42857142857142855
2224,all,5,5,0.42857142857142855
2224,matched,5,5,0.42857142857142855
2225,all,5,5,0.42857142857142855
2225,matched,5,5,0.42857142857142855
2226,all,5,5,1.0
2226,matched,5,5,1.0
2227,all,5,5,0.25
2227,matched,5,5,0.1111111111111111
2228,all,5,5,0.1111111111111111
2228,matched,5,5,0.42857142857142855
2229,all,5,5,0.6666666666666666
2229,matched,5,5,0.42857142857142855
2230,all,5,5,0.25
2230,matched,5,5,0.1111111111111111
2231,all,5,5,0.25
2231,matched,5,5,0.25
2232,all,5,5,0.25
2232,matched,5,5,0.42857142857142855
2233,all,5,5,0.6666666666666666
2233,matched,5,5,0.6666666666666666
2234,all,5,5,0.25
2234,matched,5,5,0.25
2235,all,5,5,0.25
2235,matched,5,5,0.1111111111111111
2236,all,5,5,0.42857142857142855
2236,matched,5,5,0.6666666666666666
2237,all,5,5,0.1111111111111111
2237,matched,5,5,0.42857142857142855
2238,all,5,5,0.25
2238,matched,5,5,0.42857142857142855
2241,all,5,5,0.25
2241,matched,5,5,0.25
2242,all,5,5,1.0
2242,matched,5,5,1.0
2243,all,5,5,0.6666666666666666
2243,matched,5,5,0.6666666666666666
2244,all,5,5,0.25
2244,matched,5,5,0.42857142857142855
2245,all,5,5,0.6666666666666666
2245,matched,5,5,1.0
2248,all,5,5,0.25
2248,matched,5,5,0.25
2249,all,5,5,0.1111111111111111
2249,matched,5,5,0.25
2250,all,5,5,0.1111111111111111
2250,matched,5,5,0.25
2251,all,5,5,0.25
2251,matched,5,5,0.42857142857142855
2252,all,5,5,0.25
2252,matched,5,5,0.6666666666666666
2253,all,5,5,0.25
2253,matched,5,5,0.25
2254,all,5,5,0.0
2254,matched,5,5,0.0
2255,all,5,5,0.0
2255,matched,5,5,0.1111111111111111
2256,all,5,5,0.25
2256,matched,5,5,0.25
2257,all,5,5,0.1111111111111111
2257,matched,5,5,0.1111111111111111
2258,all,5,5,0.1111111111111111
2258,matched,5,5,0.1111111111111111
2259,all,5,5,0.0
2259,matched,5,5,0.0
2260,all,5,5,0.25
2260,matched,5,5,0.25
2262,all,5,5,0.1111111111111111
2262,matched,5,5,0.1111111111111111
2264,all,5,5,0.0
2264,matched,5,5,0.0
2265,all,5,5,0.25
2265,matched,5,5,0.25
2266,all,5,5,0.42857142857142855
2266,matched,5,5,0.42857142857142855
2267,all,5,5,0.0
2267,matched,5,5,0.0
2268,all,5,5,0.42857142857142855
2268,matched,5,5,0.42857142857142855
2269,all,5,5,0.0
2269,matched,5,5,0.0
2270,all,5,5,0.0
2270,matched,5,5,0.0
2271,all,5,5,0.0
2271,matched,5,5,0.0
2272,all,5,5,0.0
2272,matched,5,5,0.25
2274,all,5,5,0.1111111111111111
2274,matched,5,5,0.1111111111111111
2275,all,5,5,0.6666666666666666
2275,matched,5,5,0.6666666666666666
2276,all,5,5,0.0
2276,matched,5,5,0.42857142857142855
2278,all,5,5,0.0
2278,matched,5,5,0.25
2279,all,5,5,0.42857142857142855
2279,matched,5,5,0.6666666666666666
2280,all,5,5,0.25
2280,matched,5,5,0.25
2281,all,5,5,0.25
2281,matched,5,5,0.25
2282,all,5,5,0.42857142857142855
2282,matched,5,5,1.0
2286,all,5,5,0.25
2286,matched,5,5,0.25
2287,all,5,5,0.1111111111111111
2287,matched,5,5,0.25
2288,all,5,5,0.0
2288,matched,5,5,0.25
2289,all,5,5,0.1111111111111111
2289,matched,5,5,0.25
2292,all,5,5,0.25
2292,matched,5,5,0.25
2293,all,5,5,0.1111111111111111
2293,matched,5,5,0.25
2294,all,5,5,0.0
2294,matched,5,5,0.0
2295,all,5,5,0.1111111111111111
2295,matched,5,5,0.1111111111111111
2296,all,5,5,0.1111111111111111
2296,matched,5,5,0.1111111111111111
2297,all,5,5,0.42857142857142855
2297,matched,5,5,0.42857142857142855
2298,all,5,5,0.0
2298,matched,5,5,0.0
2299,all,5,5,0.1111111111111111
2299,matched,5,5,0.1111111111111111
2300,all,5,5,0.1111111111111111
2300,matched,5,5,0.1111111111111111
2301,all,5,5,0.1111111111111111
2301,matched,5,5,0.1111111111111111
2302,all,5,5,0.1111111111111111
2302,matched,5,5,0.1111111111111111
2303,all,5,5,0.1111111111111111
2303,matched,5,5,0.1111111111111111
2304,all,5,5,0.1111111111111111
2304,matched,5,5,0.25
2305,all,5,5,0.0
2305,matched,5,5,0.0
2307,all,5,5,0.0
2307,matched,5,5,0.0
2308,all,5,5,0.1111111111111111
2308,matched,5,5,0.1111111111111111
2309,all,5,5,0.0
2309,matched,5,5,0.1111111111111111
2310,all,5,5,0.25
2310,matched,5,5,0.42857142857142855
2311,all,5,5,0.25
2311,matched,5,5,0.25
2312,all,5,5,0.42857142857142855
2312,matched,5,5,0.42857142857142855
2314,all,5,5,0.1111111111111111
2314,matched,5,5,0.25
2315,all,5,5,0.1111111111111111
2315,matched,5,5,0.1111111111111111
2316,all,5,5,0.0
2316,matched,5,5,0.0
2317,all,5,5,0.1111111111111111
2317,matched,5,5,0.1111111111111111
2318,all,5,5,0.6666666666666666
2318,matched,5,5,0.6666666666666666
2320,all,5,5,0.25
2320,matched,5,5,0.6666666666666666
2321,all,5,5,0.25
2321,matched,5,5,0.25
2322,all,5,5,0.1111111111111111
2322,matched,5,5,0.25
2323,all,5,5,0.42857142857142855
2323,matched,5,5,0.42857142857142855
2324,all,5,5,0.1111111111111111
2324,matched,5,5,0.25
2325,all,5,5,0.1111111111111111
2325,matched,5,5,0.1111111111111111
2326,all,5,5,0.1111111111111111
2326,matched,5,5,0.0
2327,all,5,5,0.0
2327,matched,5,5,0.1111111111111111
2328,all,5,5,0.25
2328,matched,5,5,0.25
2329,all,5,5,0.25
2329,matched,5,5,0.42857142857142855
2330,all,5,5,0.1111111111111111
2330,matched,5,5,0.25
2332,all,5,5,0.0
2332,matched,5,5,0.0
2333,all,5,5,0.42857142857142855
2333,matched,5,5,0.25
2334,all,5,5,0.0
2334,matched,5,5,0.1111111111111111
2335,all,5,5,0.1111111111111111
2335,matched,5,5,0.25
2336,all,5,5,0.42857142857142855
2336,matched,5,5,0.42857142857142855
2337,all,5,5,0.1111111111111111
2337,matched,5,5,0.42857142857142855
2338,all,5,5,0.6666666666666666
2338,matched,5,5,0.25
2339,all,5,5,0.42857142857142855
2339,matched,5,5,0.42857142857142855
2340,all,5,5,0.1111111111111111
2340,matched,5,5,0.25
2341,all,5,5,0.1111111111111111
2341,matched,5,5,0.42857142857142855
2342,all,5,5,0.1111111111111111
2342,matched,5,5,0.1111111111111111
2343,all,5,5,0.25
2343,matched,5,5,0.42857142857142855
2349,all,5,5,0.25
2349,matched,5,5,0.6666666666666666
2462,all,5,5,0.42857142857142855
2462,matched,5,5,0.6666666666666666
2463,all,5,5,0.42857142857142855
2463,matched,5,5,0.42857142857142855
2464,all,5,5,0.42857142857142855
2464,matched,5,5,0.6666666666666666
2465,all,5,5,0.42857142857142855
2465,matched,5,5,1.0
2466,all,5,5,0.6666666666666666
2466,matched,5,5,0.6666666666666666
2467,all,5,5,0.25
2467,matched,5,5,0.25
2468,all,5,5,1.0
2468,matched,5,5,0.6666666666666666
2469,all,5,5,0.6666666666666666
2469,matched,5,5,0.6666666666666666
2470,all,5,5,1.0
2470,matched,5,5,0.6666666666666666
2471,all,5,5,0.42857142857142855
2471,matched,5,5,0.42857142857142855
2472,all,5,5,0.6666666666666666
2472,matched,5,5,0.25
2473,all,5,5,0.6666666666666666
2473,matched,5,5,0.6666666666666666
2474,all,5,5,0.25
2474,matched,5,5,0.42857142857142855
2475,all,5,5,0.42857142857142855
2475,matched,5,5,0.42857142857142855
2476,all,5,5,0.6666666666666666
2476,matched,5,5,0.6666666666666666
2477,all,5,5,0.42857142857142855
2477,matched,5,5,0.42857142857142855
2478,all,5,5,0.6666666666666666
2478,matched,5,5,1.0
2479,all,5,5,1.0
2479,matched,5,5,1.0
2480,all,5,5,0.42857142857142855
2480,matched,5,5,0.42857142857142855
2481,all,5,5,1.0
2481,matched,5,5,0.6666666666666666
2482,all,5,5,0.25
2482,matched,5,5,0.6666666666666666
2483,all,5,5,0.42857142857142855
2483,matched,5,5,0.42857142857142855
2484,all,5,5,0.42857142857142855
2484,matched,5,5,0.42857142857142855
2485,all,5,5,1.0
2485,matched,5,5,1.0
2486,all,5,5,0.6666666666666666
2486,matched,5,5,1.0
2487,all,5,5,0.6666666666666666
2487,matched,5,5,0.6666666666666666
2488,all,5,5,1.0
2488,matched,5,5,0.6666666666666666
2489,all,5,5,0.6666666666666666
2489,matched,5,5,0.6666666666666666
2490,all,5,5,0.6666666666666666
2490,matched,5,5,0.42857142857142855
2491,all,5,5,0.25
2491,matched,5,5,0.6666666666666666
2492,all,5,5,0.42857142857142855
2492,matched,5,5,0.6666666666666666
2493,all,5,5,0.42857142857142855
2493,matched,5,5,0.6666666666666666
2494,all,5,5,0.42857142857142855
2494,matched,5,5,0.42857142857142855
2495,all,5,5,0.42857142857142855
2495,matched,5,5,0.42857142857142855
2496,all,5,5,0.42857142857142855
2496,matched,5,5,0.6666666666666666
2497,all,5,5,0.42857142857142855
2497,matched,5,5,0.42857142857142855
2498,all,5,5,0.42857142857142855
2498,matched,5,5,0.42857142857142855
2499,all,5,5,0.6666666666666666
2499,matched,5,5,1.0
2500,all,5,5,0.42857142857142855
2500,matched,5,5,0.6666666666666666
2501,all,5,5,0.6666666666666666
2501,matched,5,5,0.6666666666666666
2502,all,5,5,0.25
2502,matched,5,5,0.25
2503,all,5,5,0.42857142857142855
2503,matched,5,5,0.42857142857142855
2504,all,5,5,0.42857142857142855
2504,matched,5,5,1.0
2505,all,5,5,0.6666666666666666
2505,matched,5,5,0.6666666666666666
2506,all,5,5,0.42857142857142855
2506,matched,5,5,0.6666666666666666
2507,all,5,5,0.1111111111111111
2507,matched,5,5,0.25
2508,all,5,5,0.42857142857142855
2508,matched,5,5,0.6666666666666666
2509,all,5,5,0.42857142857142855
2509,matched,5,5,0.42857142857142855
2510,all,5,5,0.25
2510,matched,5,5,0.25
2511,all,5,5,0.42857142857142855
2511,matched,5,5,1.0
2512,all,5,5,0.25
2512,matched,5,5,0.25
2513,all,5,5,0.42857142857142855
2513,matched,5,5,0.42857142857142855
2514,all,5,5,0.6666666666666666
2514,matched,5,5,0.6666666666666666
2515,all,5,5,0.42857142857142855
2515,matched,5,5,0.42857142857142855
2516,all,5,5,0.6666666666666666
2516,matched,5,5,0.6666666666666666
2517,all,5,5,0.1111111111111111
2517,matched,5,5,0.6666666666666666
2518,all,5,5,0.42857142857142855
2518,matched,5,5,0.42857142857142855
2519,all,5,5,0.6666666666666666
2519,matched,5,5,0.6666666666666666
2520,all,5,5,0.42857142857142855
2520,matched,5,5,1.0
2521,all,5,5,0.42857142857142855
2521,matched,5,5,0.42857142857142855
2522,all,5,5,0.25
2522,matched,5,5,0.25
2523,all,5,5,0.42857142857142855
2523,matched,5,5,0.42857142857142855
2524,all,5,5,0.6666666666666666
2524,matched,5,5,0.42857142857142855
2525,all,5,5,0.6666666666666666
2525,matched,5,5,1.0
2526,all,5,5,0.42857142857142855
2526,matched,5,5,0.42857142857142855
2527,all,5,5,0.6666666666666666
2527,matched,5,5,0.42857142857142855
2528,all,5,5,0.6666666666666666
2528,matched,5,5,0.6666666666666666
2529,all,5,5,0.1111111111111111
2529,matched,5,5,0.1111111111111111
2530,all,5,5,0.6666666666666666
2530,matched,5,5,0.6666666666666666
2531,all,5,5,0.42857142857142855
2531,matched,5,5,0.6666666666666666
2532,all,5,5,0.25
2532,matched,5,5,0.6666666666666666
2533,all,5,5,0.6666666666666666
2533,matched,5,5,0.6666666666666666
2534,all,5,5,0.42857142857142855
2534,matched,5,5,0.42857142857142855
2535,all,5,5,0.6666666666666666
2535,matched,5,5,0.6666666666666666
2536,all,5,5,0.6666666666666666
2536,matched,5,5,0.6666666666666666
2537,all,5,5,0.42857142857142855
2537,matched,5,5,0.42857142857142855
2538,all,5,5,0.42857142857142855
2538,matched,5,5,0.6666666666666666
2539,all,5,5,0.25
2539,matched,5,5,0.42857142857142855
2540,all,5,5,0.6666666666666666
2540,matched,5,5,0.42857142857142855
2541,all,5,5,0.6666666666666666
2541,matched,5,5,0.6666666666666666
2542,all,5,5,0.6666666666666666
2542,matched,5,5,0.42857142857142855
2543,all,5,5,1.0
2543,matched,5,5,0.42857142857142855
2544,all,5,5,1.0
2544,matched,5,5,1.0
2545,all,5,5,1.0
2545,matched,5,5,1.0
2546,all,5,5,0.6666666666666666
2546,matched,5,5,0.6666666666666666
2547,all,5,5,0.6666666666666666
2547,matched,5,5,0.6666666666666666
2548,all,5,5,0.1111111111111111
2548,matched,5,5,0.1111111111111111
2549,all,5,5,0.42857142857142855
2549,matched,5,5,0.42857142857142855
2550,all,5,5,0.42857142857142855
2550,matched,5,5,0.6666666666666666
2551,all,5,5,0.6666666666666666
2551,matched,5,5,1.0
2552,all,5,5,0.42857142857142855
2552,matched,5,5,1.0
2553,all,5,5,0.25
2553,matched,5,5,0.25
2554,all,5,5,0.42857142857142855
2554,matched,5,5,0.42857142857142855
2555,all,5,5,0.25
2555,matched,5,5,0.25
2556,all,5,5,0.25
2556,matched,5,5,0.42857142857142855
2557,all,5,5,0.25
2557,matched,5,5,0.25
2558,all,5,5,0.25
2558,matched,5,5,0.42857142857142855
2559,all,5,5,1.0
2559,matched,5,5,1.0
2560,all,5,5,0.25
2560,matched,5,5,0.25
2561,all,5,5,0.6666666666666666
2561,matched,5,5,0.6666666666666666
2562,all,5,5,0.42857142857142855
2562,matched,5,5,0.6666666666666666
2563,all,5,5,0.6666666666666666
2563,matched,5,5,0.6666666666666666
2564,all,5,5,0.6666666666666666
2564,matched,5,5,0.6666666666666666
2565,all,5,5,0.6666666666666666
2565,matched,5,5,0.6666666666666666
2566,all,5,5,0.6666666666666666
2566,matched,5,5,0.6666666666666666
2567,all,5,5,1.0
2567,matched,5,5,1.0
2568,all,5,5,0.25
2568,matched,5,5,0.6666666666666666
2569,all,5,5,0.42857142857142855
2569,matched,5,5,0.42857142857142855
2570,all,5,5,0.25
2570,matched,5,5,1.0
2571,all,5,5,1.0
2571,matched,5,5,0.42857142857142855
2572,all,5,5,0.42857142857142855
2572,matched,5,5,0.42857142857142855
2573,all,5,5,0.6666666666666666
2573,matched,5,5,0.42857142857142855
2574,all,5,5,0.42857142857142855
2574,matched,5,5,1.0
2575,all,5,5,0.42857142857142855
2575,matched,5,5,0.6666666666666666
2576,all,5,5,0.25
2576,matched,5,5,0.25
2577,all,5,5,0.25
2577,matched,5,5,0.25
2578,all,5,5,0.42857142857142855
2578,matched,5,5,0.42857142857142855
2579,all,5,5,0.42857142857142855
2579,matched,5,5,0.42857142857142855
2580,all,5,5,0.25
2580,matched,5,5,0.25
2581,all,5,5,0.6666666666666666
2581,matched,5,5,0.6666666666666666
2582,all,5,5,0.42857142857142855
2582,matched,5,5,0.42857142857142855
2583,all,5,5,0.6666666666666666
2583,matched,5,5,0.6666666666666666
2584,all,5,5,0.6666666666666666
2584,matched,5,5,0.6666666666666666
2585,all,5,5,0.42857142857142855
2585,matched,5,5,0.6666666666666666
2586,all,5,5,0.6666666666666666
2586,matched,5,5,0.6666666666666666
2587,all,5,5,0.42857142857142855
2587,matched,5,5,0.6666666666666666
2588,all,5,5,0.42857142857142855
2588,matched,5,5,0.42857142857142855
2589,all,5,5,0.6666666666666666
2589,matched,5,5,1.0
2590,all,5,5,0.6666666666666666
2590,matched,5,5,0.6666666666666666
2591,all,5,5,0.42857142857142855
2591,matched,5,5,0.6666666666666666
2592,all,5,5,0.6666666666666666
2592,matched,5,5,0.6666666666666666
2593,all,5,5,0.42857142857142855
2593,matched,5,5,1.0
2595,all,5,5,0.0
2595,matched,5,5,0.6666666666666666
2596,all,5,5,0.25
2596,matched,5,5,0.6666666666666666
2597,all,5,5,0.42857142857142855
2597,matched,5,5,0.6666666666666666
2598,all,5,5,0.25
2598,matched,5,5,1.0
2599,all,5,5,0.42857142857142855
2599,matched,5,5,0.42857142857142855
2600,all,5,5,0.42857142857142855
2600,matched,5,5,0.42857142857142855
2601,all,5,5,0.6666666666666666
2601,matched,5,5,0.6666666666666666
2602,all,5,5,0.25
2602,matched,5,5,1.0
2604,all,5,5,0.42857142857142855
2604,matched,5,5,0.6666666666666666
2605,all,5,5,0.25
2605,matched,5,5,0.25
2606,all,5,5,0.42857142857142855
2606,matched,5,5,0.6666666666666666
2607,all,5,5,0.1111111111111111
2607,matched,5,5,0.6666666666666666
2618,all,5,5,0.1111111111111111
2618,matched,5,5,0.6666666666666666
2619,all,5,5,0.42857142857142855
2619,matched,5,5,1.0
2620,all,5,5,0.25
2620,matched,5,5,0.25
2621,all,5,5,0.6666666666666666
2621,matched,5,5,0.6666666666666666
2644,all,5,5,0.42857142857142855
2644,matched,5,5,0.6666666666666666
2646,all,5,5,0.42857142857142855
2646,matched,5,5,0.42857142857142855
2647,all,5,5,0.25
2647,matched,5,5,0.6666666666666666
2648,all,5,5,0.25
2648,matched,5,5,0.6666666666666666
2649,all,5,5,0.6666666666666666
2649,matched,5,5,0.42857142857142855
2651,all,5,5,0.42857142857142855
2651,matched,5,5,0.6666666666666666
2652,all,5,5,0.1111111111111111
2652,matched,5,5,0.42857142857142855
2710,all,5,5,0.25
2710,matched,5,5,0.42857142857142855
2808,all,5,5,0.25
2808,matched,5,5,0.42857142857142855
2809,all,5,5,0.1111111111111111
2809,matched,3,3,1.0
2813,all,5,5,0.25
2813,matched,5,5,0.25
2814,all,5,5,0.6666666666666666
2814,matched,5,5,0.6666666666666666
2872,all,5,5,0.1111111111111111
2872,matched,0,0,
2876,all,5,5,0.6666666666666666
2876,matched,5,5,0.42857142857142855
2879,all,5,5,1.0
2879,matched,5,5,1.0
2880,all,5,5,0.25
2880,matched,5,5,0.25
2881,all,5,5,0.6666666666666666
2881,matched,2,2,1.0
2882,all,5,5,0.25
2882,matched,5,5,1.0
2883,all,5,5,0.25
2883,matched,5,5,1.0
2884,all,5,5,0.1111111111111111
2884,matched,5,5,1.0
2885,all,5,5,0.42857142857142855
2885,matched,5,5,1.0
2886,all,5,5,0.25
2886,matched,5,5,1.0
2887,all,5,5,0.6666666666666666
2887,matched,5,5,0.6666666666666666
3005,all,5,5,0.25
3005,matched,5,5,0.6666666666666666
3007,all,5,5,0.0
3007,matched,5,5,1.0
3009,all,5,5,0.1111111111111111
3009,matched,5,5,0.42857142857142855
3011,all,5,5,0.1111111111111111
3011,matched,5,5,0.42857142857142855
3012,all,5,5,0.1111111111111111
3012,matched,5,5,0.1111111111111111
3013,all,5,5,0.6666666666666666
3013,matched,5,5,0.6666666666666666
