seed,world,mode,margin_factor,month,tp,fp_known,fp_unknown,fn,tn,known_pair_universe,true_matches,observed_clusters
20261003,stable,oracle,0.75,2023-02,2,0,0,0,2,4,2,2
20261003,stable,oracle,0.75,2023-03,2,0,0,0,2,4,2,2
20261003,stable,oracle,0.75,2023-04,2,0,0,0,2,4,2,2
20261003,stable,oracle,0.75,2023-05,2,0,0,0,2,4,2,2
20261003,stable,oracle,0.75,2023-06,2,0,0,0,2,4,2,2
20261003,stable,oracle,0.75,2023-07,2,0,0,0,2,4,2,2
20261003,stable,oracle,0.75,2023-08,2,0,0,0,2,4,2,2
20261003,stable,oracle,0.75,2023-09,2,0,0,0,2,4,2,2
20261003,stable,oracle,0.75,2023-10,2,0,0,0,2,4,2,2
20261003,stable,oracle,0.75,2023-11,2,0,0,0,2,4,2,2
20261003,stable,oracle,0.75,2023-12,2,0,0,0,2,4,2,2
20261003,stable,oracle,0.75,2024-01,2,0,0,0,2,4,2,2
20261003,stable,oracle,0.75,2024-02,2,0,0,0,2,4,2,2
20261003,stable,oracle,0.75,2024-03,2,0,0,0,2,4,2,2
20261003,stable,oracle,0.75,2024-04,2,0,0,0,2,4,2,2
20261003,stable,oracle,0.75,2024-05,2,0,0,0,2,4,2,2
20261003,stable,oracle,0.75,2024-06,2,0,0,0,2,4,2,2
20261003,stable,oracle,0.75,2024-07,2,0,0,0,2,4,2,2
20261003,stable,oracle,0.75,2024-08,2,0,0,0,2,4,2,2
20261003,stable,oracle,0.75,2024-09,2,0,0,0,2,4,2,2
20261003,stable,oracle,0.75,2024-10,2,0,0,0,2,4,2,2
20261003,stable,oracle,0.75,2024-11,2,0,0,0,2,4,2,2
20261003,stable,oracle,0.75,2024-12,2,0,0,0,2,4,2,2
20261003,stable,oracle,1.0,2023-02,2,0,0,0,2,4,2,2
20261003,stable,oracle,1.0,2023-03,2,0,0,0,2,4,2,2
20261003,stable,oracle,1.0,2023-04,2,0,0,0,2,4,2,2
20261003,stable,oracle,1.0,2023-05,2,0,0,0,2,4,2,2
20261003,stable,oracle,1.0,2023-06,2,0,0,0,2,4,2,2
20261003,stable,oracle,1.0,2023-07,2,0,0,0,2,4,2,2
20261003,stable,oracle,1.0,2023-08,2,0,0,0,2,4,2,2
20261003,stable,oracle,1.0,2023-09,2,0,0,0,2,4,2,2
20261003,stable,oracle,1.0,2023-10,2,0,0,0,2,4,2,2
20261003,stable,oracle,1.0,2023-11,2,0,0,0,2,4,2,2
20261003,stable,oracle,1.0,2023-12,2,0,0,0,2,4,2,2
20261003,stable,oracle,1.0,2024-01,2,0,0,0,2,4,2,2
20261003,stable,oracle,1.0,2024-02,2,0,0,0,2,4,2,2
20261003,stable,oracle,1.0,2024-03,2,0,0,0,2,4,2,2
20261003,stable,oracle,1.0,2024-04,2,0,0,0,2,4,2,2
20261003,stable,oracle,1.0,2024-05,2,0,0,0,2,4,2,2
20261003,stable,oracle,1.0,2024-06,2,0,0,0,2,4,2,2
20261003,stable,oracle,1.0,2024-07,2,0,0,0,2,4,2,2
20261003,stable,oracle,1.0,2024-08,2,0,0,0,2,4,2,2
20261003,stable,oracle,1.0,2024-09,2,0,0,0,2,4,2,2
20261003,stable,oracle,1.0,2024-10,2,0,0,0,2,4,2,2
20261003,stable,oracle,1.0,2024-11,2,0,0,0,2,4,2,2
20261003,stable,oracle,1.0,2024-12,2,0,0,0,2,4,2,2
20261003,stable,oracle,1.25,2023-02,2,0,0,0,2,4,2,2
20261003,stable,oracle,1.25,2023-03,2,0,0,0,2,4,2,2
20261003,stable,oracle,1.25,2023-04,2,0,0,0,2,4,2,2
20261003,stable,oracle,1.25,2023-05,2,0,0,0,2,4,2,2
20261003,stable,oracle,1.25,2023-06,2,0,0,0,2,4,2,2
20261003,stable,oracle,1.25,2023-07,2,0,0,0,2,4,2,2
20261003,stable,oracle,1.25,2023-08,2,0,0,0,2,4,2,2
20261003,stable,oracle,1.25,2023-09,2,0,0,0,2,4,2,2
20261003,stable,oracle,1.25,2023-10,2,0,0,0,2,4,2,2
20261003,stable,oracle,1.25,2023-11,2,0,0,0,2,4,2,2
20261003,stable,oracle,1.25,2023-12,2,0,0,0,2,4,2,2
20261003,stable,oracle,1.25,2024-01,2,0,0,0,2,4,2,2
20261003,stable,oracle,1.25,2024-02,2,0,0,0,2,4,2,2
20261003,stable,oracle,1.25,2024-03,2,0,0,0,2,4,2,2
20261003,stable,oracle,1.25,2024-04,2,0,0,0,2,4,2,2
20261003,stable,oracle,1.25,2024-05,2,0,0,0,2,4,2,2
20261003,stable,oracle,1.25,2024-06,2,0,0,0,2,4,2,2
20261003,stable,oracle,1.25,2024-07,2,0,0,0,2,4,2,2
20261003,stable,oracle,1.25,2024-08,2,0,0,0,2,4,2,2
20261003,stable,oracle,1.25,2024-09,2,0,0,0,2,4,2,2
20261003,stable,oracle,1.25,2024-10,2,0,0,0,2,4,2,2
20261003,stable,oracle,1.25,2024-11,2,0,0,0,2,4,2,2
20261003,stable,oracle,1.25,2024-12,2,0,0,0,2,4,2,2
20261003,stable,unsupervised,0.75,2023-02,2,0,0,0,2,4,2,2
20261003,stable,unsupervised,0.75,2023-03,2,0,0,0,2,4,2,2
20261003,stable,unsupervised,0.75,2023-04,2,0,0,0,2,4,2,2
20261003,stable,unsupervised,0.75,2023-05,2,0,0,0,2,4,2,2
20261003,stable,unsupervised,0.75,2023-06,2,0,0,0,2,4,2,2
20261003,stable,unsupervised,0.75,2023-07,2,0,0,0,2,4,2,2
20261003,stable,unsupervised,0.75,2023-08,2,0,0,0,2,4,2,2
20261003,stable,unsupervised,0.75,2023-09,2,0,0,0,2,4,2,2
20261003,stable,unsupervised,0.75,2023-10,2,0,0,0,2,4,2,2
20261003,stable,unsupervised,0.75,2023-11,2,0,0,0,2,4,2,2
20261003,stable,unsupervised,0.75,2023-12,2,0,0,0,2,4,2,2
20261003,stable,unsupervised,0.75,2024-01,2,0,0,0,2,4,2,2
20261003,stable,unsupervised,0.75,2024-02,2,0,0,0,2,4,2,2
20261003,stable,unsupervised,0.75,2024-03,2,0,0,0,2,4,2,2
20261003,stable,unsupervised,0.75,2024-04,2,0,0,0,2,4,2,2
20261003,stable,unsupervised,0.75,2024-05,2,0,0,0,2,4,2,2
20261003,stable,unsupervised,0.75,2024-06,2,0,0,0,2,4,2,2
20261003,stable,unsupervised,0.75,2024-07,2,0,0,0,2,4,2,2
20261003,stable,unsupervised,0.75,2024-08,2,0,0,0,2,4,2,2
20261003,stable,unsupervised,0.75,2024-09,2,0,0,0,2,4,2,2
20261003,stable,unsupervised,0.75,2024-10,2,0,0,0,2,4,2,2
20261003,stable,unsupervised,0.75,2024-11,2,0,0,0,2,4,2,2
20261003,stable,unsupervised,0.75,2024-12,2,0,0,0,2,4,2,2
20261003,stable,unsupervised,1.0,2023-02,2,0,0,0,2,4,2,2
20261003,stable,unsupervised,1.0,2023-03,2,0,0,0,2,4,2,2
20261003,stable,unsupervised,1.0,2023-04,2,0,0,0,2,4,2,2
20261003,stable,unsupervised,1.0,2023-05,2,0,0,0,2,4,2,2
20261003,stable,unsupervised,1.0,2023-06,2,0,0,0,2,4,2,2
20261003,stable,unsupervised,1.0,2023-07,2,0,0,0,2,4,2,2
20261003,stable,unsupervised,1.0,2023-08,2,0,0,0,2,4,2,2
20261003,stable,unsupervised,1.0,2023-09,2,0,0,0,2,4,2,2
20261003,stable,unsupervised,1.0,2023-10,2,0,0,0,2,4,2,2
20261003,stable,unsupervised,1.0,2023-11,2,0,0,0,2,4,2,2
20261003,stable,unsupervised,1.0,2023-12,2,0,0,0,2,4,2,2
20261003,stable,unsupervised,1.0,2024-01,2,0,0,0,2,4,2,2
20261003,stable,unsupervised,1.0,2024-02,2,0,0,0,2,4,2,2
20261003,stable,unsupervised,1.0,2024-03,2,0,0,0,2,4,2,2
20261003,stable,unsupervised,1.0,2024-04,2,0,0,0,2,4,2,2
20261003,stable,unsupervised,1.0,2024-05,2,0,0,0,2,4,2,2
20261003,stable,unsupervised,1.0,2024-06,2,0,0,0,2,4,2,2
20261003,stable,unsupervised,1.0,2024-07,2,0,0,0,2,4,2,2
20261003,stable,unsupervised,1.0,2024-08,2,0,0,0,2,4,2,2
20261003,stable,unsupervised,1.0,2024-09,2,0,0,0,2,4,2,2
20261003,stable,unsupervised,1.0,2024-10,2,0,0,0,2,4,2,2
20261003,stable,unsupervised,1.0,2024-11,2,0,0,0,2,4,2,2
20261003,stable,unsupervised,1.0,2024-12,2,0,0,0,2,4,2,2
20261003,stable,unsupervised,1.25,2023-02,2,0,0,0,2,4,2,2
20261003,stable,unsupervised,1.25,2023-03,2,0,0,0,2,4,2,2
20261003,stable,unsupervised,1.25,2023-04,2,0,0,0,2,4,2,2
20261003,stable,unsupervised,1.25,2023-05,2,0,0,0,2,4,2,2
20261003,stable,unsupervised,1.25,2023-06,2,0,0,0,2,4,2,2
20261003,stable,unsupervised,1.25,2023-07,2,0,0,0,2,4,2,2
20261003,stable,unsupervised,1.25,2023-08,2,0,0,0,2,4,2,2
20261003,stable,unsupervised,1.25,2023-09,2,0,0,0,2,4,2,2
20261003,stable,unsupervised,1.25,2023-10,2,0,0,0,2,4,2,2
20261003,stable,unsupervised,1.25,2023-11,2,0,0,0,2,4,2,2
20261003,stable,unsupervised,1.25,2023-12,2,0,0,0,2,4,2,2
20261003,stable,unsupervised,1.25,2024-01,2,0,0,0,2,4,2,2
20261003,stable,unsupervised,1.25,2024-02,2,0,0,0,2,4,2,2
20261003,stable,unsupervised,1.25,2024-03,2,0,0,0,2,4,2,2
20261003,stable,unsupervised,1.25,2024-04,2,0,0,0,2,4,2,2
20261003,stable,unsupervised,1.25,2024-05,2,0,0,0,2,4,2,2
20261003,stable,unsupervised,1.25,2024-06,2,0,0,0,2,4,2,2
20261003,stable,unsupervised,1.25,2024-07,2,0,0,0,2,4,2,2
20261003,stable,unsupervised,1.25,2024-08,2,0,0,0,2,4,2,2
20261003,stable,unsupervised,1.25,2024-09,2,0,0,0,2,4,2,2
20261003,stable,unsupervised,1.25,2024-10,2,0,0,0,2,4,2,2
20261003,stable,unsupervised,1.25,2024-11,2,0,0,0,2,4,2,2
20261003,stable,unsupervised,1.25,2024-12,2,0,0,0,2,4,2,2
20261003,drift,oracle,0.75,2023-02,2,0,0,0,2,4,2,2
20261003,drift,oracle,0.75,2023-03,2,0,0,0,2,4,2,2
20261003,drift,oracle,0.75,2023-04,2,0,0,0,2,4,2,2
20261003,drift,oracle,0.75,2023-05,2,0,0,0,2,4,2,2
20261003,drift,oracle,0.75,2023-06,2,0,0,0,2,4,2,2
20261003,drift,oracle,0.75,2023-07,2,0,0,0,2,4,2,2
20261003,drift,oracle,0.75,2023-08,2,0,0,0,2,4,2,2
20261003,drift,oracle,0.75,2023-09,2,0,0,0,2,4,2,2
20261003,drift,oracle,0.75,2023-10,2,0,0,0,2,4,2,2
20261003,drift,oracle,0.75,2023-11,2,0,0,0,2,4,2,2
20261003,drift,oracle,0.75,2023-12,2,0,0,0,2,4,2,2
20261003,drift,oracle,0.75,2024-01,2,0,0,0,2,4,2,2
20261003,drift,oracle,0.75,2024-02,2,0,0,0,2,4,2,2
20261003,drift,oracle,0.75,2024-03,2,0,0,0,2,4,2,2
20261003,drift,oracle,0.75,2024-04,2,0,0,0,2,4,2,2
20261003,drift,oracle,0.75,2024-05,2,0,0,0,2,4,2,2
20261003,drift,oracle,0.75,2024-06,2,0,0,0,2,4,2,2
20261003,drift,oracle,0.75,2024-07,2,0,0,0,2,4,2,2
20261003,drift,oracle,0.75,2024-08,2,0,0,0,2,4,2,2
20261003,drift,oracle,0.75,2024-09,2,0,0,0,2,4,2,2
20261003,drift,oracle,0.75,2024-10,2,0,0,0,2,4,2,2
20261003,drift,oracle,0.75,2024-11,2,0,0,0,2,4,2,2
20261003,drift,oracle,0.75,2024-12,2,0,0,0,2,4,2,2
20261003,drift,oracle,1.0,2023-02,2,0,0,0,2,4,2,2
20261003,drift,oracle,1.0,2023-03,2,0,0,0,2,4,2,2
20261003,drift,oracle,1.0,2023-04,2,0,0,0,2,4,2,2
20261003,drift,oracle,1.0,2023-05,2,0,0,0,2,4,2,2
20261003,drift,oracle,1.0,2023-06,2,0,0,0,2,4,2,2
20261003,drift,oracle,1.0,2023-07,2,0,0,0,2,4,2,2
20261003,drift,oracle,1.0,2023-08,2,0,0,0,2,4,2,2
20261003,drift,oracle,1.0,2023-09,2,0,0,0,2,4,2,2
20261003,drift,oracle,1.0,2023-10,2,0,0,0,2,4,2,2
20261003,drift,oracle,1.0,2023-11,2,0,0,0,2,4,2,2
20261003,drift,oracle,1.0,2023-12,2,0,0,0,2,4,2,2
20261003,drift,oracle,1.0,2024-01,2,0,0,0,2,4,2,2
20261003,drift,oracle,1.0,2024-02,2,0,0,0,2,4,2,2
20261003,drift,oracle,1.0,2024-03,2,0,0,0,2,4,2,2
20261003,drift,oracle,1.0,2024-04,2,0,0,0,2,4,2,2
20261003,drift,oracle,1.0,2024-05,2,0,0,0,2,4,2,2
20261003,drift,oracle,1.0,2024-06,2,0,0,0,2,4,2,2
20261003,drift,oracle,1.0,2024-07,2,0,0,0,2,4,2,2
20261003,drift,oracle,1.0,2024-08,2,0,0,0,2,4,2,2
20261003,drift,oracle,1.0,2024-09,2,0,0,0,2,4,2,2
20261003,drift,oracle,1.0,2024-10,2,0,0,0,2,4,2,2
20261003,drift,oracle,1.0,2024-11,2,0,0,0,2,4,2,2
20261003,drift,oracle,1.0,2024-12,2,0,0,0,2,4,2,2
20261003,drift,oracle,1.25,2023-02,2,0,0,0,2,4,2,2
20261003,drift,oracle,1.25,2023-03,2,0,0,0,2,4,2,2
20261003,drift,oracle,1.25,2023-04,2,0,0,0,2,4,2,2
20261003,drift,oracle,1.25,2023-05,2,0,0,0,2,4,2,2
20261003,drift,oracle,1.25,2023-06,2,0,0,0,2,4,2,2
20261003,drift,oracle,1.25,2023-07,2,0,0,0,2,4,2,2
20261003,drift,oracle,1.25,2023-08,2,0,0,0,2,4,2,2
20261003,drift,oracle,1.25,2023-09,2,0,0,0,2,4,2,2
20261003,drift,oracle,1.25,2023-10,2,0,0,0,2,4,2,2
20261003,drift,oracle,1.25,2023-11,2,0,0,0,2,4,2,2
20261003,drift,oracle,1.25,2023-12,2,0,0,0,2,4,2,2
20261003,drift,oracle,1.25,2024-01,2,0,0,0,2,4,2,2
20261003,drift,oracle,1.25,2024-02,2,0,0,0,2,4,2,2
20261003,drift,oracle,1.25,2024-03,2,0,0,0,2,4,2,2
20261003,drift,oracle,1.25,2024-04,2,0,0,0,2,4,2,2
20261003,drift,oracle,1.25,2024-05,2,0,0,0,2,4,2,2
20261003,drift,oracle,1.25,2024-06,2,0,0,0,2,4,2,2
20261003,drift,oracle,1.25,2024-07,2,0,0,0,2,4,2,2
20261003,drift,oracle,1.25,2024-08,2,0,0,0,2,4,2,2
20261003,drift,oracle,1.25,2024-09,2,0,0,0,2,4,2,2
20261003,drift,oracle,1.25,2024-10,2,0,0,0,2,4,2,2
20261003,drift,oracle,1.25,2024-11,2,0,0,0,2,4,2,2
20261003,drift,oracle,1.25,2024-12,2,0,0,0,2,4,2,2
20261003,drift,unsupervised,0.75,2023-02,2,0,0,0,2,4,2,2
20261003,drift,unsupervised,0.75,2023-03,2,0,0,0,2,4,2,2
20261003,drift,unsupervised,0.75,2023-04,2,0,0,0,2,4,2,2
20261003,drift,unsupervised,0.75,2023-05,2,0,0,0,2,4,2,2
20261003,drift,unsupervised,0.75,2023-06,2,0,0,0,2,4,2,2
20261003,drift,unsupervised,0.75,2023-07,2,0,0,0,2,4,2,2
20261003,drift,unsupervised,0.75,2023-08,2,0,0,0,2,4,2,2
20261003,drift,unsupervised,0.75,2023-09,2,0,0,0,2,4,2,2
20261003,drift,unsupervised,0.75,2023-10,2,0,0,0,2,4,2,2
20261003,drift,unsupervised,0.75,2023-11,2,0,0,0,2,4,2,2
20261003,drift,unsupervised,0.75,2023-12,2,0,0,0,2,4,2,2
20261003,drift,unsupervised,0.75,2024-01,2,0,0,0,2,4,2,2
20261003,drift,unsupervised,0.75,2024-02,2,0,0,0,2,4,2,2
20261003,drift,unsupervised,0.75,2024-03,2,0,0,0,2,4,2,2
20261003,drift,unsupervised,0.75,2024-04,2,0,0,0,2,4,2,2
20261003,drift,unsupervised,0.75,2024-05,2,0,0,0,2,4,2,2
20261003,drift,unsupervised,0.75,2024-06,2,0,0,0,2,4,2,2
20261003,drift,unsupervised,0.75,2024-07,2,0,0,0,2,4,2,2
20261003,drift,unsupervised,0.75,2024-08,2,0,0,0,2,4,2,2
20261003,drift,unsupervised,0.75,2024-09,2,0,0,0,2,4,2,2
20261003,drift,unsupervised,0.75,2024-10,2,0,0,0,2,4,2,2
20261003,drift,unsupervised,0.75,2024-11,2,0,0,0,2,4,2,2
20261003,drift,unsupervised,0.75,2024-12,2,0,0,0,2,4,2,2
20261003,drift,unsupervised,1.0,2023-02,2,0,0,0,2,4,2,2
20261003,drift,unsupervised,1.0,2023-03,2,0,0,0,2,4,2,2
20261003,drift,unsupervised,1.0,2023-04,2,0,0,0,2,4,2,2
20261003,drift,unsupervised,1.0,2023-05,2,0,0,0,2,4,2,2
20261003,drift,unsupervised,1.0,2023-06,2,0,0,0,2,4,2,2
20261003,drift,unsupervised,1.0,2023-07,2,0,0,0,2,4,2,2
20261003,drift,unsupervised,1.0,2023-08,2,0,0,0,2,4,2,2
20261003,drift,unsupervised,1.0,2023-09,2,0,0,0,2,4,2,2
20261003,drift,unsupervised,1.0,2023-10,2,0,0,0,2,4,2,2
20261003,drift,unsupervised,1.0,2023-11,2,0,0,0,2,4,2,2
20261003,drift,unsupervised,1.0,2023-12,2,0,0,0,2,4,2,2
20261003,drift,unsupervised,1.0,2024-01,2,0,0,0,2,4,2,2
20261003,drift,unsupervised,1.0,2024-02,2,0,0,0,2,4,2,2
20261003,drift,unsupervised,1.0,2024-03,2,0,0,0,2,4,2,2
20261003,drift,unsupervised,1.0,2024-04,2,0,0,0,2,4,2,2
20261003,drift,unsupervised,1.0,2024-05,2,0,0,0,2,4,2,2
20261003,drift,unsupervised,1.0,2024-06,2,0,0,0,2,4,2,2
20261003,drift,unsupervised,1.0,2024-07,2,0,0,0,2,4,2,2
20261003,drift,unsupervised,1.0,2024-08,2,0,0,0,2,4,2,2
20261003,drift,unsupervised,1.0,2024-09,2,0,0,0,2,4,2,2
20261003,drift,unsupervised,1.0,2024-10,2,0,0,0,2,4,2,2
20261003,drift,unsupervised,1.0,2024-11,2,0,0,0,2,4,2,2
20261003,drift,unsupervised,1.0,2024-12,2,0,0,0,2,4,2,2
20261003,drift,unsupervised,1.25,2023-02,2,0,0,0,2,4,2,2
20261003,drift,unsupervised,1.25,2023-03,2,0,0,0,2,4,2,2
20261003,drift,unsupervised,1.25,2023-04,2,0,0,0,2,4,2,2
20261003,drift,unsupervised,1.25,2023-05,2,0,0,0,2,4,2,2
20261003,drift,unsupervised,1.25,2023-06,2,0,0,0,2,4,2,2
20261003,drift,unsupervised,1.25,2023-07,2,0,0,0,2,4,2,2
20261003,drift,unsupervised,1.25,2023-08,2,0,0,0,2,4,2,2
20261003,drift,unsupervised,1.25,2023-09,2,0,0,0,2,4,2,2
20261003,drift,unsupervised,1.25,2023-10,2,0,0,0,2,4,2,2
20261003,drift,unsupervised,1.25,2023-11,2,0,0,0,2,4,2,2
20261003,drift,unsupervised,1.25,2023-12,2,0,0,0,2,4,2,2
20261003,drift,unsupervised,1.25,2024-01,2,0,0,0,2,4,2,2
20261003,drift,unsupervised,1.25,2024-02,2,0,0,0,2,4,2,2
20261003,drift,unsupervised,1.25,2024-03,2,0,0,0,2,4,2,2
20261003,drift,unsupervised,1.25,2024-04,2,0,0,0,2,4,2,2
20261003,drift,unsupervised,1.25,2024-05,2,0,0,0,2,4,2,2
20261003,drift,unsupervised,1.25,2024-06,2,0,0,0,2,4,2,2
20261003,drift,unsupervised,1.25,2024-07,2,0,0,0,2,4,2,2
20261003,drift,unsupervised,1.25,2024-08,2,0,0,0,2,4,2,2
20261003,drift,unsupervised,1.25,2024-09,2,0,0,0,2,4,2,2
20261003,drift,unsupervised,1.25,2024-10,2,0,0,0,2,4,2,2
20261003,drift,unsupervised,1.25,2024-11,2,0,0,0,2,4,2,2
20261003,drift,unsupervised,1.25,2024-12,2,0,0,0,2,4,2,2
20261003,birth,oracle,0.75,2023-02,2,0,0,0,2,4,2,2
20261003,birth,oracle,0.75,2023-03,2,0,0,0,2,4,2,2
20261003,birth,oracle,0.75,2023-04,2,0,0,0,2,4,2,2
20261003,birth,oracle,0.75,2023-05,2,0,0,0,2,4,2,2
20261003,birth,oracle,0.75,2023-06,2,0,0,0,2,4,2,2
20261003,birth,oracle,0.75,2023-07,2,0,0,0,2,4,2,2
20261003,birth,oracle,0.75,2023-08,2,0,0,0,2,4,2,2
20261003,birth,oracle,0.75,2023-09,2,0,0,0,2,4,2,2
20261003,birth,oracle,0.75,2023-10,2,0,0,0,2,4,2,2
20261003,birth,oracle,0.75,2023-11,2,0,0,0,2,4,2,2
20261003,birth,oracle,0.75,2023-12,2,0,0,0,2,4,2,2
20261003,birth,oracle,0.75,2024-01,2,0,0,0,4,6,2,3
20261003,birth,oracle,0.75,2024-02,3,0,0,0,6,9,3,3
20261003,birth,oracle,0.75,2024-03,3,0,0,0,6,9,3,3
20261003,birth,oracle,0.75,2024-04,3,0,0,0,6,9,3,3
20261003,birth,oracle,0.75,2024-05,3,0,0,0,6,9,3,3
20261003,birth,oracle,0.75,2024-06,3,0,0,0,6,9,3,3
20261003,birth,oracle,0.75,2024-07,3,0,0,0,6,9,3,3
20261003,birth,oracle,0.75,2024-08,3,0,0,0,6,9,3,3
20261003,birth,oracle,0.75,2024-09,3,0,0,0,6,9,3,3
20261003,birth,oracle,0.75,2024-10,3,0,0,0,6,9,3,3
20261003,birth,oracle,0.75,2024-11,3,0,0,0,6,9,3,3
20261003,birth,oracle,0.75,2024-12,3,0,0,0,6,9,3,3
20261003,birth,oracle,1.0,2023-02,2,0,0,0,2,4,2,2
20261003,birth,oracle,1.0,2023-03,2,0,0,0,2,4,2,2
20261003,birth,oracle,1.0,2023-04,2,0,0,0,2,4,2,2
20261003,birth,oracle,1.0,2023-05,2,0,0,0,2,4,2,2
20261003,birth,oracle,1.0,2023-06,2,0,0,0,2,4,2,2
20261003,birth,oracle,1.0,2023-07,2,0,0,0,2,4,2,2
20261003,birth,oracle,1.0,2023-08,2,0,0,0,2,4,2,2
20261003,birth,oracle,1.0,2023-09,2,0,0,0,2,4,2,2
20261003,birth,oracle,1.0,2023-10,2,0,0,0,2,4,2,2
20261003,birth,oracle,1.0,2023-11,2,0,0,0,2,4,2,2
20261003,birth,oracle,1.0,2023-12,2,0,0,0,2,4,2,2
20261003,birth,oracle,1.0,2024-01,2,0,0,0,4,6,2,3
20261003,birth,oracle,1.0,2024-02,3,0,0,0,6,9,3,3
20261003,birth,oracle,1.0,2024-03,3,0,0,0,6,9,3,3
20261003,birth,oracle,1.0,2024-04,3,0,0,0,6,9,3,3
20261003,birth,oracle,1.0,2024-05,3,0,0,0,6,9,3,3
20261003,birth,oracle,1.0,2024-06,3,0,0,0,6,9,3,3
20261003,birth,oracle,1.0,2024-07,3,0,0,0,6,9,3,3
20261003,birth,oracle,1.0,2024-08,3,0,0,0,6,9,3,3
20261003,birth,oracle,1.0,2024-09,3,0,0,0,6,9,3,3
20261003,birth,oracle,1.0,2024-10,3,0,0,0,6,9,3,3
20261003,birth,oracle,1.0,2024-11,3,0,0,0,6,9,3,3
20261003,birth,oracle,1.0,2024-12,3,0,0,0,6,9,3,3
20261003,birth,oracle,1.25,2023-02,2,0,0,0,2,4,2,2
20261003,birth,oracle,1.25,2023-03,2,0,0,0,2,4,2,2
20261003,birth,oracle,1.25,2023-04,2,0,0,0,2,4,2,2
20261003,birth,oracle,1.25,2023-05,2,0,0,0,2,4,2,2
20261003,birth,oracle,1.25,2023-06,2,0,0,0,2,4,2,2
20261003,birth,oracle,1.25,2023-07,2,0,0,0,2,4,2,2
20261003,birth,oracle,1.25,2023-08,2,0,0,0,2,4,2,2
20261003,birth,oracle,1.25,2023-09,2,0,0,0,2,4,2,2
20261003,birth,oracle,1.25,2023-10,2,0,0,0,2,4,2,2
20261003,birth,oracle,1.25,2023-11,2,0,0,0,2,4,2,2
20261003,birth,oracle,1.25,2023-12,2,0,0,0,2,4,2,2
20261003,birth,oracle,1.25,2024-01,2,0,0,0,4,6,2,3
20261003,birth,oracle,1.25,2024-02,2,0,0,1,6,9,3,3
20261003,birth,oracle,1.25,2024-03,3,0,0,0,6,9,3,3
20261003,birth,oracle,1.25,2024-04,3,0,0,0,6,9,3,3
20261003,birth,oracle,1.25,2024-05,2,0,0,1,6,9,3,3
20261003,birth,oracle,1.25,2024-06,2,0,0,1,6,9,3,3
20261003,birth,oracle,1.25,2024-07,2,0,0,1,6,9,3,3
20261003,birth,oracle,1.25,2024-08,2,0,0,1,6,9,3,3
20261003,birth,oracle,1.25,2024-09,2,0,0,1,6,9,3,3
20261003,birth,oracle,1.25,2024-10,2,0,1,1,6,9,3,3
20261003,birth,oracle,1.25,2024-11,2,0,0,1,6,9,3,3
20261003,birth,oracle,1.25,2024-12,2,0,0,1,6,9,3,3
20261003,birth,unsupervised,0.75,2023-02,2,0,0,0,2,4,2,2
20261003,birth,unsupervised,0.75,2023-03,2,0,0,0,2,4,2,2
20261003,birth,unsupervised,0.75,2023-04,2,0,0,0,2,4,2,2
20261003,birth,unsupervised,0.75,2023-05,2,0,0,0,2,4,2,2
20261003,birth,unsupervised,0.75,2023-06,2,0,0,0,2,4,2,2
20261003,birth,unsupervised,0.75,2023-07,2,0,0,0,2,4,2,2
20261003,birth,unsupervised,0.75,2023-08,2,0,0,0,2,4,2,2
20261003,birth,unsupervised,0.75,2023-09,2,0,0,0,2,4,2,2
20261003,birth,unsupervised,0.75,2023-10,2,0,0,0,2,4,2,2
20261003,birth,unsupervised,0.75,2023-11,2,0,0,0,2,4,2,2
20261003,birth,unsupervised,0.75,2023-12,2,0,0,0,2,4,2,2
20261003,birth,unsupervised,0.75,2024-01,2,0,0,0,4,6,2,3
20261003,birth,unsupervised,0.75,2024-02,3,0,0,0,6,9,3,3
20261003,birth,unsupervised,0.75,2024-03,3,0,0,0,6,9,3,3
20261003,birth,unsupervised,0.75,2024-04,3,0,0,0,6,9,3,3
20261003,birth,unsupervised,0.75,2024-05,3,0,0,0,6,9,3,3
20261003,birth,unsupervised,0.75,2024-06,3,0,0,0,6,9,3,3
20261003,birth,unsupervised,0.75,2024-07,3,0,0,0,6,9,3,3
20261003,birth,unsupervised,0.75,2024-08,3,0,0,0,6,9,3,3
20261003,birth,unsupervised,0.75,2024-09,3,0,0,0,6,9,3,3
20261003,birth,unsupervised,0.75,2024-10,3,0,0,0,6,9,3,3
20261003,birth,unsupervised,0.75,2024-11,3,0,0,0,6,9,3,3
20261003,birth,unsupervised,0.75,2024-12,3,0,0,0,6,9,3,3
20261003,birth,unsupervised,1.0,2023-02,2,0,0,0,2,4,2,2
20261003,birth,unsupervised,1.0,2023-03,2,0,0,0,2,4,2,2
20261003,birth,unsupervised,1.0,2023-04,2,0,0,0,2,4,2,2
20261003,birth,unsupervised,1.0,2023-05,2,0,0,0,2,4,2,2
20261003,birth,unsupervised,1.0,2023-06,2,0,0,0,2,4,2,2
20261003,birth,unsupervised,1.0,2023-07,2,0,0,0,2,4,2,2
20261003,birth,unsupervised,1.0,2023-08,2,0,0,0,2,4,2,2
20261003,birth,unsupervised,1.0,2023-09,2,0,0,0,2,4,2,2
20261003,birth,unsupervised,1.0,2023-10,2,0,0,0,2,4,2,2
20261003,birth,unsupervised,1.0,2023-11,2,0,0,0,2,4,2,2
20261003,birth,unsupervised,1.0,2023-12,2,0,0,0,2,4,2,2
20261003,birth,unsupervised,1.0,2024-01,2,0,0,0,4,6,2,3
20261003,birth,unsupervised,1.0,2024-02,3,0,0,0,6,9,3,3
20261003,birth,unsupervised,1.0,2024-03,3,0,0,0,6,9,3,3
20261003,birth,unsupervised,1.0,2024-04,3,0,0,0,6,9,3,3
20261003,birth,unsupervised,1.0,2024-05,3,0,0,0,6,9,3,3
20261003,birth,unsupervised,1.0,2024-06,3,0,0,0,6,9,3,3
20261003,birth,unsupervised,1.0,2024-07,3,0,0,0,6,9,3,3
20261003,birth,unsupervised,1.0,2024-08,3,0,0,0,6,9,3,3
20261003,birth,unsupervised,1.0,2024-09,3,0,0,0,6,9,3,3
20261003,birth,unsupervised,1.0,2024-10,3,0,0,0,6,9,3,3
20261003,birth,unsupervised,1.0,2024-11,3,0,0,0,6,9,3,3
20261003,birth,unsupervised,1.0,2024-12,3,0,0,0,6,9,3,3
20261003,birth,unsupervised,1.25,2023-02,2,0,0,0,2,4,2,2
20261003,birth,unsupervised,1.25,2023-03,2,0,0,0,2,4,2,2
20261003,birth,unsupervised,1.25,2023-04,2,0,0,0,2,4,2,2
20261003,birth,unsupervised,1.25,2023-05,2,0,0,0,2,4,2,2
20261003,birth,unsupervised,1.25,2023-06,2,0,0,0,2,4,2,2
20261003,birth,unsupervised,1.25,2023-07,2,0,0,0,2,4,2,2
20261003,birth,unsupervised,1.25,2023-08,2,0,0,0,2,4,2,2
20261003,birth,unsupervised,1.25,2023-09,2,0,0,0,2,4,2,2
20261003,birth,unsupervised,1.25,2023-10,2,0,0,0,2,4,2,2
20261003,birth,unsupervised,1.25,2023-11,2,0,0,0,2,4,2,2
20261003,birth,unsupervised,1.25,2023-12,2,0,0,0,2,4,2,2
20261003,birth,unsupervised,1.25,2024-01,2,0,0,0,4,6,2,3
20261003,birth,unsupervised,1.25,2024-02,2,0,0,1,6,9,3,3
20261003,birth,unsupervised,1.25,2024-03,3,0,0,0,6,9,3,3
20261003,birth,unsupervised,1.25,2024-04,3,0,0,0,6,9,3,3
20261003,birth,unsupervised,1.25,2024-05,2,0,0,1,6,9,3,3
20261003,birth,unsupervised,1.25,2024-06,2,0,0,1,6,9,3,3
20261003,birth,unsupervised,1.25,2024-07,2,0,0,1,6,9,3,3
20261003,birth,unsupervised,1.25,2024-08,2,0,0,1,6,9,3,3
20261003,birth,unsupervised,1.25,2024-09,2,0,0,1,6,9,3,3
20261003,birth,unsupervised,1.25,2024-10,2,0,1,1,6,9,3,3
20261003,birth,unsupervised,1.25,2024-11,2,0,0,1,6,9,3,3
20261003,birth,unsupervised,1.25,2024-12,2,0,0,1,6,9,3,3
20261003,death,oracle,0.75,2023-02,3,0,0,0,6,9,3,3
20261003,death,oracle,0.75,2023-03,3,0,0,0,6,9,3,3
20261003,death,oracle,0.75,2023-04,3,0,0,0,6,9,3,3
20261003,death,oracle,0.75,2023-05,3,0,0,0,6,9,3,3
20261003,death,oracle,0.75,2023-06,3,0,0,0,6,9,3,3
20261003,death,oracle,0.75,2023-07,3,0,0,0,6,9,3,3
20261003,death,oracle,0.75,2023-08,3,0,0,0,6,9,3,3
20261003,death,oracle,0.75,2023-09,3,0,0,0,6,9,3,3
20261003,death,oracle,0.75,2023-10,3,0,0,0,6,9,3,3
20261003,death,oracle,0.75,2023-11,3,0,0,0,6,9,3,3
20261003,death,oracle,0.75,2023-12,3,0,0,0,6,9,3,3
20261003,death,oracle,0.75,2024-01,3,0,0,0,6,9,3,3
20261003,death,oracle,0.75,2024-02,3,0,0,0,6,9,3,3
20261003,death,oracle,0.75,2024-03,3,0,0,0,6,9,3,3
20261003,death,oracle,0.75,2024-04,3,0,0,0,6,9,3,3
20261003,death,oracle,0.75,2024-05,3,0,0,0,6,9,3,3
20261003,death,oracle,0.75,2024-06,3,0,0,0,6,9,3,3
20261003,death,oracle,0.75,2024-07,2,0,0,0,4,6,2,2
20261003,death,oracle,0.75,2024-08,2,0,0,0,4,6,2,2
20261003,death,oracle,0.75,2024-09,2,0,0,0,4,6,2,2
20261003,death,oracle,0.75,2024-10,2,0,0,0,4,6,2,2
20261003,death,oracle,0.75,2024-11,2,0,0,0,2,4,2,2
20261003,death,oracle,0.75,2024-12,2,0,0,0,2,4,2,2
20261003,death,oracle,1.0,2023-02,3,0,0,0,6,9,3,3
20261003,death,oracle,1.0,2023-03,3,0,0,0,6,9,3,3
20261003,death,oracle,1.0,2023-04,3,0,0,0,6,9,3,3
20261003,death,oracle,1.0,2023-05,3,0,0,0,6,9,3,3
20261003,death,oracle,1.0,2023-06,3,0,0,0,6,9,3,3
20261003,death,oracle,1.0,2023-07,3,0,0,0,6,9,3,3
20261003,death,oracle,1.0,2023-08,3,0,0,0,6,9,3,3
20261003,death,oracle,1.0,2023-09,3,0,0,0,6,9,3,3
20261003,death,oracle,1.0,2023-10,3,0,0,0,6,9,3,3
20261003,death,oracle,1.0,2023-11,3,0,0,0,6,9,3,3
20261003,death,oracle,1.0,2023-12,3,0,0,0,6,9,3,3
20261003,death,oracle,1.0,2024-01,3,0,0,0,6,9,3,3
20261003,death,oracle,1.0,2024-02,3,0,0,0,6,9,3,3
20261003,death,oracle,1.0,2024-03,3,0,0,0,6,9,3,3
20261003,death,oracle,1.0,2024-04,3,0,0,0,6,9,3,3
20261003,death,oracle,1.0,2024-05,3,0,0,0,6,9,3,3
20261003,death,oracle,1.0,2024-06,2,0,0,1,6,9,3,3
20261003,death,oracle,1.0,2024-07,2,0,0,0,4,6,2,2
20261003,death,oracle,1.0,2024-08,2,0,0,0,4,6,2,2
20261003,death,oracle,1.0,2024-09,2,0,0,0,4,6,2,2
20261003,death,oracle,1.0,2024-10,2,0,0,0,4,6,2,2
20261003,death,oracle,1.0,2024-11,2,0,0,0,2,4,2,2
20261003,death,oracle,1.0,2024-12,2,0,0,0,2,4,2,2
20261003,death,oracle,1.25,2023-02,2,0,0,1,6,9,3,3
20261003,death,oracle,1.25,2023-03,2,0,0,1,6,9,3,3
20261003,death,oracle,1.25,2023-04,2,0,0,1,6,9,3,3
20261003,death,oracle,1.25,2023-05,2,0,0,1,6,9,3,3
20261003,death,oracle,1.25,2023-06,2,0,0,1,6,9,3,3
20261003,death,oracle,1.25,2023-07,2,0,0,1,6,9,3,3
20261003,death,oracle,1.25,2023-08,2,0,0,1,6,9,3,3
20261003,death,oracle,1.25,2023-09,2,0,0,1,6,9,3,3
20261003,death,oracle,1.25,2023-10,2,0,0,1,6,9,3,3
20261003,death,oracle,1.25,2023-11,2,0,0,1,6,9,3,3
20261003,death,oracle,1.25,2023-12,2,0,0,1,6,9,3,3
20261003,death,oracle,1.25,2024-01,2,0,0,1,6,9,3,3
20261003,death,oracle,1.25,2024-02,2,0,0,1,6,9,3,3
20261003,death,oracle,1.25,2024-03,2,0,0,1,6,9,3,3
20261003,death,oracle,1.25,2024-04,2,0,0,1,6,9,3,3
20261003,death,oracle,1.25,2024-05,2,0,0,1,6,9,3,3
20261003,death,oracle,1.25,2024-06,2,0,0,1,6,9,3,3
20261003,death,oracle,1.25,2024-07,2,0,0,0,4,6,2,2
20261003,death,oracle,1.25,2024-08,2,0,0,0,4,6,2,2
20261003,death,oracle,1.25,2024-09,2,0,0,0,4,6,2,2
20261003,death,oracle,1.25,2024-10,2,0,0,0,4,6,2,2
20261003,death,oracle,1.25,2024-11,2,0,0,0,2,4,2,2
20261003,death,oracle,1.25,2024-12,2,0,0,0,2,4,2,2
20261003,death,unsupervised,0.75,2023-02,3,0,0,0,6,9,3,3
20261003,death,unsupervised,0.75,2023-03,3,0,0,0,6,9,3,3
20261003,death,unsupervised,0.75,2023-04,3,0,0,0,6,9,3,3
20261003,death,unsupervised,0.75,2023-05,3,0,0,0,6,9,3,3
20261003,death,unsupervised,0.75,2023-06,3,0,0,0,6,9,3,3
20261003,death,unsupervised,0.75,2023-07,3,0,0,0,6,9,3,3
20261003,death,unsupervised,0.75,2023-08,3,0,0,0,6,9,3,3
20261003,death,unsupervised,0.75,2023-09,3,0,0,0,6,9,3,3
20261003,death,unsupervised,0.75,2023-10,3,0,0,0,6,9,3,3
20261003,death,unsupervised,0.75,2023-11,3,0,0,0,6,9,3,3
20261003,death,unsupervised,0.75,2023-12,3,0,0,0,6,9,3,3
20261003,death,unsupervised,0.75,2024-01,3,0,0,0,6,9,3,3
20261003,death,unsupervised,0.75,2024-02,3,0,0,0,6,9,3,3
20261003,death,unsupervised,0.75,2024-03,3,0,0,0,6,9,3,3
20261003,death,unsupervised,0.75,2024-04,3,0,0,0,6,9,3,3
20261003,death,unsupervised,0.75,2024-05,3,0,0,0,6,9,3,3
20261003,death,unsupervised,0.75,2024-06,3,0,0,0,6,9,3,3
20261003,death,unsupervised,0.75,2024-07,2,0,0,0,4,6,2,2
20261003,death,unsupervised,0.75,2024-08,2,0,0,0,4,6,2,2
20261003,death,unsupervised,0.75,2024-09,2,0,0,0,4,6,2,2
20261003,death,unsupervised,0.75,2024-10,2,0,0,0,4,6,2,2
20261003,death,unsupervised,0.75,2024-11,2,0,0,0,2,4,2,2
20261003,death,unsupervised,0.75,2024-12,2,0,0,0,2,4,2,2
20261003,death,unsupervised,1.0,2023-02,3,0,0,0,6,9,3,3
20261003,death,unsupervised,1.0,2023-03,3,0,0,0,6,9,3,3
20261003,death,unsupervised,1.0,2023-04,3,0,0,0,6,9,3,3
20261003,death,unsupervised,1.0,2023-05,3,0,0,0,6,9,3,3
20261003,death,unsupervised,1.0,2023-06,3,0,0,0,6,9,3,3
20261003,death,unsupervised,1.0,2023-07,3,0,0,0,6,9,3,3
20261003,death,unsupervised,1.0,2023-08,3,0,0,0,6,9,3,3
20261003,death,unsupervised,1.0,2023-09,3,0,0,0,6,9,3,3
20261003,death,unsupervised,1.0,2023-10,3,0,0,0,6,9,3,3
20261003,death,unsupervised,1.0,2023-11,3,0,0,0,6,9,3,3
20261003,death,unsupervised,1.0,2023-12,3,0,0,0,6,9,3,3
20261003,death,unsupervised,1.0,2024-01,3,0,0,0,6,9,3,3
20261003,death,unsupervised,1.0,2024-02,3,0,0,0,6,9,3,3
20261003,death,unsupervised,1.0,2024-03,3,0,0,0,6,9,3,3
20261003,death,unsupervised,1.0,2024-04,3,0,0,0,6,9,3,3
20261003,death,unsupervised,1.0,2024-05,3,0,0,0,6,9,3,3
20261003,death,unsupervised,1.0,2024-06,2,0,0,1,6,9,3,3
20261003,death,unsupervised,1.0,2024-07,2,0,0,0,4,6,2,2
20261003,death,unsupervised,1.0,2024-08,2,0,0,0,4,6,2,2
20261003,death,unsupervised,1.0,2024-09,2,0,0,0,4,6,2,2
20261003,death,unsupervised,1.0,2024-10,2,0,0,0,4,6,2,2
20261003,death,unsupervised,1.0,2024-11,2,0,0,0,2,4,2,2
20261003,death,unsupervised,1.0,2024-12,2,0,0,0,2,4,2,2
20261003,death,unsupervised,1.25,2023-02,2,0,0,1,6,9,3,3
20261003,death,unsupervised,1.25,2023-03,2,0,0,1,6,9,3,3
20261003,death,unsupervised,1.25,2023-04,2,0,0,1,6,9,3,3
20261003,death,unsupervised,1.25,2023-05,2,0,0,1,6,9,3,3
20261003,death,unsupervised,1.25,2023-06,2,0,0,1,6,9,3,3
20261003,death,unsupervised,1.25,2023-07,2,0,0,1,6,9,3,3
20261003,death,unsupervised,1.25,2023-08,2,0,0,1,6,9,3,3
20261003,death,unsupervised,1.25,2023-09,2,0,0,1,6,9,3,3
20261003,death,unsupervised,1.25,2023-10,2,0,0,1,6,9,3,3
20261003,death,unsupervised,1.25,2023-11,2,0,0,1,6,9,3,3
20261003,death,unsupervised,1.25,2023-12,2,0,0,1,6,9,3,3
20261003,death,unsupervised,1.25,2024-01,2,0,0,1,6,9,3,3
20261003,death,unsupervised,1.25,2024-02,2,0,0,1,6,9,3,3
20261003,death,unsupervised,1.25,2024-03,2,0,0,1,6,9,3,3
20261003,death,unsupervised,1.25,2024-04,2,0,0,1,6,9,3,3
20261003,death,unsupervised,1.25,2024-05,2,0,0,1,6,9,3,3
20261003,death,unsupervised,1.25,2024-06,2,0,0,1,6,9,3,3
20261003,death,unsupervised,1.25,2024-07,2,0,0,0,4,6,2,2
20261003,death,unsupervised,1.25,2024-08,2,0,0,0,4,6,2,2
20261003,death,unsupervised,1.25,2024-09,2,0,0,0,4,6,2,2
20261003,death,unsupervised,1.25,2024-10,2,0,0,0,4,6,2,2
20261003,death,unsupervised,1.25,2024-11,2,0,0,0,2,4,2,2
20261003,death,unsupervised,1.25,2024-12,2,0,0,0,2,4,2,2
20261003,split,oracle,0.75,2023-02,2,0,0,0,2,4,2,2
20261003,split,oracle,0.75,2023-03,2,0,0,0,2,4,2,2
20261003,split,oracle,0.75,2023-04,2,0,0,0,2,4,2,2
20261003,split,oracle,0.75,2023-05,2,0,0,0,2,4,2,2
20261003,split,oracle,0.75,2023-06,2,0,0,0,2,4,2,2
20261003,split,oracle,0.75,2023-07,2,0,0,0,2,4,2,2
20261003,split,oracle,0.75,2023-08,2,0,0,0,2,4,2,2
20261003,split,oracle,0.75,2023-09,2,0,0,0,2,4,2,2
20261003,split,oracle,0.75,2023-10,2,0,0,0,2,4,2,2
20261003,split,oracle,0.75,2023-11,2,0,0,0,2,4,2,2
20261003,split,oracle,0.75,2023-12,2,0,0,0,2,4,2,2
20261003,split,oracle,0.75,2024-01,2,0,0,0,2,4,2,2
20261003,split,oracle,0.75,2024-02,2,0,0,0,2,4,2,2
20261003,split,oracle,0.75,2024-03,1,0,0,0,5,6,1,3
20261003,split,oracle,0.75,2024-04,3,0,0,0,9,12,3,3
20261003,split,oracle,0.75,2024-05,3,0,0,0,9,12,3,3
20261003,split,oracle,0.75,2024-06,3,0,0,0,9,12,3,3
20261003,split,oracle,0.75,2024-07,3,0,0,0,6,9,3,3
20261003,split,oracle,0.75,2024-08,3,0,0,0,6,9,3,3
20261003,split,oracle,0.75,2024-09,3,0,0,0,6,9,3,3
20261003,split,oracle,0.75,2024-10,3,0,0,0,6,9,3,3
20261003,split,oracle,0.75,2024-11,3,0,0,0,6,9,3,3
20261003,split,oracle,0.75,2024-12,3,0,0,0,6,9,3,3
20261003,split,oracle,1.0,2023-02,2,0,0,0,2,4,2,2
20261003,split,oracle,1.0,2023-03,2,0,0,0,2,4,2,2
20261003,split,oracle,1.0,2023-04,2,0,0,0,2,4,2,2
20261003,split,oracle,1.0,2023-05,2,0,0,0,2,4,2,2
20261003,split,oracle,1.0,2023-06,2,0,0,0,2,4,2,2
20261003,split,oracle,1.0,2023-07,2,0,0,0,2,4,2,2
20261003,split,oracle,1.0,2023-08,2,0,0,0,2,4,2,2
20261003,split,oracle,1.0,2023-09,2,0,0,0,2,4,2,2
20261003,split,oracle,1.0,2023-10,2,0,0,0,2,4,2,2
20261003,split,oracle,1.0,2023-11,2,0,0,0,2,4,2,2
20261003,split,oracle,1.0,2023-12,2,0,0,0,2,4,2,2
20261003,split,oracle,1.0,2024-01,2,0,0,0,2,4,2,2
20261003,split,oracle,1.0,2024-02,2,0,0,0,2,4,2,2
20261003,split,oracle,1.0,2024-03,1,0,0,0,5,6,1,3
20261003,split,oracle,1.0,2024-04,3,0,0,0,9,12,3,3
20261003,split,oracle,1.0,2024-05,3,0,0,0,9,12,3,3
20261003,split,oracle,1.0,2024-06,3,0,0,0,9,12,3,3
20261003,split,oracle,1.0,2024-07,3,0,0,0,6,9,3,3
20261003,split,oracle,1.0,2024-08,3,0,0,0,6,9,3,3
20261003,split,oracle,1.0,2024-09,3,0,0,0,6,9,3,3
20261003,split,oracle,1.0,2024-10,3,0,0,0,6,9,3,3
20261003,split,oracle,1.0,2024-11,3,0,0,0,6,9,3,3
20261003,split,oracle,1.0,2024-12,3,0,0,0,6,9,3,3
20261003,split,oracle,1.25,2023-02,2,0,0,0,2,4,2,2
20261003,split,oracle,1.25,2023-03,2,0,0,0,2,4,2,2
20261003,split,oracle,1.25,2023-04,2,0,0,0,2,4,2,2
20261003,split,oracle,1.25,2023-05,2,0,0,0,2,4,2,2
20261003,split,oracle,1.25,2023-06,2,0,0,0,2,4,2,2
20261003,split,oracle,1.25,2023-07,2,0,0,0,2,4,2,2
20261003,split,oracle,1.25,2023-08,2,0,0,0,2,4,2,2
20261003,split,oracle,1.25,2023-09,2,0,0,0,2,4,2,2
20261003,split,oracle,1.25,2023-10,2,0,0,0,2,4,2,2
20261003,split,oracle,1.25,2023-11,2,0,0,0,2,4,2,2
20261003,split,oracle,1.25,2023-12,2,0,0,0,2,4,2,2
20261003,split,oracle,1.25,2024-01,2,0,0,0,2,4,2,2
20261003,split,oracle,1.25,2024-02,2,0,0,0,2,4,2,2
20261003,split,oracle,1.25,2024-03,1,0,0,0,5,6,1,3
20261003,split,oracle,1.25,2024-04,2,0,0,1,9,12,3,3
20261003,split,oracle,1.25,2024-05,2,0,0,1,9,12,3,3
20261003,split,oracle,1.25,2024-06,1,0,0,2,9,12,3,3
20261003,split,oracle,1.25,2024-07,3,0,0,0,6,9,3,3
20261003,split,oracle,1.25,2024-08,3,0,0,0,6,9,3,3
20261003,split,oracle,1.25,2024-09,3,0,0,0,6,9,3,3
20261003,split,oracle,1.25,2024-10,3,0,0,0,6,9,3,3
20261003,split,oracle,1.25,2024-11,3,0,0,0,6,9,3,3
20261003,split,oracle,1.25,2024-12,3,0,0,0,6,9,3,3
20261003,split,unsupervised,0.75,2023-02,2,0,0,0,2,4,2,2
20261003,split,unsupervised,0.75,2023-03,2,0,0,0,2,4,2,2
20261003,split,unsupervised,0.75,2023-04,2,0,0,0,2,4,2,2
20261003,split,unsupervised,0.75,2023-05,2,0,0,0,2,4,2,2
20261003,split,unsupervised,0.75,2023-06,2,0,0,0,2,4,2,2
20261003,split,unsupervised,0.75,2023-07,2,0,0,0,2,4,2,2
20261003,split,unsupervised,0.75,2023-08,2,0,0,0,2,4,2,2
20261003,split,unsupervised,0.75,2023-09,2,0,0,0,2,4,2,2
20261003,split,unsupervised,0.75,2023-10,2,0,0,0,2,4,2,2
20261003,split,unsupervised,0.75,2023-11,2,0,0,0,2,4,2,2
20261003,split,unsupervised,0.75,2023-12,2,0,0,0,2,4,2,2
20261003,split,unsupervised,0.75,2024-01,2,0,0,0,2,4,2,2
20261003,split,unsupervised,0.75,2024-02,2,0,0,0,2,4,2,2
20261003,split,unsupervised,0.75,2024-03,1,0,0,0,5,6,1,3
20261003,split,unsupervised,0.75,2024-04,3,0,0,0,9,12,3,3
20261003,split,unsupervised,0.75,2024-05,3,0,0,0,9,12,3,3
20261003,split,unsupervised,0.75,2024-06,3,0,0,0,9,12,3,3
20261003,split,unsupervised,0.75,2024-07,3,0,0,0,6,9,3,3
20261003,split,unsupervised,0.75,2024-08,3,0,0,0,6,9,3,3
20261003,split,unsupervised,0.75,2024-09,3,0,0,0,6,9,3,3
20261003,split,unsupervised,0.75,2024-10,3,0,0,0,6,9,3,3
20261003,split,unsupervised,0.75,2024-11,3,0,0,0,6,9,3,3
20261003,split,unsupervised,0.75,2024-12,3,0,0,0,6,9,3,3
20261003,split,unsupervised,1.0,2023-02,2,0,0,0,2,4,2,2
20261003,split,unsupervised,1.0,2023-03,2,0,0,0,2,4,2,2
20261003,split,unsupervised,1.0,2023-04,2,0,0,0,2,4,2,2
20261003,split,unsupervised,1.0,2023-05,2,0,0,0,2,4,2,2
20261003,split,unsupervised,1.0,2023-06,2,0,0,0,2,4,2,2
20261003,split,unsupervised,1.0,2023-07,2,0,0,0,2,4,2,2
20261003,split,unsupervised,1.0,2023-08,2,0,0,0,2,4,2,2
20261003,split,unsupervised,1.0,2023-09,2,0,0,0,2,4,2,2
20261003,split,unsupervised,1.0,2023-10,2,0,0,0,2,4,2,2
20261003,split,unsupervised,1.0,2023-11,2,0,0,0,2,4,2,2
20261003,split,unsupervised,1.0,2023-12,2,0,0,0,2,4,2,2
20261003,split,unsupervised,1.0,2024-01,2,0,0,0,2,4,2,2
20261003,split,unsupervised,1.0,2024-02,2,0,0,0,2,4,2,2
20261003,split,unsupervised,1.0,2024-03,1,0,0,0,5,6,1,3
20261003,split,unsupervised,1.0,2024-04,3,0,0,0,9,12,3,3
20261003,split,unsupervised,1.0,2024-05,3,0,0,0,9,12,3,3
20261003,split,unsupervised,1.0,2024-06,3,0,0,0,9,12,3,3
20261003,split,unsupervised,1.0,2024-07,3,0,0,0,6,9,3,3
20261003,split,unsupervised,1.0,2024-08,3,0,0,0,6,9,3,3
20261003,split,unsupervised,1.0,2024-09,3,0,0,0,6,9,3,3
20261003,split,unsupervised,1.0,2024-10,3,0,0,0,6,9,3,3
20261003,split,unsupervised,1.0,2024-11,3,0,0,0,6,9,3,3
20261003,split,unsupervised,1.0,2024-12,3,0,0,0,6,9,3,3
20261003,split,unsupervised,1.25,2023-02,2,0,0,0,2,4,2,2
20261003,split,unsupervised,1.25,2023-03,2,0,0,0,2,4,2,2
20261003,split,unsupervised,1.25,2023-04,2,0,0,0,2,4,2,2
20261003,split,unsupervised,1.25,2023-05,2,0,0,0,2,4,2,2
20261003,split,unsupervised,1.25,2023-06,2,0,0,0,2,4,2,2
20261003,split,unsupervised,1.25,2023-07,2,0,0,0,2,4,2,2
20261003,split,unsupervised,1.25,2023-08,2,0,0,0,2,4,2,2
20261003,split,unsupervised,1.25,2023-09,2,0,0,0,2,4,2,2
20261003,split,unsupervised,1.25,2023-10,2,0,0,0,2,4,2,2
20261003,split,unsupervised,1.25,2023-11,2,0,0,0,2,4,2,2
20261003,split,unsupervised,1.25,2023-12,2,0,0,0,2,4,2,2
20261003,split,unsupervised,1.25,2024-01,2,0,0,0,2,4,2,2
20261003,split,unsupervised,1.25,2024-02,2,0,0,0,2,4,2,2
20261003,split,unsupervised,1.25,2024-03,1,0,0,0,5,6,1,3
20261003,split,unsupervised,1.25,2024-04,2,0,0,1,9,12,3,3
20261003,split,unsupervised,1.25,2024-05,2,0,0,1,9,12,3,3
20261003,split,unsupervised,1.25,2024-06,1,0,0,2,9,12,3,3
20261003,split,unsupervised,1.25,2024-07,3,0,0,0,6,9,3,3
20261003,split,unsupervised,1.25,2024-08,3,0,0,0,6,9,3,3
20261003,split,unsupervised,1.25,2024-09,3,0,0,0,6,9,3,3
20261003,split,unsupervised,1.25,2024-10,3,0,0,0,6,9,3,3
20261003,split,unsupervised,1.25,2024-11,3,0,0,0,6,9,3,3
20261003,split,unsupervised,1.25,2024-12,3,0,0,0,6,9,3,3
20261003,merge,oracle,0.75,2023-02,3,0,0,0,6,9,3,3
20261003,merge,oracle,0.75,2023-03,3,0,0,0,6,9,3,3
20261003,merge,oracle,0.75,2023-04,3,0,0,0,6,9,3,3
20261003,merge,oracle,0.75,2023-05,3,0,0,0,6,9,3,3
20261003,merge,oracle,0.75,2023-06,3,0,0,0,6,9,3,3
20261003,merge,oracle,0.75,2023-07,3,0,0,0,6,9,3,3
20261003,merge,oracle,0.75,2023-08,3,0,0,0,6,9,3,3
20261003,merge,oracle,0.75,2023-09,3,0,0,0,6,9,3,3
20261003,merge,oracle,0.75,2023-10,3,0,0,0,6,9,3,3
20261003,merge,oracle,0.75,2023-11,3,0,0,0,6,9,3,3
20261003,merge,oracle,0.75,2023-12,3,0,0,0,6,9,3,3
20261003,merge,oracle,0.75,2024-01,3,0,0,0,6,9,3,3
20261003,merge,oracle,0.75,2024-02,3,0,0,0,6,9,3,3
20261003,merge,oracle,0.75,2024-03,1,0,0,0,5,6,1,2
20261003,merge,oracle,0.75,2024-04,2,0,0,0,6,8,2,2
20261003,merge,oracle,0.75,2024-05,2,0,0,0,6,8,2,2
20261003,merge,oracle,0.75,2024-06,2,0,0,0,6,8,2,2
20261003,merge,oracle,0.75,2024-07,2,0,0,0,2,4,2,2
20261003,merge,oracle,0.75,2024-08,2,0,0,0,2,4,2,2
20261003,merge,oracle,0.75,2024-09,2,0,0,0,2,4,2,2
20261003,merge,oracle,0.75,2024-10,2,0,0,0,2,4,2,2
20261003,merge,oracle,0.75,2024-11,2,0,0,0,2,4,2,2
20261003,merge,oracle,0.75,2024-12,2,0,0,0,2,4,2,2
20261003,merge,oracle,1.0,2023-02,3,0,0,0,6,9,3,3
20261003,merge,oracle,1.0,2023-03,3,0,0,0,6,9,3,3
20261003,merge,oracle,1.0,2023-04,3,0,0,0,6,9,3,3
20261003,merge,oracle,1.0,2023-05,3,0,0,0,6,9,3,3
20261003,merge,oracle,1.0,2023-06,3,0,0,0,6,9,3,3
20261003,merge,oracle,1.0,2023-07,3,0,0,0,6,9,3,3
20261003,merge,oracle,1.0,2023-08,3,0,0,0,6,9,3,3
20261003,merge,oracle,1.0,2023-09,3,0,0,0,6,9,3,3
20261003,merge,oracle,1.0,2023-10,3,0,0,0,6,9,3,3
20261003,merge,oracle,1.0,2023-11,3,0,0,0,6,9,3,3
20261003,merge,oracle,1.0,2023-12,3,0,0,0,6,9,3,3
20261003,merge,oracle,1.0,2024-01,3,0,0,0,6,9,3,3
20261003,merge,oracle,1.0,2024-02,3,0,0,0,6,9,3,3
20261003,merge,oracle,1.0,2024-03,1,0,0,0,5,6,1,2
20261003,merge,oracle,1.0,2024-04,2,0,0,0,6,8,2,2
20261003,merge,oracle,1.0,2024-05,2,0,0,0,6,8,2,2
20261003,merge,oracle,1.0,2024-06,2,0,0,0,6,8,2,2
20261003,merge,oracle,1.0,2024-07,2,0,0,0,2,4,2,2
20261003,merge,oracle,1.0,2024-08,2,0,0,0,2,4,2,2
20261003,merge,oracle,1.0,2024-09,2,0,0,0,2,4,2,2
20261003,merge,oracle,1.0,2024-10,2,0,0,0,2,4,2,2
20261003,merge,oracle,1.0,2024-11,2,0,0,0,2,4,2,2
20261003,merge,oracle,1.0,2024-12,2,0,0,0,2,4,2,2
20261003,merge,oracle,1.25,2023-02,3,0,0,0,6,9,3,3
20261003,merge,oracle,1.25,2023-03,3,0,0,0,6,9,3,3
20261003,merge,oracle,1.25,2023-04,3,0,0,0,6,9,3,3
20261003,merge,oracle,1.25,2023-05,3,0,0,0,6,9,3,3
20261003,merge,oracle,1.25,2023-06,3,0,0,0,6,9,3,3
20261003,merge,oracle,1.25,2023-07,3,0,0,0,6,9,3,3
20261003,merge,oracle,1.25,2023-08,3,0,0,0,6,9,3,3
20261003,merge,oracle,1.25,2023-09,3,0,0,0,6,9,3,3
20261003,merge,oracle,1.25,2023-10,3,0,0,0,6,9,3,3
20261003,merge,oracle,1.25,2023-11,3,0,0,0,6,9,3,3
20261003,merge,oracle,1.25,2023-12,3,0,0,0,6,9,3,3
20261003,merge,oracle,1.25,2024-01,3,0,0,0,6,9,3,3
20261003,merge,oracle,1.25,2024-02,3,0,0,0,6,9,3,3
20261003,merge,oracle,1.25,2024-03,1,0,0,0,5,6,1,2
20261003,merge,oracle,1.25,2024-04,2,0,0,0,6,8,2,2
20261003,merge,oracle,1.25,2024-05,2,0,0,0,6,8,2,2
20261003,merge,oracle,1.25,2024-06,2,0,0,0,6,8,2,2
20261003,merge,oracle,1.25,2024-07,2,0,0,0,2,4,2,2
20261003,merge,oracle,1.25,2024-08,2,0,0,0,2,4,2,2
20261003,merge,oracle,1.25,2024-09,2,0,0,0,2,4,2,2
20261003,merge,oracle,1.25,2024-10,2,0,0,0,2,4,2,2
20261003,merge,oracle,1.25,2024-11,2,0,0,0,2,4,2,2
20261003,merge,oracle,1.25,2024-12,2,0,0,0,2,4,2,2
20261003,merge,unsupervised,0.75,2023-02,3,0,0,0,6,9,3,3
20261003,merge,unsupervised,0.75,2023-03,3,0,0,0,6,9,3,3
20261003,merge,unsupervised,0.75,2023-04,3,0,0,0,6,9,3,3
20261003,merge,unsupervised,0.75,2023-05,3,0,0,0,6,9,3,3
20261003,merge,unsupervised,0.75,2023-06,3,0,0,0,6,9,3,3
20261003,merge,unsupervised,0.75,2023-07,3,0,0,0,6,9,3,3
20261003,merge,unsupervised,0.75,2023-08,3,0,0,0,6,9,3,3
20261003,merge,unsupervised,0.75,2023-09,3,0,0,0,6,9,3,3
20261003,merge,unsupervised,0.75,2023-10,3,0,0,0,6,9,3,3
20261003,merge,unsupervised,0.75,2023-11,3,0,0,0,6,9,3,3
20261003,merge,unsupervised,0.75,2023-12,3,0,0,0,6,9,3,3
20261003,merge,unsupervised,0.75,2024-01,3,0,0,0,6,9,3,3
20261003,merge,unsupervised,0.75,2024-02,3,0,0,0,6,9,3,3
20261003,merge,unsupervised,0.75,2024-03,1,0,0,0,5,6,1,2
20261003,merge,unsupervised,0.75,2024-04,2,0,0,0,6,8,2,2
20261003,merge,unsupervised,0.75,2024-05,2,0,0,0,6,8,2,2
20261003,merge,unsupervised,0.75,2024-06,2,0,0,0,6,8,2,2
20261003,merge,unsupervised,0.75,2024-07,2,0,0,0,2,4,2,2
20261003,merge,unsupervised,0.75,2024-08,2,0,0,0,2,4,2,2
20261003,merge,unsupervised,0.75,2024-09,2,0,0,0,2,4,2,2
20261003,merge,unsupervised,0.75,2024-10,2,0,0,0,2,4,2,2
20261003,merge,unsupervised,0.75,2024-11,2,0,0,0,2,4,2,2
20261003,merge,unsupervised,0.75,2024-12,2,0,0,0,2,4,2,2
20261003,merge,unsupervised,1.0,2023-02,3,0,0,0,6,9,3,3
20261003,merge,unsupervised,1.0,2023-03,3,0,0,0,6,9,3,3
20261003,merge,unsupervised,1.0,2023-04,3,0,0,0,6,9,3,3
20261003,merge,unsupervised,1.0,2023-05,3,0,0,0,6,9,3,3
20261003,merge,unsupervised,1.0,2023-06,3,0,0,0,6,9,3,3
20261003,merge,unsupervised,1.0,2023-07,3,0,0,0,6,9,3,3
20261003,merge,unsupervised,1.0,2023-08,3,0,0,0,6,9,3,3
20261003,merge,unsupervised,1.0,2023-09,3,0,0,0,6,9,3,3
20261003,merge,unsupervised,1.0,2023-10,3,0,0,0,6,9,3,3
20261003,merge,unsupervised,1.0,2023-11,3,0,0,0,6,9,3,3
20261003,merge,unsupervised,1.0,2023-12,3,0,0,0,6,9,3,3
20261003,merge,unsupervised,1.0,2024-01,3,0,0,0,6,9,3,3
20261003,merge,unsupervised,1.0,2024-02,3,0,0,0,6,9,3,3
20261003,merge,unsupervised,1.0,2024-03,1,0,0,0,5,6,1,2
20261003,merge,unsupervised,1.0,2024-04,2,0,0,0,6,8,2,2
20261003,merge,unsupervised,1.0,2024-05,2,0,0,0,6,8,2,2
20261003,merge,unsupervised,1.0,2024-06,2,0,0,0,6,8,2,2
20261003,merge,unsupervised,1.0,2024-07,2,0,0,0,2,4,2,2
20261003,merge,unsupervised,1.0,2024-08,2,0,0,0,2,4,2,2
20261003,merge,unsupervised,1.0,2024-09,2,0,0,0,2,4,2,2
20261003,merge,unsupervised,1.0,2024-10,2,0,0,0,2,4,2,2
20261003,merge,unsupervised,1.0,2024-11,2,0,0,0,2,4,2,2
20261003,merge,unsupervised,1.0,2024-12,2,0,0,0,2,4,2,2
20261003,merge,unsupervised,1.25,2023-02,3,0,0,0,6,9,3,3
20261003,merge,unsupervised,1.25,2023-03,3,0,0,0,6,9,3,3
20261003,merge,unsupervised,1.25,2023-04,3,0,0,0,6,9,3,3
20261003,merge,unsupervised,1.25,2023-05,3,0,0,0,6,9,3,3
20261003,merge,unsupervised,1.25,2023-06,3,0,0,0,6,9,3,3
20261003,merge,unsupervised,1.25,2023-07,3,0,0,0,6,9,3,3
20261003,merge,unsupervised,1.25,2023-08,3,0,0,0,6,9,3,3
20261003,merge,unsupervised,1.25,2023-09,3,0,0,0,6,9,3,3
20261003,merge,unsupervised,1.25,2023-10,3,0,0,0,6,9,3,3
20261003,merge,unsupervised,1.25,2023-11,3,0,0,0,6,9,3,3
20261003,merge,unsupervised,1.25,2023-12,3,0,0,0,6,9,3,3
20261003,merge,unsupervised,1.25,2024-01,3,0,0,0,6,9,3,3
20261003,merge,unsupervised,1.25,2024-02,3,0,0,0,6,9,3,3
20261003,merge,unsupervised,1.25,2024-03,1,0,0,0,5,6,1,2
20261003,merge,unsupervised,1.25,2024-04,2,0,0,0,6,8,2,2
20261003,merge,unsupervised,1.25,2024-05,2,0,0,0,6,8,2,2
20261003,merge,unsupervised,1.25,2024-06,2,0,0,0,6,8,2,2
20261003,merge,unsupervised,1.25,2024-07,2,0,0,0,2,4,2,2
20261003,merge,unsupervised,1.25,2024-08,2,0,0,0,2,4,2,2
20261003,merge,unsupervised,1.25,2024-09,2,0,0,0,2,4,2,2
20261003,merge,unsupervised,1.25,2024-10,2,0,0,0,2,4,2,2
20261003,merge,unsupervised,1.25,2024-11,2,0,0,0,2,4,2,2
20261003,merge,unsupervised,1.25,2024-12,2,0,0,0,2,4,2,2
20261003,proximity,oracle,0.75,2023-02,2,0,0,0,2,4,2,2
20261003,proximity,oracle,0.75,2023-03,2,0,0,0,2,4,2,2
20261003,proximity,oracle,0.75,2023-04,2,0,0,0,2,4,2,2
20261003,proximity,oracle,0.75,2023-05,2,0,0,0,2,4,2,2
20261003,proximity,oracle,0.75,2023-06,2,0,0,0,2,4,2,2
20261003,proximity,oracle,0.75,2023-07,2,0,0,0,2,4,2,2
20261003,proximity,oracle,0.75,2023-08,2,0,0,0,2,4,2,2
20261003,proximity,oracle,0.75,2023-09,2,0,0,0,2,4,2,2
20261003,proximity,oracle,0.75,2023-10,2,0,0,0,2,4,2,2
20261003,proximity,oracle,0.75,2023-11,2,0,0,0,2,4,2,2
20261003,proximity,oracle,0.75,2023-12,2,0,0,0,2,4,2,2
20261003,proximity,oracle,0.75,2024-01,2,0,0,0,2,4,2,2
20261003,proximity,oracle,0.75,2024-02,2,0,0,0,2,4,2,2
20261003,proximity,oracle,0.75,2024-03,2,0,0,0,2,4,2,2
20261003,proximity,oracle,0.75,2024-04,2,0,0,0,2,4,2,2
20261003,proximity,oracle,0.75,2024-05,2,0,0,0,2,4,2,2
20261003,proximity,oracle,0.75,2024-06,2,0,0,0,2,4,2,2
20261003,proximity,oracle,0.75,2024-07,2,0,0,0,2,4,2,2
20261003,proximity,oracle,0.75,2024-08,2,0,0,0,2,4,2,2
20261003,proximity,oracle,0.75,2024-09,2,0,0,0,2,4,2,2
20261003,proximity,oracle,0.75,2024-10,2,0,0,0,2,4,2,2
20261003,proximity,oracle,0.75,2024-11,2,0,0,0,2,4,2,2
20261003,proximity,oracle,0.75,2024-12,2,0,0,0,2,4,2,2
20261003,proximity,oracle,1.0,2023-02,2,0,0,0,2,4,2,2
20261003,proximity,oracle,1.0,2023-03,2,0,0,0,2,4,2,2
20261003,proximity,oracle,1.0,2023-04,2,0,0,0,2,4,2,2
20261003,proximity,oracle,1.0,2023-05,2,0,0,0,2,4,2,2
20261003,proximity,oracle,1.0,2023-06,2,0,0,0,2,4,2,2
20261003,proximity,oracle,1.0,2023-07,2,0,0,0,2,4,2,2
20261003,proximity,oracle,1.0,2023-08,2,0,0,0,2,4,2,2
20261003,proximity,oracle,1.0,2023-09,2,0,0,0,2,4,2,2
20261003,proximity,oracle,1.0,2023-10,2,0,0,0,2,4,2,2
20261003,proximity,oracle,1.0,2023-11,2,0,0,0,2,4,2,2
20261003,proximity,oracle,1.0,2023-12,2,0,0,0,2,4,2,2
20261003,proximity,oracle,1.0,2024-01,2,0,0,0,2,4,2,2
20261003,proximity,oracle,1.0,2024-02,2,0,0,0,2,4,2,2
20261003,proximity,oracle,1.0,2024-03,2,0,0,0,2,4,2,2
20261003,proximity,oracle,1.0,2024-04,2,0,0,0,2,4,2,2
20261003,proximity,oracle,1.0,2024-05,2,0,0,0,2,4,2,2
20261003,proximity,oracle,1.0,2024-06,2,0,0,0,2,4,2,2
20261003,proximity,oracle,1.0,2024-07,2,0,0,0,2,4,2,2
20261003,proximity,oracle,1.0,2024-08,2,0,0,0,2,4,2,2
20261003,proximity,oracle,1.0,2024-09,2,0,0,0,2,4,2,2
20261003,proximity,oracle,1.0,2024-10,2,0,0,0,2,4,2,2
20261003,proximity,oracle,1.0,2024-11,2,0,0,0,2,4,2,2
20261003,proximity,oracle,1.0,2024-12,0,0,0,2,2,4,2,2
20261003,proximity,oracle,1.25,2023-02,2,0,0,0,2,4,2,2
20261003,proximity,oracle,1.25,2023-03,2,0,0,0,2,4,2,2
20261003,proximity,oracle,1.25,2023-04,2,0,0,0,2,4,2,2
20261003,proximity,oracle,1.25,2023-05,2,0,0,0,2,4,2,2
20261003,proximity,oracle,1.25,2023-06,2,0,0,0,2,4,2,2
20261003,proximity,oracle,1.25,2023-07,2,0,0,0,2,4,2,2
20261003,proximity,oracle,1.25,2023-08,2,0,0,0,2,4,2,2
20261003,proximity,oracle,1.25,2023-09,2,0,0,0,2,4,2,2
20261003,proximity,oracle,1.25,2023-10,2,0,0,0,2,4,2,2
20261003,proximity,oracle,1.25,2023-11,2,0,0,0,2,4,2,2
20261003,proximity,oracle,1.25,2023-12,2,0,0,0,2,4,2,2
20261003,proximity,oracle,1.25,2024-01,2,0,0,0,2,4,2,2
20261003,proximity,oracle,1.25,2024-02,2,0,0,0,2,4,2,2
20261003,proximity,oracle,1.25,2024-03,1,0,0,1,2,4,2,2
20261003,proximity,oracle,1.25,2024-04,1,0,0,1,2,4,2,2
20261003,proximity,oracle,1.25,2024-05,1,0,0,1,2,4,2,2
20261003,proximity,oracle,1.25,2024-06,1,0,0,1,2,4,2,2
20261003,proximity,oracle,1.25,2024-07,1,0,0,1,2,4,2,2
20261003,proximity,oracle,1.25,2024-08,1,0,1,1,2,4,2,2
20261003,proximity,oracle,1.25,2024-09,1,0,1,1,2,4,2,2
20261003,proximity,oracle,1.25,2024-10,1,0,1,1,2,4,2,2
20261003,proximity,oracle,1.25,2024-11,0,0,0,2,2,4,2,2
20261003,proximity,oracle,1.25,2024-12,0,0,0,2,2,4,2,2
20261003,proximity,unsupervised,0.75,2023-02,2,0,0,0,2,4,2,2
20261003,proximity,unsupervised,0.75,2023-03,2,0,0,0,2,4,2,2
20261003,proximity,unsupervised,0.75,2023-04,2,0,0,0,2,4,2,2
20261003,proximity,unsupervised,0.75,2023-05,2,0,0,0,2,4,2,2
20261003,proximity,unsupervised,0.75,2023-06,2,0,0,0,2,4,2,2
20261003,proximity,unsupervised,0.75,2023-07,2,0,0,0,2,4,2,2
20261003,proximity,unsupervised,0.75,2023-08,2,0,0,0,2,4,2,2
20261003,proximity,unsupervised,0.75,2023-09,2,0,0,0,2,4,2,2
20261003,proximity,unsupervised,0.75,2023-10,2,0,0,0,2,4,2,2
20261003,proximity,unsupervised,0.75,2023-11,2,0,0,0,2,4,2,2
20261003,proximity,unsupervised,0.75,2023-12,2,0,0,0,2,4,2,2
20261003,proximity,unsupervised,0.75,2024-01,2,0,0,0,2,4,2,2
20261003,proximity,unsupervised,0.75,2024-02,2,0,0,0,2,4,2,2
20261003,proximity,unsupervised,0.75,2024-03,2,0,0,0,2,4,2,2
20261003,proximity,unsupervised,0.75,2024-04,2,0,0,0,2,4,2,2
20261003,proximity,unsupervised,0.75,2024-05,2,0,0,0,2,4,2,2
20261003,proximity,unsupervised,0.75,2024-06,2,0,0,0,2,4,2,2
20261003,proximity,unsupervised,0.75,2024-07,2,0,0,0,2,4,2,2
20261003,proximity,unsupervised,0.75,2024-08,2,0,0,0,2,4,2,2
20261003,proximity,unsupervised,0.75,2024-09,2,0,0,0,2,4,2,2
20261003,proximity,unsupervised,0.75,2024-10,2,0,0,0,2,4,2,2
20261003,proximity,unsupervised,0.75,2024-11,2,0,0,0,2,4,2,2
20261003,proximity,unsupervised,0.75,2024-12,2,0,0,0,2,4,2,2
20261003,proximity,unsupervised,1.0,2023-02,2,0,0,0,2,4,2,2
20261003,proximity,unsupervised,1.0,2023-03,2,0,0,0,2,4,2,2
20261003,proximity,unsupervised,1.0,2023-04,2,0,0,0,2,4,2,2
20261003,proximity,unsupervised,1.0,2023-05,2,0,0,0,2,4,2,2
20261003,proximity,unsupervised,1.0,2023-06,2,0,0,0,2,4,2,2
20261003,proximity,unsupervised,1.0,2023-07,2,0,0,0,2,4,2,2
20261003,proximity,unsupervised,1.0,2023-08,2,0,0,0,2,4,2,2
20261003,proximity,unsupervised,1.0,2023-09,2,0,0,0,2,4,2,2
20261003,proximity,unsupervised,1.0,2023-10,2,0,0,0,2,4,2,2
20261003,proximity,unsupervised,1.0,2023-11,2,0,0,0,2,4,2,2
20261003,proximity,unsupervised,1.0,2023-12,2,0,0,0,2,4,2,2
20261003,proximity,unsupervised,1.0,2024-01,2,0,0,0,2,4,2,2
20261003,proximity,unsupervised,1.0,2024-02,2,0,0,0,2,4,2,2
20261003,proximity,unsupervised,1.0,2024-03,2,0,0,0,2,4,2,2
20261003,proximity,unsupervised,1.0,2024-04,2,0,0,0,2,4,2,2
20261003,proximity,unsupervised,1.0,2024-05,2,0,0,0,2,4,2,2
20261003,proximity,unsupervised,1.0,2024-06,2,0,0,0,2,4,2,2
20261003,proximity,unsupervised,1.0,2024-07,2,0,0,0,2,4,2,2
20261003,proximity,unsupervised,1.0,2024-08,2,0,0,0,2,4,2,2
20261003,proximity,unsupervised,1.0,2024-09,2,0,0,0,2,4,2,2
20261003,proximity,unsupervised,1.0,2024-10,2,0,0,0,2,4,2,2
20261003,proximity,unsupervised,1.0,2024-11,2,0,0,0,2,4,2,2
20261003,proximity,unsupervised,1.0,2024-12,0,0,0,2,2,4,2,2
20261003,proximity,unsupervised,1.25,2023-02,2,0,0,0,2,4,2,2
20261003,proximity,unsupervised,1.25,2023-03,2,0,0,0,2,4,2,2
20261003,proximity,unsupervised,1.25,2023-04,2,0,0,0,2,4,2,2
20261003,proximity,unsupervised,1.25,2023-05,2,0,0,0,2,4,2,2
20261003,proximity,unsupervised,1.25,2023-06,2,0,0,0,2,4,2,2
20261003,proximity,unsupervised,1.25,2023-07,2,0,0,0,2,4,2,2
20261003,proximity,unsupervised,1.25,2023-08,2,0,0,0,2,4,2,2
20261003,proximity,unsupervised,1.25,2023-09,2,0,0,0,2,4,2,2
20261003,proximity,unsupervised,1.25,2023-10,2,0,0,0,2,4,2,2
20261003,proximity,unsupervised,1.25,2023-11,2,0,0,0,2,4,2,2
20261003,proximity,unsupervised,1.25,2023-12,2,0,0,0,2,4,2,2
20261003,proximity,unsupervised,1.25,2024-01,2,0,0,0,2,4,2,2
20261003,proximity,unsupervised,1.25,2024-02,2,0,0,0,2,4,2,2
20261003,proximity,unsupervised,1.25,2024-03,1,0,0,1,2,4,2,2
20261003,proximity,unsupervised,1.25,2024-04,1,0,0,1,2,4,2,2
20261003,proximity,unsupervised,1.25,2024-05,1,0,0,1,2,4,2,2
20261003,proximity,unsupervised,1.25,2024-06,1,0,0,1,2,4,2,2
20261003,proximity,unsupervised,1.25,2024-07,1,0,0,1,2,4,2,2
20261003,proximity,unsupervised,1.25,2024-08,1,0,1,1,2,4,2,2
20261003,proximity,unsupervised,1.25,2024-09,1,0,1,1,2,4,2,2
20261003,proximity,unsupervised,1.25,2024-10,1,0,1,1,2,4,2,2
20261003,proximity,unsupervised,1.25,2024-11,0,0,0,2,2,4,2,2
20261003,proximity,unsupervised,1.25,2024-12,0,0,0,2,2,4,2,2
20261004,stable,oracle,0.75,2023-02,2,0,0,0,2,4,2,2
20261004,stable,oracle,0.75,2023-03,2,0,0,0,2,4,2,2
20261004,stable,oracle,0.75,2023-04,2,0,0,0,2,4,2,2
20261004,stable,oracle,0.75,2023-05,2,0,0,0,2,4,2,2
20261004,stable,oracle,0.75,2023-06,2,0,0,0,2,4,2,2
20261004,stable,oracle,0.75,2023-07,2,0,0,0,2,4,2,2
20261004,stable,oracle,0.75,2023-08,2,0,0,0,2,4,2,2
20261004,stable,oracle,0.75,2023-09,2,0,0,0,2,4,2,2
20261004,stable,oracle,0.75,2023-10,2,0,0,0,2,4,2,2
20261004,stable,oracle,0.75,2023-11,2,0,0,0,2,4,2,2
20261004,stable,oracle,0.75,2023-12,2,0,0,0,2,4,2,2
20261004,stable,oracle,0.75,2024-01,2,0,0,0,2,4,2,2
20261004,stable,oracle,0.75,2024-02,2,0,0,0,2,4,2,2
20261004,stable,oracle,0.75,2024-03,2,0,0,0,2,4,2,2
20261004,stable,oracle,0.75,2024-04,2,0,0,0,2,4,2,2
20261004,stable,oracle,0.75,2024-05,2,0,0,0,2,4,2,2
20261004,stable,oracle,0.75,2024-06,2,0,0,0,2,4,2,2
20261004,stable,oracle,0.75,2024-07,2,0,0,0,2,4,2,2
20261004,stable,oracle,0.75,2024-08,2,0,0,0,2,4,2,2
20261004,stable,oracle,0.75,2024-09,2,0,0,0,2,4,2,2
20261004,stable,oracle,0.75,2024-10,2,0,0,0,2,4,2,2
20261004,stable,oracle,0.75,2024-11,2,0,0,0,2,4,2,2
20261004,stable,oracle,0.75,2024-12,2,0,0,0,2,4,2,2
20261004,stable,oracle,1.0,2023-02,2,0,0,0,2,4,2,2
20261004,stable,oracle,1.0,2023-03,2,0,0,0,2,4,2,2
20261004,stable,oracle,1.0,2023-04,2,0,0,0,2,4,2,2
20261004,stable,oracle,1.0,2023-05,2,0,0,0,2,4,2,2
20261004,stable,oracle,1.0,2023-06,2,0,0,0,2,4,2,2
20261004,stable,oracle,1.0,2023-07,2,0,0,0,2,4,2,2
20261004,stable,oracle,1.0,2023-08,2,0,0,0,2,4,2,2
20261004,stable,oracle,1.0,2023-09,2,0,0,0,2,4,2,2
20261004,stable,oracle,1.0,2023-10,2,0,0,0,2,4,2,2
20261004,stable,oracle,1.0,2023-11,2,0,0,0,2,4,2,2
20261004,stable,oracle,1.0,2023-12,2,0,0,0,2,4,2,2
20261004,stable,oracle,1.0,2024-01,2,0,0,0,2,4,2,2
20261004,stable,oracle,1.0,2024-02,2,0,0,0,2,4,2,2
20261004,stable,oracle,1.0,2024-03,2,0,0,0,2,4,2,2
20261004,stable,oracle,1.0,2024-04,2,0,0,0,2,4,2,2
20261004,stable,oracle,1.0,2024-05,2,0,0,0,2,4,2,2
20261004,stable,oracle,1.0,2024-06,2,0,0,0,2,4,2,2
20261004,stable,oracle,1.0,2024-07,2,0,0,0,2,4,2,2
20261004,stable,oracle,1.0,2024-08,2,0,0,0,2,4,2,2
20261004,stable,oracle,1.0,2024-09,2,0,0,0,2,4,2,2
20261004,stable,oracle,1.0,2024-10,2,0,0,0,2,4,2,2
20261004,stable,oracle,1.0,2024-11,2,0,0,0,2,4,2,2
20261004,stable,oracle,1.0,2024-12,2,0,0,0,2,4,2,2
20261004,stable,oracle,1.25,2023-02,2,0,0,0,2,4,2,2
20261004,stable,oracle,1.25,2023-03,2,0,0,0,2,4,2,2
20261004,stable,oracle,1.25,2023-04,2,0,0,0,2,4,2,2
20261004,stable,oracle,1.25,2023-05,2,0,0,0,2,4,2,2
20261004,stable,oracle,1.25,2023-06,2,0,0,0,2,4,2,2
20261004,stable,oracle,1.25,2023-07,2,0,0,0,2,4,2,2
20261004,stable,oracle,1.25,2023-08,2,0,0,0,2,4,2,2
20261004,stable,oracle,1.25,2023-09,2,0,0,0,2,4,2,2
20261004,stable,oracle,1.25,2023-10,2,0,0,0,2,4,2,2
20261004,stable,oracle,1.25,2023-11,2,0,0,0,2,4,2,2
20261004,stable,oracle,1.25,2023-12,2,0,0,0,2,4,2,2
20261004,stable,oracle,1.25,2024-01,2,0,0,0,2,4,2,2
20261004,stable,oracle,1.25,2024-02,2,0,0,0,2,4,2,2
20261004,stable,oracle,1.25,2024-03,2,0,0,0,2,4,2,2
20261004,stable,oracle,1.25,2024-04,2,0,0,0,2,4,2,2
20261004,stable,oracle,1.25,2024-05,2,0,0,0,2,4,2,2
20261004,stable,oracle,1.25,2024-06,2,0,0,0,2,4,2,2
20261004,stable,oracle,1.25,2024-07,2,0,0,0,2,4,2,2
20261004,stable,oracle,1.25,2024-08,2,0,0,0,2,4,2,2
20261004,stable,oracle,1.25,2024-09,2,0,0,0,2,4,2,2
20261004,stable,oracle,1.25,2024-10,2,0,0,0,2,4,2,2
20261004,stable,oracle,1.25,2024-11,2,0,0,0,2,4,2,2
20261004,stable,oracle,1.25,2024-12,2,0,0,0,2,4,2,2
20261004,stable,unsupervised,0.75,2023-02,2,0,0,0,2,4,2,2
20261004,stable,unsupervised,0.75,2023-03,2,0,0,0,2,4,2,2
20261004,stable,unsupervised,0.75,2023-04,2,0,0,0,2,4,2,2
20261004,stable,unsupervised,0.75,2023-05,2,0,0,0,2,4,2,2
20261004,stable,unsupervised,0.75,2023-06,2,0,0,0,2,4,2,2
20261004,stable,unsupervised,0.75,2023-07,2,0,0,0,2,4,2,2
20261004,stable,unsupervised,0.75,2023-08,2,0,0,0,2,4,2,2
20261004,stable,unsupervised,0.75,2023-09,2,0,0,0,2,4,2,2
20261004,stable,unsupervised,0.75,2023-10,2,0,0,0,2,4,2,2
20261004,stable,unsupervised,0.75,2023-11,2,0,0,0,2,4,2,2
20261004,stable,unsupervised,0.75,2023-12,2,0,0,0,2,4,2,2
20261004,stable,unsupervised,0.75,2024-01,2,0,0,0,2,4,2,2
20261004,stable,unsupervised,0.75,2024-02,2,0,0,0,2,4,2,2
20261004,stable,unsupervised,0.75,2024-03,2,0,0,0,2,4,2,2
20261004,stable,unsupervised,0.75,2024-04,2,0,0,0,2,4,2,2
20261004,stable,unsupervised,0.75,2024-05,2,0,0,0,2,4,2,2
20261004,stable,unsupervised,0.75,2024-06,2,0,0,0,2,4,2,2
20261004,stable,unsupervised,0.75,2024-07,2,0,0,0,2,4,2,2
20261004,stable,unsupervised,0.75,2024-08,2,0,0,0,2,4,2,2
20261004,stable,unsupervised,0.75,2024-09,2,0,0,0,2,4,2,2
20261004,stable,unsupervised,0.75,2024-10,2,0,0,0,2,4,2,2
20261004,stable,unsupervised,0.75,2024-11,2,0,0,0,2,4,2,2
20261004,stable,unsupervised,0.75,2024-12,2,0,0,0,2,4,2,2
20261004,stable,unsupervised,1.0,2023-02,2,0,0,0,2,4,2,2
20261004,stable,unsupervised,1.0,2023-03,2,0,0,0,2,4,2,2
20261004,stable,unsupervised,1.0,2023-04,2,0,0,0,2,4,2,2
20261004,stable,unsupervised,1.0,2023-05,2,0,0,0,2,4,2,2
20261004,stable,unsupervised,1.0,2023-06,2,0,0,0,2,4,2,2
20261004,stable,unsupervised,1.0,2023-07,2,0,0,0,2,4,2,2
20261004,stable,unsupervised,1.0,2023-08,2,0,0,0,2,4,2,2
20261004,stable,unsupervised,1.0,2023-09,2,0,0,0,2,4,2,2
20261004,stable,unsupervised,1.0,2023-10,2,0,0,0,2,4,2,2
20261004,stable,unsupervised,1.0,2023-11,2,0,0,0,2,4,2,2
20261004,stable,unsupervised,1.0,2023-12,2,0,0,0,2,4,2,2
20261004,stable,unsupervised,1.0,2024-01,2,0,0,0,2,4,2,2
20261004,stable,unsupervised,1.0,2024-02,2,0,0,0,2,4,2,2
20261004,stable,unsupervised,1.0,2024-03,2,0,0,0,2,4,2,2
20261004,stable,unsupervised,1.0,2024-04,2,0,0,0,2,4,2,2
20261004,stable,unsupervised,1.0,2024-05,2,0,0,0,2,4,2,2
20261004,stable,unsupervised,1.0,2024-06,2,0,0,0,2,4,2,2
20261004,stable,unsupervised,1.0,2024-07,2,0,0,0,2,4,2,2
20261004,stable,unsupervised,1.0,2024-08,2,0,0,0,2,4,2,2
20261004,stable,unsupervised,1.0,2024-09,2,0,0,0,2,4,2,2
20261004,stable,unsupervised,1.0,2024-10,2,0,0,0,2,4,2,2
20261004,stable,unsupervised,1.0,2024-11,2,0,0,0,2,4,2,2
20261004,stable,unsupervised,1.0,2024-12,2,0,0,0,2,4,2,2
20261004,stable,unsupervised,1.25,2023-02,2,0,0,0,2,4,2,2
20261004,stable,unsupervised,1.25,2023-03,2,0,0,0,2,4,2,2
20261004,stable,unsupervised,1.25,2023-04,2,0,0,0,2,4,2,2
20261004,stable,unsupervised,1.25,2023-05,2,0,0,0,2,4,2,2
20261004,stable,unsupervised,1.25,2023-06,2,0,0,0,2,4,2,2
20261004,stable,unsupervised,1.25,2023-07,2,0,0,0,2,4,2,2
20261004,stable,unsupervised,1.25,2023-08,2,0,0,0,2,4,2,2
20261004,stable,unsupervised,1.25,2023-09,2,0,0,0,2,4,2,2
20261004,stable,unsupervised,1.25,2023-10,2,0,0,0,2,4,2,2
20261004,stable,unsupervised,1.25,2023-11,2,0,0,0,2,4,2,2
20261004,stable,unsupervised,1.25,2023-12,2,0,0,0,2,4,2,2
20261004,stable,unsupervised,1.25,2024-01,2,0,0,0,2,4,2,2
20261004,stable,unsupervised,1.25,2024-02,2,0,0,0,2,4,2,2
20261004,stable,unsupervised,1.25,2024-03,2,0,0,0,2,4,2,2
20261004,stable,unsupervised,1.25,2024-04,2,0,0,0,2,4,2,2
20261004,stable,unsupervised,1.25,2024-05,2,0,0,0,2,4,2,2
20261004,stable,unsupervised,1.25,2024-06,2,0,0,0,2,4,2,2
20261004,stable,unsupervised,1.25,2024-07,2,0,0,0,2,4,2,2
20261004,stable,unsupervised,1.25,2024-08,2,0,0,0,2,4,2,2
20261004,stable,unsupervised,1.25,2024-09,2,0,0,0,2,4,2,2
20261004,stable,unsupervised,1.25,2024-10,2,0,0,0,2,4,2,2
20261004,stable,unsupervised,1.25,2024-11,2,0,0,0,2,4,2,2
20261004,stable,unsupervised,1.25,2024-12,2,0,0,0,2,4,2,2
20261004,drift,oracle,0.75,2023-02,2,0,0,0,2,4,2,2
20261004,drift,oracle,0.75,2023-03,2,0,0,0,2,4,2,2
20261004,drift,oracle,0.75,2023-04,2,0,0,0,2,4,2,2
20261004,drift,oracle,0.75,2023-05,2,0,0,0,2,4,2,2
20261004,drift,oracle,0.75,2023-06,2,0,0,0,2,4,2,2
20261004,drift,oracle,0.75,2023-07,2,0,0,0,2,4,2,2
20261004,drift,oracle,0.75,2023-08,2,0,0,0,2,4,2,2
20261004,drift,oracle,0.75,2023-09,2,0,0,0,2,4,2,2
20261004,drift,oracle,0.75,2023-10,2,0,0,0,2,4,2,2
20261004,drift,oracle,0.75,2023-11,2,0,0,0,2,4,2,2
20261004,drift,oracle,0.75,2023-12,2,0,0,0,2,4,2,2
20261004,drift,oracle,0.75,2024-01,2,0,0,0,2,4,2,2
20261004,drift,oracle,0.75,2024-02,2,0,0,0,2,4,2,2
20261004,drift,oracle,0.75,2024-03,2,0,0,0,2,4,2,2
20261004,drift,oracle,0.75,2024-04,2,0,0,0,2,4,2,2
20261004,drift,oracle,0.75,2024-05,2,0,0,0,2,4,2,2
20261004,drift,oracle,0.75,2024-06,2,0,0,0,2,4,2,2
20261004,drift,oracle,0.75,2024-07,2,0,0,0,2,4,2,2
20261004,drift,oracle,0.75,2024-08,2,0,0,0,2,4,2,2
20261004,drift,oracle,0.75,2024-09,2,0,0,0,2,4,2,2
20261004,drift,oracle,0.75,2024-10,2,0,0,0,2,4,2,2
20261004,drift,oracle,0.75,2024-11,2,0,0,0,2,4,2,2
20261004,drift,oracle,0.75,2024-12,2,0,0,0,2,4,2,2
20261004,drift,oracle,1.0,2023-02,2,0,0,0,2,4,2,2
20261004,drift,oracle,1.0,2023-03,2,0,0,0,2,4,2,2
20261004,drift,oracle,1.0,2023-04,2,0,0,0,2,4,2,2
20261004,drift,oracle,1.0,2023-05,2,0,0,0,2,4,2,2
20261004,drift,oracle,1.0,2023-06,2,0,0,0,2,4,2,2
20261004,drift,oracle,1.0,2023-07,2,0,0,0,2,4,2,2
20261004,drift,oracle,1.0,2023-08,2,0,0,0,2,4,2,2
20261004,drift,oracle,1.0,2023-09,2,0,0,0,2,4,2,2
20261004,drift,oracle,1.0,2023-10,2,0,0,0,2,4,2,2
20261004,drift,oracle,1.0,2023-11,2,0,0,0,2,4,2,2
20261004,drift,oracle,1.0,2023-12,2,0,0,0,2,4,2,2
20261004,drift,oracle,1.0,2024-01,2,0,0,0,2,4,2,2
20261004,drift,oracle,1.0,2024-02,2,0,0,0,2,4,2,2
20261004,drift,oracle,1.0,2024-03,2,0,0,0,2,4,2,2
20261004,drift,oracle,1.0,2024-04,2,0,0,0,2,4,2,2
20261004,drift,oracle,1.0,2024-05,2,0,0,0,2,4,2,2
20261004,drift,oracle,1.0,2024-06,2,0,0,0,2,4,2,2
20261004,drift,oracle,1.0,2024-07,2,0,0,0,2,4,2,2
20261004,drift,oracle,1.0,2024-08,2,0,0,0,2,4,2,2
20261004,drift,oracle,1.0,2024-09,2,0,0,0,2,4,2,2
20261004,drift,oracle,1.0,2024-10,2,0,0,0,2,4,2,2
20261004,drift,oracle,1.0,2024-11,2,0,0,0,2,4,2,2
20261004,drift,oracle,1.0,2024-12,2,0,0,0,2,4,2,2
20261004,drift,oracle,1.25,2023-02,2,0,0,0,2,4,2,2
20261004,drift,oracle,1.25,2023-03,2,0,0,0,2,4,2,2
20261004,drift,oracle,1.25,2023-04,2,0,0,0,2,4,2,2
20261004,drift,oracle,1.25,2023-05,2,0,0,0,2,4,2,2
20261004,drift,oracle,1.25,2023-06,2,0,0,0,2,4,2,2
20261004,drift,oracle,1.25,2023-07,2,0,0,0,2,4,2,2
20261004,drift,oracle,1.25,2023-08,2,0,0,0,2,4,2,2
20261004,drift,oracle,1.25,2023-09,2,0,0,0,2,4,2,2
20261004,drift,oracle,1.25,2023-10,2,0,0,0,2,4,2,2
20261004,drift,oracle,1.25,2023-11,2,0,0,0,2,4,2,2
20261004,drift,oracle,1.25,2023-12,2,0,0,0,2,4,2,2
20261004,drift,oracle,1.25,2024-01,2,0,0,0,2,4,2,2
20261004,drift,oracle,1.25,2024-02,2,0,0,0,2,4,2,2
20261004,drift,oracle,1.25,2024-03,2,0,0,0,2,4,2,2
20261004,drift,oracle,1.25,2024-04,2,0,0,0,2,4,2,2
20261004,drift,oracle,1.25,2024-05,2,0,0,0,2,4,2,2
20261004,drift,oracle,1.25,2024-06,2,0,0,0,2,4,2,2
20261004,drift,oracle,1.25,2024-07,2,0,0,0,2,4,2,2
20261004,drift,oracle,1.25,2024-08,2,0,0,0,2,4,2,2
20261004,drift,oracle,1.25,2024-09,2,0,0,0,2,4,2,2
20261004,drift,oracle,1.25,2024-10,2,0,0,0,2,4,2,2
20261004,drift,oracle,1.25,2024-11,2,0,0,0,2,4,2,2
20261004,drift,oracle,1.25,2024-12,2,0,0,0,2,4,2,2
20261004,drift,unsupervised,0.75,2023-02,2,0,0,0,2,4,2,2
20261004,drift,unsupervised,0.75,2023-03,2,0,0,0,2,4,2,2
20261004,drift,unsupervised,0.75,2023-04,2,0,0,0,2,4,2,2
20261004,drift,unsupervised,0.75,2023-05,2,0,0,0,2,4,2,2
20261004,drift,unsupervised,0.75,2023-06,2,0,0,0,2,4,2,2
20261004,drift,unsupervised,0.75,2023-07,2,0,0,0,2,4,2,2
20261004,drift,unsupervised,0.75,2023-08,2,0,0,0,2,4,2,2
20261004,drift,unsupervised,0.75,2023-09,2,0,0,0,2,4,2,2
20261004,drift,unsupervised,0.75,2023-10,2,0,0,0,2,4,2,2
20261004,drift,unsupervised,0.75,2023-11,2,0,0,0,2,4,2,2
20261004,drift,unsupervised,0.75,2023-12,2,0,0,0,2,4,2,2
20261004,drift,unsupervised,0.75,2024-01,2,0,0,0,2,4,2,2
20261004,drift,unsupervised,0.75,2024-02,2,0,0,0,2,4,2,2
20261004,drift,unsupervised,0.75,2024-03,2,0,0,0,2,4,2,2
20261004,drift,unsupervised,0.75,2024-04,2,0,0,0,2,4,2,2
20261004,drift,unsupervised,0.75,2024-05,2,0,0,0,2,4,2,2
20261004,drift,unsupervised,0.75,2024-06,2,0,0,0,2,4,2,2
20261004,drift,unsupervised,0.75,2024-07,2,0,0,0,2,4,2,2
20261004,drift,unsupervised,0.75,2024-08,2,0,0,0,2,4,2,2
20261004,drift,unsupervised,0.75,2024-09,2,0,0,0,2,4,2,2
20261004,drift,unsupervised,0.75,2024-10,2,0,0,0,2,4,2,2
20261004,drift,unsupervised,0.75,2024-11,2,0,0,0,2,4,2,2
20261004,drift,unsupervised,0.75,2024-12,2,0,0,0,2,4,2,2
20261004,drift,unsupervised,1.0,2023-02,2,0,0,0,2,4,2,2
20261004,drift,unsupervised,1.0,2023-03,2,0,0,0,2,4,2,2
20261004,drift,unsupervised,1.0,2023-04,2,0,0,0,2,4,2,2
20261004,drift,unsupervised,1.0,2023-05,2,0,0,0,2,4,2,2
20261004,drift,unsupervised,1.0,2023-06,2,0,0,0,2,4,2,2
20261004,drift,unsupervised,1.0,2023-07,2,0,0,0,2,4,2,2
20261004,drift,unsupervised,1.0,2023-08,2,0,0,0,2,4,2,2
20261004,drift,unsupervised,1.0,2023-09,2,0,0,0,2,4,2,2
20261004,drift,unsupervised,1.0,2023-10,2,0,0,0,2,4,2,2
20261004,drift,unsupervised,1.0,2023-11,2,0,0,0,2,4,2,2
20261004,drift,unsupervised,1.0,2023-12,2,0,0,0,2,4,2,2
20261004,drift,unsupervised,1.0,2024-01,2,0,0,0,2,4,2,2
20261004,drift,unsupervised,1.0,2024-02,2,0,0,0,2,4,2,2
20261004,drift,unsupervised,1.0,2024-03,2,0,0,0,2,4,2,2
20261004,drift,unsupervised,1.0,2024-04,2,0,0,0,2,4,2,2
20261004,drift,unsupervised,1.0,2024-05,2,0,0,0,2,4,2,2
20261004,drift,unsupervised,1.0,2024-06,2,0,0,0,2,4,2,2
20261004,drift,unsupervised,1.0,2024-07,2,0,0,0,2,4,2,2
20261004,drift,unsupervised,1.0,2024-08,2,0,0,0,2,4,2,2
20261004,drift,unsupervised,1.0,2024-09,2,0,0,0,2,4,2,2
20261004,drift,unsupervised,1.0,2024-10,2,0,0,0,2,4,2,2
20261004,drift,unsupervised,1.0,2024-11,2,0,0,0,2,4,2,2
20261004,drift,unsupervised,1.0,2024-12,2,0,0,0,2,4,2,2
20261004,drift,unsupervised,1.25,2023-02,2,0,0,0,2,4,2,2
20261004,drift,unsupervised,1.25,2023-03,2,0,0,0,2,4,2,2
20261004,drift,unsupervised,1.25,2023-04,2,0,0,0,2,4,2,2
20261004,drift,unsupervised,1.25,2023-05,2,0,0,0,2,4,2,2
20261004,drift,unsupervised,1.25,2023-06,2,0,0,0,2,4,2,2
20261004,drift,unsupervised,1.25,2023-07,2,0,0,0,2,4,2,2
20261004,drift,unsupervised,1.25,2023-08,2,0,0,0,2,4,2,2
20261004,drift,unsupervised,1.25,2023-09,2,0,0,0,2,4,2,2
20261004,drift,unsupervised,1.25,2023-10,2,0,0,0,2,4,2,2
20261004,drift,unsupervised,1.25,2023-11,2,0,0,0,2,4,2,2
20261004,drift,unsupervised,1.25,2023-12,2,0,0,0,2,4,2,2
20261004,drift,unsupervised,1.25,2024-01,2,0,0,0,2,4,2,2
20261004,drift,unsupervised,1.25,2024-02,2,0,0,0,2,4,2,2
20261004,drift,unsupervised,1.25,2024-03,2,0,0,0,2,4,2,2
20261004,drift,unsupervised,1.25,2024-04,2,0,0,0,2,4,2,2
20261004,drift,unsupervised,1.25,2024-05,2,0,0,0,2,4,2,2
20261004,drift,unsupervised,1.25,2024-06,2,0,0,0,2,4,2,2
20261004,drift,unsupervised,1.25,2024-07,2,0,0,0,2,4,2,2
20261004,drift,unsupervised,1.25,2024-08,2,0,0,0,2,4,2,2
20261004,drift,unsupervised,1.25,2024-09,2,0,0,0,2,4,2,2
20261004,drift,unsupervised,1.25,2024-10,2,0,0,0,2,4,2,2
20261004,drift,unsupervised,1.25,2024-11,2,0,0,0,2,4,2,2
20261004,drift,unsupervised,1.25,2024-12,2,0,0,0,2,4,2,2
20261004,birth,oracle,0.75,2023-02,2,0,0,0,2,4,2,2
20261004,birth,oracle,0.75,2023-03,2,0,0,0,2,4,2,2
20261004,birth,oracle,0.75,2023-04,2,0,0,0,2,4,2,2
20261004,birth,oracle,0.75,2023-05,2,0,0,0,2,4,2,2
20261004,birth,oracle,0.75,2023-06,2,0,0,0,2,4,2,2
20261004,birth,oracle,0.75,2023-07,2,0,0,0,2,4,2,2
20261004,birth,oracle,0.75,2023-08,2,0,0,0,2,4,2,2
20261004,birth,oracle,0.75,2023-09,2,0,0,0,2,4,2,2
20261004,birth,oracle,0.75,2023-10,2,0,0,0,2,4,2,2
20261004,birth,oracle,0.75,2023-11,2,0,0,0,2,4,2,2
20261004,birth,oracle,0.75,2023-12,2,0,0,0,2,4,2,2
20261004,birth,oracle,0.75,2024-01,2,0,0,0,4,6,2,3
20261004,birth,oracle,0.75,2024-02,3,0,0,0,6,9,3,3
20261004,birth,oracle,0.75,2024-03,3,0,0,0,6,9,3,3
20261004,birth,oracle,0.75,2024-04,3,0,0,0,6,9,3,3
20261004,birth,oracle,0.75,2024-05,3,0,0,0,6,9,3,3
20261004,birth,oracle,0.75,2024-06,3,0,0,0,6,9,3,3
20261004,birth,oracle,0.75,2024-07,3,0,0,0,6,9,3,3
20261004,birth,oracle,0.75,2024-08,3,0,0,0,6,9,3,3
20261004,birth,oracle,0.75,2024-09,3,0,0,0,6,9,3,3
20261004,birth,oracle,0.75,2024-10,3,0,0,0,6,9,3,3
20261004,birth,oracle,0.75,2024-11,3,0,0,0,6,9,3,3
20261004,birth,oracle,0.75,2024-12,3,0,0,0,6,9,3,3
20261004,birth,oracle,1.0,2023-02,2,0,0,0,2,4,2,2
20261004,birth,oracle,1.0,2023-03,2,0,0,0,2,4,2,2
20261004,birth,oracle,1.0,2023-04,2,0,0,0,2,4,2,2
20261004,birth,oracle,1.0,2023-05,2,0,0,0,2,4,2,2
20261004,birth,oracle,1.0,2023-06,2,0,0,0,2,4,2,2
20261004,birth,oracle,1.0,2023-07,2,0,0,0,2,4,2,2
20261004,birth,oracle,1.0,2023-08,2,0,0,0,2,4,2,2
20261004,birth,oracle,1.0,2023-09,2,0,0,0,2,4,2,2
20261004,birth,oracle,1.0,2023-10,2,0,0,0,2,4,2,2
20261004,birth,oracle,1.0,2023-11,2,0,0,0,2,4,2,2
20261004,birth,oracle,1.0,2023-12,2,0,0,0,2,4,2,2
20261004,birth,oracle,1.0,2024-01,2,0,0,0,4,6,2,3
20261004,birth,oracle,1.0,2024-02,3,0,0,0,6,9,3,3
20261004,birth,oracle,1.0,2024-03,3,0,0,0,6,9,3,3
20261004,birth,oracle,1.0,2024-04,3,0,0,0,6,9,3,3
20261004,birth,oracle,1.0,2024-05,3,0,0,0,6,9,3,3
20261004,birth,oracle,1.0,2024-06,3,0,0,0,6,9,3,3
20261004,birth,oracle,1.0,2024-07,3,0,0,0,6,9,3,3
20261004,birth,oracle,1.0,2024-08,3,0,0,0,6,9,3,3
20261004,birth,oracle,1.0,2024-09,3,0,0,0,6,9,3,3
20261004,birth,oracle,1.0,2024-10,3,0,0,0,6,9,3,3
20261004,birth,oracle,1.0,2024-11,3,0,0,0,6,9,3,3
20261004,birth,oracle,1.0,2024-12,3,0,0,0,6,9,3,3
20261004,birth,oracle,1.25,2023-02,2,0,0,0,2,4,2,2
20261004,birth,oracle,1.25,2023-03,2,0,0,0,2,4,2,2
20261004,birth,oracle,1.25,2023-04,2,0,0,0,2,4,2,2
20261004,birth,oracle,1.25,2023-05,2,0,0,0,2,4,2,2
20261004,birth,oracle,1.25,2023-06,2,0,0,0,2,4,2,2
20261004,birth,oracle,1.25,2023-07,2,0,0,0,2,4,2,2
20261004,birth,oracle,1.25,2023-08,2,0,0,0,2,4,2,2
20261004,birth,oracle,1.25,2023-09,2,0,0,0,2,4,2,2
20261004,birth,oracle,1.25,2023-10,2,0,0,0,2,4,2,2
20261004,birth,oracle,1.25,2023-11,2,0,0,0,2,4,2,2
20261004,birth,oracle,1.25,2023-12,2,0,0,0,2,4,2,2
20261004,birth,oracle,1.25,2024-01,2,0,0,0,4,6,2,3
20261004,birth,oracle,1.25,2024-02,2,0,0,1,6,9,3,3
20261004,birth,oracle,1.25,2024-03,2,0,0,1,6,9,3,3
20261004,birth,oracle,1.25,2024-04,3,0,0,0,6,9,3,3
20261004,birth,oracle,1.25,2024-05,2,0,0,1,6,9,3,3
20261004,birth,oracle,1.25,2024-06,3,0,0,0,6,9,3,3
20261004,birth,oracle,1.25,2024-07,2,0,0,1,6,9,3,3
20261004,birth,oracle,1.25,2024-08,3,0,0,0,6,9,3,3
20261004,birth,oracle,1.25,2024-09,3,0,0,0,6,9,3,3
20261004,birth,oracle,1.25,2024-10,2,0,0,1,6,9,3,3
20261004,birth,oracle,1.25,2024-11,3,0,0,0,6,9,3,3
20261004,birth,oracle,1.25,2024-12,2,0,0,1,6,9,3,3
20261004,birth,unsupervised,0.75,2023-02,2,0,0,0,2,4,2,2
20261004,birth,unsupervised,0.75,2023-03,2,0,0,0,2,4,2,2
20261004,birth,unsupervised,0.75,2023-04,2,0,0,0,2,4,2,2
20261004,birth,unsupervised,0.75,2023-05,2,0,0,0,2,4,2,2
20261004,birth,unsupervised,0.75,2023-06,2,0,0,0,2,4,2,2
20261004,birth,unsupervised,0.75,2023-07,2,0,0,0,2,4,2,2
20261004,birth,unsupervised,0.75,2023-08,2,0,0,0,2,4,2,2
20261004,birth,unsupervised,0.75,2023-09,2,0,0,0,2,4,2,2
20261004,birth,unsupervised,0.75,2023-10,2,0,0,0,2,4,2,2
20261004,birth,unsupervised,0.75,2023-11,2,0,0,0,2,4,2,2
20261004,birth,unsupervised,0.75,2023-12,2,0,0,0,2,4,2,2
20261004,birth,unsupervised,0.75,2024-01,2,0,0,0,4,6,2,3
20261004,birth,unsupervised,0.75,2024-02,3,0,0,0,6,9,3,3
20261004,birth,unsupervised,0.75,2024-03,3,0,0,0,6,9,3,3
20261004,birth,unsupervised,0.75,2024-04,3,0,0,0,6,9,3,3
20261004,birth,unsupervised,0.75,2024-05,3,0,0,0,6,9,3,3
20261004,birth,unsupervised,0.75,2024-06,3,0,0,0,6,9,3,3
20261004,birth,unsupervised,0.75,2024-07,3,0,0,0,6,9,3,3
20261004,birth,unsupervised,0.75,2024-08,3,0,0,0,6,9,3,3
20261004,birth,unsupervised,0.75,2024-09,3,0,0,0,6,9,3,3
20261004,birth,unsupervised,0.75,2024-10,3,0,0,0,6,9,3,3
20261004,birth,unsupervised,0.75,2024-11,3,0,0,0,6,9,3,3
20261004,birth,unsupervised,0.75,2024-12,3,0,0,0,6,9,3,3
20261004,birth,unsupervised,1.0,2023-02,2,0,0,0,2,4,2,2
20261004,birth,unsupervised,1.0,2023-03,2,0,0,0,2,4,2,2
20261004,birth,unsupervised,1.0,2023-04,2,0,0,0,2,4,2,2
20261004,birth,unsupervised,1.0,2023-05,2,0,0,0,2,4,2,2
20261004,birth,unsupervised,1.0,2023-06,2,0,0,0,2,4,2,2
20261004,birth,unsupervised,1.0,2023-07,2,0,0,0,2,4,2,2
20261004,birth,unsupervised,1.0,2023-08,2,0,0,0,2,4,2,2
20261004,birth,unsupervised,1.0,2023-09,2,0,0,0,2,4,2,2
20261004,birth,unsupervised,1.0,2023-10,2,0,0,0,2,4,2,2
20261004,birth,unsupervised,1.0,2023-11,2,0,0,0,2,4,2,2
20261004,birth,unsupervised,1.0,2023-12,2,0,0,0,2,4,2,2
20261004,birth,unsupervised,1.0,2024-01,2,0,0,0,4,6,2,3
20261004,birth,unsupervised,1.0,2024-02,3,0,0,0,6,9,3,3
20261004,birth,unsupervised,1.0,2024-03,3,0,0,0,6,9,3,3
20261004,birth,unsupervised,1.0,2024-04,3,0,0,0,6,9,3,3
20261004,birth,unsupervised,1.0,2024-05,3,0,0,0,6,9,3,3
20261004,birth,unsupervised,1.0,2024-06,3,0,0,0,6,9,3,3
20261004,birth,unsupervised,1.0,2024-07,3,0,0,0,6,9,3,3
20261004,birth,unsupervised,1.0,2024-08,3,0,0,0,6,9,3,3
20261004,birth,unsupervised,1.0,2024-09,3,0,0,0,6,9,3,3
20261004,birth,unsupervised,1.0,2024-10,3,0,0,0,6,9,3,3
20261004,birth,unsupervised,1.0,2024-11,3,0,0,0,6,9,3,3
20261004,birth,unsupervised,1.0,2024-12,3,0,0,0,6,9,3,3
20261004,birth,unsupervised,1.25,2023-02,2,0,0,0,2,4,2,2
20261004,birth,unsupervised,1.25,2023-03,2,0,0,0,2,4,2,2
20261004,birth,unsupervised,1.25,2023-04,2,0,0,0,2,4,2,2
20261004,birth,unsupervised,1.25,2023-05,2,0,0,0,2,4,2,2
20261004,birth,unsupervised,1.25,2023-06,2,0,0,0,2,4,2,2
20261004,birth,unsupervised,1.25,2023-07,2,0,0,0,2,4,2,2
20261004,birth,unsupervised,1.25,2023-08,2,0,0,0,2,4,2,2
20261004,birth,unsupervised,1.25,2023-09,2,0,0,0,2,4,2,2
20261004,birth,unsupervised,1.25,2023-10,2,0,0,0,2,4,2,2
20261004,birth,unsupervised,1.25,2023-11,2,0,0,0,2,4,2,2
20261004,birth,unsupervised,1.25,2023-12,2,0,0,0,2,4,2,2
20261004,birth,unsupervised,1.25,2024-01,2,0,0,0,4,6,2,3
20261004,birth,unsupervised,1.25,2024-02,2,0,0,1,6,9,3,3
20261004,birth,unsupervised,1.25,2024-03,2,0,0,1,6,9,3,3
20261004,birth,unsupervised,1.25,2024-04,3,0,0,0,6,9,3,3
20261004,birth,unsupervised,1.25,2024-05,2,0,0,1,6,9,3,3
20261004,birth,unsupervised,1.25,2024-06,3,0,0,0,6,9,3,3
20261004,birth,unsupervised,1.25,2024-07,2,0,0,1,6,9,3,3
20261004,birth,unsupervised,1.25,2024-08,3,0,0,0,6,9,3,3
20261004,birth,unsupervised,1.25,2024-09,3,0,0,0,6,9,3,3
20261004,birth,unsupervised,1.25,2024-10,2,0,0,1,6,9,3,3
20261004,birth,unsupervised,1.25,2024-11,3,0,0,0,6,9,3,3
20261004,birth,unsupervised,1.25,2024-12,2,0,0,1,6,9,3,3
20261004,death,oracle,0.75,2023-02,3,0,0,0,6,9,3,3
20261004,death,oracle,0.75,2023-03,3,0,0,0,6,9,3,3
20261004,death,oracle,0.75,2023-04,3,0,0,0,6,9,3,3
20261004,death,oracle,0.75,2023-05,3,0,0,0,6,9,3,3
20261004,death,oracle,0.75,2023-06,3,0,0,0,6,9,3,3
20261004,death,oracle,0.75,2023-07,3,0,0,0,6,9,3,3
20261004,death,oracle,0.75,2023-08,3,0,0,0,6,9,3,3
20261004,death,oracle,0.75,2023-09,3,0,0,0,6,9,3,3
20261004,death,oracle,0.75,2023-10,3,0,0,0,6,9,3,3
20261004,death,oracle,0.75,2023-11,3,0,0,0,6,9,3,3
20261004,death,oracle,0.75,2023-12,3,0,0,0,6,9,3,3
20261004,death,oracle,0.75,2024-01,3,0,0,0,6,9,3,3
20261004,death,oracle,0.75,2024-02,3,0,0,0,6,9,3,3
20261004,death,oracle,0.75,2024-03,3,0,0,0,6,9,3,3
20261004,death,oracle,0.75,2024-04,3,0,0,0,6,9,3,3
20261004,death,oracle,0.75,2024-05,3,0,0,0,6,9,3,3
20261004,death,oracle,0.75,2024-06,3,0,0,0,6,9,3,3
20261004,death,oracle,0.75,2024-07,2,0,0,0,4,6,2,2
20261004,death,oracle,0.75,2024-08,2,0,0,0,4,6,2,2
20261004,death,oracle,0.75,2024-09,2,0,0,0,4,6,2,2
20261004,death,oracle,0.75,2024-10,2,0,0,0,4,6,2,2
20261004,death,oracle,0.75,2024-11,2,0,0,0,2,4,2,2
20261004,death,oracle,0.75,2024-12,2,0,0,0,2,4,2,2
20261004,death,oracle,1.0,2023-02,2,0,0,1,6,9,3,3
20261004,death,oracle,1.0,2023-03,3,0,0,0,6,9,3,3
20261004,death,oracle,1.0,2023-04,3,0,0,0,6,9,3,3
20261004,death,oracle,1.0,2023-05,3,0,0,0,6,9,3,3
20261004,death,oracle,1.0,2023-06,3,0,0,0,6,9,3,3
20261004,death,oracle,1.0,2023-07,3,0,0,0,6,9,3,3
20261004,death,oracle,1.0,2023-08,3,0,0,0,6,9,3,3
20261004,death,oracle,1.0,2023-09,3,0,0,0,6,9,3,3
20261004,death,oracle,1.0,2023-10,3,0,0,0,6,9,3,3
20261004,death,oracle,1.0,2023-11,3,0,0,0,6,9,3,3
20261004,death,oracle,1.0,2023-12,3,0,0,0,6,9,3,3
20261004,death,oracle,1.0,2024-01,3,0,0,0,6,9,3,3
20261004,death,oracle,1.0,2024-02,3,0,0,0,6,9,3,3
20261004,death,oracle,1.0,2024-03,3,0,0,0,6,9,3,3
20261004,death,oracle,1.0,2024-04,3,0,0,0,6,9,3,3
20261004,death,oracle,1.0,2024-05,3,0,0,0,6,9,3,3
20261004,death,oracle,1.0,2024-06,3,0,0,0,6,9,3,3
20261004,death,oracle,1.0,2024-07,2,0,0,0,4,6,2,2
20261004,death,oracle,1.0,2024-08,2,0,0,0,4,6,2,2
20261004,death,oracle,1.0,2024-09,2,0,0,0,4,6,2,2
20261004,death,oracle,1.0,2024-10,2,0,0,0,4,6,2,2
20261004,death,oracle,1.0,2024-11,2,0,0,0,2,4,2,2
20261004,death,oracle,1.0,2024-12,2,0,0,0,2,4,2,2
20261004,death,oracle,1.25,2023-02,2,0,0,1,6,9,3,3
20261004,death,oracle,1.25,2023-03,2,0,0,1,6,9,3,3
20261004,death,oracle,1.25,2023-04,3,0,0,0,6,9,3,3
20261004,death,oracle,1.25,2023-05,3,0,0,0,6,9,3,3
20261004,death,oracle,1.25,2023-06,3,0,0,0,6,9,3,3
20261004,death,oracle,1.25,2023-07,3,0,0,0,6,9,3,3
20261004,death,oracle,1.25,2023-08,2,0,0,1,6,9,3,3
20261004,death,oracle,1.25,2023-09,3,0,0,0,6,9,3,3
20261004,death,oracle,1.25,2023-10,2,0,0,1,6,9,3,3
20261004,death,oracle,1.25,2023-11,2,0,0,1,6,9,3,3
20261004,death,oracle,1.25,2023-12,2,0,0,1,6,9,3,3
20261004,death,oracle,1.25,2024-01,3,0,0,0,6,9,3,3
20261004,death,oracle,1.25,2024-02,3,0,0,0,6,9,3,3
20261004,death,oracle,1.25,2024-03,2,0,0,1,6,9,3,3
20261004,death,oracle,1.25,2024-04,2,0,0,1,6,9,3,3
20261004,death,oracle,1.25,2024-05,3,0,0,0,6,9,3,3
20261004,death,oracle,1.25,2024-06,2,0,0,1,6,9,3,3
20261004,death,oracle,1.25,2024-07,2,0,0,0,4,6,2,2
20261004,death,oracle,1.25,2024-08,2,0,0,0,4,6,2,2
20261004,death,oracle,1.25,2024-09,2,0,0,0,4,6,2,2
20261004,death,oracle,1.25,2024-10,2,0,0,0,4,6,2,2
20261004,death,oracle,1.25,2024-11,2,0,0,0,2,4,2,2
20261004,death,oracle,1.25,2024-12,2,0,0,0,2,4,2,2
20261004,death,unsupervised,0.75,2023-02,3,0,0,0,6,9,3,3
20261004,death,unsupervised,0.75,2023-03,3,0,0,0,6,9,3,3
20261004,death,unsupervised,0.75,2023-04,3,0,0,0,6,9,3,3
20261004,death,unsupervised,0.75,2023-05,3,0,0,0,6,9,3,3
20261004,death,unsupervised,0.75,2023-06,3,0,0,0,6,9,3,3
20261004,death,unsupervised,0.75,2023-07,3,0,0,0,6,9,3,3
20261004,death,unsupervised,0.75,2023-08,3,0,0,0,6,9,3,3
20261004,death,unsupervised,0.75,2023-09,3,0,0,0,6,9,3,3
20261004,death,unsupervised,0.75,2023-10,3,0,0,0,6,9,3,3
20261004,death,unsupervised,0.75,2023-11,3,0,0,0,6,9,3,3
20261004,death,unsupervised,0.75,2023-12,3,0,0,0,6,9,3,3
20261004,death,unsupervised,0.75,2024-01,3,0,0,0,6,9,3,3
20261004,death,unsupervised,0.75,2024-02,3,0,0,0,6,9,3,3
20261004,death,unsupervised,0.75,2024-03,3,0,0,0,6,9,3,3
20261004,death,unsupervised,0.75,2024-04,3,0,0,0,6,9,3,3
20261004,death,unsupervised,0.75,2024-05,3,0,0,0,6,9,3,3
20261004,death,unsupervised,0.75,2024-06,3,0,0,0,6,9,3,3
20261004,death,unsupervised,0.75,2024-07,2,0,0,0,4,6,2,2
20261004,death,unsupervised,0.75,2024-08,2,0,0,0,4,6,2,2
20261004,death,unsupervised,0.75,2024-09,2,0,0,0,4,6,2,2
20261004,death,unsupervised,0.75,2024-10,2,0,0,0,4,6,2,2
20261004,death,unsupervised,0.75,2024-11,2,0,0,0,2,4,2,2
20261004,death,unsupervised,0.75,2024-12,2,0,0,0,2,4,2,2
20261004,death,unsupervised,1.0,2023-02,2,0,0,1,6,9,3,3
20261004,death,unsupervised,1.0,2023-03,3,0,0,0,6,9,3,3
20261004,death,unsupervised,1.0,2023-04,3,0,0,0,6,9,3,3
20261004,death,unsupervised,1.0,2023-05,3,0,0,0,6,9,3,3
20261004,death,unsupervised,1.0,2023-06,3,0,0,0,6,9,3,3
20261004,death,unsupervised,1.0,2023-07,3,0,0,0,6,9,3,3
20261004,death,unsupervised,1.0,2023-08,3,0,0,0,6,9,3,3
20261004,death,unsupervised,1.0,2023-09,3,0,0,0,6,9,3,3
20261004,death,unsupervised,1.0,2023-10,3,0,0,0,6,9,3,3
20261004,death,unsupervised,1.0,2023-11,3,0,0,0,6,9,3,3
20261004,death,unsupervised,1.0,2023-12,3,0,0,0,6,9,3,3
20261004,death,unsupervised,1.0,2024-01,3,0,0,0,6,9,3,3
20261004,death,unsupervised,1.0,2024-02,3,0,0,0,6,9,3,3
20261004,death,unsupervised,1.0,2024-03,3,0,0,0,6,9,3,3
20261004,death,unsupervised,1.0,2024-04,3,0,0,0,6,9,3,3
20261004,death,unsupervised,1.0,2024-05,3,0,0,0,6,9,3,3
20261004,death,unsupervised,1.0,2024-06,3,0,0,0,6,9,3,3
20261004,death,unsupervised,1.0,2024-07,2,0,0,0,4,6,2,2
20261004,death,unsupervised,1.0,2024-08,2,0,0,0,4,6,2,2
20261004,death,unsupervised,1.0,2024-09,2,0,0,0,4,6,2,2
20261004,death,unsupervised,1.0,2024-10,2,0,0,0,4,6,2,2
20261004,death,unsupervised,1.0,2024-11,2,0,0,0,2,4,2,2
20261004,death,unsupervised,1.0,2024-12,2,0,0,0,2,4,2,2
20261004,death,unsupervised,1.25,2023-02,2,0,0,1,6,9,3,3
20261004,death,unsupervised,1.25,2023-03,2,0,0,1,6,9,3,3
20261004,death,unsupervised,1.25,2023-04,3,0,0,0,6,9,3,3
20261004,death,unsupervised,1.25,2023-05,3,0,0,0,6,9,3,3
20261004,death,unsupervised,1.25,2023-06,3,0,0,0,6,9,3,3
20261004,death,unsupervised,1.25,2023-07,3,0,0,0,6,9,3,3
20261004,death,unsupervised,1.25,2023-08,2,0,0,1,6,9,3,3
20261004,death,unsupervised,1.25,2023-09,3,0,0,0,6,9,3,3
20261004,death,unsupervised,1.25,2023-10,2,0,0,1,6,9,3,3
20261004,death,unsupervised,1.25,2023-11,2,0,0,1,6,9,3,3
20261004,death,unsupervised,1.25,2023-12,2,0,0,1,6,9,3,3
20261004,death,unsupervised,1.25,2024-01,3,0,0,0,6,9,3,3
20261004,death,unsupervised,1.25,2024-02,3,0,0,0,6,9,3,3
20261004,death,unsupervised,1.25,2024-03,2,0,0,1,6,9,3,3
20261004,death,unsupervised,1.25,2024-04,2,0,0,1,6,9,3,3
20261004,death,unsupervised,1.25,2024-05,3,0,0,0,6,9,3,3
20261004,death,unsupervised,1.25,2024-06,2,0,0,1,6,9,3,3
20261004,death,unsupervised,1.25,2024-07,2,0,0,0,4,6,2,2
20261004,death,unsupervised,1.25,2024-08,2,0,0,0,4,6,2,2
20261004,death,unsupervised,1.25,2024-09,2,0,0,0,4,6,2,2
20261004,death,unsupervised,1.25,2024-10,2,0,0,0,4,6,2,2
20261004,death,unsupervised,1.25,2024-11,2,0,0,0,2,4,2,2
20261004,death,unsupervised,1.25,2024-12,2,0,0,0,2,4,2,2
20261004,split,oracle,0.75,2023-02,2,0,0,0,2,4,2,2
20261004,split,oracle,0.75,2023-03,2,0,0,0,2,4,2,2
20261004,split,oracle,0.75,2023-04,2,0,0,0,2,4,2,2
20261004,split,oracle,0.75,2023-05,2,0,0,0,2,4,2,2
20261004,split,oracle,0.75,2023-06,2,0,0,0,2,4,2,2
20261004,split,oracle,0.75,2023-07,2,0,0,0,2,4,2,2
20261004,split,oracle,0.75,2023-08,2,0,0,0,2,4,2,2
20261004,split,oracle,0.75,2023-09,2,0,0,0,2,4,2,2
20261004,split,oracle,0.75,2023-10,2,0,0,0,2,4,2,2
20261004,split,oracle,0.75,2023-11,2,0,0,0,2,4,2,2
20261004,split,oracle,0.75,2023-12,2,0,0,0,2,4,2,2
20261004,split,oracle,0.75,2024-01,2,0,0,0,2,4,2,2
20261004,split,oracle,0.75,2024-02,2,0,0,0,2,4,2,2
20261004,split,oracle,0.75,2024-03,1,0,0,0,5,6,1,3
20261004,split,oracle,0.75,2024-04,3,0,0,0,9,12,3,3
20261004,split,oracle,0.75,2024-05,3,0,0,0,9,12,3,3
20261004,split,oracle,0.75,2024-06,3,0,0,0,9,12,3,3
20261004,split,oracle,0.75,2024-07,3,0,0,0,6,9,3,3
20261004,split,oracle,0.75,2024-08,3,0,0,0,6,9,3,3
20261004,split,oracle,0.75,2024-09,3,0,0,0,6,9,3,3
20261004,split,oracle,0.75,2024-10,3,0,0,0,6,9,3,3
20261004,split,oracle,0.75,2024-11,3,0,0,0,6,9,3,3
20261004,split,oracle,0.75,2024-12,3,0,0,0,6,9,3,3
20261004,split,oracle,1.0,2023-02,2,0,0,0,2,4,2,2
20261004,split,oracle,1.0,2023-03,2,0,0,0,2,4,2,2
20261004,split,oracle,1.0,2023-04,2,0,0,0,2,4,2,2
20261004,split,oracle,1.0,2023-05,2,0,0,0,2,4,2,2
20261004,split,oracle,1.0,2023-06,2,0,0,0,2,4,2,2
20261004,split,oracle,1.0,2023-07,2,0,0,0,2,4,2,2
20261004,split,oracle,1.0,2023-08,2,0,0,0,2,4,2,2
20261004,split,oracle,1.0,2023-09,2,0,0,0,2,4,2,2
20261004,split,oracle,1.0,2023-10,2,0,0,0,2,4,2,2
20261004,split,oracle,1.0,2023-11,2,0,0,0,2,4,2,2
20261004,split,oracle,1.0,2023-12,2,0,0,0,2,4,2,2
20261004,split,oracle,1.0,2024-01,2,0,0,0,2,4,2,2
20261004,split,oracle,1.0,2024-02,2,0,0,0,2,4,2,2
20261004,split,oracle,1.0,2024-03,1,0,0,0,5,6,1,3
20261004,split,oracle,1.0,2024-04,3,0,0,0,9,12,3,3
20261004,split,oracle,1.0,2024-05,3,0,0,0,9,12,3,3
20261004,split,oracle,1.0,2024-06,3,0,0,0,9,12,3,3
20261004,split,oracle,1.0,2024-07,3,0,0,0,6,9,3,3
20261004,split,oracle,1.0,2024-08,3,0,0,0,6,9,3,3
20261004,split,oracle,1.0,2024-09,3,0,0,0,6,9,3,3
20261004,split,oracle,1.0,2024-10,3,0,0,0,6,9,3,3
20261004,split,oracle,1.0,2024-11,3,0,0,0,6,9,3,3
20261004,split,oracle,1.0,2024-12,3,0,0,0,6,9,3,3
20261004,split,oracle,1.25,2023-02,2,0,0,0,2,4,2,2
20261004,split,oracle,1.25,2023-03,2,0,0,0,2,4,2,2
20261004,split,oracle,1.25,2023-04,2,0,0,0,2,4,2,2
20261004,split,oracle,1.25,2023-05,2,0,0,0,2,4,2,2
20261004,split,oracle,1.25,2023-06,2,0,0,0,2,4,2,2
20261004,split,oracle,1.25,2023-07,2,0,0,0,2,4,2,2
20261004,split,oracle,1.25,2023-08,2,0,0,0,2,4,2,2
20261004,split,oracle,1.25,2023-09,2,0,0,0,2,4,2,2
20261004,split,oracle,1.25,2023-10,2,0,0,0,2,4,2,2
20261004,split,oracle,1.25,2023-11,2,0,0,0,2,4,2,2
20261004,split,oracle,1.25,2023-12,2,0,0,0,2,4,2,2
20261004,split,oracle,1.25,2024-01,2,0,0,0,2,4,2,2
20261004,split,oracle,1.25,2024-02,2,0,0,0,2,4,2,2
20261004,split,oracle,1.25,2024-03,1,0,0,0,5,6,1,3
20261004,split,oracle,1.25,2024-04,2,0,0,1,9,12,3,3
20261004,split,oracle,1.25,2024-05,2,0,0,1,9,12,3,3
20261004,split,oracle,1.25,2024-06,2,0,0,1,9,12,3,3
20261004,split,oracle,1.25,2024-07,3,0,0,0,6,9,3,3
20261004,split,oracle,1.25,2024-08,3,0,0,0,6,9,3,3
20261004,split,oracle,1.25,2024-09,3,0,0,0,6,9,3,3
20261004,split,oracle,1.25,2024-10,3,0,0,0,6,9,3,3
20261004,split,oracle,1.25,2024-11,3,0,0,0,6,9,3,3
20261004,split,oracle,1.25,2024-12,3,0,0,0,6,9,3,3
20261004,split,unsupervised,0.75,2023-02,2,0,0,0,2,4,2,2
20261004,split,unsupervised,0.75,2023-03,2,0,0,0,2,4,2,2
20261004,split,unsupervised,0.75,2023-04,2,0,0,0,2,4,2,2
20261004,split,unsupervised,0.75,2023-05,2,0,0,0,2,4,2,2
20261004,split,unsupervised,0.75,2023-06,2,0,0,0,2,4,2,2
20261004,split,unsupervised,0.75,2023-07,2,0,0,0,2,4,2,2
20261004,split,unsupervised,0.75,2023-08,2,0,0,0,2,4,2,2
20261004,split,unsupervised,0.75,2023-09,2,0,0,0,2,4,2,2
20261004,split,unsupervised,0.75,2023-10,2,0,0,0,2,4,2,2
20261004,split,unsupervised,0.75,2023-11,2,0,0,0,2,4,2,2
20261004,split,unsupervised,0.75,2023-12,2,0,0,0,2,4,2,2
20261004,split,unsupervised,0.75,2024-01,2,0,0,0,2,4,2,2
20261004,split,unsupervised,0.75,2024-02,2,0,0,0,2,4,2,2
20261004,split,unsupervised,0.75,2024-03,1,0,0,0,5,6,1,3
20261004,split,unsupervised,0.75,2024-04,3,0,0,0,9,12,3,3
20261004,split,unsupervised,0.75,2024-05,3,0,0,0,9,12,3,3
20261004,split,unsupervised,0.75,2024-06,3,0,0,0,9,12,3,3
20261004,split,unsupervised,0.75,2024-07,3,0,0,0,6,9,3,3
20261004,split,unsupervised,0.75,2024-08,3,0,0,0,6,9,3,3
20261004,split,unsupervised,0.75,2024-09,3,0,0,0,6,9,3,3
20261004,split,unsupervised,0.75,2024-10,3,0,0,0,6,9,3,3
20261004,split,unsupervised,0.75,2024-11,3,0,0,0,6,9,3,3
20261004,split,unsupervised,0.75,2024-12,3,0,0,0,6,9,3,3
20261004,split,unsupervised,1.0,2023-02,2,0,0,0,2,4,2,2
20261004,split,unsupervised,1.0,2023-03,2,0,0,0,2,4,2,2
20261004,split,unsupervised,1.0,2023-04,2,0,0,0,2,4,2,2
20261004,split,unsupervised,1.0,2023-05,2,0,0,0,2,4,2,2
20261004,split,unsupervised,1.0,2023-06,2,0,0,0,2,4,2,2
20261004,split,unsupervised,1.0,2023-07,2,0,0,0,2,4,2,2
20261004,split,unsupervised,1.0,2023-08,2,0,0,0,2,4,2,2
20261004,split,unsupervised,1.0,2023-09,2,0,0,0,2,4,2,2
20261004,split,unsupervised,1.0,2023-10,2,0,0,0,2,4,2,2
20261004,split,unsupervised,1.0,2023-11,2,0,0,0,2,4,2,2
20261004,split,unsupervised,1.0,2023-12,2,0,0,0,2,4,2,2
20261004,split,unsupervised,1.0,2024-01,2,0,0,0,2,4,2,2
20261004,split,unsupervised,1.0,2024-02,2,0,0,0,2,4,2,2
20261004,split,unsupervised,1.0,2024-03,1,0,0,0,5,6,1,3
20261004,split,unsupervised,1.0,2024-04,3,0,0,0,9,12,3,3
20261004,split,unsupervised,1.0,2024-05,3,0,0,0,9,12,3,3
20261004,split,unsupervised,1.0,2024-06,3,0,0,0,9,12,3,3
20261004,split,unsupervised,1.0,2024-07,3,0,0,0,6,9,3,3
20261004,split,unsupervised,1.0,2024-08,3,0,0,0,6,9,3,3
20261004,split,unsupervised,1.0,2024-09,3,0,0,0,6,9,3,3
20261004,split,unsupervised,1.0,2024-10,3,0,0,0,6,9,3,3
20261004,split,unsupervised,1.0,2024-11,3,0,0,0,6,9,3,3
20261004,split,unsupervised,1.0,2024-12,3,0,0,0,6,9,3,3
20261004,split,unsupervised,1.25,2023-02,2,0,0,0,2,4,2,2
20261004,split,unsupervised,1.25,2023-03,2,0,0,0,2,4,2,2
20261004,split,unsupervised,1.25,2023-04,2,0,0,0,2,4,2,2
20261004,split,unsupervised,1.25,2023-05,2,0,0,0,2,4,2,2
20261004,split,unsupervised,1.25,2023-06,2,0,0,0,2,4,2,2
20261004,split,unsupervised,1.25,2023-07,2,0,0,0,2,4,2,2
20261004,split,unsupervised,1.25,2023-08,2,0,0,0,2,4,2,2
20261004,split,unsupervised,1.25,2023-09,2,0,0,0,2,4,2,2
20261004,split,unsupervised,1.25,2023-10,2,0,0,0,2,4,2,2
20261004,split,unsupervised,1.25,2023-11,2,0,0,0,2,4,2,2
20261004,split,unsupervised,1.25,2023-12,2,0,0,0,2,4,2,2
20261004,split,unsupervised,1.25,2024-01,2,0,0,0,2,4,2,2
20261004,split,unsupervised,1.25,2024-02,2,0,0,0,2,4,2,2
20261004,split,unsupervised,1.25,2024-03,1,0,0,0,5,6,1,3
20261004,split,unsupervised,1.25,2024-04,2,0,0,1,9,12,3,3
20261004,split,unsupervised,1.25,2024-05,2,0,0,1,9,12,3,3
20261004,split,unsupervised,1.25,2024-06,2,0,0,1,9,12,3,3
20261004,split,unsupervised,1.25,2024-07,3,0,0,0,6,9,3,3
20261004,split,unsupervised,1.25,2024-08,3,0,0,0,6,9,3,3
20261004,split,unsupervised,1.25,2024-09,3,0,0,0,6,9,3,3
20261004,split,unsupervised,1.25,2024-10,3,0,0,0,6,9,3,3
20261004,split,unsupervised,1.25,2024-11,3,0,0,0,6,9,3,3
20261004,split,unsupervised,1.25,2024-12,3,0,0,0,6,9,3,3
20261004,merge,oracle,0.75,2023-02,3,0,0,0,6,9,3,3
20261004,merge,oracle,0.75,2023-03,3,0,0,0,6,9,3,3
20261004,merge,oracle,0.75,2023-04,3,0,0,0,6,9,3,3
20261004,merge,oracle,0.75,2023-05,3,0,0,0,6,9,3,3
20261004,merge,oracle,0.75,2023-06,3,0,0,0,6,9,3,3
20261004,merge,oracle,0.75,2023-07,3,0,0,0,6,9,3,3
20261004,merge,oracle,0.75,2023-08,3,0,0,0,6,9,3,3
20261004,merge,oracle,0.75,2023-09,3,0,0,0,6,9,3,3
20261004,merge,oracle,0.75,2023-10,3,0,0,0,6,9,3,3
20261004,merge,oracle,0.75,2023-11,3,0,0,0,6,9,3,3
20261004,merge,oracle,0.75,2023-12,3,0,0,0,6,9,3,3
20261004,merge,oracle,0.75,2024-01,3,0,0,0,6,9,3,3
20261004,merge,oracle,0.75,2024-02,3,0,0,0,6,9,3,3
20261004,merge,oracle,0.75,2024-03,1,0,0,0,5,6,1,2
20261004,merge,oracle,0.75,2024-04,2,0,0,0,6,8,2,2
20261004,merge,oracle,0.75,2024-05,2,0,0,0,6,8,2,2
20261004,merge,oracle,0.75,2024-06,2,0,0,0,6,8,2,2
20261004,merge,oracle,0.75,2024-07,2,0,0,0,2,4,2,2
20261004,merge,oracle,0.75,2024-08,2,0,0,0,2,4,2,2
20261004,merge,oracle,0.75,2024-09,2,0,0,0,2,4,2,2
20261004,merge,oracle,0.75,2024-10,2,0,0,0,2,4,2,2
20261004,merge,oracle,0.75,2024-11,2,0,0,0,2,4,2,2
20261004,merge,oracle,0.75,2024-12,2,0,0,0,2,4,2,2
20261004,merge,oracle,1.0,2023-02,3,0,0,0,6,9,3,3
20261004,merge,oracle,1.0,2023-03,3,0,0,0,6,9,3,3
20261004,merge,oracle,1.0,2023-04,3,0,0,0,6,9,3,3
20261004,merge,oracle,1.0,2023-05,3,0,0,0,6,9,3,3
20261004,merge,oracle,1.0,2023-06,3,0,0,0,6,9,3,3
20261004,merge,oracle,1.0,2023-07,3,0,0,0,6,9,3,3
20261004,merge,oracle,1.0,2023-08,3,0,0,0,6,9,3,3
20261004,merge,oracle,1.0,2023-09,3,0,0,0,6,9,3,3
20261004,merge,oracle,1.0,2023-10,3,0,0,0,6,9,3,3
20261004,merge,oracle,1.0,2023-11,3,0,0,0,6,9,3,3
20261004,merge,oracle,1.0,2023-12,3,0,0,0,6,9,3,3
20261004,merge,oracle,1.0,2024-01,3,0,0,0,6,9,3,3
20261004,merge,oracle,1.0,2024-02,3,0,0,0,6,9,3,3
20261004,merge,oracle,1.0,2024-03,1,0,0,0,5,6,1,2
20261004,merge,oracle,1.0,2024-04,2,0,0,0,6,8,2,2
20261004,merge,oracle,1.0,2024-05,2,0,0,0,6,8,2,2
20261004,merge,oracle,1.0,2024-06,2,0,0,0,6,8,2,2
20261004,merge,oracle,1.0,2024-07,2,0,0,0,2,4,2,2
20261004,merge,oracle,1.0,2024-08,2,0,0,0,2,4,2,2
20261004,merge,oracle,1.0,2024-09,2,0,0,0,2,4,2,2
20261004,merge,oracle,1.0,2024-10,2,0,0,0,2,4,2,2
20261004,merge,oracle,1.0,2024-11,2,0,0,0,2,4,2,2
20261004,merge,oracle,1.0,2024-12,2,0,0,0,2,4,2,2
20261004,merge,oracle,1.25,2023-02,3,0,0,0,6,9,3,3
20261004,merge,oracle,1.25,2023-03,3,0,0,0,6,9,3,3
20261004,merge,oracle,1.25,2023-04,3,0,0,0,6,9,3,3
20261004,merge,oracle,1.25,2023-05,3,0,0,0,6,9,3,3
20261004,merge,oracle,1.25,2023-06,3,0,0,0,6,9,3,3
20261004,merge,oracle,1.25,2023-07,3,0,0,0,6,9,3,3
20261004,merge,oracle,1.25,2023-08,3,0,0,0,6,9,3,3
20261004,merge,oracle,1.25,2023-09,3,0,0,0,6,9,3,3
20261004,merge,oracle,1.25,2023-10,3,0,0,0,6,9,3,3
20261004,merge,oracle,1.25,2023-11,3,0,0,0,6,9,3,3
20261004,merge,oracle,1.25,2023-12,3,0,0,0,6,9,3,3
20261004,merge,oracle,1.25,2024-01,3,0,0,0,6,9,3,3
20261004,merge,oracle,1.25,2024-02,3,0,0,0,6,9,3,3
20261004,merge,oracle,1.25,2024-03,1,0,0,0,5,6,1,2
20261004,merge,oracle,1.25,2024-04,1,0,0,1,6,8,2,2
20261004,merge,oracle,1.25,2024-05,1,0,0,1,6,8,2,2
20261004,merge,oracle,1.25,2024-06,1,0,0,1,6,8,2,2
20261004,merge,oracle,1.25,2024-07,2,0,0,0,2,4,2,2
20261004,merge,oracle,1.25,2024-08,2,0,0,0,2,4,2,2
20261004,merge,oracle,1.25,2024-09,2,0,0,0,2,4,2,2
20261004,merge,oracle,1.25,2024-10,2,0,0,0,2,4,2,2
20261004,merge,oracle,1.25,2024-11,2,0,0,0,2,4,2,2
20261004,merge,oracle,1.25,2024-12,2,0,0,0,2,4,2,2
20261004,merge,unsupervised,0.75,2023-02,3,0,0,0,6,9,3,3
20261004,merge,unsupervised,0.75,2023-03,3,0,0,0,6,9,3,3
20261004,merge,unsupervised,0.75,2023-04,3,0,0,0,6,9,3,3
20261004,merge,unsupervised,0.75,2023-05,3,0,0,0,6,9,3,3
20261004,merge,unsupervised,0.75,2023-06,3,0,0,0,6,9,3,3
20261004,merge,unsupervised,0.75,2023-07,3,0,0,0,6,9,3,3
20261004,merge,unsupervised,0.75,2023-08,3,0,0,0,6,9,3,3
20261004,merge,unsupervised,0.75,2023-09,3,0,0,0,6,9,3,3
20261004,merge,unsupervised,0.75,2023-10,3,0,0,0,6,9,3,3
20261004,merge,unsupervised,0.75,2023-11,3,0,0,0,6,9,3,3
20261004,merge,unsupervised,0.75,2023-12,3,0,0,0,6,9,3,3
20261004,merge,unsupervised,0.75,2024-01,3,0,0,0,6,9,3,3
20261004,merge,unsupervised,0.75,2024-02,3,0,0,0,6,9,3,3
20261004,merge,unsupervised,0.75,2024-03,1,0,0,0,5,6,1,2
20261004,merge,unsupervised,0.75,2024-04,2,0,0,0,6,8,2,2
20261004,merge,unsupervised,0.75,2024-05,2,0,0,0,6,8,2,2
20261004,merge,unsupervised,0.75,2024-06,2,0,0,0,6,8,2,2
20261004,merge,unsupervised,0.75,2024-07,2,0,0,0,2,4,2,2
20261004,merge,unsupervised,0.75,2024-08,2,0,0,0,2,4,2,2
20261004,merge,unsupervised,0.75,2024-09,2,0,0,0,2,4,2,2
20261004,merge,unsupervised,0.75,2024-10,2,0,0,0,2,4,2,2
20261004,merge,unsupervised,0.75,2024-11,2,0,0,0,2,4,2,2
20261004,merge,unsupervised,0.75,2024-12,2,0,0,0,2,4,2,2
20261004,merge,unsupervised,1.0,2023-02,3,0,0,0,6,9,3,3
20261004,merge,unsupervised,1.0,2023-03,3,0,0,0,6,9,3,3
20261004,merge,unsupervised,1.0,2023-04,3,0,0,0,6,9,3,3
20261004,merge,unsupervised,1.0,2023-05,3,0,0,0,6,9,3,3
20261004,merge,unsupervised,1.0,2023-06,3,0,0,0,6,9,3,3
20261004,merge,unsupervised,1.0,2023-07,3,0,0,0,6,9,3,3
20261004,merge,unsupervised,1.0,2023-08,3,0,0,0,6,9,3,3
20261004,merge,unsupervised,1.0,2023-09,3,0,0,0,6,9,3,3
20261004,merge,unsupervised,1.0,2023-10,3,0,0,0,6,9,3,3
20261004,merge,unsupervised,1.0,2023-11,3,0,0,0,6,9,3,3
20261004,merge,unsupervised,1.0,2023-12,3,0,0,0,6,9,3,3
20261004,merge,unsupervised,1.0,2024-01,3,0,0,0,6,9,3,3
20261004,merge,unsupervised,1.0,2024-02,3,0,0,0,6,9,3,3
20261004,merge,unsupervised,1.0,2024-03,1,0,0,0,5,6,1,2
20261004,merge,unsupervised,1.0,2024-04,2,0,0,0,6,8,2,2
20261004,merge,unsupervised,1.0,2024-05,2,0,0,0,6,8,2,2
20261004,merge,unsupervised,1.0,2024-06,2,0,0,0,6,8,2,2
20261004,merge,unsupervised,1.0,2024-07,2,0,0,0,2,4,2,2
20261004,merge,unsupervised,1.0,2024-08,2,0,0,0,2,4,2,2
20261004,merge,unsupervised,1.0,2024-09,2,0,0,0,2,4,2,2
20261004,merge,unsupervised,1.0,2024-10,2,0,0,0,2,4,2,2
20261004,merge,unsupervised,1.0,2024-11,2,0,0,0,2,4,2,2
20261004,merge,unsupervised,1.0,2024-12,2,0,0,0,2,4,2,2
20261004,merge,unsupervised,1.25,2023-02,3,0,0,0,6,9,3,3
20261004,merge,unsupervised,1.25,2023-03,3,0,0,0,6,9,3,3
20261004,merge,unsupervised,1.25,2023-04,3,0,0,0,6,9,3,3
20261004,merge,unsupervised,1.25,2023-05,3,0,0,0,6,9,3,3
20261004,merge,unsupervised,1.25,2023-06,3,0,0,0,6,9,3,3
20261004,merge,unsupervised,1.25,2023-07,3,0,0,0,6,9,3,3
20261004,merge,unsupervised,1.25,2023-08,3,0,0,0,6,9,3,3
20261004,merge,unsupervised,1.25,2023-09,3,0,0,0,6,9,3,3
20261004,merge,unsupervised,1.25,2023-10,3,0,0,0,6,9,3,3
20261004,merge,unsupervised,1.25,2023-11,3,0,0,0,6,9,3,3
20261004,merge,unsupervised,1.25,2023-12,3,0,0,0,6,9,3,3
20261004,merge,unsupervised,1.25,2024-01,3,0,0,0,6,9,3,3
20261004,merge,unsupervised,1.25,2024-02,3,0,0,0,6,9,3,3
20261004,merge,unsupervised,1.25,2024-03,1,0,0,0,5,6,1,2
20261004,merge,unsupervised,1.25,2024-04,1,0,0,1,6,8,2,2
20261004,merge,unsupervised,1.25,2024-05,1,0,0,1,6,8,2,2
20261004,merge,unsupervised,1.25,2024-06,1,0,0,1,6,8,2,2
20261004,merge,unsupervised,1.25,2024-07,2,0,0,0,2,4,2,2
20261004,merge,unsupervised,1.25,2024-08,2,0,0,0,2,4,2,2
20261004,merge,unsupervised,1.25,2024-09,2,0,0,0,2,4,2,2
20261004,merge,unsupervised,1.25,2024-10,2,0,0,0,2,4,2,2
20261004,merge,unsupervised,1.25,2024-11,2,0,0,0,2,4,2,2
20261004,merge,unsupervised,1.25,2024-12,2,0,0,0,2,4,2,2
20261004,proximity,oracle,0.75,2023-02,2,0,0,0,2,4,2,2
20261004,proximity,oracle,0.75,2023-03,2,0,0,0,2,4,2,2
20261004,proximity,oracle,0.75,2023-04,2,0,0,0,2,4,2,2
20261004,proximity,oracle,0.75,2023-05,2,0,0,0,2,4,2,2
20261004,proximity,oracle,0.75,2023-06,2,0,0,0,2,4,2,2
20261004,proximity,oracle,0.75,2023-07,2,0,0,0,2,4,2,2
20261004,proximity,oracle,0.75,2023-08,2,0,0,0,2,4,2,2
20261004,proximity,oracle,0.75,2023-09,2,0,0,0,2,4,2,2
20261004,proximity,oracle,0.75,2023-10,2,0,0,0,2,4,2,2
20261004,proximity,oracle,0.75,2023-11,2,0,0,0,2,4,2,2
20261004,proximity,oracle,0.75,2023-12,2,0,0,0,2,4,2,2
20261004,proximity,oracle,0.75,2024-01,2,0,0,0,2,4,2,2
20261004,proximity,oracle,0.75,2024-02,2,0,0,0,2,4,2,2
20261004,proximity,oracle,0.75,2024-03,2,0,0,0,2,4,2,2
20261004,proximity,oracle,0.75,2024-04,2,0,0,0,2,4,2,2
20261004,proximity,oracle,0.75,2024-05,2,0,0,0,2,4,2,2
20261004,proximity,oracle,0.75,2024-06,2,0,0,0,2,4,2,2
20261004,proximity,oracle,0.75,2024-07,2,0,0,0,2,4,2,2
20261004,proximity,oracle,0.75,2024-08,2,0,0,0,2,4,2,2
20261004,proximity,oracle,0.75,2024-09,2,0,0,0,2,4,2,2
20261004,proximity,oracle,0.75,2024-10,2,0,0,0,2,4,2,2
20261004,proximity,oracle,0.75,2024-11,2,0,0,0,2,4,2,2
20261004,proximity,oracle,0.75,2024-12,1,0,0,1,2,4,2,2
20261004,proximity,oracle,1.0,2023-02,2,0,0,0,2,4,2,2
20261004,proximity,oracle,1.0,2023-03,2,0,0,0,2,4,2,2
20261004,proximity,oracle,1.0,2023-04,2,0,0,0,2,4,2,2
20261004,proximity,oracle,1.0,2023-05,2,0,0,0,2,4,2,2
20261004,proximity,oracle,1.0,2023-06,2,0,0,0,2,4,2,2
20261004,proximity,oracle,1.0,2023-07,2,0,0,0,2,4,2,2
20261004,proximity,oracle,1.0,2023-08,2,0,0,0,2,4,2,2
20261004,proximity,oracle,1.0,2023-09,2,0,0,0,2,4,2,2
20261004,proximity,oracle,1.0,2023-10,2,0,0,0,2,4,2,2
20261004,proximity,oracle,1.0,2023-11,2,0,0,0,2,4,2,2
20261004,proximity,oracle,1.0,2023-12,2,0,0,0,2,4,2,2
20261004,proximity,oracle,1.0,2024-01,2,0,0,0,2,4,2,2
20261004,proximity,oracle,1.0,2024-02,2,0,0,0,2,4,2,2
20261004,proximity,oracle,1.0,2024-03,2,0,0,0,2,4,2,2
20261004,proximity,oracle,1.0,2024-04,2,0,0,0,2,4,2,2
20261004,proximity,oracle,1.0,2024-05,2,0,0,0,2,4,2,2
20261004,proximity,oracle,1.0,2024-06,2,0,0,0,2,4,2,2
20261004,proximity,oracle,1.0,2024-07,2,0,0,0,2,4,2,2
20261004,proximity,oracle,1.0,2024-08,2,0,0,0,2,4,2,2
20261004,proximity,oracle,1.0,2024-09,2,0,0,0,2,4,2,2
20261004,proximity,oracle,1.0,2024-10,2,0,0,0,2,4,2,2
20261004,proximity,oracle,1.0,2024-11,2,0,0,0,2,4,2,2
20261004,proximity,oracle,1.0,2024-12,0,0,0,2,2,4,2,2
20261004,proximity,oracle,1.25,2023-02,2,0,0,0,2,4,2,2
20261004,proximity,oracle,1.25,2023-03,2,0,0,0,2,4,2,2
20261004,proximity,oracle,1.25,2023-04,2,0,0,0,2,4,2,2
20261004,proximity,oracle,1.25,2023-05,2,0,0,0,2,4,2,2
20261004,proximity,oracle,1.25,2023-06,2,0,0,0,2,4,2,2
20261004,proximity,oracle,1.25,2023-07,2,0,0,0,2,4,2,2
20261004,proximity,oracle,1.25,2023-08,2,0,0,0,2,4,2,2
20261004,proximity,oracle,1.25,2023-09,2,0,0,0,2,4,2,2
20261004,proximity,oracle,1.25,2023-10,2,0,0,0,2,4,2,2
20261004,proximity,oracle,1.25,2023-11,2,0,0,0,2,4,2,2
20261004,proximity,oracle,1.25,2023-12,2,0,0,0,2,4,2,2
20261004,proximity,oracle,1.25,2024-01,2,0,0,0,2,4,2,2
20261004,proximity,oracle,1.25,2024-02,2,0,0,0,2,4,2,2
20261004,proximity,oracle,1.25,2024-03,2,0,0,0,2,4,2,2
20261004,proximity,oracle,1.25,2024-04,1,0,0,1,2,4,2,2
20261004,proximity,oracle,1.25,2024-05,1,0,0,1,2,4,2,2
20261004,proximity,oracle,1.25,2024-06,1,0,0,1,2,4,2,2
20261004,proximity,oracle,1.25,2024-07,1,0,0,1,2,4,2,2
20261004,proximity,oracle,1.25,2024-08,1,0,0,1,2,4,2,2
20261004,proximity,oracle,1.25,2024-09,1,0,1,1,2,4,2,2
20261004,proximity,oracle,1.25,2024-10,1,0,1,1,2,4,2,2
20261004,proximity,oracle,1.25,2024-11,0,0,0,2,2,4,2,2
20261004,proximity,oracle,1.25,2024-12,0,0,0,2,2,4,2,2
20261004,proximity,unsupervised,0.75,2023-02,2,0,0,0,2,4,2,2
20261004,proximity,unsupervised,0.75,2023-03,2,0,0,0,2,4,2,2
20261004,proximity,unsupervised,0.75,2023-04,2,0,0,0,2,4,2,2
20261004,proximity,unsupervised,0.75,2023-05,2,0,0,0,2,4,2,2
20261004,proximity,unsupervised,0.75,2023-06,2,0,0,0,2,4,2,2
20261004,proximity,unsupervised,0.75,2023-07,2,0,0,0,2,4,2,2
20261004,proximity,unsupervised,0.75,2023-08,2,0,0,0,2,4,2,2
20261004,proximity,unsupervised,0.75,2023-09,2,0,0,0,2,4,2,2
20261004,proximity,unsupervised,0.75,2023-10,2,0,0,0,2,4,2,2
20261004,proximity,unsupervised,0.75,2023-11,2,0,0,0,2,4,2,2
20261004,proximity,unsupervised,0.75,2023-12,2,0,0,0,2,4,2,2
20261004,proximity,unsupervised,0.75,2024-01,2,0,0,0,2,4,2,2
20261004,proximity,unsupervised,0.75,2024-02,2,0,0,0,2,4,2,2
20261004,proximity,unsupervised,0.75,2024-03,2,0,0,0,2,4,2,2
20261004,proximity,unsupervised,0.75,2024-04,2,0,0,0,2,4,2,2
20261004,proximity,unsupervised,0.75,2024-05,2,0,0,0,2,4,2,2
20261004,proximity,unsupervised,0.75,2024-06,2,0,0,0,2,4,2,2
20261004,proximity,unsupervised,0.75,2024-07,2,0,0,0,2,4,2,2
20261004,proximity,unsupervised,0.75,2024-08,2,0,0,0,2,4,2,2
20261004,proximity,unsupervised,0.75,2024-09,2,0,0,0,2,4,2,2
20261004,proximity,unsupervised,0.75,2024-10,2,0,0,0,2,4,2,2
20261004,proximity,unsupervised,0.75,2024-11,2,0,0,0,2,4,2,2
20261004,proximity,unsupervised,0.75,2024-12,0,0,2,2,2,4,2,2
20261004,proximity,unsupervised,1.0,2023-02,2,0,0,0,2,4,2,2
20261004,proximity,unsupervised,1.0,2023-03,2,0,0,0,2,4,2,2
20261004,proximity,unsupervised,1.0,2023-04,2,0,0,0,2,4,2,2
20261004,proximity,unsupervised,1.0,2023-05,2,0,0,0,2,4,2,2
20261004,proximity,unsupervised,1.0,2023-06,2,0,0,0,2,4,2,2
20261004,proximity,unsupervised,1.0,2023-07,2,0,0,0,2,4,2,2
20261004,proximity,unsupervised,1.0,2023-08,2,0,0,0,2,4,2,2
20261004,proximity,unsupervised,1.0,2023-09,2,0,0,0,2,4,2,2
20261004,proximity,unsupervised,1.0,2023-10,2,0,0,0,2,4,2,2
20261004,proximity,unsupervised,1.0,2023-11,2,0,0,0,2,4,2,2
20261004,proximity,unsupervised,1.0,2023-12,2,0,0,0,2,4,2,2
20261004,proximity,unsupervised,1.0,2024-01,2,0,0,0,2,4,2,2
20261004,proximity,unsupervised,1.0,2024-02,2,0,0,0,2,4,2,2
20261004,proximity,unsupervised,1.0,2024-03,2,0,0,0,2,4,2,2
20261004,proximity,unsupervised,1.0,2024-04,2,0,0,0,2,4,2,2
20261004,proximity,unsupervised,1.0,2024-05,2,0,0,0,2,4,2,2
20261004,proximity,unsupervised,1.0,2024-06,2,0,0,0,2,4,2,2
20261004,proximity,unsupervised,1.0,2024-07,2,0,0,0,2,4,2,2
20261004,proximity,unsupervised,1.0,2024-08,2,0,0,0,2,4,2,2
20261004,proximity,unsupervised,1.0,2024-09,2,0,0,0,2,4,2,2
20261004,proximity,unsupervised,1.0,2024-10,2,0,0,0,2,4,2,2
20261004,proximity,unsupervised,1.0,2024-11,2,0,0,0,2,4,2,2
20261004,proximity,unsupervised,1.0,2024-12,0,0,0,2,2,4,2,2
20261004,proximity,unsupervised,1.25,2023-02,2,0,0,0,2,4,2,2
20261004,proximity,unsupervised,1.25,2023-03,2,0,0,0,2,4,2,2
20261004,proximity,unsupervised,1.25,2023-04,2,0,0,0,2,4,2,2
20261004,proximity,unsupervised,1.25,2023-05,2,0,0,0,2,4,2,2
20261004,proximity,unsupervised,1.25,2023-06,2,0,0,0,2,4,2,2
20261004,proximity,unsupervised,1.25,2023-07,2,0,0,0,2,4,2,2
20261004,proximity,unsupervised,1.25,2023-08,2,0,0,0,2,4,2,2
20261004,proximity,unsupervised,1.25,2023-09,2,0,0,0,2,4,2,2
20261004,proximity,unsupervised,1.25,2023-10,2,0,0,0,2,4,2,2
20261004,proximity,unsupervised,1.25,2023-11,2,0,0,0,2,4,2,2
20261004,proximity,unsupervised,1.25,2023-12,2,0,0,0,2,4,2,2
20261004,proximity,unsupervised,1.25,2024-01,2,0,0,0,2,4,2,2
20261004,proximity,unsupervised,1.25,2024-02,2,0,0,0,2,4,2,2
20261004,proximity,unsupervised,1.25,2024-03,2,0,0,0,2,4,2,2
20261004,proximity,unsupervised,1.25,2024-04,1,0,0,1,2,4,2,2
20261004,proximity,unsupervised,1.25,2024-05,1,0,0,1,2,4,2,2
20261004,proximity,unsupervised,1.25,2024-06,1,0,0,1,2,4,2,2
20261004,proximity,unsupervised,1.25,2024-07,1,0,0,1,2,4,2,2
20261004,proximity,unsupervised,1.25,2024-08,1,0,0,1,2,4,2,2
20261004,proximity,unsupervised,1.25,2024-09,1,0,1,1,2,4,2,2
20261004,proximity,unsupervised,1.25,2024-10,1,0,1,1,2,4,2,2
20261004,proximity,unsupervised,1.25,2024-11,0,0,0,2,2,4,2,2
20261004,proximity,unsupervised,1.25,2024-12,0,0,0,2,2,4,2,2
20261005,stable,oracle,0.75,2023-02,2,0,0,0,2,4,2,2
20261005,stable,oracle,0.75,2023-03,2,0,0,0,2,4,2,2
20261005,stable,oracle,0.75,2023-04,2,0,0,0,2,4,2,2
20261005,stable,oracle,0.75,2023-05,2,0,0,0,2,4,2,2
20261005,stable,oracle,0.75,2023-06,2,0,0,0,2,4,2,2
20261005,stable,oracle,0.75,2023-07,2,0,0,0,2,4,2,2
20261005,stable,oracle,0.75,2023-08,2,0,0,0,2,4,2,2
20261005,stable,oracle,0.75,2023-09,2,0,0,0,2,4,2,2
20261005,stable,oracle,0.75,2023-10,2,0,0,0,2,4,2,2
20261005,stable,oracle,0.75,2023-11,2,0,0,0,2,4,2,2
20261005,stable,oracle,0.75,2023-12,2,0,0,0,2,4,2,2
20261005,stable,oracle,0.75,2024-01,2,0,0,0,2,4,2,2
20261005,stable,oracle,0.75,2024-02,2,0,0,0,2,4,2,2
20261005,stable,oracle,0.75,2024-03,2,0,0,0,2,4,2,2
20261005,stable,oracle,0.75,2024-04,2,0,0,0,2,4,2,2
20261005,stable,oracle,0.75,2024-05,2,0,0,0,2,4,2,2
20261005,stable,oracle,0.75,2024-06,2,0,0,0,2,4,2,2
20261005,stable,oracle,0.75,2024-07,2,0,0,0,2,4,2,2
20261005,stable,oracle,0.75,2024-08,2,0,0,0,2,4,2,2
20261005,stable,oracle,0.75,2024-09,2,0,0,0,2,4,2,2
20261005,stable,oracle,0.75,2024-10,2,0,0,0,2,4,2,2
20261005,stable,oracle,0.75,2024-11,2,0,0,0,2,4,2,2
20261005,stable,oracle,0.75,2024-12,2,0,0,0,2,4,2,2
20261005,stable,oracle,1.0,2023-02,2,0,0,0,2,4,2,2
20261005,stable,oracle,1.0,2023-03,2,0,0,0,2,4,2,2
20261005,stable,oracle,1.0,2023-04,2,0,0,0,2,4,2,2
20261005,stable,oracle,1.0,2023-05,2,0,0,0,2,4,2,2
20261005,stable,oracle,1.0,2023-06,2,0,0,0,2,4,2,2
20261005,stable,oracle,1.0,2023-07,2,0,0,0,2,4,2,2
20261005,stable,oracle,1.0,2023-08,2,0,0,0,2,4,2,2
20261005,stable,oracle,1.0,2023-09,2,0,0,0,2,4,2,2
20261005,stable,oracle,1.0,2023-10,2,0,0,0,2,4,2,2
20261005,stable,oracle,1.0,2023-11,2,0,0,0,2,4,2,2
20261005,stable,oracle,1.0,2023-12,2,0,0,0,2,4,2,2
20261005,stable,oracle,1.0,2024-01,2,0,0,0,2,4,2,2
20261005,stable,oracle,1.0,2024-02,2,0,0,0,2,4,2,2
20261005,stable,oracle,1.0,2024-03,2,0,0,0,2,4,2,2
20261005,stable,oracle,1.0,2024-04,2,0,0,0,2,4,2,2
20261005,stable,oracle,1.0,2024-05,2,0,0,0,2,4,2,2
20261005,stable,oracle,1.0,2024-06,2,0,0,0,2,4,2,2
20261005,stable,oracle,1.0,2024-07,2,0,0,0,2,4,2,2
20261005,stable,oracle,1.0,2024-08,2,0,0,0,2,4,2,2
20261005,stable,oracle,1.0,2024-09,2,0,0,0,2,4,2,2
20261005,stable,oracle,1.0,2024-10,2,0,0,0,2,4,2,2
20261005,stable,oracle,1.0,2024-11,2,0,0,0,2,4,2,2
20261005,stable,oracle,1.0,2024-12,2,0,0,0,2,4,2,2
20261005,stable,oracle,1.25,2023-02,2,0,0,0,2,4,2,2
20261005,stable,oracle,1.25,2023-03,2,0,0,0,2,4,2,2
20261005,stable,oracle,1.25,2023-04,2,0,0,0,2,4,2,2
20261005,stable,oracle,1.25,2023-05,2,0,0,0,2,4,2,2
20261005,stable,oracle,1.25,2023-06,2,0,0,0,2,4,2,2
20261005,stable,oracle,1.25,2023-07,2,0,0,0,2,4,2,2
20261005,stable,oracle,1.25,2023-08,2,0,0,0,2,4,2,2
20261005,stable,oracle,1.25,2023-09,2,0,0,0,2,4,2,2
20261005,stable,oracle,1.25,2023-10,2,0,0,0,2,4,2,2
20261005,stable,oracle,1.25,2023-11,2,0,0,0,2,4,2,2
20261005,stable,oracle,1.25,2023-12,2,0,0,0,2,4,2,2
20261005,stable,oracle,1.25,2024-01,2,0,0,0,2,4,2,2
20261005,stable,oracle,1.25,2024-02,2,0,0,0,2,4,2,2
20261005,stable,oracle,1.25,2024-03,2,0,0,0,2,4,2,2
20261005,stable,oracle,1.25,2024-04,2,0,0,0,2,4,2,2
20261005,stable,oracle,1.25,2024-05,2,0,0,0,2,4,2,2
20261005,stable,oracle,1.25,2024-06,2,0,0,0,2,4,2,2
20261005,stable,oracle,1.25,2024-07,2,0,0,0,2,4,2,2
20261005,stable,oracle,1.25,2024-08,2,0,0,0,2,4,2,2
20261005,stable,oracle,1.25,2024-09,2,0,0,0,2,4,2,2
20261005,stable,oracle,1.25,2024-10,2,0,0,0,2,4,2,2
20261005,stable,oracle,1.25,2024-11,2,0,0,0,2,4,2,2
20261005,stable,oracle,1.25,2024-12,2,0,0,0,2,4,2,2
20261005,stable,unsupervised,0.75,2023-02,2,0,0,0,2,4,2,2
20261005,stable,unsupervised,0.75,2023-03,2,0,0,0,2,4,2,2
20261005,stable,unsupervised,0.75,2023-04,2,0,0,0,2,4,2,2
20261005,stable,unsupervised,0.75,2023-05,2,0,0,0,2,4,2,2
20261005,stable,unsupervised,0.75,2023-06,2,0,0,0,2,4,2,2
20261005,stable,unsupervised,0.75,2023-07,2,0,0,0,2,4,2,2
20261005,stable,unsupervised,0.75,2023-08,2,0,0,0,2,4,2,2
20261005,stable,unsupervised,0.75,2023-09,2,0,0,0,2,4,2,2
20261005,stable,unsupervised,0.75,2023-10,2,0,0,0,2,4,2,2
20261005,stable,unsupervised,0.75,2023-11,2,0,0,0,2,4,2,2
20261005,stable,unsupervised,0.75,2023-12,2,0,0,0,2,4,2,2
20261005,stable,unsupervised,0.75,2024-01,2,0,0,0,2,4,2,2
20261005,stable,unsupervised,0.75,2024-02,2,0,0,0,2,4,2,2
20261005,stable,unsupervised,0.75,2024-03,2,0,0,0,2,4,2,2
20261005,stable,unsupervised,0.75,2024-04,2,0,0,0,2,4,2,2
20261005,stable,unsupervised,0.75,2024-05,2,0,0,0,2,4,2,2
20261005,stable,unsupervised,0.75,2024-06,2,0,0,0,2,4,2,2
20261005,stable,unsupervised,0.75,2024-07,2,0,0,0,2,4,2,2
20261005,stable,unsupervised,0.75,2024-08,2,0,0,0,2,4,2,2
20261005,stable,unsupervised,0.75,2024-09,2,0,0,0,2,4,2,2
20261005,stable,unsupervised,0.75,2024-10,2,0,0,0,2,4,2,2
20261005,stable,unsupervised,0.75,2024-11,2,0,0,0,2,4,2,2
20261005,stable,unsupervised,0.75,2024-12,2,0,0,0,2,4,2,2
20261005,stable,unsupervised,1.0,2023-02,2,0,0,0,2,4,2,2
20261005,stable,unsupervised,1.0,2023-03,2,0,0,0,2,4,2,2
20261005,stable,unsupervised,1.0,2023-04,2,0,0,0,2,4,2,2
20261005,stable,unsupervised,1.0,2023-05,2,0,0,0,2,4,2,2
20261005,stable,unsupervised,1.0,2023-06,2,0,0,0,2,4,2,2
20261005,stable,unsupervised,1.0,2023-07,2,0,0,0,2,4,2,2
20261005,stable,unsupervised,1.0,2023-08,2,0,0,0,2,4,2,2
20261005,stable,unsupervised,1.0,2023-09,2,0,0,0,2,4,2,2
20261005,stable,unsupervised,1.0,2023-10,2,0,0,0,2,4,2,2
20261005,stable,unsupervised,1.0,2023-11,2,0,0,0,2,4,2,2
20261005,stable,unsupervised,1.0,2023-12,2,0,0,0,2,4,2,2
20261005,stable,unsupervised,1.0,2024-01,2,0,0,0,2,4,2,2
20261005,stable,unsupervised,1.0,2024-02,2,0,0,0,2,4,2,2
20261005,stable,unsupervised,1.0,2024-03,2,0,0,0,2,4,2,2
20261005,stable,unsupervised,1.0,2024-04,2,0,0,0,2,4,2,2
20261005,stable,unsupervised,1.0,2024-05,2,0,0,0,2,4,2,2
20261005,stable,unsupervised,1.0,2024-06,2,0,0,0,2,4,2,2
20261005,stable,unsupervised,1.0,2024-07,2,0,0,0,2,4,2,2
20261005,stable,unsupervised,1.0,2024-08,2,0,0,0,2,4,2,2
20261005,stable,unsupervised,1.0,2024-09,2,0,0,0,2,4,2,2
20261005,stable,unsupervised,1.0,2024-10,2,0,0,0,2,4,2,2
20261005,stable,unsupervised,1.0,2024-11,2,0,0,0,2,4,2,2
20261005,stable,unsupervised,1.0,2024-12,2,0,0,0,2,4,2,2
20261005,stable,unsupervised,1.25,2023-02,2,0,0,0,2,4,2,2
20261005,stable,unsupervised,1.25,2023-03,2,0,0,0,2,4,2,2
20261005,stable,unsupervised,1.25,2023-04,2,0,0,0,2,4,2,2
20261005,stable,unsupervised,1.25,2023-05,2,0,0,0,2,4,2,2
20261005,stable,unsupervised,1.25,2023-06,2,0,0,0,2,4,2,2
20261005,stable,unsupervised,1.25,2023-07,2,0,0,0,2,4,2,2
20261005,stable,unsupervised,1.25,2023-08,2,0,0,0,2,4,2,2
20261005,stable,unsupervised,1.25,2023-09,2,0,0,0,2,4,2,2
20261005,stable,unsupervised,1.25,2023-10,2,0,0,0,2,4,2,2
20261005,stable,unsupervised,1.25,2023-11,2,0,0,0,2,4,2,2
20261005,stable,unsupervised,1.25,2023-12,2,0,0,0,2,4,2,2
20261005,stable,unsupervised,1.25,2024-01,2,0,0,0,2,4,2,2
20261005,stable,unsupervised,1.25,2024-02,2,0,0,0,2,4,2,2
20261005,stable,unsupervised,1.25,2024-03,2,0,0,0,2,4,2,2
20261005,stable,unsupervised,1.25,2024-04,2,0,0,0,2,4,2,2
20261005,stable,unsupervised,1.25,2024-05,2,0,0,0,2,4,2,2
20261005,stable,unsupervised,1.25,2024-06,2,0,0,0,2,4,2,2
20261005,stable,unsupervised,1.25,2024-07,2,0,0,0,2,4,2,2
20261005,stable,unsupervised,1.25,2024-08,2,0,0,0,2,4,2,2
20261005,stable,unsupervised,1.25,2024-09,2,0,0,0,2,4,2,2
20261005,stable,unsupervised,1.25,2024-10,2,0,0,0,2,4,2,2
20261005,stable,unsupervised,1.25,2024-11,2,0,0,0,2,4,2,2
20261005,stable,unsupervised,1.25,2024-12,2,0,0,0,2,4,2,2
20261005,drift,oracle,0.75,2023-02,2,0,0,0,2,4,2,2
20261005,drift,oracle,0.75,2023-03,2,0,0,0,2,4,2,2
20261005,drift,oracle,0.75,2023-04,2,0,0,0,2,4,2,2
20261005,drift,oracle,0.75,2023-05,2,0,0,0,2,4,2,2
20261005,drift,oracle,0.75,2023-06,2,0,0,0,2,4,2,2
20261005,drift,oracle,0.75,2023-07,2,0,0,0,2,4,2,2
20261005,drift,oracle,0.75,2023-08,2,0,0,0,2,4,2,2
20261005,drift,oracle,0.75,2023-09,2,0,0,0,2,4,2,2
20261005,drift,oracle,0.75,2023-10,2,0,0,0,2,4,2,2
20261005,drift,oracle,0.75,2023-11,2,0,0,0,2,4,2,2
20261005,drift,oracle,0.75,2023-12,2,0,0,0,2,4,2,2
20261005,drift,oracle,0.75,2024-01,2,0,0,0,2,4,2,2
20261005,drift,oracle,0.75,2024-02,2,0,0,0,2,4,2,2
20261005,drift,oracle,0.75,2024-03,2,0,0,0,2,4,2,2
20261005,drift,oracle,0.75,2024-04,2,0,0,0,2,4,2,2
20261005,drift,oracle,0.75,2024-05,2,0,0,0,2,4,2,2
20261005,drift,oracle,0.75,2024-06,2,0,0,0,2,4,2,2
20261005,drift,oracle,0.75,2024-07,2,0,0,0,2,4,2,2
20261005,drift,oracle,0.75,2024-08,2,0,0,0,2,4,2,2
20261005,drift,oracle,0.75,2024-09,2,0,0,0,2,4,2,2
20261005,drift,oracle,0.75,2024-10,2,0,0,0,2,4,2,2
20261005,drift,oracle,0.75,2024-11,2,0,0,0,2,4,2,2
20261005,drift,oracle,0.75,2024-12,2,0,0,0,2,4,2,2
20261005,drift,oracle,1.0,2023-02,2,0,0,0,2,4,2,2
20261005,drift,oracle,1.0,2023-03,2,0,0,0,2,4,2,2
20261005,drift,oracle,1.0,2023-04,2,0,0,0,2,4,2,2
20261005,drift,oracle,1.0,2023-05,2,0,0,0,2,4,2,2
20261005,drift,oracle,1.0,2023-06,2,0,0,0,2,4,2,2
20261005,drift,oracle,1.0,2023-07,2,0,0,0,2,4,2,2
20261005,drift,oracle,1.0,2023-08,2,0,0,0,2,4,2,2
20261005,drift,oracle,1.0,2023-09,2,0,0,0,2,4,2,2
20261005,drift,oracle,1.0,2023-10,2,0,0,0,2,4,2,2
20261005,drift,oracle,1.0,2023-11,2,0,0,0,2,4,2,2
20261005,drift,oracle,1.0,2023-12,2,0,0,0,2,4,2,2
20261005,drift,oracle,1.0,2024-01,2,0,0,0,2,4,2,2
20261005,drift,oracle,1.0,2024-02,2,0,0,0,2,4,2,2
20261005,drift,oracle,1.0,2024-03,2,0,0,0,2,4,2,2
20261005,drift,oracle,1.0,2024-04,2,0,0,0,2,4,2,2
20261005,drift,oracle,1.0,2024-05,2,0,0,0,2,4,2,2
20261005,drift,oracle,1.0,2024-06,2,0,0,0,2,4,2,2
20261005,drift,oracle,1.0,2024-07,2,0,0,0,2,4,2,2
20261005,drift,oracle,1.0,2024-08,2,0,0,0,2,4,2,2
20261005,drift,oracle,1.0,2024-09,2,0,0,0,2,4,2,2
20261005,drift,oracle,1.0,2024-10,2,0,0,0,2,4,2,2
20261005,drift,oracle,1.0,2024-11,2,0,0,0,2,4,2,2
20261005,drift,oracle,1.0,2024-12,2,0,0,0,2,4,2,2
20261005,drift,oracle,1.25,2023-02,2,0,0,0,2,4,2,2
20261005,drift,oracle,1.25,2023-03,2,0,0,0,2,4,2,2
20261005,drift,oracle,1.25,2023-04,2,0,0,0,2,4,2,2
20261005,drift,oracle,1.25,2023-05,2,0,0,0,2,4,2,2
20261005,drift,oracle,1.25,2023-06,2,0,0,0,2,4,2,2
20261005,drift,oracle,1.25,2023-07,2,0,0,0,2,4,2,2
20261005,drift,oracle,1.25,2023-08,2,0,0,0,2,4,2,2
20261005,drift,oracle,1.25,2023-09,2,0,0,0,2,4,2,2
20261005,drift,oracle,1.25,2023-10,2,0,0,0,2,4,2,2
20261005,drift,oracle,1.25,2023-11,2,0,0,0,2,4,2,2
20261005,drift,oracle,1.25,2023-12,2,0,0,0,2,4,2,2
20261005,drift,oracle,1.25,2024-01,2,0,0,0,2,4,2,2
20261005,drift,oracle,1.25,2024-02,2,0,0,0,2,4,2,2
20261005,drift,oracle,1.25,2024-03,2,0,0,0,2,4,2,2
20261005,drift,oracle,1.25,2024-04,2,0,0,0,2,4,2,2
20261005,drift,oracle,1.25,2024-05,2,0,0,0,2,4,2,2
20261005,drift,oracle,1.25,2024-06,2,0,0,0,2,4,2,2
20261005,drift,oracle,1.25,2024-07,2,0,0,0,2,4,2,2
20261005,drift,oracle,1.25,2024-08,2,0,0,0,2,4,2,2
20261005,drift,oracle,1.25,2024-09,2,0,0,0,2,4,2,2
20261005,drift,oracle,1.25,2024-10,2,0,0,0,2,4,2,2
20261005,drift,oracle,1.25,2024-11,2,0,0,0,2,4,2,2
20261005,drift,oracle,1.25,2024-12,2,0,0,0,2,4,2,2
20261005,drift,unsupervised,0.75,2023-02,2,0,0,0,2,4,2,2
20261005,drift,unsupervised,0.75,2023-03,2,0,0,0,2,4,2,2
20261005,drift,unsupervised,0.75,2023-04,2,0,0,0,2,4,2,2
20261005,drift,unsupervised,0.75,2023-05,2,0,0,0,2,4,2,2
20261005,drift,unsupervised,0.75,2023-06,2,0,0,0,2,4,2,2
20261005,drift,unsupervised,0.75,2023-07,2,0,0,0,2,4,2,2
20261005,drift,unsupervised,0.75,2023-08,2,0,0,0,2,4,2,2
20261005,drift,unsupervised,0.75,2023-09,2,0,0,0,2,4,2,2
20261005,drift,unsupervised,0.75,2023-10,2,0,0,0,2,4,2,2
20261005,drift,unsupervised,0.75,2023-11,2,0,0,0,2,4,2,2
20261005,drift,unsupervised,0.75,2023-12,2,0,0,0,2,4,2,2
20261005,drift,unsupervised,0.75,2024-01,2,0,0,0,2,4,2,2
20261005,drift,unsupervised,0.75,2024-02,2,0,0,0,2,4,2,2
20261005,drift,unsupervised,0.75,2024-03,2,0,0,0,2,4,2,2
20261005,drift,unsupervised,0.75,2024-04,2,0,0,0,2,4,2,2
20261005,drift,unsupervised,0.75,2024-05,2,0,0,0,2,4,2,2
20261005,drift,unsupervised,0.75,2024-06,2,0,0,0,2,4,2,2
20261005,drift,unsupervised,0.75,2024-07,2,0,0,0,2,4,2,2
20261005,drift,unsupervised,0.75,2024-08,2,0,0,0,2,4,2,2
20261005,drift,unsupervised,0.75,2024-09,2,0,0,0,2,4,2,2
20261005,drift,unsupervised,0.75,2024-10,2,0,0,0,2,4,2,2
20261005,drift,unsupervised,0.75,2024-11,2,0,0,0,2,4,2,2
20261005,drift,unsupervised,0.75,2024-12,2,0,0,0,2,4,2,2
20261005,drift,unsupervised,1.0,2023-02,2,0,0,0,2,4,2,2
20261005,drift,unsupervised,1.0,2023-03,2,0,0,0,2,4,2,2
20261005,drift,unsupervised,1.0,2023-04,2,0,0,0,2,4,2,2
20261005,drift,unsupervised,1.0,2023-05,2,0,0,0,2,4,2,2
20261005,drift,unsupervised,1.0,2023-06,2,0,0,0,2,4,2,2
20261005,drift,unsupervised,1.0,2023-07,2,0,0,0,2,4,2,2
20261005,drift,unsupervised,1.0,2023-08,2,0,0,0,2,4,2,2
20261005,drift,unsupervised,1.0,2023-09,2,0,0,0,2,4,2,2
20261005,drift,unsupervised,1.0,2023-10,2,0,0,0,2,4,2,2
20261005,drift,unsupervised,1.0,2023-11,2,0,0,0,2,4,2,2
20261005,drift,unsupervised,1.0,2023-12,2,0,0,0,2,4,2,2
20261005,drift,unsupervised,1.0,2024-01,2,0,0,0,2,4,2,2
20261005,drift,unsupervised,1.0,2024-02,2,0,0,0,2,4,2,2
20261005,drift,unsupervised,1.0,2024-03,2,0,0,0,2,4,2,2
20261005,drift,unsupervised,1.0,2024-04,2,0,0,0,2,4,2,2
20261005,drift,unsupervised,1.0,2024-05,2,0,0,0,2,4,2,2
20261005,drift,unsupervised,1.0,2024-06,2,0,0,0,2,4,2,2
20261005,drift,unsupervised,1.0,2024-07,2,0,0,0,2,4,2,2
20261005,drift,unsupervised,1.0,2024-08,2,0,0,0,2,4,2,2
20261005,drift,unsupervised,1.0,2024-09,2,0,0,0,2,4,2,2
20261005,drift,unsupervised,1.0,2024-10,2,0,0,0,2,4,2,2
20261005,drift,unsupervised,1.0,2024-11,2,0,0,0,2,4,2,2
20261005,drift,unsupervised,1.0,2024-12,2,0,0,0,2,4,2,2
20261005,drift,unsupervised,1.25,2023-02,2,0,0,0,2,4,2,2
20261005,drift,unsupervised,1.25,2023-03,2,0,0,0,2,4,2,2
20261005,drift,unsupervised,1.25,2023-04,2,0,0,0,2,4,2,2
20261005,drift,unsupervised,1.25,2023-05,2,0,0,0,2,4,2,2
20261005,drift,unsupervised,1.25,2023-06,2,0,0,0,2,4,2,2
20261005,drift,unsupervised,1.25,2023-07,2,0,0,0,2,4,2,2
20261005,drift,unsupervised,1.25,2023-08,2,0,0,0,2,4,2,2
20261005,drift,unsupervised,1.25,2023-09,2,0,0,0,2,4,2,2
20261005,drift,unsupervised,1.25,2023-10,2,0,0,0,2,4,2,2
20261005,drift,unsupervised,1.25,2023-11,2,0,0,0,2,4,2,2
20261005,drift,unsupervised,1.25,2023-12,2,0,0,0,2,4,2,2
20261005,drift,unsupervised,1.25,2024-01,2,0,0,0,2,4,2,2
20261005,drift,unsupervised,1.25,2024-02,2,0,0,0,2,4,2,2
20261005,drift,unsupervised,1.25,2024-03,2,0,0,0,2,4,2,2
20261005,drift,unsupervised,1.25,2024-04,2,0,0,0,2,4,2,2
20261005,drift,unsupervised,1.25,2024-05,2,0,0,0,2,4,2,2
20261005,drift,unsupervised,1.25,2024-06,2,0,0,0,2,4,2,2
20261005,drift,unsupervised,1.25,2024-07,2,0,0,0,2,4,2,2
20261005,drift,unsupervised,1.25,2024-08,2,0,0,0,2,4,2,2
20261005,drift,unsupervised,1.25,2024-09,2,0,0,0,2,4,2,2
20261005,drift,unsupervised,1.25,2024-10,2,0,0,0,2,4,2,2
20261005,drift,unsupervised,1.25,2024-11,2,0,0,0,2,4,2,2
20261005,drift,unsupervised,1.25,2024-12,2,0,0,0,2,4,2,2
20261005,birth,oracle,0.75,2023-02,2,0,0,0,2,4,2,2
20261005,birth,oracle,0.75,2023-03,2,0,0,0,2,4,2,2
20261005,birth,oracle,0.75,2023-04,2,0,0,0,2,4,2,2
20261005,birth,oracle,0.75,2023-05,2,0,0,0,2,4,2,2
20261005,birth,oracle,0.75,2023-06,2,0,0,0,2,4,2,2
20261005,birth,oracle,0.75,2023-07,2,0,0,0,2,4,2,2
20261005,birth,oracle,0.75,2023-08,2,0,0,0,2,4,2,2
20261005,birth,oracle,0.75,2023-09,2,0,0,0,2,4,2,2
20261005,birth,oracle,0.75,2023-10,2,0,0,0,2,4,2,2
20261005,birth,oracle,0.75,2023-11,2,0,0,0,2,4,2,2
20261005,birth,oracle,0.75,2023-12,2,0,0,0,2,4,2,2
20261005,birth,oracle,0.75,2024-01,2,0,0,0,4,6,2,3
20261005,birth,oracle,0.75,2024-02,3,0,0,0,6,9,3,3
20261005,birth,oracle,0.75,2024-03,3,0,0,0,6,9,3,3
20261005,birth,oracle,0.75,2024-04,3,0,0,0,6,9,3,3
20261005,birth,oracle,0.75,2024-05,3,0,0,0,6,9,3,3
20261005,birth,oracle,0.75,2024-06,3,0,0,0,6,9,3,3
20261005,birth,oracle,0.75,2024-07,3,0,0,0,6,9,3,3
20261005,birth,oracle,0.75,2024-08,3,0,0,0,6,9,3,3
20261005,birth,oracle,0.75,2024-09,3,0,0,0,6,9,3,3
20261005,birth,oracle,0.75,2024-10,3,0,0,0,6,9,3,3
20261005,birth,oracle,0.75,2024-11,3,0,0,0,6,9,3,3
20261005,birth,oracle,0.75,2024-12,3,0,0,0,6,9,3,3
20261005,birth,oracle,1.0,2023-02,2,0,0,0,2,4,2,2
20261005,birth,oracle,1.0,2023-03,2,0,0,0,2,4,2,2
20261005,birth,oracle,1.0,2023-04,2,0,0,0,2,4,2,2
20261005,birth,oracle,1.0,2023-05,2,0,0,0,2,4,2,2
20261005,birth,oracle,1.0,2023-06,2,0,0,0,2,4,2,2
20261005,birth,oracle,1.0,2023-07,2,0,0,0,2,4,2,2
20261005,birth,oracle,1.0,2023-08,2,0,0,0,2,4,2,2
20261005,birth,oracle,1.0,2023-09,2,0,0,0,2,4,2,2
20261005,birth,oracle,1.0,2023-10,2,0,0,0,2,4,2,2
20261005,birth,oracle,1.0,2023-11,2,0,0,0,2,4,2,2
20261005,birth,oracle,1.0,2023-12,2,0,0,0,2,4,2,2
20261005,birth,oracle,1.0,2024-01,2,0,0,0,4,6,2,3
20261005,birth,oracle,1.0,2024-02,3,0,0,0,6,9,3,3
20261005,birth,oracle,1.0,2024-03,3,0,0,0,6,9,3,3
20261005,birth,oracle,1.0,2024-04,3,0,0,0,6,9,3,3
20261005,birth,oracle,1.0,2024-05,3,0,0,0,6,9,3,3
20261005,birth,oracle,1.0,2024-06,3,0,0,0,6,9,3,3
20261005,birth,oracle,1.0,2024-07,3,0,0,0,6,9,3,3
20261005,birth,oracle,1.0,2024-08,3,0,0,0,6,9,3,3
20261005,birth,oracle,1.0,2024-09,3,0,0,0,6,9,3,3
20261005,birth,oracle,1.0,2024-10,3,0,0,0,6,9,3,3
20261005,birth,oracle,1.0,2024-11,3,0,0,0,6,9,3,3
20261005,birth,oracle,1.0,2024-12,3,0,0,0,6,9,3,3
20261005,birth,oracle,1.25,2023-02,2,0,0,0,2,4,2,2
20261005,birth,oracle,1.25,2023-03,2,0,0,0,2,4,2,2
20261005,birth,oracle,1.25,2023-04,2,0,0,0,2,4,2,2
20261005,birth,oracle,1.25,2023-05,2,0,0,0,2,4,2,2
20261005,birth,oracle,1.25,2023-06,2,0,0,0,2,4,2,2
20261005,birth,oracle,1.25,2023-07,2,0,0,0,2,4,2,2
20261005,birth,oracle,1.25,2023-08,2,0,0,0,2,4,2,2
20261005,birth,oracle,1.25,2023-09,2,0,0,0,2,4,2,2
20261005,birth,oracle,1.25,2023-10,2,0,0,0,2,4,2,2
20261005,birth,oracle,1.25,2023-11,2,0,0,0,2,4,2,2
20261005,birth,oracle,1.25,2023-12,2,0,0,0,2,4,2,2
20261005,birth,oracle,1.25,2024-01,2,0,0,0,4,6,2,3
20261005,birth,oracle,1.25,2024-02,2,0,0,1,6,9,3,3
20261005,birth,oracle,1.25,2024-03,2,0,0,1,6,9,3,3
20261005,birth,oracle,1.25,2024-04,2,0,0,1,6,9,3,3
20261005,birth,oracle,1.25,2024-05,3,0,0,0,6,9,3,3
20261005,birth,oracle,1.25,2024-06,2,0,0,1,6,9,3,3
20261005,birth,oracle,1.25,2024-07,3,0,0,0,6,9,3,3
20261005,birth,oracle,1.25,2024-08,3,0,0,0,6,9,3,3
20261005,birth,oracle,1.25,2024-09,3,0,0,0,6,9,3,3
20261005,birth,oracle,1.25,2024-10,3,0,0,0,6,9,3,3
20261005,birth,oracle,1.25,2024-11,3,0,0,0,6,9,3,3
20261005,birth,oracle,1.25,2024-12,3,0,0,0,6,9,3,3
20261005,birth,unsupervised,0.75,2023-02,2,0,0,0,2,4,2,2
20261005,birth,unsupervised,0.75,2023-03,2,0,0,0,2,4,2,2
20261005,birth,unsupervised,0.75,2023-04,2,0,0,0,2,4,2,2
20261005,birth,unsupervised,0.75,2023-05,2,0,0,0,2,4,2,2
20261005,birth,unsupervised,0.75,2023-06,2,0,0,0,2,4,2,2
20261005,birth,unsupervised,0.75,2023-07,2,0,0,0,2,4,2,2
20261005,birth,unsupervised,0.75,2023-08,2,0,0,0,2,4,2,2
20261005,birth,unsupervised,0.75,2023-09,2,0,0,0,2,4,2,2
20261005,birth,unsupervised,0.75,2023-10,2,0,0,0,2,4,2,2
20261005,birth,unsupervised,0.75,2023-11,2,0,0,0,2,4,2,2
20261005,birth,unsupervised,0.75,2023-12,2,0,0,0,2,4,2,2
20261005,birth,unsupervised,0.75,2024-01,2,0,0,0,4,6,2,3
20261005,birth,unsupervised,0.75,2024-02,3,0,0,0,6,9,3,3
20261005,birth,unsupervised,0.75,2024-03,3,0,0,0,6,9,3,3
20261005,birth,unsupervised,0.75,2024-04,3,0,0,0,6,9,3,3
20261005,birth,unsupervised,0.75,2024-05,3,0,0,0,6,9,3,3
20261005,birth,unsupervised,0.75,2024-06,3,0,0,0,6,9,3,3
20261005,birth,unsupervised,0.75,2024-07,3,0,0,0,6,9,3,3
20261005,birth,unsupervised,0.75,2024-08,3,0,0,0,6,9,3,3
20261005,birth,unsupervised,0.75,2024-09,3,0,0,0,6,9,3,3
20261005,birth,unsupervised,0.75,2024-10,3,0,0,0,6,9,3,3
20261005,birth,unsupervised,0.75,2024-11,3,0,0,0,6,9,3,3
20261005,birth,unsupervised,0.75,2024-12,3,0,0,0,6,9,3,3
20261005,birth,unsupervised,1.0,2023-02,2,0,0,0,2,4,2,2
20261005,birth,unsupervised,1.0,2023-03,2,0,0,0,2,4,2,2
20261005,birth,unsupervised,1.0,2023-04,2,0,0,0,2,4,2,2
20261005,birth,unsupervised,1.0,2023-05,2,0,0,0,2,4,2,2
20261005,birth,unsupervised,1.0,2023-06,2,0,0,0,2,4,2,2
20261005,birth,unsupervised,1.0,2023-07,2,0,0,0,2,4,2,2
20261005,birth,unsupervised,1.0,2023-08,2,0,0,0,2,4,2,2
20261005,birth,unsupervised,1.0,2023-09,2,0,0,0,2,4,2,2
20261005,birth,unsupervised,1.0,2023-10,2,0,0,0,2,4,2,2
20261005,birth,unsupervised,1.0,2023-11,2,0,0,0,2,4,2,2
20261005,birth,unsupervised,1.0,2023-12,2,0,0,0,2,4,2,2
20261005,birth,unsupervised,1.0,2024-01,2,0,0,0,4,6,2,3
20261005,birth,unsupervised,1.0,2024-02,3,0,0,0,6,9,3,3
20261005,birth,unsupervised,1.0,2024-03,3,0,0,0,6,9,3,3
20261005,birth,unsupervised,1.0,2024-04,3,0,0,0,6,9,3,3
20261005,birth,unsupervised,1.0,2024-05,3,0,0,0,6,9,3,3
20261005,birth,unsupervised,1.0,2024-06,3,0,0,0,6,9,3,3
20261005,birth,unsupervised,1.0,2024-07,3,0,0,0,6,9,3,3
20261005,birth,unsupervised,1.0,2024-08,3,0,0,0,6,9,3,3
20261005,birth,unsupervised,1.0,2024-09,3,0,0,0,6,9,3,3
20261005,birth,unsupervised,1.0,2024-10,3,0,0,0,6,9,3,3
20261005,birth,unsupervised,1.0,2024-11,3,0,0,0,6,9,3,3
20261005,birth,unsupervised,1.0,2024-12,3,0,0,0,6,9,3,3
20261005,birth,unsupervised,1.25,2023-02,2,0,0,0,2,4,2,2
20261005,birth,unsupervised,1.25,2023-03,2,0,0,0,2,4,2,2
20261005,birth,unsupervised,1.25,2023-04,2,0,0,0,2,4,2,2
20261005,birth,unsupervised,1.25,2023-05,2,0,0,0,2,4,2,2
20261005,birth,unsupervised,1.25,2023-06,2,0,0,0,2,4,2,2
20261005,birth,unsupervised,1.25,2023-07,2,0,0,0,2,4,2,2
20261005,birth,unsupervised,1.25,2023-08,2,0,0,0,2,4,2,2
20261005,birth,unsupervised,1.25,2023-09,2,0,0,0,2,4,2,2
20261005,birth,unsupervised,1.25,2023-10,2,0,0,0,2,4,2,2
20261005,birth,unsupervised,1.25,2023-11,2,0,0,0,2,4,2,2
20261005,birth,unsupervised,1.25,2023-12,2,0,0,0,2,4,2,2
20261005,birth,unsupervised,1.25,2024-01,2,0,0,0,4,6,2,3
20261005,birth,unsupervised,1.25,2024-02,2,0,0,1,6,9,3,3
20261005,birth,unsupervised,1.25,2024-03,2,0,0,1,6,9,3,3
20261005,birth,unsupervised,1.25,2024-04,2,0,0,1,6,9,3,3
20261005,birth,unsupervised,1.25,2024-05,3,0,0,0,6,9,3,3
20261005,birth,unsupervised,1.25,2024-06,2,0,0,1,6,9,3,3
20261005,birth,unsupervised,1.25,2024-07,3,0,0,0,6,9,3,3
20261005,birth,unsupervised,1.25,2024-08,3,0,0,0,6,9,3,3
20261005,birth,unsupervised,1.25,2024-09,3,0,0,0,6,9,3,3
20261005,birth,unsupervised,1.25,2024-10,3,0,0,0,6,9,3,3
20261005,birth,unsupervised,1.25,2024-11,3,0,0,0,6,9,3,3
20261005,birth,unsupervised,1.25,2024-12,3,0,0,0,6,9,3,3
20261005,death,oracle,0.75,2023-02,3,0,0,0,6,9,3,3
20261005,death,oracle,0.75,2023-03,3,0,0,0,6,9,3,3
20261005,death,oracle,0.75,2023-04,3,0,0,0,6,9,3,3
20261005,death,oracle,0.75,2023-05,3,0,0,0,6,9,3,3
20261005,death,oracle,0.75,2023-06,3,0,0,0,6,9,3,3
20261005,death,oracle,0.75,2023-07,3,0,0,0,6,9,3,3
20261005,death,oracle,0.75,2023-08,3,0,0,0,6,9,3,3
20261005,death,oracle,0.75,2023-09,3,0,0,0,6,9,3,3
20261005,death,oracle,0.75,2023-10,3,0,0,0,6,9,3,3
20261005,death,oracle,0.75,2023-11,3,0,0,0,6,9,3,3
20261005,death,oracle,0.75,2023-12,3,0,0,0,6,9,3,3
20261005,death,oracle,0.75,2024-01,3,0,0,0,6,9,3,3
20261005,death,oracle,0.75,2024-02,3,0,0,0,6,9,3,3
20261005,death,oracle,0.75,2024-03,3,0,0,0,6,9,3,3
20261005,death,oracle,0.75,2024-04,3,0,0,0,6,9,3,3
20261005,death,oracle,0.75,2024-05,3,0,0,0,6,9,3,3
20261005,death,oracle,0.75,2024-06,3,0,0,0,6,9,3,3
20261005,death,oracle,0.75,2024-07,2,0,0,0,4,6,2,2
20261005,death,oracle,0.75,2024-08,2,0,0,0,4,6,2,2
20261005,death,oracle,0.75,2024-09,2,0,0,0,4,6,2,2
20261005,death,oracle,0.75,2024-10,2,0,0,0,4,6,2,2
20261005,death,oracle,0.75,2024-11,2,0,0,0,2,4,2,2
20261005,death,oracle,0.75,2024-12,2,0,0,0,2,4,2,2
20261005,death,oracle,1.0,2023-02,2,0,0,1,6,9,3,3
20261005,death,oracle,1.0,2023-03,3,0,0,0,6,9,3,3
20261005,death,oracle,1.0,2023-04,3,0,0,0,6,9,3,3
20261005,death,oracle,1.0,2023-05,3,0,0,0,6,9,3,3
20261005,death,oracle,1.0,2023-06,3,0,0,0,6,9,3,3
20261005,death,oracle,1.0,2023-07,3,0,0,0,6,9,3,3
20261005,death,oracle,1.0,2023-08,3,0,0,0,6,9,3,3
20261005,death,oracle,1.0,2023-09,3,0,0,0,6,9,3,3
20261005,death,oracle,1.0,2023-10,3,0,0,0,6,9,3,3
20261005,death,oracle,1.0,2023-11,3,0,0,0,6,9,3,3
20261005,death,oracle,1.0,2023-12,3,0,0,0,6,9,3,3
20261005,death,oracle,1.0,2024-01,3,0,0,0,6,9,3,3
20261005,death,oracle,1.0,2024-02,3,0,0,0,6,9,3,3
20261005,death,oracle,1.0,2024-03,3,0,0,0,6,9,3,3
20261005,death,oracle,1.0,2024-04,3,0,0,0,6,9,3,3
20261005,death,oracle,1.0,2024-05,3,0,0,0,6,9,3,3
20261005,death,oracle,1.0,2024-06,3,0,0,0,6,9,3,3
20261005,death,oracle,1.0,2024-07,2,0,0,0,4,6,2,2
20261005,death,oracle,1.0,2024-08,2,0,0,0,4,6,2,2
20261005,death,oracle,1.0,2024-09,2,0,0,0,4,6,2,2
20261005,death,oracle,1.0,2024-10,2,0,0,0,4,6,2,2
20261005,death,oracle,1.0,2024-11,2,0,0,0,2,4,2,2
20261005,death,oracle,1.0,2024-12,2,0,0,0,2,4,2,2
20261005,death,oracle,1.25,2023-02,2,0,0,1,6,9,3,3
20261005,death,oracle,1.25,2023-03,2,0,0,1,6,9,3,3
20261005,death,oracle,1.25,2023-04,2,0,0,1,6,9,3,3
20261005,death,oracle,1.25,2023-05,2,0,0,1,6,9,3,3
20261005,death,oracle,1.25,2023-06,2,0,0,1,6,9,3,3
20261005,death,oracle,1.25,2023-07,2,0,0,1,6,9,3,3
20261005,death,oracle,1.25,2023-08,2,0,1,1,6,9,3,3
20261005,death,oracle,1.25,2023-09,2,0,0,1,6,9,3,3
20261005,death,oracle,1.25,2023-10,2,0,0,1,6,9,3,3
20261005,death,oracle,1.25,2023-11,2,0,1,1,6,9,3,3
20261005,death,oracle,1.25,2023-12,2,0,1,1,6,9,3,3
20261005,death,oracle,1.25,2024-01,2,0,1,1,6,9,3,3
20261005,death,oracle,1.25,2024-02,2,0,0,1,6,9,3,3
20261005,death,oracle,1.25,2024-03,2,0,0,1,6,9,3,3
20261005,death,oracle,1.25,2024-04,2,0,0,1,6,9,3,3
20261005,death,oracle,1.25,2024-05,2,0,1,1,6,9,3,3
20261005,death,oracle,1.25,2024-06,2,0,0,1,6,9,3,3
20261005,death,oracle,1.25,2024-07,2,0,0,0,4,6,2,2
20261005,death,oracle,1.25,2024-08,2,0,0,0,4,6,2,2
20261005,death,oracle,1.25,2024-09,2,0,0,0,4,6,2,2
20261005,death,oracle,1.25,2024-10,2,0,0,0,4,6,2,2
20261005,death,oracle,1.25,2024-11,2,0,0,0,2,4,2,2
20261005,death,oracle,1.25,2024-12,2,0,0,0,2,4,2,2
20261005,death,unsupervised,0.75,2023-02,3,0,0,0,6,9,3,3
20261005,death,unsupervised,0.75,2023-03,3,0,0,0,6,9,3,3
20261005,death,unsupervised,0.75,2023-04,3,0,0,0,6,9,3,3
20261005,death,unsupervised,0.75,2023-05,3,0,0,0,6,9,3,3
20261005,death,unsupervised,0.75,2023-06,3,0,0,0,6,9,3,3
20261005,death,unsupervised,0.75,2023-07,3,0,0,0,6,9,3,3
20261005,death,unsupervised,0.75,2023-08,3,0,0,0,6,9,3,3
20261005,death,unsupervised,0.75,2023-09,3,0,0,0,6,9,3,3
20261005,death,unsupervised,0.75,2023-10,3,0,0,0,6,9,3,3
20261005,death,unsupervised,0.75,2023-11,3,0,0,0,6,9,3,3
20261005,death,unsupervised,0.75,2023-12,3,0,0,0,6,9,3,3
20261005,death,unsupervised,0.75,2024-01,3,0,0,0,6,9,3,3
20261005,death,unsupervised,0.75,2024-02,3,0,0,0,6,9,3,3
20261005,death,unsupervised,0.75,2024-03,3,0,0,0,6,9,3,3
20261005,death,unsupervised,0.75,2024-04,3,0,0,0,6,9,3,3
20261005,death,unsupervised,0.75,2024-05,3,0,0,0,6,9,3,3
20261005,death,unsupervised,0.75,2024-06,3,0,0,0,6,9,3,3
20261005,death,unsupervised,0.75,2024-07,2,0,0,0,4,6,2,2
20261005,death,unsupervised,0.75,2024-08,2,0,0,0,4,6,2,2
20261005,death,unsupervised,0.75,2024-09,2,0,0,0,4,6,2,2
20261005,death,unsupervised,0.75,2024-10,2,0,0,0,4,6,2,2
20261005,death,unsupervised,0.75,2024-11,2,0,0,0,2,4,2,2
20261005,death,unsupervised,0.75,2024-12,2,0,0,0,2,4,2,2
20261005,death,unsupervised,1.0,2023-02,2,0,0,1,6,9,3,3
20261005,death,unsupervised,1.0,2023-03,3,0,0,0,6,9,3,3
20261005,death,unsupervised,1.0,2023-04,3,0,0,0,6,9,3,3
20261005,death,unsupervised,1.0,2023-05,3,0,0,0,6,9,3,3
20261005,death,unsupervised,1.0,2023-06,3,0,0,0,6,9,3,3
20261005,death,unsupervised,1.0,2023-07,3,0,0,0,6,9,3,3
20261005,death,unsupervised,1.0,2023-08,3,0,0,0,6,9,3,3
20261005,death,unsupervised,1.0,2023-09,3,0,0,0,6,9,3,3
20261005,death,unsupervised,1.0,2023-10,3,0,0,0,6,9,3,3
20261005,death,unsupervised,1.0,2023-11,3,0,0,0,6,9,3,3
20261005,death,unsupervised,1.0,2023-12,3,0,0,0,6,9,3,3
20261005,death,unsupervised,1.0,2024-01,3,0,0,0,6,9,3,3
20261005,death,unsupervised,1.0,2024-02,3,0,0,0,6,9,3,3
20261005,death,unsupervised,1.0,2024-03,3,0,0,0,6,9,3,3
20261005,death,unsupervised,1.0,2024-04,3,0,0,0,6,9,3,3
20261005,death,unsupervised,1.0,2024-05,3,0,0,0,6,9,3,3
20261005,death,unsupervised,1.0,2024-06,3,0,0,0,6,9,3,3
20261005,death,unsupervised,1.0,2024-07,2,0,0,0,4,6,2,2
20261005,death,unsupervised,1.0,2024-08,2,0,0,0,4,6,2,2
20261005,death,unsupervised,1.0,2024-09,2,0,0,0,4,6,2,2
20261005,death,unsupervised,1.0,2024-10,2,0,0,0,4,6,2,2
20261005,death,unsupervised,1.0,2024-11,2,0,0,0,2,4,2,2
20261005,death,unsupervised,1.0,2024-12,2,0,0,0,2,4,2,2
20261005,death,unsupervised,1.25,2023-02,2,0,0,1,6,9,3,3
20261005,death,unsupervised,1.25,2023-03,2,0,0,1,6,9,3,3
20261005,death,unsupervised,1.25,2023-04,2,0,0,1,6,9,3,3
20261005,death,unsupervised,1.25,2023-05,2,0,0,1,6,9,3,3
20261005,death,unsupervised,1.25,2023-06,2,0,0,1,6,9,3,3
20261005,death,unsupervised,1.25,2023-07,2,0,0,1,6,9,3,3
20261005,death,unsupervised,1.25,2023-08,2,0,1,1,6,9,3,3
20261005,death,unsupervised,1.25,2023-09,2,0,0,1,6,9,3,3
20261005,death,unsupervised,1.25,2023-10,2,0,0,1,6,9,3,3
20261005,death,unsupervised,1.25,2023-11,2,0,1,1,6,9,3,3
20261005,death,unsupervised,1.25,2023-12,2,0,1,1,6,9,3,3
20261005,death,unsupervised,1.25,2024-01,2,0,1,1,6,9,3,3
20261005,death,unsupervised,1.25,2024-02,2,0,0,1,6,9,3,3
20261005,death,unsupervised,1.25,2024-03,2,0,0,1,6,9,3,3
20261005,death,unsupervised,1.25,2024-04,2,0,0,1,6,9,3,3
20261005,death,unsupervised,1.25,2024-05,2,0,1,1,6,9,3,3
20261005,death,unsupervised,1.25,2024-06,2,0,0,1,6,9,3,3
20261005,death,unsupervised,1.25,2024-07,2,0,0,0,4,6,2,2
20261005,death,unsupervised,1.25,2024-08,2,0,0,0,4,6,2,2
20261005,death,unsupervised,1.25,2024-09,2,0,0,0,4,6,2,2
20261005,death,unsupervised,1.25,2024-10,2,0,0,0,4,6,2,2
20261005,death,unsupervised,1.25,2024-11,2,0,0,0,2,4,2,2
20261005,death,unsupervised,1.25,2024-12,2,0,0,0,2,4,2,2
20261005,split,oracle,0.75,2023-02,2,0,0,0,2,4,2,2
20261005,split,oracle,0.75,2023-03,2,0,0,0,2,4,2,2
20261005,split,oracle,0.75,2023-04,2,0,0,0,2,4,2,2
20261005,split,oracle,0.75,2023-05,2,0,0,0,2,4,2,2
20261005,split,oracle,0.75,2023-06,2,0,0,0,2,4,2,2
20261005,split,oracle,0.75,2023-07,2,0,0,0,2,4,2,2
20261005,split,oracle,0.75,2023-08,2,0,0,0,2,4,2,2
20261005,split,oracle,0.75,2023-09,2,0,0,0,2,4,2,2
20261005,split,oracle,0.75,2023-10,2,0,0,0,2,4,2,2
20261005,split,oracle,0.75,2023-11,2,0,0,0,2,4,2,2
20261005,split,oracle,0.75,2023-12,2,0,0,0,2,4,2,2
20261005,split,oracle,0.75,2024-01,2,0,0,0,2,4,2,2
20261005,split,oracle,0.75,2024-02,2,0,0,0,2,4,2,2
20261005,split,oracle,0.75,2024-03,1,0,0,0,5,6,1,3
20261005,split,oracle,0.75,2024-04,3,0,0,0,9,12,3,3
20261005,split,oracle,0.75,2024-05,3,0,0,0,9,12,3,3
20261005,split,oracle,0.75,2024-06,3,0,0,0,9,12,3,3
20261005,split,oracle,0.75,2024-07,3,0,0,0,6,9,3,3
20261005,split,oracle,0.75,2024-08,3,0,0,0,6,9,3,3
20261005,split,oracle,0.75,2024-09,3,0,0,0,6,9,3,3
20261005,split,oracle,0.75,2024-10,3,0,0,0,6,9,3,3
20261005,split,oracle,0.75,2024-11,3,0,0,0,6,9,3,3
20261005,split,oracle,0.75,2024-12,3,0,0,0,6,9,3,3
20261005,split,oracle,1.0,2023-02,2,0,0,0,2,4,2,2
20261005,split,oracle,1.0,2023-03,2,0,0,0,2,4,2,2
20261005,split,oracle,1.0,2023-04,2,0,0,0,2,4,2,2
20261005,split,oracle,1.0,2023-05,2,0,0,0,2,4,2,2
20261005,split,oracle,1.0,2023-06,2,0,0,0,2,4,2,2
20261005,split,oracle,1.0,2023-07,2,0,0,0,2,4,2,2
20261005,split,oracle,1.0,2023-08,2,0,0,0,2,4,2,2
20261005,split,oracle,1.0,2023-09,2,0,0,0,2,4,2,2
20261005,split,oracle,1.0,2023-10,2,0,0,0,2,4,2,2
20261005,split,oracle,1.0,2023-11,2,0,0,0,2,4,2,2
20261005,split,oracle,1.0,2023-12,2,0,0,0,2,4,2,2
20261005,split,oracle,1.0,2024-01,2,0,0,0,2,4,2,2
20261005,split,oracle,1.0,2024-02,2,0,0,0,2,4,2,2
20261005,split,oracle,1.0,2024-03,1,0,0,0,5,6,1,3
20261005,split,oracle,1.0,2024-04,3,0,0,0,9,12,3,3
20261005,split,oracle,1.0,2024-05,3,0,0,0,9,12,3,3
20261005,split,oracle,1.0,2024-06,3,0,0,0,9,12,3,3
20261005,split,oracle,1.0,2024-07,3,0,0,0,6,9,3,3
20261005,split,oracle,1.0,2024-08,3,0,0,0,6,9,3,3
20261005,split,oracle,1.0,2024-09,3,0,0,0,6,9,3,3
20261005,split,oracle,1.0,2024-10,3,0,0,0,6,9,3,3
20261005,split,oracle,1.0,2024-11,3,0,0,0,6,9,3,3
20261005,split,oracle,1.0,2024-12,3,0,0,0,6,9,3,3
20261005,split,oracle,1.25,2023-02,2,0,0,0,2,4,2,2
20261005,split,oracle,1.25,2023-03,2,0,0,0,2,4,2,2
20261005,split,oracle,1.25,2023-04,2,0,0,0,2,4,2,2
20261005,split,oracle,1.25,2023-05,2,0,0,0,2,4,2,2
20261005,split,oracle,1.25,2023-06,2,0,0,0,2,4,2,2
20261005,split,oracle,1.25,2023-07,2,0,0,0,2,4,2,2
20261005,split,oracle,1.25,2023-08,2,0,0,0,2,4,2,2
20261005,split,oracle,1.25,2023-09,2,0,0,0,2,4,2,2
20261005,split,oracle,1.25,2023-10,2,0,0,0,2,4,2,2
20261005,split,oracle,1.25,2023-11,2,0,0,0,2,4,2,2
20261005,split,oracle,1.25,2023-12,2,0,0,0,2,4,2,2
20261005,split,oracle,1.25,2024-01,2,0,0,0,2,4,2,2
20261005,split,oracle,1.25,2024-02,2,0,0,0,2,4,2,2
20261005,split,oracle,1.25,2024-03,1,0,0,0,5,6,1,3
20261005,split,oracle,1.25,2024-04,1,0,0,2,9,12,3,3
20261005,split,oracle,1.25,2024-05,2,0,0,1,9,12,3,3
20261005,split,oracle,1.25,2024-06,2,0,0,1,9,12,3,3
20261005,split,oracle,1.25,2024-07,3,0,0,0,6,9,3,3
20261005,split,oracle,1.25,2024-08,3,0,0,0,6,9,3,3
20261005,split,oracle,1.25,2024-09,3,0,0,0,6,9,3,3
20261005,split,oracle,1.25,2024-10,3,0,0,0,6,9,3,3
20261005,split,oracle,1.25,2024-11,3,0,0,0,6,9,3,3
20261005,split,oracle,1.25,2024-12,3,0,0,0,6,9,3,3
20261005,split,unsupervised,0.75,2023-02,2,0,0,0,2,4,2,2
20261005,split,unsupervised,0.75,2023-03,2,0,0,0,2,4,2,2
20261005,split,unsupervised,0.75,2023-04,2,0,0,0,2,4,2,2
20261005,split,unsupervised,0.75,2023-05,2,0,0,0,2,4,2,2
20261005,split,unsupervised,0.75,2023-06,2,0,0,0,2,4,2,2
20261005,split,unsupervised,0.75,2023-07,2,0,0,0,2,4,2,2
20261005,split,unsupervised,0.75,2023-08,2,0,0,0,2,4,2,2
20261005,split,unsupervised,0.75,2023-09,2,0,0,0,2,4,2,2
20261005,split,unsupervised,0.75,2023-10,2,0,0,0,2,4,2,2
20261005,split,unsupervised,0.75,2023-11,2,0,0,0,2,4,2,2
20261005,split,unsupervised,0.75,2023-12,2,0,0,0,2,4,2,2
20261005,split,unsupervised,0.75,2024-01,2,0,0,0,2,4,2,2
20261005,split,unsupervised,0.75,2024-02,2,0,0,0,2,4,2,2
20261005,split,unsupervised,0.75,2024-03,1,0,0,0,5,6,1,3
20261005,split,unsupervised,0.75,2024-04,3,0,0,0,9,12,3,3
20261005,split,unsupervised,0.75,2024-05,3,0,0,0,9,12,3,3
20261005,split,unsupervised,0.75,2024-06,3,0,0,0,9,12,3,3
20261005,split,unsupervised,0.75,2024-07,3,0,0,0,6,9,3,3
20261005,split,unsupervised,0.75,2024-08,3,0,0,0,6,9,3,3
20261005,split,unsupervised,0.75,2024-09,3,0,0,0,6,9,3,3
20261005,split,unsupervised,0.75,2024-10,3,0,0,0,6,9,3,3
20261005,split,unsupervised,0.75,2024-11,3,0,0,0,6,9,3,3
20261005,split,unsupervised,0.75,2024-12,3,0,0,0,6,9,3,3
20261005,split,unsupervised,1.0,2023-02,2,0,0,0,2,4,2,2
20261005,split,unsupervised,1.0,2023-03,2,0,0,0,2,4,2,2
20261005,split,unsupervised,1.0,2023-04,2,0,0,0,2,4,2,2
20261005,split,unsupervised,1.0,2023-05,2,0,0,0,2,4,2,2
20261005,split,unsupervised,1.0,2023-06,2,0,0,0,2,4,2,2
20261005,split,unsupervised,1.0,2023-07,2,0,0,0,2,4,2,2
20261005,split,unsupervised,1.0,2023-08,2,0,0,0,2,4,2,2
20261005,split,unsupervised,1.0,2023-09,2,0,0,0,2,4,2,2
20261005,split,unsupervised,1.0,2023-10,2,0,0,0,2,4,2,2
20261005,split,unsupervised,1.0,2023-11,2,0,0,0,2,4,2,2
20261005,split,unsupervised,1.0,2023-12,2,0,0,0,2,4,2,2
20261005,split,unsupervised,1.0,2024-01,2,0,0,0,2,4,2,2
20261005,split,unsupervised,1.0,2024-02,2,0,0,0,2,4,2,2
20261005,split,unsupervised,1.0,2024-03,1,0,0,0,5,6,1,3
20261005,split,unsupervised,1.0,2024-04,3,0,0,0,9,12,3,3
20261005,split,unsupervised,1.0,2024-05,3,0,0,0,9,12,3,3
20261005,split,unsupervised,1.0,2024-06,3,0,0,0,9,12,3,3
20261005,split,unsupervised,1.0,2024-07,3,0,0,0,6,9,3,3
20261005,split,unsupervised,1.0,2024-08,3,0,0,0,6,9,3,3
20261005,split,unsupervised,1.0,2024-09,3,0,0,0,6,9,3,3
20261005,split,unsupervised,1.0,2024-10,3,0,0,0,6,9,3,3
20261005,split,unsupervised,1.0,2024-11,3,0,0,0,6,9,3,3
20261005,split,unsupervised,1.0,2024-12,3,0,0,0,6,9,3,3
20261005,split,unsupervised,1.25,2023-02,2,0,0,0,2,4,2,2
20261005,split,unsupervised,1.25,2023-03,2,0,0,0,2,4,2,2
20261005,split,unsupervised,1.25,2023-04,2,0,0,0,2,4,2,2
20261005,split,unsupervised,1.25,2023-05,2,0,0,0,2,4,2,2
20261005,split,unsupervised,1.25,2023-06,2,0,0,0,2,4,2,2
20261005,split,unsupervised,1.25,2023-07,2,0,0,0,2,4,2,2
20261005,split,unsupervised,1.25,2023-08,2,0,0,0,2,4,2,2
20261005,split,unsupervised,1.25,2023-09,2,0,0,0,2,4,2,2
20261005,split,unsupervised,1.25,2023-10,2,0,0,0,2,4,2,2
20261005,split,unsupervised,1.25,2023-11,2,0,0,0,2,4,2,2
20261005,split,unsupervised,1.25,2023-12,2,0,0,0,2,4,2,2
20261005,split,unsupervised,1.25,2024-01,2,0,0,0,2,4,2,2
20261005,split,unsupervised,1.25,2024-02,2,0,0,0,2,4,2,2
20261005,split,unsupervised,1.25,2024-03,1,0,0,0,5,6,1,3
20261005,split,unsupervised,1.25,2024-04,1,0,0,2,9,12,3,3
20261005,split,unsupervised,1.25,2024-05,2,0,0,1,9,12,3,3
20261005,split,unsupervised,1.25,2024-06,2,0,0,1,9,12,3,3
20261005,split,unsupervised,1.25,2024-07,3,0,0,0,6,9,3,3
20261005,split,unsupervised,1.25,2024-08,3,0,0,0,6,9,3,3
20261005,split,unsupervised,1.25,2024-09,3,0,0,0,6,9,3,3
20261005,split,unsupervised,1.25,2024-10,3,0,0,0,6,9,3,3
20261005,split,unsupervised,1.25,2024-11,3,0,0,0,6,9,3,3
20261005,split,unsupervised,1.25,2024-12,3,0,0,0,6,9,3,3
20261005,merge,oracle,0.75,2023-02,3,0,0,0,6,9,3,3
20261005,merge,oracle,0.75,2023-03,3,0,0,0,6,9,3,3
20261005,merge,oracle,0.75,2023-04,3,0,0,0,6,9,3,3
20261005,merge,oracle,0.75,2023-05,3,0,0,0,6,9,3,3
20261005,merge,oracle,0.75,2023-06,3,0,0,0,6,9,3,3
20261005,merge,oracle,0.75,2023-07,3,0,0,0,6,9,3,3
20261005,merge,oracle,0.75,2023-08,3,0,0,0,6,9,3,3
20261005,merge,oracle,0.75,2023-09,3,0,0,0,6,9,3,3
20261005,merge,oracle,0.75,2023-10,3,0,0,0,6,9,3,3
20261005,merge,oracle,0.75,2023-11,3,0,0,0,6,9,3,3
20261005,merge,oracle,0.75,2023-12,3,0,0,0,6,9,3,3
20261005,merge,oracle,0.75,2024-01,3,0,0,0,6,9,3,3
20261005,merge,oracle,0.75,2024-02,3,0,0,0,6,9,3,3
20261005,merge,oracle,0.75,2024-03,1,0,0,0,5,6,1,2
20261005,merge,oracle,0.75,2024-04,2,0,0,0,6,8,2,2
20261005,merge,oracle,0.75,2024-05,2,0,0,0,6,8,2,2
20261005,merge,oracle,0.75,2024-06,2,0,0,0,6,8,2,2
20261005,merge,oracle,0.75,2024-07,2,0,0,0,2,4,2,2
20261005,merge,oracle,0.75,2024-08,2,0,0,0,2,4,2,2
20261005,merge,oracle,0.75,2024-09,2,0,0,0,2,4,2,2
20261005,merge,oracle,0.75,2024-10,2,0,0,0,2,4,2,2
20261005,merge,oracle,0.75,2024-11,2,0,0,0,2,4,2,2
20261005,merge,oracle,0.75,2024-12,2,0,0,0,2,4,2,2
20261005,merge,oracle,1.0,2023-02,3,0,0,0,6,9,3,3
20261005,merge,oracle,1.0,2023-03,3,0,0,0,6,9,3,3
20261005,merge,oracle,1.0,2023-04,3,0,0,0,6,9,3,3
20261005,merge,oracle,1.0,2023-05,3,0,0,0,6,9,3,3
20261005,merge,oracle,1.0,2023-06,3,0,0,0,6,9,3,3
20261005,merge,oracle,1.0,2023-07,3,0,0,0,6,9,3,3
20261005,merge,oracle,1.0,2023-08,3,0,0,0,6,9,3,3
20261005,merge,oracle,1.0,2023-09,3,0,0,0,6,9,3,3
20261005,merge,oracle,1.0,2023-10,3,0,0,0,6,9,3,3
20261005,merge,oracle,1.0,2023-11,3,0,0,0,6,9,3,3
20261005,merge,oracle,1.0,2023-12,3,0,0,0,6,9,3,3
20261005,merge,oracle,1.0,2024-01,3,0,0,0,6,9,3,3
20261005,merge,oracle,1.0,2024-02,3,0,0,0,6,9,3,3
20261005,merge,oracle,1.0,2024-03,1,0,0,0,5,6,1,2
20261005,merge,oracle,1.0,2024-04,2,0,0,0,6,8,2,2
20261005,merge,oracle,1.0,2024-05,2,0,0,0,6,8,2,2
20261005,merge,oracle,1.0,2024-06,2,0,0,0,6,8,2,2
20261005,merge,oracle,1.0,2024-07,2,0,0,0,2,4,2,2
20261005,merge,oracle,1.0,2024-08,2,0,0,0,2,4,2,2
20261005,merge,oracle,1.0,2024-09,2,0,0,0,2,4,2,2
20261005,merge,oracle,1.0,2024-10,2,0,0,0,2,4,2,2
20261005,merge,oracle,1.0,2024-11,2,0,0,0,2,4,2,2
20261005,merge,oracle,1.0,2024-12,2,0,0,0,2,4,2,2
20261005,merge,oracle,1.25,2023-02,3,0,0,0,6,9,3,3
20261005,merge,oracle,1.25,2023-03,3,0,0,0,6,9,3,3
20261005,merge,oracle,1.25,2023-04,3,0,0,0,6,9,3,3
20261005,merge,oracle,1.25,2023-05,3,0,0,0,6,9,3,3
20261005,merge,oracle,1.25,2023-06,3,0,0,0,6,9,3,3
20261005,merge,oracle,1.25,2023-07,3,0,0,0,6,9,3,3
20261005,merge,oracle,1.25,2023-08,3,0,0,0,6,9,3,3
20261005,merge,oracle,1.25,2023-09,3,0,0,0,6,9,3,3
20261005,merge,oracle,1.25,2023-10,3,0,0,0,6,9,3,3
20261005,merge,oracle,1.25,2023-11,3,0,0,0,6,9,3,3
20261005,merge,oracle,1.25,2023-12,3,0,0,0,6,9,3,3
20261005,merge,oracle,1.25,2024-01,3,0,0,0,6,9,3,3
20261005,merge,oracle,1.25,2024-02,3,0,0,0,6,9,3,3
20261005,merge,oracle,1.25,2024-03,1,0,0,0,5,6,1,2
20261005,merge,oracle,1.25,2024-04,2,0,0,0,6,8,2,2
20261005,merge,oracle,1.25,2024-05,2,0,0,0,6,8,2,2
20261005,merge,oracle,1.25,2024-06,1,0,0,1,6,8,2,2
20261005,merge,oracle,1.25,2024-07,2,0,0,0,2,4,2,2
20261005,merge,oracle,1.25,2024-08,2,0,0,0,2,4,2,2
20261005,merge,oracle,1.25,2024-09,2,0,0,0,2,4,2,2
20261005,merge,oracle,1.25,2024-10,2,0,0,0,2,4,2,2
20261005,merge,oracle,1.25,2024-11,2,0,0,0,2,4,2,2
20261005,merge,oracle,1.25,2024-12,2,0,0,0,2,4,2,2
20261005,merge,unsupervised,0.75,2023-02,3,0,0,0,6,9,3,3
20261005,merge,unsupervised,0.75,2023-03,3,0,0,0,6,9,3,3
20261005,merge,unsupervised,0.75,2023-04,3,0,0,0,6,9,3,3
20261005,merge,unsupervised,0.75,2023-05,3,0,0,0,6,9,3,3
20261005,merge,unsupervised,0.75,2023-06,3,0,0,0,6,9,3,3
20261005,merge,unsupervised,0.75,2023-07,3,0,0,0,6,9,3,3
20261005,merge,unsupervised,0.75,2023-08,3,0,0,0,6,9,3,3
20261005,merge,unsupervised,0.75,2023-09,3,0,0,0,6,9,3,3
20261005,merge,unsupervised,0.75,2023-10,3,0,0,0,6,9,3,3
20261005,merge,unsupervised,0.75,2023-11,3,0,0,0,6,9,3,3
20261005,merge,unsupervised,0.75,2023-12,3,0,0,0,6,9,3,3
20261005,merge,unsupervised,0.75,2024-01,3,0,0,0,6,9,3,3
20261005,merge,unsupervised,0.75,2024-02,3,0,0,0,6,9,3,3
20261005,merge,unsupervised,0.75,2024-03,1,0,0,0,5,6,1,2
20261005,merge,unsupervised,0.75,2024-04,2,0,0,0,6,8,2,2
20261005,merge,unsupervised,0.75,2024-05,2,0,0,0,6,8,2,2
20261005,merge,unsupervised,0.75,2024-06,2,0,0,0,6,8,2,2
20261005,merge,unsupervised,0.75,2024-07,2,0,0,0,2,4,2,2
20261005,merge,unsupervised,0.75,2024-08,2,0,0,0,2,4,2,2
20261005,merge,unsupervised,0.75,2024-09,2,0,0,0,2,4,2,2
20261005,merge,unsupervised,0.75,2024-10,2,0,0,0,2,4,2,2
20261005,merge,unsupervised,0.75,2024-11,2,0,0,0,2,4,2,2
20261005,merge,unsupervised,0.75,2024-12,2,0,0,0,2,4,2,2
20261005,merge,unsupervised,1.0,2023-02,3,0,0,0,6,9,3,3
20261005,merge,unsupervised,1.0,2023-03,3,0,0,0,6,9,3,3
20261005,merge,unsupervised,1.0,2023-04,3,0,0,0,6,9,3,3
20261005,merge,unsupervised,1.0,2023-05,3,0,0,0,6,9,3,3
20261005,merge,unsupervised,1.0,2023-06,3,0,0,0,6,9,3,3
20261005,merge,unsupervised,1.0,2023-07,3,0,0,0,6,9,3,3
20261005,merge,unsupervised,1.0,2023-08,3,0,0,0,6,9,3,3
20261005,merge,unsupervised,1.0,2023-09,3,0,0,0,6,9,3,3
20261005,merge,unsupervised,1.0,2023-10,3,0,0,0,6,9,3,3
20261005,merge,unsupervised,1.0,2023-11,3,0,0,0,6,9,3,3
20261005,merge,unsupervised,1.0,2023-12,3,0,0,0,6,9,3,3
20261005,merge,unsupervised,1.0,2024-01,3,0,0,0,6,9,3,3
20261005,merge,unsupervised,1.0,2024-02,3,0,0,0,6,9,3,3
20261005,merge,unsupervised,1.0,2024-03,1,0,0,0,5,6,1,2
20261005,merge,unsupervised,1.0,2024-04,2,0,0,0,6,8,2,2
20261005,merge,unsupervised,1.0,2024-05,2,0,0,0,6,8,2,2
20261005,merge,unsupervised,1.0,2024-06,2,0,0,0,6,8,2,2
20261005,merge,unsupervised,1.0,2024-07,2,0,0,0,2,4,2,2
20261005,merge,unsupervised,1.0,2024-08,2,0,0,0,2,4,2,2
20261005,merge,unsupervised,1.0,2024-09,2,0,0,0,2,4,2,2
20261005,merge,unsupervised,1.0,2024-10,2,0,0,0,2,4,2,2
20261005,merge,unsupervised,1.0,2024-11,2,0,0,0,2,4,2,2
20261005,merge,unsupervised,1.0,2024-12,2,0,0,0,2,4,2,2
20261005,merge,unsupervised,1.25,2023-02,3,0,0,0,6,9,3,3
20261005,merge,unsupervised,1.25,2023-03,3,0,0,0,6,9,3,3
20261005,merge,unsupervised,1.25,2023-04,3,0,0,0,6,9,3,3
20261005,merge,unsupervised,1.25,2023-05,3,0,0,0,6,9,3,3
20261005,merge,unsupervised,1.25,2023-06,3,0,0,0,6,9,3,3
20261005,merge,unsupervised,1.25,2023-07,3,0,0,0,6,9,3,3
20261005,merge,unsupervised,1.25,2023-08,3,0,0,0,6,9,3,3
20261005,merge,unsupervised,1.25,2023-09,3,0,0,0,6,9,3,3
20261005,merge,unsupervised,1.25,2023-10,3,0,0,0,6,9,3,3
20261005,merge,unsupervised,1.25,2023-11,3,0,0,0,6,9,3,3
20261005,merge,unsupervised,1.25,2023-12,3,0,0,0,6,9,3,3
20261005,merge,unsupervised,1.25,2024-01,3,0,0,0,6,9,3,3
20261005,merge,unsupervised,1.25,2024-02,3,0,0,0,6,9,3,3
20261005,merge,unsupervised,1.25,2024-03,1,0,0,0,5,6,1,2
20261005,merge,unsupervised,1.25,2024-04,2,0,0,0,6,8,2,2
20261005,merge,unsupervised,1.25,2024-05,2,0,0,0,6,8,2,2
20261005,merge,unsupervised,1.25,2024-06,1,0,0,1,6,8,2,2
20261005,merge,unsupervised,1.25,2024-07,2,0,0,0,2,4,2,2
20261005,merge,unsupervised,1.25,2024-08,2,0,0,0,2,4,2,2
20261005,merge,unsupervised,1.25,2024-09,2,0,0,0,2,4,2,2
20261005,merge,unsupervised,1.25,2024-10,2,0,0,0,2,4,2,2
20261005,merge,unsupervised,1.25,2024-11,2,0,0,0,2,4,2,2
20261005,merge,unsupervised,1.25,2024-12,2,0,0,0,2,4,2,2
20261005,proximity,oracle,0.75,2023-02,2,0,0,0,2,4,2,2
20261005,proximity,oracle,0.75,2023-03,2,0,0,0,2,4,2,2
20261005,proximity,oracle,0.75,2023-04,2,0,0,0,2,4,2,2
20261005,proximity,oracle,0.75,2023-05,2,0,0,0,2,4,2,2
20261005,proximity,oracle,0.75,2023-06,2,0,0,0,2,4,2,2
20261005,proximity,oracle,0.75,2023-07,2,0,0,0,2,4,2,2
20261005,proximity,oracle,0.75,2023-08,2,0,0,0,2,4,2,2
20261005,proximity,oracle,0.75,2023-09,2,0,0,0,2,4,2,2
20261005,proximity,oracle,0.75,2023-10,2,0,0,0,2,4,2,2
20261005,proximity,oracle,0.75,2023-11,2,0,0,0,2,4,2,2
20261005,proximity,oracle,0.75,2023-12,2,0,0,0,2,4,2,2
20261005,proximity,oracle,0.75,2024-01,2,0,0,0,2,4,2,2
20261005,proximity,oracle,0.75,2024-02,2,0,0,0,2,4,2,2
20261005,proximity,oracle,0.75,2024-03,2,0,0,0,2,4,2,2
20261005,proximity,oracle,0.75,2024-04,2,0,0,0,2,4,2,2
20261005,proximity,oracle,0.75,2024-05,2,0,0,0,2,4,2,2
20261005,proximity,oracle,0.75,2024-06,2,0,0,0,2,4,2,2
20261005,proximity,oracle,0.75,2024-07,2,0,0,0,2,4,2,2
20261005,proximity,oracle,0.75,2024-08,2,0,0,0,2,4,2,2
20261005,proximity,oracle,0.75,2024-09,2,0,0,0,2,4,2,2
20261005,proximity,oracle,0.75,2024-10,2,0,0,0,2,4,2,2
20261005,proximity,oracle,0.75,2024-11,2,0,0,0,2,4,2,2
20261005,proximity,oracle,0.75,2024-12,2,0,0,0,2,4,2,2
20261005,proximity,oracle,1.0,2023-02,2,0,0,0,2,4,2,2
20261005,proximity,oracle,1.0,2023-03,2,0,0,0,2,4,2,2
20261005,proximity,oracle,1.0,2023-04,2,0,0,0,2,4,2,2
20261005,proximity,oracle,1.0,2023-05,2,0,0,0,2,4,2,2
20261005,proximity,oracle,1.0,2023-06,2,0,0,0,2,4,2,2
20261005,proximity,oracle,1.0,2023-07,2,0,0,0,2,4,2,2
20261005,proximity,oracle,1.0,2023-08,2,0,0,0,2,4,2,2
20261005,proximity,oracle,1.0,2023-09,2,0,0,0,2,4,2,2
20261005,proximity,oracle,1.0,2023-10,2,0,0,0,2,4,2,2
20261005,proximity,oracle,1.0,2023-11,2,0,0,0,2,4,2,2
20261005,proximity,oracle,1.0,2023-12,2,0,0,0,2,4,2,2
20261005,proximity,oracle,1.0,2024-01,2,0,0,0,2,4,2,2
20261005,proximity,oracle,1.0,2024-02,2,0,0,0,2,4,2,2
20261005,proximity,oracle,1.0,2024-03,2,0,0,0,2,4,2,2
20261005,proximity,oracle,1.0,2024-04,2,0,0,0,2,4,2,2
20261005,proximity,oracle,1.0,2024-05,2,0,0,0,2,4,2,2
20261005,proximity,oracle,1.0,2024-06,2,0,0,0,2,4,2,2
20261005,proximity,oracle,1.0,2024-07,2,0,0,0,2,4,2,2
20261005,proximity,oracle,1.0,2024-08,2,0,0,0,2,4,2,2
20261005,proximity,oracle,1.0,2024-09,2,0,0,0,2,4,2,2
20261005,proximity,oracle,1.0,2024-10,2,0,0,0,2,4,2,2
20261005,proximity,oracle,1.0,2024-11,2,0,0,0,2,4,2,2
20261005,proximity,oracle,1.0,2024-12,0,0,0,2,2,4,2,2
20261005,proximity,oracle,1.25,2023-02,2,0,0,0,2,4,2,2
20261005,proximity,oracle,1.25,2023-03,2,0,0,0,2,4,2,2
20261005,proximity,oracle,1.25,2023-04,2,0,0,0,2,4,2,2
20261005,proximity,oracle,1.25,2023-05,2,0,0,0,2,4,2,2
20261005,proximity,oracle,1.25,2023-06,2,0,0,0,2,4,2,2
20261005,proximity,oracle,1.25,2023-07,2,0,0,0,2,4,2,2
20261005,proximity,oracle,1.25,2023-08,2,0,0,0,2,4,2,2
20261005,proximity,oracle,1.25,2023-09,2,0,0,0,2,4,2,2
20261005,proximity,oracle,1.25,2023-10,2,0,0,0,2,4,2,2
20261005,proximity,oracle,1.25,2023-11,2,0,0,0,2,4,2,2
20261005,proximity,oracle,1.25,2023-12,2,0,0,0,2,4,2,2
20261005,proximity,oracle,1.25,2024-01,1,0,0,1,2,4,2,2
20261005,proximity,oracle,1.25,2024-02,1,0,0,1,2,4,2,2
20261005,proximity,oracle,1.25,2024-03,1,0,0,1,2,4,2,2
20261005,proximity,oracle,1.25,2024-04,1,0,0,1,2,4,2,2
20261005,proximity,oracle,1.25,2024-05,1,0,0,1,2,4,2,2
20261005,proximity,oracle,1.25,2024-06,1,0,1,1,2,4,2,2
20261005,proximity,oracle,1.25,2024-07,1,0,1,1,2,4,2,2
20261005,proximity,oracle,1.25,2024-08,1,0,1,1,2,4,2,2
20261005,proximity,oracle,1.25,2024-09,1,0,1,1,2,4,2,2
20261005,proximity,oracle,1.25,2024-10,0,0,1,2,2,4,2,2
20261005,proximity,oracle,1.25,2024-11,0,0,0,2,2,4,2,2
20261005,proximity,oracle,1.25,2024-12,0,0,0,2,2,4,2,2
20261005,proximity,unsupervised,0.75,2023-02,2,0,0,0,2,4,2,2
20261005,proximity,unsupervised,0.75,2023-03,2,0,0,0,2,4,2,2
20261005,proximity,unsupervised,0.75,2023-04,2,0,0,0,2,4,2,2
20261005,proximity,unsupervised,0.75,2023-05,2,0,0,0,2,4,2,2
20261005,proximity,unsupervised,0.75,2023-06,2,0,0,0,2,4,2,2
20261005,proximity,unsupervised,0.75,2023-07,2,0,0,0,2,4,2,2
20261005,proximity,unsupervised,0.75,2023-08,2,0,0,0,2,4,2,2
20261005,proximity,unsupervised,0.75,2023-09,2,0,0,0,2,4,2,2
20261005,proximity,unsupervised,0.75,2023-10,2,0,0,0,2,4,2,2
20261005,proximity,unsupervised,0.75,2023-11,2,0,0,0,2,4,2,2
20261005,proximity,unsupervised,0.75,2023-12,2,0,0,0,2,4,2,2
20261005,proximity,unsupervised,0.75,2024-01,2,0,0,0,2,4,2,2
20261005,proximity,unsupervised,0.75,2024-02,2,0,0,0,2,4,2,2
20261005,proximity,unsupervised,0.75,2024-03,2,0,0,0,2,4,2,2
20261005,proximity,unsupervised,0.75,2024-04,2,0,0,0,2,4,2,2
20261005,proximity,unsupervised,0.75,2024-05,2,0,0,0,2,4,2,2
20261005,proximity,unsupervised,0.75,2024-06,2,0,0,0,2,4,2,2
20261005,proximity,unsupervised,0.75,2024-07,2,0,0,0,2,4,2,2
20261005,proximity,unsupervised,0.75,2024-08,2,0,0,0,2,4,2,2
20261005,proximity,unsupervised,0.75,2024-09,2,0,0,0,2,4,2,2
20261005,proximity,unsupervised,0.75,2024-10,2,0,0,0,2,4,2,2
20261005,proximity,unsupervised,0.75,2024-11,2,0,0,0,2,4,2,2
20261005,proximity,unsupervised,0.75,2024-12,2,0,0,0,2,4,2,2
20261005,proximity,unsupervised,1.0,2023-02,2,0,0,0,2,4,2,2
20261005,proximity,unsupervised,1.0,2023-03,2,0,0,0,2,4,2,2
20261005,proximity,unsupervised,1.0,2023-04,2,0,0,0,2,4,2,2
20261005,proximity,unsupervised,1.0,2023-05,2,0,0,0,2,4,2,2
20261005,proximity,unsupervised,1.0,2023-06,2,0,0,0,2,4,2,2
20261005,proximity,unsupervised,1.0,2023-07,2,0,0,0,2,4,2,2
20261005,proximity,unsupervised,1.0,2023-08,2,0,0,0,2,4,2,2
20261005,proximity,unsupervised,1.0,2023-09,2,0,0,0,2,4,2,2
20261005,proximity,unsupervised,1.0,2023-10,2,0,0,0,2,4,2,2
20261005,proximity,unsupervised,1.0,2023-11,2,0,0,0,2,4,2,2
20261005,proximity,unsupervised,1.0,2023-12,2,0,0,0,2,4,2,2
20261005,proximity,unsupervised,1.0,2024-01,2,0,0,0,2,4,2,2
20261005,proximity,unsupervised,1.0,2024-02,2,0,0,0,2,4,2,2
20261005,proximity,unsupervised,1.0,2024-03,2,0,0,0,2,4,2,2
20261005,proximity,unsupervised,1.0,2024-04,2,0,0,0,2,4,2,2
20261005,proximity,unsupervised,1.0,2024-05,2,0,0,0,2,4,2,2
20261005,proximity,unsupervised,1.0,2024-06,2,0,0,0,2,4,2,2
20261005,proximity,unsupervised,1.0,2024-07,2,0,0,0,2,4,2,2
20261005,proximity,unsupervised,1.0,2024-08,2,0,0,0,2,4,2,2
20261005,proximity,unsupervised,1.0,2024-09,2,0,0,0,2,4,2,2
20261005,proximity,unsupervised,1.0,2024-10,2,0,0,0,2,4,2,2
20261005,proximity,unsupervised,1.0,2024-11,2,0,0,0,2,4,2,2
20261005,proximity,unsupervised,1.0,2024-12,0,0,0,2,2,4,2,2
20261005,proximity,unsupervised,1.25,2023-02,2,0,0,0,2,4,2,2
20261005,proximity,unsupervised,1.25,2023-03,2,0,0,0,2,4,2,2
20261005,proximity,unsupervised,1.25,2023-04,2,0,0,0,2,4,2,2
20261005,proximity,unsupervised,1.25,2023-05,2,0,0,0,2,4,2,2
20261005,proximity,unsupervised,1.25,2023-06,2,0,0,0,2,4,2,2
20261005,proximity,unsupervised,1.25,2023-07,2,0,0,0,2,4,2,2
20261005,proximity,unsupervised,1.25,2023-08,2,0,0,0,2,4,2,2
20261005,proximity,unsupervised,1.25,2023-09,2,0,0,0,2,4,2,2
20261005,proximity,unsupervised,1.25,2023-10,2,0,0,0,2,4,2,2
20261005,proximity,unsupervised,1.25,2023-11,2,0,0,0,2,4,2,2
20261005,proximity,unsupervised,1.25,2023-12,2,0,0,0,2,4,2,2
20261005,proximity,unsupervised,1.25,2024-01,1,0,0,1,2,4,2,2
20261005,proximity,unsupervised,1.25,2024-02,1,0,0,1,2,4,2,2
20261005,proximity,unsupervised,1.25,2024-03,1,0,0,1,2,4,2,2
20261005,proximity,unsupervised,1.25,2024-04,1,0,0,1,2,4,2,2
20261005,proximity,unsupervised,1.25,2024-05,1,0,0,1,2,4,2,2
20261005,proximity,unsupervised,1.25,2024-06,1,0,1,1,2,4,2,2
20261005,proximity,unsupervised,1.25,2024-07,1,0,1,1,2,4,2,2
20261005,proximity,unsupervised,1.25,2024-08,1,0,1,1,2,4,2,2
20261005,proximity,unsupervised,1.25,2024-09,1,0,1,1,2,4,2,2
20261005,proximity,unsupervised,1.25,2024-10,0,0,1,2,2,4,2,2
20261005,proximity,unsupervised,1.25,2024-11,0,0,0,2,2,4,2,2
20261005,proximity,unsupervised,1.25,2024-12,0,0,0,2,2,4,2,2
20261006,stable,oracle,0.75,2023-02,2,0,0,0,2,4,2,2
20261006,stable,oracle,0.75,2023-03,2,0,0,0,2,4,2,2
20261006,stable,oracle,0.75,2023-04,2,0,0,0,2,4,2,2
20261006,stable,oracle,0.75,2023-05,2,0,0,0,2,4,2,2
20261006,stable,oracle,0.75,2023-06,2,0,0,0,2,4,2,2
20261006,stable,oracle,0.75,2023-07,2,0,0,0,2,4,2,2
20261006,stable,oracle,0.75,2023-08,2,0,0,0,2,4,2,2
20261006,stable,oracle,0.75,2023-09,2,0,0,0,2,4,2,2
20261006,stable,oracle,0.75,2023-10,2,0,0,0,2,4,2,2
20261006,stable,oracle,0.75,2023-11,2,0,0,0,2,4,2,2
20261006,stable,oracle,0.75,2023-12,2,0,0,0,2,4,2,2
20261006,stable,oracle,0.75,2024-01,2,0,0,0,2,4,2,2
20261006,stable,oracle,0.75,2024-02,2,0,0,0,2,4,2,2
20261006,stable,oracle,0.75,2024-03,2,0,0,0,2,4,2,2
20261006,stable,oracle,0.75,2024-04,2,0,0,0,2,4,2,2
20261006,stable,oracle,0.75,2024-05,2,0,0,0,2,4,2,2
20261006,stable,oracle,0.75,2024-06,2,0,0,0,2,4,2,2
20261006,stable,oracle,0.75,2024-07,2,0,0,0,2,4,2,2
20261006,stable,oracle,0.75,2024-08,2,0,0,0,2,4,2,2
20261006,stable,oracle,0.75,2024-09,2,0,0,0,2,4,2,2
20261006,stable,oracle,0.75,2024-10,2,0,0,0,2,4,2,2
20261006,stable,oracle,0.75,2024-11,2,0,0,0,2,4,2,2
20261006,stable,oracle,0.75,2024-12,2,0,0,0,2,4,2,2
20261006,stable,oracle,1.0,2023-02,2,0,0,0,2,4,2,2
20261006,stable,oracle,1.0,2023-03,2,0,0,0,2,4,2,2
20261006,stable,oracle,1.0,2023-04,2,0,0,0,2,4,2,2
20261006,stable,oracle,1.0,2023-05,2,0,0,0,2,4,2,2
20261006,stable,oracle,1.0,2023-06,2,0,0,0,2,4,2,2
20261006,stable,oracle,1.0,2023-07,2,0,0,0,2,4,2,2
20261006,stable,oracle,1.0,2023-08,2,0,0,0,2,4,2,2
20261006,stable,oracle,1.0,2023-09,2,0,0,0,2,4,2,2
20261006,stable,oracle,1.0,2023-10,2,0,0,0,2,4,2,2
20261006,stable,oracle,1.0,2023-11,2,0,0,0,2,4,2,2
20261006,stable,oracle,1.0,2023-12,2,0,0,0,2,4,2,2
20261006,stable,oracle,1.0,2024-01,2,0,0,0,2,4,2,2
20261006,stable,oracle,1.0,2024-02,2,0,0,0,2,4,2,2
20261006,stable,oracle,1.0,2024-03,2,0,0,0,2,4,2,2
20261006,stable,oracle,1.0,2024-04,2,0,0,0,2,4,2,2
20261006,stable,oracle,1.0,2024-05,2,0,0,0,2,4,2,2
20261006,stable,oracle,1.0,2024-06,2,0,0,0,2,4,2,2
20261006,stable,oracle,1.0,2024-07,2,0,0,0,2,4,2,2
20261006,stable,oracle,1.0,2024-08,2,0,0,0,2,4,2,2
20261006,stable,oracle,1.0,2024-09,2,0,0,0,2,4,2,2
20261006,stable,oracle,1.0,2024-10,2,0,0,0,2,4,2,2
20261006,stable,oracle,1.0,2024-11,2,0,0,0,2,4,2,2
20261006,stable,oracle,1.0,2024-12,2,0,0,0,2,4,2,2
20261006,stable,oracle,1.25,2023-02,2,0,0,0,2,4,2,2
20261006,stable,oracle,1.25,2023-03,2,0,0,0,2,4,2,2
20261006,stable,oracle,1.25,2023-04,2,0,0,0,2,4,2,2
20261006,stable,oracle,1.25,2023-05,2,0,0,0,2,4,2,2
20261006,stable,oracle,1.25,2023-06,2,0,0,0,2,4,2,2
20261006,stable,oracle,1.25,2023-07,2,0,0,0,2,4,2,2
20261006,stable,oracle,1.25,2023-08,2,0,0,0,2,4,2,2
20261006,stable,oracle,1.25,2023-09,2,0,0,0,2,4,2,2
20261006,stable,oracle,1.25,2023-10,2,0,0,0,2,4,2,2
20261006,stable,oracle,1.25,2023-11,2,0,0,0,2,4,2,2
20261006,stable,oracle,1.25,2023-12,2,0,0,0,2,4,2,2
20261006,stable,oracle,1.25,2024-01,2,0,0,0,2,4,2,2
20261006,stable,oracle,1.25,2024-02,2,0,0,0,2,4,2,2
20261006,stable,oracle,1.25,2024-03,2,0,0,0,2,4,2,2
20261006,stable,oracle,1.25,2024-04,2,0,0,0,2,4,2,2
20261006,stable,oracle,1.25,2024-05,2,0,0,0,2,4,2,2
20261006,stable,oracle,1.25,2024-06,2,0,0,0,2,4,2,2
20261006,stable,oracle,1.25,2024-07,2,0,0,0,2,4,2,2
20261006,stable,oracle,1.25,2024-08,2,0,0,0,2,4,2,2
20261006,stable,oracle,1.25,2024-09,2,0,0,0,2,4,2,2
20261006,stable,oracle,1.25,2024-10,2,0,0,0,2,4,2,2
20261006,stable,oracle,1.25,2024-11,2,0,0,0,2,4,2,2
20261006,stable,oracle,1.25,2024-12,2,0,0,0,2,4,2,2
20261006,stable,unsupervised,0.75,2023-02,2,0,0,0,2,4,2,2
20261006,stable,unsupervised,0.75,2023-03,2,0,0,0,2,4,2,2
20261006,stable,unsupervised,0.75,2023-04,2,0,0,0,2,4,2,2
20261006,stable,unsupervised,0.75,2023-05,2,0,0,0,2,4,2,2
20261006,stable,unsupervised,0.75,2023-06,2,0,0,0,2,4,2,2
20261006,stable,unsupervised,0.75,2023-07,2,0,0,0,2,4,2,2
20261006,stable,unsupervised,0.75,2023-08,2,0,0,0,2,4,2,2
20261006,stable,unsupervised,0.75,2023-09,2,0,0,0,2,4,2,2
20261006,stable,unsupervised,0.75,2023-10,2,0,0,0,2,4,2,2
20261006,stable,unsupervised,0.75,2023-11,2,0,0,0,2,4,2,2
20261006,stable,unsupervised,0.75,2023-12,2,0,0,0,2,4,2,2
20261006,stable,unsupervised,0.75,2024-01,2,0,0,0,2,4,2,2
20261006,stable,unsupervised,0.75,2024-02,2,0,0,0,2,4,2,2
20261006,stable,unsupervised,0.75,2024-03,2,0,0,0,2,4,2,2
20261006,stable,unsupervised,0.75,2024-04,2,0,0,0,2,4,2,2
20261006,stable,unsupervised,0.75,2024-05,2,0,0,0,2,4,2,2
20261006,stable,unsupervised,0.75,2024-06,2,0,0,0,2,4,2,2
20261006,stable,unsupervised,0.75,2024-07,2,0,0,0,2,4,2,2
20261006,stable,unsupervised,0.75,2024-08,2,0,0,0,2,4,2,2
20261006,stable,unsupervised,0.75,2024-09,2,0,0,0,2,4,2,2
20261006,stable,unsupervised,0.75,2024-10,2,0,0,0,2,4,2,2
20261006,stable,unsupervised,0.75,2024-11,2,0,0,0,2,4,2,2
20261006,stable,unsupervised,0.75,2024-12,2,0,0,0,2,4,2,2
20261006,stable,unsupervised,1.0,2023-02,2,0,0,0,2,4,2,2
20261006,stable,unsupervised,1.0,2023-03,2,0,0,0,2,4,2,2
20261006,stable,unsupervised,1.0,2023-04,2,0,0,0,2,4,2,2
20261006,stable,unsupervised,1.0,2023-05,2,0,0,0,2,4,2,2
20261006,stable,unsupervised,1.0,2023-06,2,0,0,0,2,4,2,2
20261006,stable,unsupervised,1.0,2023-07,2,0,0,0,2,4,2,2
20261006,stable,unsupervised,1.0,2023-08,2,0,0,0,2,4,2,2
20261006,stable,unsupervised,1.0,2023-09,2,0,0,0,2,4,2,2
20261006,stable,unsupervised,1.0,2023-10,2,0,0,0,2,4,2,2
20261006,stable,unsupervised,1.0,2023-11,2,0,0,0,2,4,2,2
20261006,stable,unsupervised,1.0,2023-12,2,0,0,0,2,4,2,2
20261006,stable,unsupervised,1.0,2024-01,2,0,0,0,2,4,2,2
20261006,stable,unsupervised,1.0,2024-02,2,0,0,0,2,4,2,2
20261006,stable,unsupervised,1.0,2024-03,2,0,0,0,2,4,2,2
20261006,stable,unsupervised,1.0,2024-04,2,0,0,0,2,4,2,2
20261006,stable,unsupervised,1.0,2024-05,2,0,0,0,2,4,2,2
20261006,stable,unsupervised,1.0,2024-06,2,0,0,0,2,4,2,2
20261006,stable,unsupervised,1.0,2024-07,2,0,0,0,2,4,2,2
20261006,stable,unsupervised,1.0,2024-08,2,0,0,0,2,4,2,2
20261006,stable,unsupervised,1.0,2024-09,2,0,0,0,2,4,2,2
20261006,stable,unsupervised,1.0,2024-10,2,0,0,0,2,4,2,2
20261006,stable,unsupervised,1.0,2024-11,2,0,0,0,2,4,2,2
20261006,stable,unsupervised,1.0,2024-12,2,0,0,0,2,4,2,2
20261006,stable,unsupervised,1.25,2023-02,2,0,0,0,2,4,2,2
20261006,stable,unsupervised,1.25,2023-03,2,0,0,0,2,4,2,2
20261006,stable,unsupervised,1.25,2023-04,2,0,0,0,2,4,2,2
20261006,stable,unsupervised,1.25,2023-05,2,0,0,0,2,4,2,2
20261006,stable,unsupervised,1.25,2023-06,2,0,0,0,2,4,2,2
20261006,stable,unsupervised,1.25,2023-07,2,0,0,0,2,4,2,2
20261006,stable,unsupervised,1.25,2023-08,2,0,0,0,2,4,2,2
20261006,stable,unsupervised,1.25,2023-09,2,0,0,0,2,4,2,2
20261006,stable,unsupervised,1.25,2023-10,2,0,0,0,2,4,2,2
20261006,stable,unsupervised,1.25,2023-11,2,0,0,0,2,4,2,2
20261006,stable,unsupervised,1.25,2023-12,2,0,0,0,2,4,2,2
20261006,stable,unsupervised,1.25,2024-01,2,0,0,0,2,4,2,2
20261006,stable,unsupervised,1.25,2024-02,2,0,0,0,2,4,2,2
20261006,stable,unsupervised,1.25,2024-03,2,0,0,0,2,4,2,2
20261006,stable,unsupervised,1.25,2024-04,2,0,0,0,2,4,2,2
20261006,stable,unsupervised,1.25,2024-05,2,0,0,0,2,4,2,2
20261006,stable,unsupervised,1.25,2024-06,2,0,0,0,2,4,2,2
20261006,stable,unsupervised,1.25,2024-07,2,0,0,0,2,4,2,2
20261006,stable,unsupervised,1.25,2024-08,2,0,0,0,2,4,2,2
20261006,stable,unsupervised,1.25,2024-09,2,0,0,0,2,4,2,2
20261006,stable,unsupervised,1.25,2024-10,2,0,0,0,2,4,2,2
20261006,stable,unsupervised,1.25,2024-11,2,0,0,0,2,4,2,2
20261006,stable,unsupervised,1.25,2024-12,2,0,0,0,2,4,2,2
20261006,drift,oracle,0.75,2023-02,2,0,0,0,2,4,2,2
20261006,drift,oracle,0.75,2023-03,2,0,0,0,2,4,2,2
20261006,drift,oracle,0.75,2023-04,2,0,0,0,2,4,2,2
20261006,drift,oracle,0.75,2023-05,2,0,0,0,2,4,2,2
20261006,drift,oracle,0.75,2023-06,2,0,0,0,2,4,2,2
20261006,drift,oracle,0.75,2023-07,2,0,0,0,2,4,2,2
20261006,drift,oracle,0.75,2023-08,2,0,0,0,2,4,2,2
20261006,drift,oracle,0.75,2023-09,2,0,0,0,2,4,2,2
20261006,drift,oracle,0.75,2023-10,2,0,0,0,2,4,2,2
20261006,drift,oracle,0.75,2023-11,2,0,0,0,2,4,2,2
20261006,drift,oracle,0.75,2023-12,2,0,0,0,2,4,2,2
20261006,drift,oracle,0.75,2024-01,2,0,0,0,2,4,2,2
20261006,drift,oracle,0.75,2024-02,2,0,0,0,2,4,2,2
20261006,drift,oracle,0.75,2024-03,2,0,0,0,2,4,2,2
20261006,drift,oracle,0.75,2024-04,2,0,0,0,2,4,2,2
20261006,drift,oracle,0.75,2024-05,2,0,0,0,2,4,2,2
20261006,drift,oracle,0.75,2024-06,2,0,0,0,2,4,2,2
20261006,drift,oracle,0.75,2024-07,2,0,0,0,2,4,2,2
20261006,drift,oracle,0.75,2024-08,2,0,0,0,2,4,2,2
20261006,drift,oracle,0.75,2024-09,2,0,0,0,2,4,2,2
20261006,drift,oracle,0.75,2024-10,2,0,0,0,2,4,2,2
20261006,drift,oracle,0.75,2024-11,2,0,0,0,2,4,2,2
20261006,drift,oracle,0.75,2024-12,2,0,0,0,2,4,2,2
20261006,drift,oracle,1.0,2023-02,2,0,0,0,2,4,2,2
20261006,drift,oracle,1.0,2023-03,2,0,0,0,2,4,2,2
20261006,drift,oracle,1.0,2023-04,2,0,0,0,2,4,2,2
20261006,drift,oracle,1.0,2023-05,2,0,0,0,2,4,2,2
20261006,drift,oracle,1.0,2023-06,2,0,0,0,2,4,2,2
20261006,drift,oracle,1.0,2023-07,2,0,0,0,2,4,2,2
20261006,drift,oracle,1.0,2023-08,2,0,0,0,2,4,2,2
20261006,drift,oracle,1.0,2023-09,2,0,0,0,2,4,2,2
20261006,drift,oracle,1.0,2023-10,2,0,0,0,2,4,2,2
20261006,drift,oracle,1.0,2023-11,2,0,0,0,2,4,2,2
20261006,drift,oracle,1.0,2023-12,2,0,0,0,2,4,2,2
20261006,drift,oracle,1.0,2024-01,2,0,0,0,2,4,2,2
20261006,drift,oracle,1.0,2024-02,2,0,0,0,2,4,2,2
20261006,drift,oracle,1.0,2024-03,2,0,0,0,2,4,2,2
20261006,drift,oracle,1.0,2024-04,2,0,0,0,2,4,2,2
20261006,drift,oracle,1.0,2024-05,2,0,0,0,2,4,2,2
20261006,drift,oracle,1.0,2024-06,2,0,0,0,2,4,2,2
20261006,drift,oracle,1.0,2024-07,2,0,0,0,2,4,2,2
20261006,drift,oracle,1.0,2024-08,2,0,0,0,2,4,2,2
20261006,drift,oracle,1.0,2024-09,2,0,0,0,2,4,2,2
20261006,drift,oracle,1.0,2024-10,2,0,0,0,2,4,2,2
20261006,drift,oracle,1.0,2024-11,2,0,0,0,2,4,2,2
20261006,drift,oracle,1.0,2024-12,2,0,0,0,2,4,2,2
20261006,drift,oracle,1.25,2023-02,2,0,0,0,2,4,2,2
20261006,drift,oracle,1.25,2023-03,2,0,0,0,2,4,2,2
20261006,drift,oracle,1.25,2023-04,2,0,0,0,2,4,2,2
20261006,drift,oracle,1.25,2023-05,2,0,0,0,2,4,2,2
20261006,drift,oracle,1.25,2023-06,2,0,0,0,2,4,2,2
20261006,drift,oracle,1.25,2023-07,2,0,0,0,2,4,2,2
20261006,drift,oracle,1.25,2023-08,2,0,0,0,2,4,2,2
20261006,drift,oracle,1.25,2023-09,2,0,0,0,2,4,2,2
20261006,drift,oracle,1.25,2023-10,2,0,0,0,2,4,2,2
20261006,drift,oracle,1.25,2023-11,2,0,0,0,2,4,2,2
20261006,drift,oracle,1.25,2023-12,2,0,0,0,2,4,2,2
20261006,drift,oracle,1.25,2024-01,2,0,0,0,2,4,2,2
20261006,drift,oracle,1.25,2024-02,2,0,0,0,2,4,2,2
20261006,drift,oracle,1.25,2024-03,2,0,0,0,2,4,2,2
20261006,drift,oracle,1.25,2024-04,2,0,0,0,2,4,2,2
20261006,drift,oracle,1.25,2024-05,2,0,0,0,2,4,2,2
20261006,drift,oracle,1.25,2024-06,2,0,0,0,2,4,2,2
20261006,drift,oracle,1.25,2024-07,2,0,0,0,2,4,2,2
20261006,drift,oracle,1.25,2024-08,2,0,0,0,2,4,2,2
20261006,drift,oracle,1.25,2024-09,2,0,0,0,2,4,2,2
20261006,drift,oracle,1.25,2024-10,2,0,0,0,2,4,2,2
20261006,drift,oracle,1.25,2024-11,2,0,0,0,2,4,2,2
20261006,drift,oracle,1.25,2024-12,2,0,0,0,2,4,2,2
20261006,drift,unsupervised,0.75,2023-02,2,0,0,0,2,4,2,2
20261006,drift,unsupervised,0.75,2023-03,2,0,0,0,2,4,2,2
20261006,drift,unsupervised,0.75,2023-04,2,0,0,0,2,4,2,2
20261006,drift,unsupervised,0.75,2023-05,2,0,0,0,2,4,2,2
20261006,drift,unsupervised,0.75,2023-06,2,0,0,0,2,4,2,2
20261006,drift,unsupervised,0.75,2023-07,2,0,0,0,2,4,2,2
20261006,drift,unsupervised,0.75,2023-08,2,0,0,0,2,4,2,2
20261006,drift,unsupervised,0.75,2023-09,2,0,0,0,2,4,2,2
20261006,drift,unsupervised,0.75,2023-10,2,0,0,0,2,4,2,2
20261006,drift,unsupervised,0.75,2023-11,2,0,0,0,2,4,2,2
20261006,drift,unsupervised,0.75,2023-12,2,0,0,0,2,4,2,2
20261006,drift,unsupervised,0.75,2024-01,2,0,0,0,2,4,2,2
20261006,drift,unsupervised,0.75,2024-02,2,0,0,0,2,4,2,2
20261006,drift,unsupervised,0.75,2024-03,2,0,0,0,2,4,2,2
20261006,drift,unsupervised,0.75,2024-04,2,0,0,0,2,4,2,2
20261006,drift,unsupervised,0.75,2024-05,2,0,0,0,2,4,2,2
20261006,drift,unsupervised,0.75,2024-06,2,0,0,0,2,4,2,2
20261006,drift,unsupervised,0.75,2024-07,2,0,0,0,2,4,2,2
20261006,drift,unsupervised,0.75,2024-08,2,0,0,0,2,4,2,2
20261006,drift,unsupervised,0.75,2024-09,2,0,0,0,2,4,2,2
20261006,drift,unsupervised,0.75,2024-10,2,0,0,0,2,4,2,2
20261006,drift,unsupervised,0.75,2024-11,2,0,0,0,2,4,2,2
20261006,drift,unsupervised,0.75,2024-12,2,0,0,0,2,4,2,2
20261006,drift,unsupervised,1.0,2023-02,2,0,0,0,2,4,2,2
20261006,drift,unsupervised,1.0,2023-03,2,0,0,0,2,4,2,2
20261006,drift,unsupervised,1.0,2023-04,2,0,0,0,2,4,2,2
20261006,drift,unsupervised,1.0,2023-05,2,0,0,0,2,4,2,2
20261006,drift,unsupervised,1.0,2023-06,2,0,0,0,2,4,2,2
20261006,drift,unsupervised,1.0,2023-07,2,0,0,0,2,4,2,2
20261006,drift,unsupervised,1.0,2023-08,2,0,0,0,2,4,2,2
20261006,drift,unsupervised,1.0,2023-09,2,0,0,0,2,4,2,2
20261006,drift,unsupervised,1.0,2023-10,2,0,0,0,2,4,2,2
20261006,drift,unsupervised,1.0,2023-11,2,0,0,0,2,4,2,2
20261006,drift,unsupervised,1.0,2023-12,2,0,0,0,2,4,2,2
20261006,drift,unsupervised,1.0,2024-01,2,0,0,0,2,4,2,2
20261006,drift,unsupervised,1.0,2024-02,2,0,0,0,2,4,2,2
20261006,drift,unsupervised,1.0,2024-03,2,0,0,0,2,4,2,2
20261006,drift,unsupervised,1.0,2024-04,2,0,0,0,2,4,2,2
20261006,drift,unsupervised,1.0,2024-05,2,0,0,0,2,4,2,2
20261006,drift,unsupervised,1.0,2024-06,2,0,0,0,2,4,2,2
20261006,drift,unsupervised,1.0,2024-07,2,0,0,0,2,4,2,2
20261006,drift,unsupervised,1.0,2024-08,2,0,0,0,2,4,2,2
20261006,drift,unsupervised,1.0,2024-09,2,0,0,0,2,4,2,2
20261006,drift,unsupervised,1.0,2024-10,2,0,0,0,2,4,2,2
20261006,drift,unsupervised,1.0,2024-11,2,0,0,0,2,4,2,2
20261006,drift,unsupervised,1.0,2024-12,2,0,0,0,2,4,2,2
20261006,drift,unsupervised,1.25,2023-02,2,0,0,0,2,4,2,2
20261006,drift,unsupervised,1.25,2023-03,2,0,0,0,2,4,2,2
20261006,drift,unsupervised,1.25,2023-04,2,0,0,0,2,4,2,2
20261006,drift,unsupervised,1.25,2023-05,2,0,0,0,2,4,2,2
20261006,drift,unsupervised,1.25,2023-06,2,0,0,0,2,4,2,2
20261006,drift,unsupervised,1.25,2023-07,2,0,0,0,2,4,2,2
20261006,drift,unsupervised,1.25,2023-08,2,0,0,0,2,4,2,2
20261006,drift,unsupervised,1.25,2023-09,2,0,0,0,2,4,2,2
20261006,drift,unsupervised,1.25,2023-10,2,0,0,0,2,4,2,2
20261006,drift,unsupervised,1.25,2023-11,2,0,0,0,2,4,2,2
20261006,drift,unsupervised,1.25,2023-12,2,0,0,0,2,4,2,2
20261006,drift,unsupervised,1.25,2024-01,2,0,0,0,2,4,2,2
20261006,drift,unsupervised,1.25,2024-02,2,0,0,0,2,4,2,2
20261006,drift,unsupervised,1.25,2024-03,2,0,0,0,2,4,2,2
20261006,drift,unsupervised,1.25,2024-04,2,0,0,0,2,4,2,2
20261006,drift,unsupervised,1.25,2024-05,2,0,0,0,2,4,2,2
20261006,drift,unsupervised,1.25,2024-06,2,0,0,0,2,4,2,2
20261006,drift,unsupervised,1.25,2024-07,2,0,0,0,2,4,2,2
20261006,drift,unsupervised,1.25,2024-08,2,0,0,0,2,4,2,2
20261006,drift,unsupervised,1.25,2024-09,2,0,0,0,2,4,2,2
20261006,drift,unsupervised,1.25,2024-10,2,0,0,0,2,4,2,2
20261006,drift,unsupervised,1.25,2024-11,2,0,0,0,2,4,2,2
20261006,drift,unsupervised,1.25,2024-12,2,0,0,0,2,4,2,2
20261006,birth,oracle,0.75,2023-02,2,0,0,0,2,4,2,2
20261006,birth,oracle,0.75,2023-03,2,0,0,0,2,4,2,2
20261006,birth,oracle,0.75,2023-04,2,0,0,0,2,4,2,2
20261006,birth,oracle,0.75,2023-05,2,0,0,0,2,4,2,2
20261006,birth,oracle,0.75,2023-06,2,0,0,0,2,4,2,2
20261006,birth,oracle,0.75,2023-07,2,0,0,0,2,4,2,2
20261006,birth,oracle,0.75,2023-08,2,0,0,0,2,4,2,2
20261006,birth,oracle,0.75,2023-09,2,0,0,0,2,4,2,2
20261006,birth,oracle,0.75,2023-10,2,0,0,0,2,4,2,2
20261006,birth,oracle,0.75,2023-11,2,0,0,0,2,4,2,2
20261006,birth,oracle,0.75,2023-12,2,0,0,0,2,4,2,2
20261006,birth,oracle,0.75,2024-01,2,0,0,0,4,6,2,3
20261006,birth,oracle,0.75,2024-02,3,0,0,0,6,9,3,3
20261006,birth,oracle,0.75,2024-03,3,0,0,0,6,9,3,3
20261006,birth,oracle,0.75,2024-04,3,0,0,0,6,9,3,3
20261006,birth,oracle,0.75,2024-05,3,0,0,0,6,9,3,3
20261006,birth,oracle,0.75,2024-06,3,0,0,0,6,9,3,3
20261006,birth,oracle,0.75,2024-07,3,0,0,0,6,9,3,3
20261006,birth,oracle,0.75,2024-08,3,0,0,0,6,9,3,3
20261006,birth,oracle,0.75,2024-09,3,0,0,0,6,9,3,3
20261006,birth,oracle,0.75,2024-10,3,0,0,0,6,9,3,3
20261006,birth,oracle,0.75,2024-11,3,0,0,0,6,9,3,3
20261006,birth,oracle,0.75,2024-12,3,0,0,0,6,9,3,3
20261006,birth,oracle,1.0,2023-02,2,0,0,0,2,4,2,2
20261006,birth,oracle,1.0,2023-03,2,0,0,0,2,4,2,2
20261006,birth,oracle,1.0,2023-04,2,0,0,0,2,4,2,2
20261006,birth,oracle,1.0,2023-05,2,0,0,0,2,4,2,2
20261006,birth,oracle,1.0,2023-06,2,0,0,0,2,4,2,2
20261006,birth,oracle,1.0,2023-07,2,0,0,0,2,4,2,2
20261006,birth,oracle,1.0,2023-08,2,0,0,0,2,4,2,2
20261006,birth,oracle,1.0,2023-09,2,0,0,0,2,4,2,2
20261006,birth,oracle,1.0,2023-10,2,0,0,0,2,4,2,2
20261006,birth,oracle,1.0,2023-11,2,0,0,0,2,4,2,2
20261006,birth,oracle,1.0,2023-12,2,0,0,0,2,4,2,2
20261006,birth,oracle,1.0,2024-01,2,0,0,0,4,6,2,3
20261006,birth,oracle,1.0,2024-02,3,0,0,0,6,9,3,3
20261006,birth,oracle,1.0,2024-03,3,0,0,0,6,9,3,3
20261006,birth,oracle,1.0,2024-04,3,0,0,0,6,9,3,3
20261006,birth,oracle,1.0,2024-05,3,0,0,0,6,9,3,3
20261006,birth,oracle,1.0,2024-06,3,0,0,0,6,9,3,3
20261006,birth,oracle,1.0,2024-07,3,0,0,0,6,9,3,3
20261006,birth,oracle,1.0,2024-08,3,0,0,0,6,9,3,3
20261006,birth,oracle,1.0,2024-09,3,0,0,0,6,9,3,3
20261006,birth,oracle,1.0,2024-10,3,0,0,0,6,9,3,3
20261006,birth,oracle,1.0,2024-11,3,0,0,0,6,9,3,3
20261006,birth,oracle,1.0,2024-12,3,0,0,0,6,9,3,3
20261006,birth,oracle,1.25,2023-02,2,0,0,0,2,4,2,2
20261006,birth,oracle,1.25,2023-03,2,0,0,0,2,4,2,2
20261006,birth,oracle,1.25,2023-04,2,0,0,0,2,4,2,2
20261006,birth,oracle,1.25,2023-05,2,0,0,0,2,4,2,2
20261006,birth,oracle,1.25,2023-06,2,0,0,0,2,4,2,2
20261006,birth,oracle,1.25,2023-07,2,0,0,0,2,4,2,2
20261006,birth,oracle,1.25,2023-08,2,0,0,0,2,4,2,2
20261006,birth,oracle,1.25,2023-09,2,0,0,0,2,4,2,2
20261006,birth,oracle,1.25,2023-10,2,0,0,0,2,4,2,2
20261006,birth,oracle,1.25,2023-11,2,0,0,0,2,4,2,2
20261006,birth,oracle,1.25,2023-12,2,0,0,0,2,4,2,2
20261006,birth,oracle,1.25,2024-01,2,0,0,0,4,6,2,3
20261006,birth,oracle,1.25,2024-02,2,0,0,1,6,9,3,3
20261006,birth,oracle,1.25,2024-03,3,0,0,0,6,9,3,3
20261006,birth,oracle,1.25,2024-04,3,0,0,0,6,9,3,3
20261006,birth,oracle,1.25,2024-05,2,0,0,1,6,9,3,3
20261006,birth,oracle,1.25,2024-06,2,0,0,1,6,9,3,3
20261006,birth,oracle,1.25,2024-07,3,0,0,0,6,9,3,3
20261006,birth,oracle,1.25,2024-08,2,0,0,1,6,9,3,3
20261006,birth,oracle,1.25,2024-09,2,0,0,1,6,9,3,3
20261006,birth,oracle,1.25,2024-10,2,0,0,1,6,9,3,3
20261006,birth,oracle,1.25,2024-11,2,0,0,1,6,9,3,3
20261006,birth,oracle,1.25,2024-12,2,0,0,1,6,9,3,3
20261006,birth,unsupervised,0.75,2023-02,2,0,0,0,2,4,2,2
20261006,birth,unsupervised,0.75,2023-03,2,0,0,0,2,4,2,2
20261006,birth,unsupervised,0.75,2023-04,2,0,0,0,2,4,2,2
20261006,birth,unsupervised,0.75,2023-05,2,0,0,0,2,4,2,2
20261006,birth,unsupervised,0.75,2023-06,2,0,0,0,2,4,2,2
20261006,birth,unsupervised,0.75,2023-07,2,0,0,0,2,4,2,2
20261006,birth,unsupervised,0.75,2023-08,2,0,0,0,2,4,2,2
20261006,birth,unsupervised,0.75,2023-09,2,0,0,0,2,4,2,2
20261006,birth,unsupervised,0.75,2023-10,2,0,0,0,2,4,2,2
20261006,birth,unsupervised,0.75,2023-11,2,0,0,0,2,4,2,2
20261006,birth,unsupervised,0.75,2023-12,2,0,0,0,2,4,2,2
20261006,birth,unsupervised,0.75,2024-01,2,0,0,0,4,6,2,3
20261006,birth,unsupervised,0.75,2024-02,3,0,0,0,6,9,3,3
20261006,birth,unsupervised,0.75,2024-03,3,0,0,0,6,9,3,3
20261006,birth,unsupervised,0.75,2024-04,3,0,0,0,6,9,3,3
20261006,birth,unsupervised,0.75,2024-05,3,0,0,0,6,9,3,3
20261006,birth,unsupervised,0.75,2024-06,3,0,0,0,6,9,3,3
20261006,birth,unsupervised,0.75,2024-07,3,0,0,0,6,9,3,3
20261006,birth,unsupervised,0.75,2024-08,3,0,0,0,6,9,3,3
20261006,birth,unsupervised,0.75,2024-09,3,0,0,0,6,9,3,3
20261006,birth,unsupervised,0.75,2024-10,3,0,0,0,6,9,3,3
20261006,birth,unsupervised,0.75,2024-11,3,0,0,0,6,9,3,3
20261006,birth,unsupervised,0.75,2024-12,3,0,0,0,6,9,3,3
20261006,birth,unsupervised,1.0,2023-02,2,0,0,0,2,4,2,2
20261006,birth,unsupervised,1.0,2023-03,2,0,0,0,2,4,2,2
20261006,birth,unsupervised,1.0,2023-04,2,0,0,0,2,4,2,2
20261006,birth,unsupervised,1.0,2023-05,2,0,0,0,2,4,2,2
20261006,birth,unsupervised,1.0,2023-06,2,0,0,0,2,4,2,2
20261006,birth,unsupervised,1.0,2023-07,2,0,0,0,2,4,2,2
20261006,birth,unsupervised,1.0,2023-08,2,0,0,0,2,4,2,2
20261006,birth,unsupervised,1.0,2023-09,2,0,0,0,2,4,2,2
20261006,birth,unsupervised,1.0,2023-10,2,0,0,0,2,4,2,2
20261006,birth,unsupervised,1.0,2023-11,2,0,0,0,2,4,2,2
20261006,birth,unsupervised,1.0,2023-12,2,0,0,0,2,4,2,2
20261006,birth,unsupervised,1.0,2024-01,2,0,0,0,4,6,2,3
20261006,birth,unsupervised,1.0,2024-02,3,0,0,0,6,9,3,3
20261006,birth,unsupervised,1.0,2024-03,3,0,0,0,6,9,3,3
20261006,birth,unsupervised,1.0,2024-04,3,0,0,0,6,9,3,3
20261006,birth,unsupervised,1.0,2024-05,3,0,0,0,6,9,3,3
20261006,birth,unsupervised,1.0,2024-06,3,0,0,0,6,9,3,3
20261006,birth,unsupervised,1.0,2024-07,3,0,0,0,6,9,3,3
20261006,birth,unsupervised,1.0,2024-08,3,0,0,0,6,9,3,3
20261006,birth,unsupervised,1.0,2024-09,3,0,0,0,6,9,3,3
20261006,birth,unsupervised,1.0,2024-10,3,0,0,0,6,9,3,3
20261006,birth,unsupervised,1.0,2024-11,3,0,0,0,6,9,3,3
20261006,birth,unsupervised,1.0,2024-12,3,0,0,0,6,9,3,3
20261006,birth,unsupervised,1.25,2023-02,2,0,0,0,2,4,2,2
20261006,birth,unsupervised,1.25,2023-03,2,0,0,0,2,4,2,2
20261006,birth,unsupervised,1.25,2023-04,2,0,0,0,2,4,2,2
20261006,birth,unsupervised,1.25,2023-05,2,0,0,0,2,4,2,2
20261006,birth,unsupervised,1.25,2023-06,2,0,0,0,2,4,2,2
20261006,birth,unsupervised,1.25,2023-07,2,0,0,0,2,4,2,2
20261006,birth,unsupervised,1.25,2023-08,2,0,0,0,2,4,2,2
20261006,birth,unsupervised,1.25,2023-09,2,0,0,0,2,4,2,2
20261006,birth,unsupervised,1.25,2023-10,2,0,0,0,2,4,2,2
20261006,birth,unsupervised,1.25,2023-11,2,0,0,0,2,4,2,2
20261006,birth,unsupervised,1.25,2023-12,2,0,0,0,2,4,2,2
20261006,birth,unsupervised,1.25,2024-01,2,0,0,0,4,6,2,3
20261006,birth,unsupervised,1.25,2024-02,2,0,0,1,6,9,3,3
20261006,birth,unsupervised,1.25,2024-03,3,0,0,0,6,9,3,3
20261006,birth,unsupervised,1.25,2024-04,3,0,0,0,6,9,3,3
20261006,birth,unsupervised,1.25,2024-05,2,0,0,1,6,9,3,3
20261006,birth,unsupervised,1.25,2024-06,2,0,0,1,6,9,3,3
20261006,birth,unsupervised,1.25,2024-07,3,0,0,0,6,9,3,3
20261006,birth,unsupervised,1.25,2024-08,2,0,0,1,6,9,3,3
20261006,birth,unsupervised,1.25,2024-09,2,0,0,1,6,9,3,3
20261006,birth,unsupervised,1.25,2024-10,2,0,0,1,6,9,3,3
20261006,birth,unsupervised,1.25,2024-11,2,0,0,1,6,9,3,3
20261006,birth,unsupervised,1.25,2024-12,2,0,0,1,6,9,3,3
20261006,death,oracle,0.75,2023-02,3,0,0,0,6,9,3,3
20261006,death,oracle,0.75,2023-03,3,0,0,0,6,9,3,3
20261006,death,oracle,0.75,2023-04,3,0,0,0,6,9,3,3
20261006,death,oracle,0.75,2023-05,3,0,0,0,6,9,3,3
20261006,death,oracle,0.75,2023-06,3,0,0,0,6,9,3,3
20261006,death,oracle,0.75,2023-07,3,0,0,0,6,9,3,3
20261006,death,oracle,0.75,2023-08,3,0,0,0,6,9,3,3
20261006,death,oracle,0.75,2023-09,3,0,0,0,6,9,3,3
20261006,death,oracle,0.75,2023-10,3,0,0,0,6,9,3,3
20261006,death,oracle,0.75,2023-11,3,0,0,0,6,9,3,3
20261006,death,oracle,0.75,2023-12,3,0,0,0,6,9,3,3
20261006,death,oracle,0.75,2024-01,3,0,0,0,6,9,3,3
20261006,death,oracle,0.75,2024-02,3,0,0,0,6,9,3,3
20261006,death,oracle,0.75,2024-03,3,0,0,0,6,9,3,3
20261006,death,oracle,0.75,2024-04,3,0,0,0,6,9,3,3
20261006,death,oracle,0.75,2024-05,3,0,0,0,6,9,3,3
20261006,death,oracle,0.75,2024-06,3,0,0,0,6,9,3,3
20261006,death,oracle,0.75,2024-07,2,0,0,0,4,6,2,2
20261006,death,oracle,0.75,2024-08,2,0,0,0,4,6,2,2
20261006,death,oracle,0.75,2024-09,2,0,0,0,4,6,2,2
20261006,death,oracle,0.75,2024-10,2,0,0,0,4,6,2,2
20261006,death,oracle,0.75,2024-11,2,0,0,0,2,4,2,2
20261006,death,oracle,0.75,2024-12,2,0,0,0,2,4,2,2
20261006,death,oracle,1.0,2023-02,3,0,0,0,6,9,3,3
20261006,death,oracle,1.0,2023-03,3,0,0,0,6,9,3,3
20261006,death,oracle,1.0,2023-04,3,0,0,0,6,9,3,3
20261006,death,oracle,1.0,2023-05,3,0,0,0,6,9,3,3
20261006,death,oracle,1.0,2023-06,3,0,0,0,6,9,3,3
20261006,death,oracle,1.0,2023-07,3,0,0,0,6,9,3,3
20261006,death,oracle,1.0,2023-08,3,0,0,0,6,9,3,3
20261006,death,oracle,1.0,2023-09,3,0,0,0,6,9,3,3
20261006,death,oracle,1.0,2023-10,3,0,0,0,6,9,3,3
20261006,death,oracle,1.0,2023-11,3,0,0,0,6,9,3,3
20261006,death,oracle,1.0,2023-12,3,0,0,0,6,9,3,3
20261006,death,oracle,1.0,2024-01,3,0,0,0,6,9,3,3
20261006,death,oracle,1.0,2024-02,3,0,0,0,6,9,3,3
20261006,death,oracle,1.0,2024-03,3,0,0,0,6,9,3,3
20261006,death,oracle,1.0,2024-04,3,0,0,0,6,9,3,3
20261006,death,oracle,1.0,2024-05,3,0,0,0,6,9,3,3
20261006,death,oracle,1.0,2024-06,3,0,0,0,6,9,3,3
20261006,death,oracle,1.0,2024-07,2,0,0,0,4,6,2,2
20261006,death,oracle,1.0,2024-08,2,0,0,0,4,6,2,2
20261006,death,oracle,1.0,2024-09,2,0,0,0,4,6,2,2
20261006,death,oracle,1.0,2024-10,2,0,0,0,4,6,2,2
20261006,death,oracle,1.0,2024-11,2,0,0,0,2,4,2,2
20261006,death,oracle,1.0,2024-12,2,0,0,0,2,4,2,2
20261006,death,oracle,1.25,2023-02,3,0,0,0,6,9,3,3
20261006,death,oracle,1.25,2023-03,3,0,0,0,6,9,3,3
20261006,death,oracle,1.25,2023-04,3,0,0,0,6,9,3,3
20261006,death,oracle,1.25,2023-05,2,0,0,1,6,9,3,3
20261006,death,oracle,1.25,2023-06,3,0,0,0,6,9,3,3
20261006,death,oracle,1.25,2023-07,3,0,0,0,6,9,3,3
20261006,death,oracle,1.25,2023-08,2,0,0,1,6,9,3,3
20261006,death,oracle,1.25,2023-09,3,0,0,0,6,9,3,3
20261006,death,oracle,1.25,2023-10,3,0,0,0,6,9,3,3
20261006,death,oracle,1.25,2023-11,2,0,0,1,6,9,3,3
20261006,death,oracle,1.25,2023-12,2,0,0,1,6,9,3,3
20261006,death,oracle,1.25,2024-01,3,0,0,0,6,9,3,3
20261006,death,oracle,1.25,2024-02,2,0,0,1,6,9,3,3
20261006,death,oracle,1.25,2024-03,2,0,0,1,6,9,3,3
20261006,death,oracle,1.25,2024-04,2,0,0,1,6,9,3,3
20261006,death,oracle,1.25,2024-05,3,0,0,0,6,9,3,3
20261006,death,oracle,1.25,2024-06,2,0,0,1,6,9,3,3
20261006,death,oracle,1.25,2024-07,2,0,0,0,4,6,2,2
20261006,death,oracle,1.25,2024-08,2,0,0,0,4,6,2,2
20261006,death,oracle,1.25,2024-09,2,0,0,0,4,6,2,2
20261006,death,oracle,1.25,2024-10,2,0,0,0,4,6,2,2
20261006,death,oracle,1.25,2024-11,2,0,0,0,2,4,2,2
20261006,death,oracle,1.25,2024-12,2,0,0,0,2,4,2,2
20261006,death,unsupervised,0.75,2023-02,3,0,0,0,6,9,3,3
20261006,death,unsupervised,0.75,2023-03,3,0,0,0,6,9,3,3
20261006,death,unsupervised,0.75,2023-04,3,0,0,0,6,9,3,3
20261006,death,unsupervised,0.75,2023-05,3,0,0,0,6,9,3,3
20261006,death,unsupervised,0.75,2023-06,3,0,0,0,6,9,3,3
20261006,death,unsupervised,0.75,2023-07,3,0,0,0,6,9,3,3
20261006,death,unsupervised,0.75,2023-08,3,0,0,0,6,9,3,3
20261006,death,unsupervised,0.75,2023-09,3,0,0,0,6,9,3,3
20261006,death,unsupervised,0.75,2023-10,3,0,0,0,6,9,3,3
20261006,death,unsupervised,0.75,2023-11,3,0,0,0,6,9,3,3
20261006,death,unsupervised,0.75,2023-12,3,0,0,0,6,9,3,3
20261006,death,unsupervised,0.75,2024-01,3,0,0,0,6,9,3,3
20261006,death,unsupervised,0.75,2024-02,3,0,0,0,6,9,3,3
20261006,death,unsupervised,0.75,2024-03,3,0,0,0,6,9,3,3
20261006,death,unsupervised,0.75,2024-04,3,0,0,0,6,9,3,3
20261006,death,unsupervised,0.75,2024-05,3,0,0,0,6,9,3,3
20261006,death,unsupervised,0.75,2024-06,3,0,0,0,6,9,3,3
20261006,death,unsupervised,0.75,2024-07,2,0,0,0,4,6,2,2
20261006,death,unsupervised,0.75,2024-08,2,0,0,0,4,6,2,2
20261006,death,unsupervised,0.75,2024-09,2,0,0,0,4,6,2,2
20261006,death,unsupervised,0.75,2024-10,2,0,0,0,4,6,2,2
20261006,death,unsupervised,0.75,2024-11,2,0,0,0,2,4,2,2
20261006,death,unsupervised,0.75,2024-12,2,0,0,0,2,4,2,2
20261006,death,unsupervised,1.0,2023-02,3,0,0,0,6,9,3,3
20261006,death,unsupervised,1.0,2023-03,3,0,0,0,6,9,3,3
20261006,death,unsupervised,1.0,2023-04,3,0,0,0,6,9,3,3
20261006,death,unsupervised,1.0,2023-05,3,0,0,0,6,9,3,3
20261006,death,unsupervised,1.0,2023-06,3,0,0,0,6,9,3,3
20261006,death,unsupervised,1.0,2023-07,3,0,0,0,6,9,3,3
20261006,death,unsupervised,1.0,2023-08,3,0,0,0,6,9,3,3
20261006,death,unsupervised,1.0,2023-09,3,0,0,0,6,9,3,3
20261006,death,unsupervised,1.0,2023-10,3,0,0,0,6,9,3,3
20261006,death,unsupervised,1.0,2023-11,3,0,0,0,6,9,3,3
20261006,death,unsupervised,1.0,2023-12,3,0,0,0,6,9,3,3
20261006,death,unsupervised,1.0,2024-01,3,0,0,0,6,9,3,3
20261006,death,unsupervised,1.0,2024-02,3,0,0,0,6,9,3,3
20261006,death,unsupervised,1.0,2024-03,3,0,0,0,6,9,3,3
20261006,death,unsupervised,1.0,2024-04,3,0,0,0,6,9,3,3
20261006,death,unsupervised,1.0,2024-05,3,0,0,0,6,9,3,3
20261006,death,unsupervised,1.0,2024-06,3,0,0,0,6,9,3,3
20261006,death,unsupervised,1.0,2024-07,2,0,0,0,4,6,2,2
20261006,death,unsupervised,1.0,2024-08,2,0,0,0,4,6,2,2
20261006,death,unsupervised,1.0,2024-09,2,0,0,0,4,6,2,2
20261006,death,unsupervised,1.0,2024-10,2,0,0,0,4,6,2,2
20261006,death,unsupervised,1.0,2024-11,2,0,0,0,2,4,2,2
20261006,death,unsupervised,1.0,2024-12,2,0,0,0,2,4,2,2
20261006,death,unsupervised,1.25,2023-02,3,0,0,0,6,9,3,3
20261006,death,unsupervised,1.25,2023-03,3,0,0,0,6,9,3,3
20261006,death,unsupervised,1.25,2023-04,3,0,0,0,6,9,3,3
20261006,death,unsupervised,1.25,2023-05,2,0,0,1,6,9,3,3
20261006,death,unsupervised,1.25,2023-06,3,0,0,0,6,9,3,3
20261006,death,unsupervised,1.25,2023-07,3,0,0,0,6,9,3,3
20261006,death,unsupervised,1.25,2023-08,2,0,0,1,6,9,3,3
20261006,death,unsupervised,1.25,2023-09,3,0,0,0,6,9,3,3
20261006,death,unsupervised,1.25,2023-10,3,0,0,0,6,9,3,3
20261006,death,unsupervised,1.25,2023-11,2,0,0,1,6,9,3,3
20261006,death,unsupervised,1.25,2023-12,2,0,0,1,6,9,3,3
20261006,death,unsupervised,1.25,2024-01,3,0,0,0,6,9,3,3
20261006,death,unsupervised,1.25,2024-02,2,0,0,1,6,9,3,3
20261006,death,unsupervised,1.25,2024-03,2,0,0,1,6,9,3,3
20261006,death,unsupervised,1.25,2024-04,2,0,0,1,6,9,3,3
20261006,death,unsupervised,1.25,2024-05,3,0,0,0,6,9,3,3
20261006,death,unsupervised,1.25,2024-06,2,0,0,1,6,9,3,3
20261006,death,unsupervised,1.25,2024-07,2,0,0,0,4,6,2,2
20261006,death,unsupervised,1.25,2024-08,2,0,0,0,4,6,2,2
20261006,death,unsupervised,1.25,2024-09,2,0,0,0,4,6,2,2
20261006,death,unsupervised,1.25,2024-10,2,0,0,0,4,6,2,2
20261006,death,unsupervised,1.25,2024-11,2,0,0,0,2,4,2,2
20261006,death,unsupervised,1.25,2024-12,2,0,0,0,2,4,2,2
20261006,split,oracle,0.75,2023-02,2,0,0,0,2,4,2,2
20261006,split,oracle,0.75,2023-03,2,0,0,0,2,4,2,2
20261006,split,oracle,0.75,2023-04,2,0,0,0,2,4,2,2
20261006,split,oracle,0.75,2023-05,2,0,0,0,2,4,2,2
20261006,split,oracle,0.75,2023-06,2,0,0,0,2,4,2,2
20261006,split,oracle,0.75,2023-07,2,0,0,0,2,4,2,2
20261006,split,oracle,0.75,2023-08,2,0,0,0,2,4,2,2
20261006,split,oracle,0.75,2023-09,2,0,0,0,2,4,2,2
20261006,split,oracle,0.75,2023-10,2,0,0,0,2,4,2,2
20261006,split,oracle,0.75,2023-11,2,0,0,0,2,4,2,2
20261006,split,oracle,0.75,2023-12,2,0,0,0,2,4,2,2
20261006,split,oracle,0.75,2024-01,2,0,0,0,2,4,2,2
20261006,split,oracle,0.75,2024-02,2,0,0,0,2,4,2,2
20261006,split,oracle,0.75,2024-03,1,0,0,0,5,6,1,3
20261006,split,oracle,0.75,2024-04,3,0,0,0,9,12,3,3
20261006,split,oracle,0.75,2024-05,3,0,0,0,9,12,3,3
20261006,split,oracle,0.75,2024-06,3,0,0,0,9,12,3,3
20261006,split,oracle,0.75,2024-07,3,0,0,0,6,9,3,3
20261006,split,oracle,0.75,2024-08,3,0,0,0,6,9,3,3
20261006,split,oracle,0.75,2024-09,3,0,0,0,6,9,3,3
20261006,split,oracle,0.75,2024-10,3,0,0,0,6,9,3,3
20261006,split,oracle,0.75,2024-11,3,0,0,0,6,9,3,3
20261006,split,oracle,0.75,2024-12,3,0,0,0,6,9,3,3
20261006,split,oracle,1.0,2023-02,2,0,0,0,2,4,2,2
20261006,split,oracle,1.0,2023-03,2,0,0,0,2,4,2,2
20261006,split,oracle,1.0,2023-04,2,0,0,0,2,4,2,2
20261006,split,oracle,1.0,2023-05,2,0,0,0,2,4,2,2
20261006,split,oracle,1.0,2023-06,2,0,0,0,2,4,2,2
20261006,split,oracle,1.0,2023-07,2,0,0,0,2,4,2,2
20261006,split,oracle,1.0,2023-08,2,0,0,0,2,4,2,2
20261006,split,oracle,1.0,2023-09,2,0,0,0,2,4,2,2
20261006,split,oracle,1.0,2023-10,2,0,0,0,2,4,2,2
20261006,split,oracle,1.0,2023-11,2,0,0,0,2,4,2,2
20261006,split,oracle,1.0,2023-12,2,0,0,0,2,4,2,2
20261006,split,oracle,1.0,2024-01,2,0,0,0,2,4,2,2
20261006,split,oracle,1.0,2024-02,2,0,0,0,2,4,2,2
20261006,split,oracle,1.0,2024-03,1,0,0,0,5,6,1,3
20261006,split,oracle,1.0,2024-04,3,0,0,0,9,12,3,3
20261006,split,oracle,1.0,2024-05,3,0,0,0,9,12,3,3
20261006,split,oracle,1.0,2024-06,3,0,0,0,9,12,3,3
20261006,split,oracle,1.0,2024-07,3,0,0,0,6,9,3,3
20261006,split,oracle,1.0,2024-08,3,0,0,0,6,9,3,3
20261006,split,oracle,1.0,2024-09,3,0,0,0,6,9,3,3
20261006,split,oracle,1.0,2024-10,3,0,0,0,6,9,3,3
20261006,split,oracle,1.0,2024-11,3,0,0,0,6,9,3,3
20261006,split,oracle,1.0,2024-12,3,0,0,0,6,9,3,3
20261006,split,oracle,1.25,2023-02,2,0,0,0,2,4,2,2
20261006,split,oracle,1.25,2023-03,2,0,0,0,2,4,2,2
20261006,split,oracle,1.25,2023-04,2,0,0,0,2,4,2,2
20261006,split,oracle,1.25,2023-05,2,0,0,0,2,4,2,2
20261006,split,oracle,1.25,2023-06,2,0,0,0,2,4,2,2
20261006,split,oracle,1.25,2023-07,2,0,0,0,2,4,2,2
20261006,split,oracle,1.25,2023-08,2,0,0,0,2,4,2,2
20261006,split,oracle,1.25,2023-09,2,0,0,0,2,4,2,2
20261006,split,oracle,1.25,2023-10,2,0,0,0,2,4,2,2
20261006,split,oracle,1.25,2023-11,2,0,0,0,2,4,2,2
20261006,split,oracle,1.25,2023-12,2,0,0,0,2,4,2,2
20261006,split,oracle,1.25,2024-01,2,0,0,0,2,4,2,2
20261006,split,oracle,1.25,2024-02,2,0,0,0,2,4,2,2
20261006,split,oracle,1.25,2024-03,1,0,0,0,5,6,1,3
20261006,split,oracle,1.25,2024-04,2,0,0,1,9,12,3,3
20261006,split,oracle,1.25,2024-05,1,0,0,2,9,12,3,3
20261006,split,oracle,1.25,2024-06,1,0,0,2,9,12,3,3
20261006,split,oracle,1.25,2024-07,3,0,0,0,6,9,3,3
20261006,split,oracle,1.25,2024-08,3,0,0,0,6,9,3,3
20261006,split,oracle,1.25,2024-09,3,0,0,0,6,9,3,3
20261006,split,oracle,1.25,2024-10,3,0,0,0,6,9,3,3
20261006,split,oracle,1.25,2024-11,3,0,0,0,6,9,3,3
20261006,split,oracle,1.25,2024-12,3,0,0,0,6,9,3,3
20261006,split,unsupervised,0.75,2023-02,2,0,0,0,2,4,2,2
20261006,split,unsupervised,0.75,2023-03,2,0,0,0,2,4,2,2
20261006,split,unsupervised,0.75,2023-04,2,0,0,0,2,4,2,2
20261006,split,unsupervised,0.75,2023-05,2,0,0,0,2,4,2,2
20261006,split,unsupervised,0.75,2023-06,2,0,0,0,2,4,2,2
20261006,split,unsupervised,0.75,2023-07,2,0,0,0,2,4,2,2
20261006,split,unsupervised,0.75,2023-08,2,0,0,0,2,4,2,2
20261006,split,unsupervised,0.75,2023-09,2,0,0,0,2,4,2,2
20261006,split,unsupervised,0.75,2023-10,2,0,0,0,2,4,2,2
20261006,split,unsupervised,0.75,2023-11,2,0,0,0,2,4,2,2
20261006,split,unsupervised,0.75,2023-12,2,0,0,0,2,4,2,2
20261006,split,unsupervised,0.75,2024-01,2,0,0,0,2,4,2,2
20261006,split,unsupervised,0.75,2024-02,2,0,0,0,2,4,2,2
20261006,split,unsupervised,0.75,2024-03,1,0,0,0,5,6,1,3
20261006,split,unsupervised,0.75,2024-04,3,0,0,0,9,12,3,3
20261006,split,unsupervised,0.75,2024-05,3,0,0,0,9,12,3,3
20261006,split,unsupervised,0.75,2024-06,3,0,0,0,9,12,3,3
20261006,split,unsupervised,0.75,2024-07,3,0,0,0,6,9,3,3
20261006,split,unsupervised,0.75,2024-08,3,0,0,0,6,9,3,3
20261006,split,unsupervised,0.75,2024-09,3,0,0,0,6,9,3,3
20261006,split,unsupervised,0.75,2024-10,3,0,0,0,6,9,3,3
20261006,split,unsupervised,0.75,2024-11,3,0,0,0,6,9,3,3
20261006,split,unsupervised,0.75,2024-12,3,0,0,0,6,9,3,3
20261006,split,unsupervised,1.0,2023-02,2,0,0,0,2,4,2,2
20261006,split,unsupervised,1.0,2023-03,2,0,0,0,2,4,2,2
20261006,split,unsupervised,1.0,2023-04,2,0,0,0,2,4,2,2
20261006,split,unsupervised,1.0,2023-05,2,0,0,0,2,4,2,2
20261006,split,unsupervised,1.0,2023-06,2,0,0,0,2,4,2,2
20261006,split,unsupervised,1.0,2023-07,2,0,0,0,2,4,2,2
20261006,split,unsupervised,1.0,2023-08,2,0,0,0,2,4,2,2
20261006,split,unsupervised,1.0,2023-09,2,0,0,0,2,4,2,2
20261006,split,unsupervised,1.0,2023-10,2,0,0,0,2,4,2,2
20261006,split,unsupervised,1.0,2023-11,2,0,0,0,2,4,2,2
20261006,split,unsupervised,1.0,2023-12,2,0,0,0,2,4,2,2
20261006,split,unsupervised,1.0,2024-01,2,0,0,0,2,4,2,2
20261006,split,unsupervised,1.0,2024-02,2,0,0,0,2,4,2,2
20261006,split,unsupervised,1.0,2024-03,1,0,0,0,5,6,1,3
20261006,split,unsupervised,1.0,2024-04,3,0,0,0,9,12,3,3
20261006,split,unsupervised,1.0,2024-05,3,0,0,0,9,12,3,3
20261006,split,unsupervised,1.0,2024-06,3,0,0,0,9,12,3,3
20261006,split,unsupervised,1.0,2024-07,3,0,0,0,6,9,3,3
20261006,split,unsupervised,1.0,2024-08,3,0,0,0,6,9,3,3
20261006,split,unsupervised,1.0,2024-09,3,0,0,0,6,9,3,3
20261006,split,unsupervised,1.0,2024-10,3,0,0,0,6,9,3,3
20261006,split,unsupervised,1.0,2024-11,3,0,0,0,6,9,3,3
20261006,split,unsupervised,1.0,2024-12,3,0,0,0,6,9,3,3
20261006,split,unsupervised,1.25,2023-02,2,0,0,0,2,4,2,2
20261006,split,unsupervised,1.25,2023-03,2,0,0,0,2,4,2,2
20261006,split,unsupervised,1.25,2023-04,2,0,0,0,2,4,2,2
20261006,split,unsupervised,1.25,2023-05,2,0,0,0,2,4,2,2
20261006,split,unsupervised,1.25,2023-06,2,0,0,0,2,4,2,2
20261006,split,unsupervised,1.25,2023-07,2,0,0,0,2,4,2,2
20261006,split,unsupervised,1.25,2023-08,2,0,0,0,2,4,2,2
20261006,split,unsupervised,1.25,2023-09,2,0,0,0,2,4,2,2
20261006,split,unsupervised,1.25,2023-10,2,0,0,0,2,4,2,2
20261006,split,unsupervised,1.25,2023-11,2,0,0,0,2,4,2,2
20261006,split,unsupervised,1.25,2023-12,2,0,0,0,2,4,2,2
20261006,split,unsupervised,1.25,2024-01,2,0,0,0,2,4,2,2
20261006,split,unsupervised,1.25,2024-02,2,0,0,0,2,4,2,2
20261006,split,unsupervised,1.25,2024-03,1,0,0,0,5,6,1,3
20261006,split,unsupervised,1.25,2024-04,2,0,0,1,9,12,3,3
20261006,split,unsupervised,1.25,2024-05,1,0,0,2,9,12,3,3
20261006,split,unsupervised,1.25,2024-06,1,0,0,2,9,12,3,3
20261006,split,unsupervised,1.25,2024-07,3,0,0,0,6,9,3,3
20261006,split,unsupervised,1.25,2024-08,3,0,0,0,6,9,3,3
20261006,split,unsupervised,1.25,2024-09,3,0,0,0,6,9,3,3
20261006,split,unsupervised,1.25,2024-10,3,0,0,0,6,9,3,3
20261006,split,unsupervised,1.25,2024-11,3,0,0,0,6,9,3,3
20261006,split,unsupervised,1.25,2024-12,3,0,0,0,6,9,3,3
20261006,merge,oracle,0.75,2023-02,3,0,0,0,6,9,3,3
20261006,merge,oracle,0.75,2023-03,3,0,0,0,6,9,3,3
20261006,merge,oracle,0.75,2023-04,3,0,0,0,6,9,3,3
20261006,merge,oracle,0.75,2023-05,3,0,0,0,6,9,3,3
20261006,merge,oracle,0.75,2023-06,3,0,0,0,6,9,3,3
20261006,merge,oracle,0.75,2023-07,3,0,0,0,6,9,3,3
20261006,merge,oracle,0.75,2023-08,3,0,0,0,6,9,3,3
20261006,merge,oracle,0.75,2023-09,3,0,0,0,6,9,3,3
20261006,merge,oracle,0.75,2023-10,3,0,0,0,6,9,3,3
20261006,merge,oracle,0.75,2023-11,3,0,0,0,6,9,3,3
20261006,merge,oracle,0.75,2023-12,3,0,0,0,6,9,3,3
20261006,merge,oracle,0.75,2024-01,3,0,0,0,6,9,3,3
20261006,merge,oracle,0.75,2024-02,3,0,0,0,6,9,3,3
20261006,merge,oracle,0.75,2024-03,1,0,0,0,5,6,1,2
20261006,merge,oracle,0.75,2024-04,2,0,0,0,6,8,2,2
20261006,merge,oracle,0.75,2024-05,2,0,0,0,6,8,2,2
20261006,merge,oracle,0.75,2024-06,2,0,0,0,6,8,2,2
20261006,merge,oracle,0.75,2024-07,2,0,0,0,2,4,2,2
20261006,merge,oracle,0.75,2024-08,2,0,0,0,2,4,2,2
20261006,merge,oracle,0.75,2024-09,2,0,0,0,2,4,2,2
20261006,merge,oracle,0.75,2024-10,2,0,0,0,2,4,2,2
20261006,merge,oracle,0.75,2024-11,2,0,0,0,2,4,2,2
20261006,merge,oracle,0.75,2024-12,2,0,0,0,2,4,2,2
20261006,merge,oracle,1.0,2023-02,3,0,0,0,6,9,3,3
20261006,merge,oracle,1.0,2023-03,3,0,0,0,6,9,3,3
20261006,merge,oracle,1.0,2023-04,3,0,0,0,6,9,3,3
20261006,merge,oracle,1.0,2023-05,3,0,0,0,6,9,3,3
20261006,merge,oracle,1.0,2023-06,3,0,0,0,6,9,3,3
20261006,merge,oracle,1.0,2023-07,3,0,0,0,6,9,3,3
20261006,merge,oracle,1.0,2023-08,3,0,0,0,6,9,3,3
20261006,merge,oracle,1.0,2023-09,3,0,0,0,6,9,3,3
20261006,merge,oracle,1.0,2023-10,3,0,0,0,6,9,3,3
20261006,merge,oracle,1.0,2023-11,3,0,0,0,6,9,3,3
20261006,merge,oracle,1.0,2023-12,3,0,0,0,6,9,3,3
20261006,merge,oracle,1.0,2024-01,3,0,0,0,6,9,3,3
20261006,merge,oracle,1.0,2024-02,3,0,0,0,6,9,3,3
20261006,merge,oracle,1.0,2024-03,1,0,0,0,5,6,1,2
20261006,merge,oracle,1.0,2024-04,2,0,0,0,6,8,2,2
20261006,merge,oracle,1.0,2024-05,2,0,0,0,6,8,2,2
20261006,merge,oracle,1.0,2024-06,2,0,0,0,6,8,2,2
20261006,merge,oracle,1.0,2024-07,2,0,0,0,2,4,2,2
20261006,merge,oracle,1.0,2024-08,2,0,0,0,2,4,2,2
20261006,merge,oracle,1.0,2024-09,2,0,0,0,2,4,2,2
20261006,merge,oracle,1.0,2024-10,2,0,0,0,2,4,2,2
20261006,merge,oracle,1.0,2024-11,2,0,0,0,2,4,2,2
20261006,merge,oracle,1.0,2024-12,2,0,0,0,2,4,2,2
20261006,merge,oracle,1.25,2023-02,3,0,0,0,6,9,3,3
20261006,merge,oracle,1.25,2023-03,3,0,0,0,6,9,3,3
20261006,merge,oracle,1.25,2023-04,3,0,0,0,6,9,3,3
20261006,merge,oracle,1.25,2023-05,3,0,0,0,6,9,3,3
20261006,merge,oracle,1.25,2023-06,3,0,0,0,6,9,3,3
20261006,merge,oracle,1.25,2023-07,3,0,0,0,6,9,3,3
20261006,merge,oracle,1.25,2023-08,3,0,0,0,6,9,3,3
20261006,merge,oracle,1.25,2023-09,3,0,0,0,6,9,3,3
20261006,merge,oracle,1.25,2023-10,3,0,0,0,6,9,3,3
20261006,merge,oracle,1.25,2023-11,3,0,0,0,6,9,3,3
20261006,merge,oracle,1.25,2023-12,3,0,0,0,6,9,3,3
20261006,merge,oracle,1.25,2024-01,3,0,0,0,6,9,3,3
20261006,merge,oracle,1.25,2024-02,3,0,0,0,6,9,3,3
20261006,merge,oracle,1.25,2024-03,1,0,0,0,5,6,1,2
20261006,merge,oracle,1.25,2024-04,2,0,0,0,6,8,2,2
20261006,merge,oracle,1.25,2024-05,2,0,0,0,6,8,2,2
20261006,merge,oracle,1.25,2024-06,2,0,0,0,6,8,2,2
20261006,merge,oracle,1.25,2024-07,2,0,0,0,2,4,2,2
20261006,merge,oracle,1.25,2024-08,2,0,0,0,2,4,2,2
20261006,merge,oracle,1.25,2024-09,2,0,0,0,2,4,2,2
20261006,merge,oracle,1.25,2024-10,2,0,0,0,2,4,2,2
20261006,merge,oracle,1.25,2024-11,2,0,0,0,2,4,2,2
20261006,merge,oracle,1.25,2024-12,2,0,0,0,2,4,2,2
20261006,merge,unsupervised,0.75,2023-02,3,0,0,0,6,9,3,3
20261006,merge,unsupervised,0.75,2023-03,3,0,0,0,6,9,3,3
20261006,merge,unsupervised,0.75,2023-04,3,0,0,0,6,9,3,3
20261006,merge,unsupervised,0.75,2023-05,3,0,0,0,6,9,3,3
20261006,merge,unsupervised,0.75,2023-06,3,0,0,0,6,9,3,3
20261006,merge,unsupervised,0.75,2023-07,3,0,0,0,6,9,3,3
20261006,merge,unsupervised,0.75,2023-08,3,0,0,0,6,9,3,3
20261006,merge,unsupervised,0.75,2023-09,3,0,0,0,6,9,3,3
20261006,merge,unsupervised,0.75,2023-10,3,0,0,0,6,9,3,3
20261006,merge,unsupervised,0.75,2023-11,3,0,0,0,6,9,3,3
20261006,merge,unsupervised,0.75,2023-12,3,0,0,0,6,9,3,3
20261006,merge,unsupervised,0.75,2024-01,3,0,0,0,6,9,3,3
20261006,merge,unsupervised,0.75,2024-02,3,0,0,0,6,9,3,3
20261006,merge,unsupervised,0.75,2024-03,1,0,0,0,5,6,1,2
20261006,merge,unsupervised,0.75,2024-04,2,0,0,0,6,8,2,2
20261006,merge,unsupervised,0.75,2024-05,2,0,0,0,6,8,2,2
20261006,merge,unsupervised,0.75,2024-06,2,0,0,0,6,8,2,2
20261006,merge,unsupervised,0.75,2024-07,2,0,0,0,2,4,2,2
20261006,merge,unsupervised,0.75,2024-08,2,0,0,0,2,4,2,2
20261006,merge,unsupervised,0.75,2024-09,2,0,0,0,2,4,2,2
20261006,merge,unsupervised,0.75,2024-10,2,0,0,0,2,4,2,2
20261006,merge,unsupervised,0.75,2024-11,2,0,0,0,2,4,2,2
20261006,merge,unsupervised,0.75,2024-12,2,0,0,0,2,4,2,2
20261006,merge,unsupervised,1.0,2023-02,3,0,0,0,6,9,3,3
20261006,merge,unsupervised,1.0,2023-03,3,0,0,0,6,9,3,3
20261006,merge,unsupervised,1.0,2023-04,3,0,0,0,6,9,3,3
20261006,merge,unsupervised,1.0,2023-05,3,0,0,0,6,9,3,3
20261006,merge,unsupervised,1.0,2023-06,3,0,0,0,6,9,3,3
20261006,merge,unsupervised,1.0,2023-07,3,0,0,0,6,9,3,3
20261006,merge,unsupervised,1.0,2023-08,3,0,0,0,6,9,3,3
20261006,merge,unsupervised,1.0,2023-09,3,0,0,0,6,9,3,3
20261006,merge,unsupervised,1.0,2023-10,3,0,0,0,6,9,3,3
20261006,merge,unsupervised,1.0,2023-11,3,0,0,0,6,9,3,3
20261006,merge,unsupervised,1.0,2023-12,3,0,0,0,6,9,3,3
20261006,merge,unsupervised,1.0,2024-01,3,0,0,0,6,9,3,3
20261006,merge,unsupervised,1.0,2024-02,3,0,0,0,6,9,3,3
20261006,merge,unsupervised,1.0,2024-03,1,0,0,0,5,6,1,2
20261006,merge,unsupervised,1.0,2024-04,2,0,0,0,6,8,2,2
20261006,merge,unsupervised,1.0,2024-05,2,0,0,0,6,8,2,2
20261006,merge,unsupervised,1.0,2024-06,2,0,0,0,6,8,2,2
20261006,merge,unsupervised,1.0,2024-07,2,0,0,0,2,4,2,2
20261006,merge,unsupervised,1.0,2024-08,2,0,0,0,2,4,2,2
20261006,merge,unsupervised,1.0,2024-09,2,0,0,0,2,4,2,2
20261006,merge,unsupervised,1.0,2024-10,2,0,0,0,2,4,2,2
20261006,merge,unsupervised,1.0,2024-11,2,0,0,0,2,4,2,2
20261006,merge,unsupervised,1.0,2024-12,2,0,0,0,2,4,2,2
20261006,merge,unsupervised,1.25,2023-02,3,0,0,0,6,9,3,3
20261006,merge,unsupervised,1.25,2023-03,3,0,0,0,6,9,3,3
20261006,merge,unsupervised,1.25,2023-04,3,0,0,0,6,9,3,3
20261006,merge,unsupervised,1.25,2023-05,3,0,0,0,6,9,3,3
20261006,merge,unsupervised,1.25,2023-06,3,0,0,0,6,9,3,3
20261006,merge,unsupervised,1.25,2023-07,3,0,0,0,6,9,3,3
20261006,merge,unsupervised,1.25,2023-08,3,0,0,0,6,9,3,3
20261006,merge,unsupervised,1.25,2023-09,3,0,0,0,6,9,3,3
20261006,merge,unsupervised,1.25,2023-10,3,0,0,0,6,9,3,3
20261006,merge,unsupervised,1.25,2023-11,3,0,0,0,6,9,3,3
20261006,merge,unsupervised,1.25,2023-12,3,0,0,0,6,9,3,3
20261006,merge,unsupervised,1.25,2024-01,3,0,0,0,6,9,3,3
20261006,merge,unsupervised,1.25,2024-02,3,0,0,0,6,9,3,3
20261006,merge,unsupervised,1.25,2024-03,1,0,0,0,5,6,1,2
20261006,merge,unsupervised,1.25,2024-04,2,0,0,0,6,8,2,2
20261006,merge,unsupervised,1.25,2024-05,2,0,0,0,6,8,2,2
20261006,merge,unsupervised,1.25,2024-06,2,0,0,0,6,8,2,2
20261006,merge,unsupervised,1.25,2024-07,2,0,0,0,2,4,2,2
20261006,merge,unsupervised,1.25,2024-08,2,0,0,0,2,4,2,2
20261006,merge,unsupervised,1.25,2024-09,2,0,0,0,2,4,2,2
20261006,merge,unsupervised,1.25,2024-10,2,0,0,0,2,4,2,2
20261006,merge,unsupervised,1.25,2024-11,2,0,0,0,2,4,2,2
20261006,merge,unsupervised,1.25,2024-12,2,0,0,0,2,4,2,2
20261006,proximity,oracle,0.75,2023-02,2,0,0,0,2,4,2,2
20261006,proximity,oracle,0.75,2023-03,2,0,0,0,2,4,2,2
20261006,proximity,oracle,0.75,2023-04,2,0,0,0,2,4,2,2
20261006,proximity,oracle,0.75,2023-05,2,0,0,0,2,4,2,2
20261006,proximity,oracle,0.75,2023-06,2,0,0,0,2,4,2,2
20261006,proximity,oracle,0.75,2023-07,2,0,0,0,2,4,2,2
20261006,proximity,oracle,0.75,2023-08,2,0,0,0,2,4,2,2
20261006,proximity,oracle,0.75,2023-09,2,0,0,0,2,4,2,2
20261006,proximity,oracle,0.75,2023-10,2,0,0,0,2,4,2,2
20261006,proximity,oracle,0.75,2023-11,2,0,0,0,2,4,2,2
20261006,proximity,oracle,0.75,2023-12,2,0,0,0,2,4,2,2
20261006,proximity,oracle,0.75,2024-01,2,0,0,0,2,4,2,2
20261006,proximity,oracle,0.75,2024-02,2,0,0,0,2,4,2,2
20261006,proximity,oracle,0.75,2024-03,2,0,0,0,2,4,2,2
20261006,proximity,oracle,0.75,2024-04,2,0,0,0,2,4,2,2
20261006,proximity,oracle,0.75,2024-05,2,0,0,0,2,4,2,2
20261006,proximity,oracle,0.75,2024-06,2,0,0,0,2,4,2,2
20261006,proximity,oracle,0.75,2024-07,2,0,0,0,2,4,2,2
20261006,proximity,oracle,0.75,2024-08,2,0,0,0,2,4,2,2
20261006,proximity,oracle,0.75,2024-09,2,0,0,0,2,4,2,2
20261006,proximity,oracle,0.75,2024-10,2,0,0,0,2,4,2,2
20261006,proximity,oracle,0.75,2024-11,2,0,0,0,2,4,2,2
20261006,proximity,oracle,0.75,2024-12,2,0,0,0,2,4,2,2
20261006,proximity,oracle,1.0,2023-02,2,0,0,0,2,4,2,2
20261006,proximity,oracle,1.0,2023-03,2,0,0,0,2,4,2,2
20261006,proximity,oracle,1.0,2023-04,2,0,0,0,2,4,2,2
20261006,proximity,oracle,1.0,2023-05,2,0,0,0,2,4,2,2
20261006,proximity,oracle,1.0,2023-06,2,0,0,0,2,4,2,2
20261006,proximity,oracle,1.0,2023-07,2,0,0,0,2,4,2,2
20261006,proximity,oracle,1.0,2023-08,2,0,0,0,2,4,2,2
20261006,proximity,oracle,1.0,2023-09,2,0,0,0,2,4,2,2
20261006,proximity,oracle,1.0,2023-10,2,0,0,0,2,4,2,2
20261006,proximity,oracle,1.0,2023-11,2,0,0,0,2,4,2,2
20261006,proximity,oracle,1.0,2023-12,2,0,0,0,2,4,2,2
20261006,proximity,oracle,1.0,2024-01,2,0,0,0,2,4,2,2
20261006,proximity,oracle,1.0,2024-02,2,0,0,0,2,4,2,2
20261006,proximity,oracle,1.0,2024-03,2,0,0,0,2,4,2,2
20261006,proximity,oracle,1.0,2024-04,2,0,0,0,2,4,2,2
20261006,proximity,oracle,1.0,2024-05,2,0,0,0,2,4,2,2
20261006,proximity,oracle,1.0,2024-06,2,0,0,0,2,4,2,2
20261006,proximity,oracle,1.0,2024-07,2,0,0,0,2,4,2,2
20261006,proximity,oracle,1.0,2024-08,2,0,0,0,2,4,2,2
20261006,proximity,oracle,1.0,2024-09,2,0,0,0,2,4,2,2
20261006,proximity,oracle,1.0,2024-10,2,0,0,0,2,4,2,2
20261006,proximity,oracle,1.0,2024-11,2,0,0,0,2,4,2,2
20261006,proximity,oracle,1.0,2024-12,0,0,0,2,2,4,2,2
20261006,proximity,oracle,1.25,2023-02,2,0,0,0,2,4,2,2
20261006,proximity,oracle,1.25,2023-03,2,0,0,0,2,4,2,2
20261006,proximity,oracle,1.25,2023-04,2,0,0,0,2,4,2,2
20261006,proximity,oracle,1.25,2023-05,2,0,0,0,2,4,2,2
20261006,proximity,oracle,1.25,2023-06,2,0,0,0,2,4,2,2
20261006,proximity,oracle,1.25,2023-07,2,0,0,0,2,4,2,2
20261006,proximity,oracle,1.25,2023-08,2,0,0,0,2,4,2,2
20261006,proximity,oracle,1.25,2023-09,2,0,0,0,2,4,2,2
20261006,proximity,oracle,1.25,2023-10,2,0,0,0,2,4,2,2
20261006,proximity,oracle,1.25,2023-11,2,0,0,0,2,4,2,2
20261006,proximity,oracle,1.25,2023-12,2,0,0,0,2,4,2,2
20261006,proximity,oracle,1.25,2024-01,2,0,0,0,2,4,2,2
20261006,proximity,oracle,1.25,2024-02,2,0,0,0,2,4,2,2
20261006,proximity,oracle,1.25,2024-03,2,0,0,0,2,4,2,2
20261006,proximity,oracle,1.25,2024-04,2,0,0,0,2,4,2,2
20261006,proximity,oracle,1.25,2024-05,1,0,0,1,2,4,2,2
20261006,proximity,oracle,1.25,2024-06,1,0,0,1,2,4,2,2
20261006,proximity,oracle,1.25,2024-07,1,0,0,1,2,4,2,2
20261006,proximity,oracle,1.25,2024-08,1,0,0,1,2,4,2,2
20261006,proximity,oracle,1.25,2024-09,1,0,0,1,2,4,2,2
20261006,proximity,oracle,1.25,2024-10,0,0,1,2,2,4,2,2
20261006,proximity,oracle,1.25,2024-11,0,0,0,2,2,4,2,2
20261006,proximity,oracle,1.25,2024-12,0,0,0,2,2,4,2,2
20261006,proximity,unsupervised,0.75,2023-02,2,0,0,0,2,4,2,2
20261006,proximity,unsupervised,0.75,2023-03,2,0,0,0,2,4,2,2
20261006,proximity,unsupervised,0.75,2023-04,2,0,0,0,2,4,2,2
20261006,proximity,unsupervised,0.75,2023-05,2,0,0,0,2,4,2,2
20261006,proximity,unsupervised,0.75,2023-06,2,0,0,0,2,4,2,2
20261006,proximity,unsupervised,0.75,2023-07,2,0,0,0,2,4,2,2
20261006,proximity,unsupervised,0.75,2023-08,2,0,0,0,2,4,2,2
20261006,proximity,unsupervised,0.75,2023-09,2,0,0,0,2,4,2,2
20261006,proximity,unsupervised,0.75,2023-10,2,0,0,0,2,4,2,2
20261006,proximity,unsupervised,0.75,2023-11,2,0,0,0,2,4,2,2
20261006,proximity,unsupervised,0.75,2023-12,2,0,0,0,2,4,2,2
20261006,proximity,unsupervised,0.75,2024-01,2,0,0,0,2,4,2,2
20261006,proximity,unsupervised,0.75,2024-02,2,0,0,0,2,4,2,2
20261006,proximity,unsupervised,0.75,2024-03,2,0,0,0,2,4,2,2
20261006,proximity,unsupervised,0.75,2024-04,2,0,0,0,2,4,2,2
20261006,proximity,unsupervised,0.75,2024-05,2,0,0,0,2,4,2,2
20261006,proximity,unsupervised,0.75,2024-06,2,0,0,0,2,4,2,2
20261006,proximity,unsupervised,0.75,2024-07,2,0,0,0,2,4,2,2
20261006,proximity,unsupervised,0.75,2024-08,2,0,0,0,2,4,2,2
20261006,proximity,unsupervised,0.75,2024-09,2,0,0,0,2,4,2,2
20261006,proximity,unsupervised,0.75,2024-10,2,0,0,0,2,4,2,2
20261006,proximity,unsupervised,0.75,2024-11,2,0,0,0,2,4,2,2
20261006,proximity,unsupervised,0.75,2024-12,1,0,0,1,2,4,2,2
20261006,proximity,unsupervised,1.0,2023-02,2,0,0,0,2,4,2,2
20261006,proximity,unsupervised,1.0,2023-03,2,0,0,0,2,4,2,2
20261006,proximity,unsupervised,1.0,2023-04,2,0,0,0,2,4,2,2
20261006,proximity,unsupervised,1.0,2023-05,2,0,0,0,2,4,2,2
20261006,proximity,unsupervised,1.0,2023-06,2,0,0,0,2,4,2,2
20261006,proximity,unsupervised,1.0,2023-07,2,0,0,0,2,4,2,2
20261006,proximity,unsupervised,1.0,2023-08,2,0,0,0,2,4,2,2
20261006,proximity,unsupervised,1.0,2023-09,2,0,0,0,2,4,2,2
20261006,proximity,unsupervised,1.0,2023-10,2,0,0,0,2,4,2,2
20261006,proximity,unsupervised,1.0,2023-11,2,0,0,0,2,4,2,2
20261006,proximity,unsupervised,1.0,2023-12,2,0,0,0,2,4,2,2
20261006,proximity,unsupervised,1.0,2024-01,2,0,0,0,2,4,2,2
20261006,proximity,unsupervised,1.0,2024-02,2,0,0,0,2,4,2,2
20261006,proximity,unsupervised,1.0,2024-03,2,0,0,0,2,4,2,2
20261006,proximity,unsupervised,1.0,2024-04,2,0,0,0,2,4,2,2
20261006,proximity,unsupervised,1.0,2024-05,2,0,0,0,2,4,2,2
20261006,proximity,unsupervised,1.0,2024-06,2,0,0,0,2,4,2,2
20261006,proximity,unsupervised,1.0,2024-07,2,0,0,0,2,4,2,2
20261006,proximity,unsupervised,1.0,2024-08,2,0,0,0,2,4,2,2
20261006,proximity,unsupervised,1.0,2024-09,2,0,0,0,2,4,2,2
20261006,proximity,unsupervised,1.0,2024-10,2,0,0,0,2,4,2,2
20261006,proximity,unsupervised,1.0,2024-11,2,0,0,0,2,4,2,2
20261006,proximity,unsupervised,1.0,2024-12,1,0,0,1,2,4,2,2
20261006,proximity,unsupervised,1.25,2023-02,2,0,0,0,2,4,2,2
20261006,proximity,unsupervised,1.25,2023-03,2,0,0,0,2,4,2,2
20261006,proximity,unsupervised,1.25,2023-04,2,0,0,0,2,4,2,2
20261006,proximity,unsupervised,1.25,2023-05,2,0,0,0,2,4,2,2
20261006,proximity,unsupervised,1.25,2023-06,2,0,0,0,2,4,2,2
20261006,proximity,unsupervised,1.25,2023-07,2,0,0,0,2,4,2,2
20261006,proximity,unsupervised,1.25,2023-08,2,0,0,0,2,4,2,2
20261006,proximity,unsupervised,1.25,2023-09,2,0,0,0,2,4,2,2
20261006,proximity,unsupervised,1.25,2023-10,2,0,0,0,2,4,2,2
20261006,proximity,unsupervised,1.25,2023-11,2,0,0,0,2,4,2,2
20261006,proximity,unsupervised,1.25,2023-12,2,0,0,0,2,4,2,2
20261006,proximity,unsupervised,1.25,2024-01,2,0,0,0,2,4,2,2
20261006,proximity,unsupervised,1.25,2024-02,2,0,0,0,2,4,2,2
20261006,proximity,unsupervised,1.25,2024-03,2,0,0,0,2,4,2,2
20261006,proximity,unsupervised,1.25,2024-04,2,0,0,0,2,4,2,2
20261006,proximity,unsupervised,1.25,2024-05,1,0,0,1,2,4,2,2
20261006,proximity,unsupervised,1.25,2024-06,1,0,0,1,2,4,2,2
20261006,proximity,unsupervised,1.25,2024-07,1,0,0,1,2,4,2,2
20261006,proximity,unsupervised,1.25,2024-08,1,0,0,1,2,4,2,2
20261006,proximity,unsupervised,1.25,2024-09,1,0,0,1,2,4,2,2
20261006,proximity,unsupervised,1.25,2024-10,1,0,1,1,2,4,2,2
20261006,proximity,unsupervised,1.25,2024-11,0,0,0,2,2,4,2,2
20261006,proximity,unsupervised,1.25,2024-12,0,0,0,2,2,4,2,2
20261007,stable,oracle,0.75,2023-02,2,0,0,0,2,4,2,2
20261007,stable,oracle,0.75,2023-03,2,0,0,0,2,4,2,2
20261007,stable,oracle,0.75,2023-04,2,0,0,0,2,4,2,2
20261007,stable,oracle,0.75,2023-05,2,0,0,0,2,4,2,2
20261007,stable,oracle,0.75,2023-06,2,0,0,0,2,4,2,2
20261007,stable,oracle,0.75,2023-07,2,0,0,0,2,4,2,2
20261007,stable,oracle,0.75,2023-08,2,0,0,0,2,4,2,2
20261007,stable,oracle,0.75,2023-09,2,0,0,0,2,4,2,2
20261007,stable,oracle,0.75,2023-10,2,0,0,0,2,4,2,2
20261007,stable,oracle,0.75,2023-11,2,0,0,0,2,4,2,2
20261007,stable,oracle,0.75,2023-12,2,0,0,0,2,4,2,2
20261007,stable,oracle,0.75,2024-01,2,0,0,0,2,4,2,2
20261007,stable,oracle,0.75,2024-02,2,0,0,0,2,4,2,2
20261007,stable,oracle,0.75,2024-03,2,0,0,0,2,4,2,2
20261007,stable,oracle,0.75,2024-04,2,0,0,0,2,4,2,2
20261007,stable,oracle,0.75,2024-05,2,0,0,0,2,4,2,2
20261007,stable,oracle,0.75,2024-06,2,0,0,0,2,4,2,2
20261007,stable,oracle,0.75,2024-07,2,0,0,0,2,4,2,2
20261007,stable,oracle,0.75,2024-08,2,0,0,0,2,4,2,2
20261007,stable,oracle,0.75,2024-09,2,0,0,0,2,4,2,2
20261007,stable,oracle,0.75,2024-10,2,0,0,0,2,4,2,2
20261007,stable,oracle,0.75,2024-11,2,0,0,0,2,4,2,2
20261007,stable,oracle,0.75,2024-12,2,0,0,0,2,4,2,2
20261007,stable,oracle,1.0,2023-02,2,0,0,0,2,4,2,2
20261007,stable,oracle,1.0,2023-03,2,0,0,0,2,4,2,2
20261007,stable,oracle,1.0,2023-04,2,0,0,0,2,4,2,2
20261007,stable,oracle,1.0,2023-05,2,0,0,0,2,4,2,2
20261007,stable,oracle,1.0,2023-06,2,0,0,0,2,4,2,2
20261007,stable,oracle,1.0,2023-07,2,0,0,0,2,4,2,2
20261007,stable,oracle,1.0,2023-08,2,0,0,0,2,4,2,2
20261007,stable,oracle,1.0,2023-09,2,0,0,0,2,4,2,2
20261007,stable,oracle,1.0,2023-10,2,0,0,0,2,4,2,2
20261007,stable,oracle,1.0,2023-11,2,0,0,0,2,4,2,2
20261007,stable,oracle,1.0,2023-12,2,0,0,0,2,4,2,2
20261007,stable,oracle,1.0,2024-01,2,0,0,0,2,4,2,2
20261007,stable,oracle,1.0,2024-02,2,0,0,0,2,4,2,2
20261007,stable,oracle,1.0,2024-03,2,0,0,0,2,4,2,2
20261007,stable,oracle,1.0,2024-04,2,0,0,0,2,4,2,2
20261007,stable,oracle,1.0,2024-05,2,0,0,0,2,4,2,2
20261007,stable,oracle,1.0,2024-06,2,0,0,0,2,4,2,2
20261007,stable,oracle,1.0,2024-07,2,0,0,0,2,4,2,2
20261007,stable,oracle,1.0,2024-08,2,0,0,0,2,4,2,2
20261007,stable,oracle,1.0,2024-09,2,0,0,0,2,4,2,2
20261007,stable,oracle,1.0,2024-10,2,0,0,0,2,4,2,2
20261007,stable,oracle,1.0,2024-11,2,0,0,0,2,4,2,2
20261007,stable,oracle,1.0,2024-12,2,0,0,0,2,4,2,2
20261007,stable,oracle,1.25,2023-02,2,0,0,0,2,4,2,2
20261007,stable,oracle,1.25,2023-03,2,0,0,0,2,4,2,2
20261007,stable,oracle,1.25,2023-04,2,0,0,0,2,4,2,2
20261007,stable,oracle,1.25,2023-05,2,0,0,0,2,4,2,2
20261007,stable,oracle,1.25,2023-06,2,0,0,0,2,4,2,2
20261007,stable,oracle,1.25,2023-07,2,0,0,0,2,4,2,2
20261007,stable,oracle,1.25,2023-08,2,0,0,0,2,4,2,2
20261007,stable,oracle,1.25,2023-09,2,0,0,0,2,4,2,2
20261007,stable,oracle,1.25,2023-10,2,0,0,0,2,4,2,2
20261007,stable,oracle,1.25,2023-11,2,0,0,0,2,4,2,2
20261007,stable,oracle,1.25,2023-12,2,0,0,0,2,4,2,2
20261007,stable,oracle,1.25,2024-01,2,0,0,0,2,4,2,2
20261007,stable,oracle,1.25,2024-02,2,0,0,0,2,4,2,2
20261007,stable,oracle,1.25,2024-03,2,0,0,0,2,4,2,2
20261007,stable,oracle,1.25,2024-04,2,0,0,0,2,4,2,2
20261007,stable,oracle,1.25,2024-05,2,0,0,0,2,4,2,2
20261007,stable,oracle,1.25,2024-06,2,0,0,0,2,4,2,2
20261007,stable,oracle,1.25,2024-07,2,0,0,0,2,4,2,2
20261007,stable,oracle,1.25,2024-08,2,0,0,0,2,4,2,2
20261007,stable,oracle,1.25,2024-09,2,0,0,0,2,4,2,2
20261007,stable,oracle,1.25,2024-10,2,0,0,0,2,4,2,2
20261007,stable,oracle,1.25,2024-11,2,0,0,0,2,4,2,2
20261007,stable,oracle,1.25,2024-12,2,0,0,0,2,4,2,2
20261007,stable,unsupervised,0.75,2023-02,2,0,0,0,2,4,2,2
20261007,stable,unsupervised,0.75,2023-03,2,0,0,0,2,4,2,2
20261007,stable,unsupervised,0.75,2023-04,2,0,0,0,2,4,2,2
20261007,stable,unsupervised,0.75,2023-05,2,0,0,0,2,4,2,2
20261007,stable,unsupervised,0.75,2023-06,2,0,0,0,2,4,2,2
20261007,stable,unsupervised,0.75,2023-07,2,0,0,0,2,4,2,2
20261007,stable,unsupervised,0.75,2023-08,2,0,0,0,2,4,2,2
20261007,stable,unsupervised,0.75,2023-09,2,0,0,0,2,4,2,2
20261007,stable,unsupervised,0.75,2023-10,2,0,0,0,2,4,2,2
20261007,stable,unsupervised,0.75,2023-11,2,0,0,0,2,4,2,2
20261007,stable,unsupervised,0.75,2023-12,2,0,0,0,2,4,2,2
20261007,stable,unsupervised,0.75,2024-01,2,0,0,0,2,4,2,2
20261007,stable,unsupervised,0.75,2024-02,2,0,0,0,2,4,2,2
20261007,stable,unsupervised,0.75,2024-03,2,0,0,0,2,4,2,2
20261007,stable,unsupervised,0.75,2024-04,2,0,0,0,2,4,2,2
20261007,stable,unsupervised,0.75,2024-05,2,0,0,0,2,4,2,2
20261007,stable,unsupervised,0.75,2024-06,2,0,0,0,2,4,2,2
20261007,stable,unsupervised,0.75,2024-07,2,0,0,0,2,4,2,2
20261007,stable,unsupervised,0.75,2024-08,2,0,0,0,2,4,2,2
20261007,stable,unsupervised,0.75,2024-09,2,0,0,0,2,4,2,2
20261007,stable,unsupervised,0.75,2024-10,2,0,0,0,2,4,2,2
20261007,stable,unsupervised,0.75,2024-11,2,0,0,0,2,4,2,2
20261007,stable,unsupervised,0.75,2024-12,2,0,0,0,2,4,2,2
20261007,stable,unsupervised,1.0,2023-02,2,0,0,0,2,4,2,2
20261007,stable,unsupervised,1.0,2023-03,2,0,0,0,2,4,2,2
20261007,stable,unsupervised,1.0,2023-04,2,0,0,0,2,4,2,2
20261007,stable,unsupervised,1.0,2023-05,2,0,0,0,2,4,2,2
20261007,stable,unsupervised,1.0,2023-06,2,0,0,0,2,4,2,2
20261007,stable,unsupervised,1.0,2023-07,2,0,0,0,2,4,2,2
20261007,stable,unsupervised,1.0,2023-08,2,0,0,0,2,4,2,2
20261007,stable,unsupervised,1.0,2023-09,2,0,0,0,2,4,2,2
20261007,stable,unsupervised,1.0,2023-10,2,0,0,0,2,4,2,2
20261007,stable,unsupervised,1.0,2023-11,2,0,0,0,2,4,2,2
20261007,stable,unsupervised,1.0,2023-12,2,0,0,0,2,4,2,2
20261007,stable,unsupervised,1.0,2024-01,2,0,0,0,2,4,2,2
20261007,stable,unsupervised,1.0,2024-02,2,0,0,0,2,4,2,2
20261007,stable,unsupervised,1.0,2024-03,2,0,0,0,2,4,2,2
20261007,stable,unsupervised,1.0,2024-04,2,0,0,0,2,4,2,2
20261007,stable,unsupervised,1.0,2024-05,2,0,0,0,2,4,2,2
20261007,stable,unsupervised,1.0,2024-06,2,0,0,0,2,4,2,2
20261007,stable,unsupervised,1.0,2024-07,2,0,0,0,2,4,2,2
20261007,stable,unsupervised,1.0,2024-08,2,0,0,0,2,4,2,2
20261007,stable,unsupervised,1.0,2024-09,2,0,0,0,2,4,2,2
20261007,stable,unsupervised,1.0,2024-10,2,0,0,0,2,4,2,2
20261007,stable,unsupervised,1.0,2024-11,2,0,0,0,2,4,2,2
20261007,stable,unsupervised,1.0,2024-12,2,0,0,0,2,4,2,2
20261007,stable,unsupervised,1.25,2023-02,2,0,0,0,2,4,2,2
20261007,stable,unsupervised,1.25,2023-03,2,0,0,0,2,4,2,2
20261007,stable,unsupervised,1.25,2023-04,2,0,0,0,2,4,2,2
20261007,stable,unsupervised,1.25,2023-05,2,0,0,0,2,4,2,2
20261007,stable,unsupervised,1.25,2023-06,2,0,0,0,2,4,2,2
20261007,stable,unsupervised,1.25,2023-07,2,0,0,0,2,4,2,2
20261007,stable,unsupervised,1.25,2023-08,2,0,0,0,2,4,2,2
20261007,stable,unsupervised,1.25,2023-09,2,0,0,0,2,4,2,2
20261007,stable,unsupervised,1.25,2023-10,2,0,0,0,2,4,2,2
20261007,stable,unsupervised,1.25,2023-11,2,0,0,0,2,4,2,2
20261007,stable,unsupervised,1.25,2023-12,2,0,0,0,2,4,2,2
20261007,stable,unsupervised,1.25,2024-01,2,0,0,0,2,4,2,2
20261007,stable,unsupervised,1.25,2024-02,2,0,0,0,2,4,2,2
20261007,stable,unsupervised,1.25,2024-03,2,0,0,0,2,4,2,2
20261007,stable,unsupervised,1.25,2024-04,2,0,0,0,2,4,2,2
20261007,stable,unsupervised,1.25,2024-05,2,0,0,0,2,4,2,2
20261007,stable,unsupervised,1.25,2024-06,2,0,0,0,2,4,2,2
20261007,stable,unsupervised,1.25,2024-07,2,0,0,0,2,4,2,2
20261007,stable,unsupervised,1.25,2024-08,2,0,0,0,2,4,2,2
20261007,stable,unsupervised,1.25,2024-09,2,0,0,0,2,4,2,2
20261007,stable,unsupervised,1.25,2024-10,2,0,0,0,2,4,2,2
20261007,stable,unsupervised,1.25,2024-11,2,0,0,0,2,4,2,2
20261007,stable,unsupervised,1.25,2024-12,2,0,0,0,2,4,2,2
20261007,drift,oracle,0.75,2023-02,2,0,0,0,2,4,2,2
20261007,drift,oracle,0.75,2023-03,2,0,0,0,2,4,2,2
20261007,drift,oracle,0.75,2023-04,2,0,0,0,2,4,2,2
20261007,drift,oracle,0.75,2023-05,2,0,0,0,2,4,2,2
20261007,drift,oracle,0.75,2023-06,2,0,0,0,2,4,2,2
20261007,drift,oracle,0.75,2023-07,2,0,0,0,2,4,2,2
20261007,drift,oracle,0.75,2023-08,2,0,0,0,2,4,2,2
20261007,drift,oracle,0.75,2023-09,2,0,0,0,2,4,2,2
20261007,drift,oracle,0.75,2023-10,2,0,0,0,2,4,2,2
20261007,drift,oracle,0.75,2023-11,2,0,0,0,2,4,2,2
20261007,drift,oracle,0.75,2023-12,2,0,0,0,2,4,2,2
20261007,drift,oracle,0.75,2024-01,2,0,0,0,2,4,2,2
20261007,drift,oracle,0.75,2024-02,2,0,0,0,2,4,2,2
20261007,drift,oracle,0.75,2024-03,2,0,0,0,2,4,2,2
20261007,drift,oracle,0.75,2024-04,2,0,0,0,2,4,2,2
20261007,drift,oracle,0.75,2024-05,2,0,0,0,2,4,2,2
20261007,drift,oracle,0.75,2024-06,2,0,0,0,2,4,2,2
20261007,drift,oracle,0.75,2024-07,2,0,0,0,2,4,2,2
20261007,drift,oracle,0.75,2024-08,2,0,0,0,2,4,2,2
20261007,drift,oracle,0.75,2024-09,2,0,0,0,2,4,2,2
20261007,drift,oracle,0.75,2024-10,2,0,0,0,2,4,2,2
20261007,drift,oracle,0.75,2024-11,2,0,0,0,2,4,2,2
20261007,drift,oracle,0.75,2024-12,2,0,0,0,2,4,2,2
20261007,drift,oracle,1.0,2023-02,2,0,0,0,2,4,2,2
20261007,drift,oracle,1.0,2023-03,2,0,0,0,2,4,2,2
20261007,drift,oracle,1.0,2023-04,2,0,0,0,2,4,2,2
20261007,drift,oracle,1.0,2023-05,2,0,0,0,2,4,2,2
20261007,drift,oracle,1.0,2023-06,2,0,0,0,2,4,2,2
20261007,drift,oracle,1.0,2023-07,2,0,0,0,2,4,2,2
20261007,drift,oracle,1.0,2023-08,2,0,0,0,2,4,2,2
20261007,drift,oracle,1.0,2023-09,2,0,0,0,2,4,2,2
20261007,drift,oracle,1.0,2023-10,2,0,0,0,2,4,2,2
20261007,drift,oracle,1.0,2023-11,2,0,0,0,2,4,2,2
20261007,drift,oracle,1.0,2023-12,2,0,0,0,2,4,2,2
20261007,drift,oracle,1.0,2024-01,2,0,0,0,2,4,2,2
20261007,drift,oracle,1.0,2024-02,2,0,0,0,2,4,2,2
20261007,drift,oracle,1.0,2024-03,2,0,0,0,2,4,2,2
20261007,drift,oracle,1.0,2024-04,2,0,0,0,2,4,2,2
20261007,drift,oracle,1.0,2024-05,2,0,0,0,2,4,2,2
20261007,drift,oracle,1.0,2024-06,2,0,0,0,2,4,2,2
20261007,drift,oracle,1.0,2024-07,2,0,0,0,2,4,2,2
20261007,drift,oracle,1.0,2024-08,2,0,0,0,2,4,2,2
20261007,drift,oracle,1.0,2024-09,2,0,0,0,2,4,2,2
20261007,drift,oracle,1.0,2024-10,2,0,0,0,2,4,2,2
20261007,drift,oracle,1.0,2024-11,2,0,0,0,2,4,2,2
20261007,drift,oracle,1.0,2024-12,2,0,0,0,2,4,2,2
20261007,drift,oracle,1.25,2023-02,2,0,0,0,2,4,2,2
20261007,drift,oracle,1.25,2023-03,2,0,0,0,2,4,2,2
20261007,drift,oracle,1.25,2023-04,2,0,0,0,2,4,2,2
20261007,drift,oracle,1.25,2023-05,2,0,0,0,2,4,2,2
20261007,drift,oracle,1.25,2023-06,2,0,0,0,2,4,2,2
20261007,drift,oracle,1.25,2023-07,2,0,0,0,2,4,2,2
20261007,drift,oracle,1.25,2023-08,2,0,0,0,2,4,2,2
20261007,drift,oracle,1.25,2023-09,2,0,0,0,2,4,2,2
20261007,drift,oracle,1.25,2023-10,2,0,0,0,2,4,2,2
20261007,drift,oracle,1.25,2023-11,2,0,0,0,2,4,2,2
20261007,drift,oracle,1.25,2023-12,2,0,0,0,2,4,2,2
20261007,drift,oracle,1.25,2024-01,2,0,0,0,2,4,2,2
20261007,drift,oracle,1.25,2024-02,2,0,0,0,2,4,2,2
20261007,drift,oracle,1.25,2024-03,2,0,0,0,2,4,2,2
20261007,drift,oracle,1.25,2024-04,2,0,0,0,2,4,2,2
20261007,drift,oracle,1.25,2024-05,2,0,0,0,2,4,2,2
20261007,drift,oracle,1.25,2024-06,2,0,0,0,2,4,2,2
20261007,drift,oracle,1.25,2024-07,2,0,0,0,2,4,2,2
20261007,drift,oracle,1.25,2024-08,2,0,0,0,2,4,2,2
20261007,drift,oracle,1.25,2024-09,2,0,0,0,2,4,2,2
20261007,drift,oracle,1.25,2024-10,2,0,0,0,2,4,2,2
20261007,drift,oracle,1.25,2024-11,2,0,0,0,2,4,2,2
20261007,drift,oracle,1.25,2024-12,2,0,0,0,2,4,2,2
20261007,drift,unsupervised,0.75,2023-02,2,0,0,0,2,4,2,2
20261007,drift,unsupervised,0.75,2023-03,2,0,0,0,2,4,2,2
20261007,drift,unsupervised,0.75,2023-04,2,0,0,0,2,4,2,2
20261007,drift,unsupervised,0.75,2023-05,2,0,0,0,2,4,2,2
20261007,drift,unsupervised,0.75,2023-06,2,0,0,0,2,4,2,2
20261007,drift,unsupervised,0.75,2023-07,2,0,0,0,2,4,2,2
20261007,drift,unsupervised,0.75,2023-08,2,0,0,0,2,4,2,2
20261007,drift,unsupervised,0.75,2023-09,2,0,0,0,2,4,2,2
20261007,drift,unsupervised,0.75,2023-10,2,0,0,0,2,4,2,2
20261007,drift,unsupervised,0.75,2023-11,2,0,0,0,2,4,2,2
20261007,drift,unsupervised,0.75,2023-12,2,0,0,0,2,4,2,2
20261007,drift,unsupervised,0.75,2024-01,2,0,0,0,2,4,2,2
20261007,drift,unsupervised,0.75,2024-02,2,0,0,0,2,4,2,2
20261007,drift,unsupervised,0.75,2024-03,2,0,0,0,2,4,2,2
20261007,drift,unsupervised,0.75,2024-04,2,0,0,0,2,4,2,2
20261007,drift,unsupervised,0.75,2024-05,2,0,0,0,2,4,2,2
20261007,drift,unsupervised,0.75,2024-06,2,0,0,0,2,4,2,2
20261007,drift,unsupervised,0.75,2024-07,2,0,0,0,2,4,2,2
20261007,drift,unsupervised,0.75,2024-08,2,0,0,0,2,4,2,2
20261007,drift,unsupervised,0.75,2024-09,2,0,0,0,2,4,2,2
20261007,drift,unsupervised,0.75,2024-10,2,0,0,0,2,4,2,2
20261007,drift,unsupervised,0.75,2024-11,2,0,0,0,2,4,2,2
20261007,drift,unsupervised,0.75,2024-12,2,0,0,0,2,4,2,2
20261007,drift,unsupervised,1.0,2023-02,2,0,0,0,2,4,2,2
20261007,drift,unsupervised,1.0,2023-03,2,0,0,0,2,4,2,2
20261007,drift,unsupervised,1.0,2023-04,2,0,0,0,2,4,2,2
20261007,drift,unsupervised,1.0,2023-05,2,0,0,0,2,4,2,2
20261007,drift,unsupervised,1.0,2023-06,2,0,0,0,2,4,2,2
20261007,drift,unsupervised,1.0,2023-07,2,0,0,0,2,4,2,2
20261007,drift,unsupervised,1.0,2023-08,2,0,0,0,2,4,2,2
20261007,drift,unsupervised,1.0,2023-09,2,0,0,0,2,4,2,2
20261007,drift,unsupervised,1.0,2023-10,2,0,0,0,2,4,2,2
20261007,drift,unsupervised,1.0,2023-11,2,0,0,0,2,4,2,2
20261007,drift,unsupervised,1.0,2023-12,2,0,0,0,2,4,2,2
20261007,drift,unsupervised,1.0,2024-01,2,0,0,0,2,4,2,2
20261007,drift,unsupervised,1.0,2024-02,2,0,0,0,2,4,2,2
20261007,drift,unsupervised,1.0,2024-03,2,0,0,0,2,4,2,2
20261007,drift,unsupervised,1.0,2024-04,2,0,0,0,2,4,2,2
20261007,drift,unsupervised,1.0,2024-05,2,0,0,0,2,4,2,2
20261007,drift,unsupervised,1.0,2024-06,2,0,0,0,2,4,2,2
20261007,drift,unsupervised,1.0,2024-07,2,0,0,0,2,4,2,2
20261007,drift,unsupervised,1.0,2024-08,2,0,0,0,2,4,2,2
20261007,drift,unsupervised,1.0,2024-09,2,0,0,0,2,4,2,2
20261007,drift,unsupervised,1.0,2024-10,2,0,0,0,2,4,2,2
20261007,drift,unsupervised,1.0,2024-11,2,0,0,0,2,4,2,2
20261007,drift,unsupervised,1.0,2024-12,2,0,0,0,2,4,2,2
20261007,drift,unsupervised,1.25,2023-02,2,0,0,0,2,4,2,2
20261007,drift,unsupervised,1.25,2023-03,2,0,0,0,2,4,2,2
20261007,drift,unsupervised,1.25,2023-04,2,0,0,0,2,4,2,2
20261007,drift,unsupervised,1.25,2023-05,2,0,0,0,2,4,2,2
20261007,drift,unsupervised,1.25,2023-06,2,0,0,0,2,4,2,2
20261007,drift,unsupervised,1.25,2023-07,2,0,0,0,2,4,2,2
20261007,drift,unsupervised,1.25,2023-08,2,0,0,0,2,4,2,2
20261007,drift,unsupervised,1.25,2023-09,2,0,0,0,2,4,2,2
20261007,drift,unsupervised,1.25,2023-10,2,0,0,0,2,4,2,2
20261007,drift,unsupervised,1.25,2023-11,2,0,0,0,2,4,2,2
20261007,drift,unsupervised,1.25,2023-12,2,0,0,0,2,4,2,2
20261007,drift,unsupervised,1.25,2024-01,2,0,0,0,2,4,2,2
20261007,drift,unsupervised,1.25,2024-02,2,0,0,0,2,4,2,2
20261007,drift,unsupervised,1.25,2024-03,2,0,0,0,2,4,2,2
20261007,drift,unsupervised,1.25,2024-04,2,0,0,0,2,4,2,2
20261007,drift,unsupervised,1.25,2024-05,2,0,0,0,2,4,2,2
20261007,drift,unsupervised,1.25,2024-06,2,0,0,0,2,4,2,2
20261007,drift,unsupervised,1.25,2024-07,2,0,0,0,2,4,2,2
20261007,drift,unsupervised,1.25,2024-08,2,0,0,0,2,4,2,2
20261007,drift,unsupervised,1.25,2024-09,2,0,0,0,2,4,2,2
20261007,drift,unsupervised,1.25,2024-10,2,0,0,0,2,4,2,2
20261007,drift,unsupervised,1.25,2024-11,2,0,0,0,2,4,2,2
20261007,drift,unsupervised,1.25,2024-12,2,0,0,0,2,4,2,2
20261007,birth,oracle,0.75,2023-02,2,0,0,0,2,4,2,2
20261007,birth,oracle,0.75,2023-03,2,0,0,0,2,4,2,2
20261007,birth,oracle,0.75,2023-04,2,0,0,0,2,4,2,2
20261007,birth,oracle,0.75,2023-05,2,0,0,0,2,4,2,2
20261007,birth,oracle,0.75,2023-06,2,0,0,0,2,4,2,2
20261007,birth,oracle,0.75,2023-07,2,0,0,0,2,4,2,2
20261007,birth,oracle,0.75,2023-08,2,0,0,0,2,4,2,2
20261007,birth,oracle,0.75,2023-09,2,0,0,0,2,4,2,2
20261007,birth,oracle,0.75,2023-10,2,0,0,0,2,4,2,2
20261007,birth,oracle,0.75,2023-11,2,0,0,0,2,4,2,2
20261007,birth,oracle,0.75,2023-12,2,0,0,0,2,4,2,2
20261007,birth,oracle,0.75,2024-01,2,0,0,0,4,6,2,3
20261007,birth,oracle,0.75,2024-02,3,0,0,0,6,9,3,3
20261007,birth,oracle,0.75,2024-03,3,0,0,0,6,9,3,3
20261007,birth,oracle,0.75,2024-04,3,0,0,0,6,9,3,3
20261007,birth,oracle,0.75,2024-05,3,0,0,0,6,9,3,3
20261007,birth,oracle,0.75,2024-06,3,0,0,0,6,9,3,3
20261007,birth,oracle,0.75,2024-07,3,0,0,0,6,9,3,3
20261007,birth,oracle,0.75,2024-08,3,0,0,0,6,9,3,3
20261007,birth,oracle,0.75,2024-09,3,0,0,0,6,9,3,3
20261007,birth,oracle,0.75,2024-10,3,0,0,0,6,9,3,3
20261007,birth,oracle,0.75,2024-11,3,0,0,0,6,9,3,3
20261007,birth,oracle,0.75,2024-12,3,0,0,0,6,9,3,3
20261007,birth,oracle,1.0,2023-02,2,0,0,0,2,4,2,2
20261007,birth,oracle,1.0,2023-03,2,0,0,0,2,4,2,2
20261007,birth,oracle,1.0,2023-04,2,0,0,0,2,4,2,2
20261007,birth,oracle,1.0,2023-05,2,0,0,0,2,4,2,2
20261007,birth,oracle,1.0,2023-06,2,0,0,0,2,4,2,2
20261007,birth,oracle,1.0,2023-07,2,0,0,0,2,4,2,2
20261007,birth,oracle,1.0,2023-08,2,0,0,0,2,4,2,2
20261007,birth,oracle,1.0,2023-09,2,0,0,0,2,4,2,2
20261007,birth,oracle,1.0,2023-10,2,0,0,0,2,4,2,2
20261007,birth,oracle,1.0,2023-11,2,0,0,0,2,4,2,2
20261007,birth,oracle,1.0,2023-12,2,0,0,0,2,4,2,2
20261007,birth,oracle,1.0,2024-01,2,0,0,0,4,6,2,3
20261007,birth,oracle,1.0,2024-02,3,0,0,0,6,9,3,3
20261007,birth,oracle,1.0,2024-03,3,0,0,0,6,9,3,3
20261007,birth,oracle,1.0,2024-04,3,0,0,0,6,9,3,3
20261007,birth,oracle,1.0,2024-05,3,0,0,0,6,9,3,3
20261007,birth,oracle,1.0,2024-06,3,0,0,0,6,9,3,3
20261007,birth,oracle,1.0,2024-07,3,0,0,0,6,9,3,3
20261007,birth,oracle,1.0,2024-08,3,0,0,0,6,9,3,3
20261007,birth,oracle,1.0,2024-09,3,0,0,0,6,9,3,3
20261007,birth,oracle,1.0,2024-10,3,0,0,0,6,9,3,3
20261007,birth,oracle,1.0,2024-11,3,0,0,0,6,9,3,3
20261007,birth,oracle,1.0,2024-12,3,0,0,0,6,9,3,3
20261007,birth,oracle,1.25,2023-02,2,0,0,0,2,4,2,2
20261007,birth,oracle,1.25,2023-03,2,0,0,0,2,4,2,2
20261007,birth,oracle,1.25,2023-04,2,0,0,0,2,4,2,2
20261007,birth,oracle,1.25,2023-05,2,0,0,0,2,4,2,2
20261007,birth,oracle,1.25,2023-06,2,0,0,0,2,4,2,2
20261007,birth,oracle,1.25,2023-07,2,0,0,0,2,4,2,2
20261007,birth,oracle,1.25,2023-08,2,0,0,0,2,4,2,2
20261007,birth,oracle,1.25,2023-09,2,0,0,0,2,4,2,2
20261007,birth,oracle,1.25,2023-10,2,0,0,0,2,4,2,2
20261007,birth,oracle,1.25,2023-11,2,0,0,0,2,4,2,2
20261007,birth,oracle,1.25,2023-12,2,0,0,0,2,4,2,2
20261007,birth,oracle,1.25,2024-01,2,0,0,0,4,6,2,3
20261007,birth,oracle,1.25,2024-02,2,0,0,1,6,9,3,3
20261007,birth,oracle,1.25,2024-03,2,0,0,1,6,9,3,3
20261007,birth,oracle,1.25,2024-04,3,0,0,0,6,9,3,3
20261007,birth,oracle,1.25,2024-05,3,0,0,0,6,9,3,3
20261007,birth,oracle,1.25,2024-06,2,0,0,1,6,9,3,3
20261007,birth,oracle,1.25,2024-07,3,0,0,0,6,9,3,3
20261007,birth,oracle,1.25,2024-08,3,0,0,0,6,9,3,3
20261007,birth,oracle,1.25,2024-09,2,0,0,1,6,9,3,3
20261007,birth,oracle,1.25,2024-10,3,0,0,0,6,9,3,3
20261007,birth,oracle,1.25,2024-11,2,0,0,1,6,9,3,3
20261007,birth,oracle,1.25,2024-12,2,0,0,1,6,9,3,3
20261007,birth,unsupervised,0.75,2023-02,2,0,0,0,2,4,2,2
20261007,birth,unsupervised,0.75,2023-03,2,0,0,0,2,4,2,2
20261007,birth,unsupervised,0.75,2023-04,2,0,0,0,2,4,2,2
20261007,birth,unsupervised,0.75,2023-05,2,0,0,0,2,4,2,2
20261007,birth,unsupervised,0.75,2023-06,2,0,0,0,2,4,2,2
20261007,birth,unsupervised,0.75,2023-07,2,0,0,0,2,4,2,2
20261007,birth,unsupervised,0.75,2023-08,2,0,0,0,2,4,2,2
20261007,birth,unsupervised,0.75,2023-09,2,0,0,0,2,4,2,2
20261007,birth,unsupervised,0.75,2023-10,2,0,0,0,2,4,2,2
20261007,birth,unsupervised,0.75,2023-11,2,0,0,0,2,4,2,2
20261007,birth,unsupervised,0.75,2023-12,2,0,0,0,2,4,2,2
20261007,birth,unsupervised,0.75,2024-01,2,0,0,0,4,6,2,3
20261007,birth,unsupervised,0.75,2024-02,3,0,0,0,6,9,3,3
20261007,birth,unsupervised,0.75,2024-03,3,0,0,0,6,9,3,3
20261007,birth,unsupervised,0.75,2024-04,3,0,0,0,6,9,3,3
20261007,birth,unsupervised,0.75,2024-05,3,0,0,0,6,9,3,3
20261007,birth,unsupervised,0.75,2024-06,3,0,0,0,6,9,3,3
20261007,birth,unsupervised,0.75,2024-07,3,0,0,0,6,9,3,3
20261007,birth,unsupervised,0.75,2024-08,3,0,0,0,6,9,3,3
20261007,birth,unsupervised,0.75,2024-09,3,0,0,0,6,9,3,3
20261007,birth,unsupervised,0.75,2024-10,3,0,0,0,6,9,3,3
20261007,birth,unsupervised,0.75,2024-11,3,0,0,0,6,9,3,3
20261007,birth,unsupervised,0.75,2024-12,3,0,0,0,6,9,3,3
20261007,birth,unsupervised,1.0,2023-02,2,0,0,0,2,4,2,2
20261007,birth,unsupervised,1.0,2023-03,2,0,0,0,2,4,2,2
20261007,birth,unsupervised,1.0,2023-04,2,0,0,0,2,4,2,2
20261007,birth,unsupervised,1.0,2023-05,2,0,0,0,2,4,2,2
20261007,birth,unsupervised,1.0,2023-06,2,0,0,0,2,4,2,2
20261007,birth,unsupervised,1.0,2023-07,2,0,0,0,2,4,2,2
20261007,birth,unsupervised,1.0,2023-08,2,0,0,0,2,4,2,2
20261007,birth,unsupervised,1.0,2023-09,2,0,0,0,2,4,2,2
20261007,birth,unsupervised,1.0,2023-10,2,0,0,0,2,4,2,2
20261007,birth,unsupervised,1.0,2023-11,2,0,0,0,2,4,2,2
20261007,birth,unsupervised,1.0,2023-12,2,0,0,0,2,4,2,2
20261007,birth,unsupervised,1.0,2024-01,2,0,0,0,4,6,2,3
20261007,birth,unsupervised,1.0,2024-02,3,0,0,0,6,9,3,3
20261007,birth,unsupervised,1.0,2024-03,3,0,0,0,6,9,3,3
20261007,birth,unsupervised,1.0,2024-04,3,0,0,0,6,9,3,3
20261007,birth,unsupervised,1.0,2024-05,3,0,0,0,6,9,3,3
20261007,birth,unsupervised,1.0,2024-06,3,0,0,0,6,9,3,3
20261007,birth,unsupervised,1.0,2024-07,3,0,0,0,6,9,3,3
20261007,birth,unsupervised,1.0,2024-08,3,0,0,0,6,9,3,3
20261007,birth,unsupervised,1.0,2024-09,3,0,0,0,6,9,3,3
20261007,birth,unsupervised,1.0,2024-10,3,0,0,0,6,9,3,3
20261007,birth,unsupervised,1.0,2024-11,3,0,0,0,6,9,3,3
20261007,birth,unsupervised,1.0,2024-12,3,0,0,0,6,9,3,3
20261007,birth,unsupervised,1.25,2023-02,2,0,0,0,2,4,2,2
20261007,birth,unsupervised,1.25,2023-03,2,0,0,0,2,4,2,2
20261007,birth,unsupervised,1.25,2023-04,2,0,0,0,2,4,2,2
20261007,birth,unsupervised,1.25,2023-05,2,0,0,0,2,4,2,2
20261007,birth,unsupervised,1.25,2023-06,2,0,0,0,2,4,2,2
20261007,birth,unsupervised,1.25,2023-07,2,0,0,0,2,4,2,2
20261007,birth,unsupervised,1.25,2023-08,2,0,0,0,2,4,2,2
20261007,birth,unsupervised,1.25,2023-09,2,0,0,0,2,4,2,2
20261007,birth,unsupervised,1.25,2023-10,2,0,0,0,2,4,2,2
20261007,birth,unsupervised,1.25,2023-11,2,0,0,0,2,4,2,2
20261007,birth,unsupervised,1.25,2023-12,2,0,0,0,2,4,2,2
20261007,birth,unsupervised,1.25,2024-01,2,0,0,0,4,6,2,3
20261007,birth,unsupervised,1.25,2024-02,2,0,0,1,6,9,3,3
20261007,birth,unsupervised,1.25,2024-03,2,0,0,1,6,9,3,3
20261007,birth,unsupervised,1.25,2024-04,3,0,0,0,6,9,3,3
20261007,birth,unsupervised,1.25,2024-05,3,0,0,0,6,9,3,3
20261007,birth,unsupervised,1.25,2024-06,2,0,0,1,6,9,3,3
20261007,birth,unsupervised,1.25,2024-07,3,0,0,0,6,9,3,3
20261007,birth,unsupervised,1.25,2024-08,3,0,0,0,6,9,3,3
20261007,birth,unsupervised,1.25,2024-09,2,0,0,1,6,9,3,3
20261007,birth,unsupervised,1.25,2024-10,3,0,0,0,6,9,3,3
20261007,birth,unsupervised,1.25,2024-11,2,0,0,1,6,9,3,3
20261007,birth,unsupervised,1.25,2024-12,2,0,0,1,6,9,3,3
20261007,death,oracle,0.75,2023-02,3,0,0,0,6,9,3,3
20261007,death,oracle,0.75,2023-03,3,0,0,0,6,9,3,3
20261007,death,oracle,0.75,2023-04,3,0,0,0,6,9,3,3
20261007,death,oracle,0.75,2023-05,3,0,0,0,6,9,3,3
20261007,death,oracle,0.75,2023-06,3,0,0,0,6,9,3,3
20261007,death,oracle,0.75,2023-07,3,0,0,0,6,9,3,3
20261007,death,oracle,0.75,2023-08,3,0,0,0,6,9,3,3
20261007,death,oracle,0.75,2023-09,3,0,0,0,6,9,3,3
20261007,death,oracle,0.75,2023-10,3,0,0,0,6,9,3,3
20261007,death,oracle,0.75,2023-11,3,0,0,0,6,9,3,3
20261007,death,oracle,0.75,2023-12,3,0,0,0,6,9,3,3
20261007,death,oracle,0.75,2024-01,3,0,0,0,6,9,3,3
20261007,death,oracle,0.75,2024-02,3,0,0,0,6,9,3,3
20261007,death,oracle,0.75,2024-03,3,0,0,0,6,9,3,3
20261007,death,oracle,0.75,2024-04,3,0,0,0,6,9,3,3
20261007,death,oracle,0.75,2024-05,3,0,0,0,6,9,3,3
20261007,death,oracle,0.75,2024-06,3,0,0,0,6,9,3,3
20261007,death,oracle,0.75,2024-07,2,0,0,0,4,6,2,2
20261007,death,oracle,0.75,2024-08,2,0,0,0,4,6,2,2
20261007,death,oracle,0.75,2024-09,2,0,0,0,4,6,2,2
20261007,death,oracle,0.75,2024-10,2,0,0,0,4,6,2,2
20261007,death,oracle,0.75,2024-11,2,0,0,0,2,4,2,2
20261007,death,oracle,0.75,2024-12,2,0,0,0,2,4,2,2
20261007,death,oracle,1.0,2023-02,3,0,0,0,6,9,3,3
20261007,death,oracle,1.0,2023-03,3,0,0,0,6,9,3,3
20261007,death,oracle,1.0,2023-04,3,0,0,0,6,9,3,3
20261007,death,oracle,1.0,2023-05,3,0,0,0,6,9,3,3
20261007,death,oracle,1.0,2023-06,3,0,0,0,6,9,3,3
20261007,death,oracle,1.0,2023-07,3,0,0,0,6,9,3,3
20261007,death,oracle,1.0,2023-08,3,0,0,0,6,9,3,3
20261007,death,oracle,1.0,2023-09,3,0,0,0,6,9,3,3
20261007,death,oracle,1.0,2023-10,3,0,0,0,6,9,3,3
20261007,death,oracle,1.0,2023-11,3,0,0,0,6,9,3,3
20261007,death,oracle,1.0,2023-12,3,0,0,0,6,9,3,3
20261007,death,oracle,1.0,2024-01,3,0,0,0,6,9,3,3
20261007,death,oracle,1.0,2024-02,3,0,0,0,6,9,3,3
20261007,death,oracle,1.0,2024-03,3,0,0,0,6,9,3,3
20261007,death,oracle,1.0,2024-04,3,0,0,0,6,9,3,3
20261007,death,oracle,1.0,2024-05,3,0,0,0,6,9,3,3
20261007,death,oracle,1.0,2024-06,3,0,0,0,6,9,3,3
20261007,death,oracle,1.0,2024-07,2,0,0,0,4,6,2,2
20261007,death,oracle,1.0,2024-08,2,0,0,0,4,6,2,2
20261007,death,oracle,1.0,2024-09,2,0,0,0,4,6,2,2
20261007,death,oracle,1.0,2024-10,2,0,0,0,4,6,2,2
20261007,death,oracle,1.0,2024-11,2,0,0,0,2,4,2,2
20261007,death,oracle,1.0,2024-12,2,0,0,0,2,4,2,2
20261007,death,oracle,1.25,2023-02,2,0,0,1,6,9,3,3
20261007,death,oracle,1.25,2023-03,3,0,0,0,6,9,3,3
20261007,death,oracle,1.25,2023-04,2,0,0,1,6,9,3,3
20261007,death,oracle,1.25,2023-05,3,0,0,0,6,9,3,3
20261007,death,oracle,1.25,2023-06,3,0,0,0,6,9,3,3
20261007,death,oracle,1.25,2023-07,2,0,0,1,6,9,3,3
20261007,death,oracle,1.25,2023-08,3,0,0,0,6,9,3,3
20261007,death,oracle,1.25,2023-09,2,0,0,1,6,9,3,3
20261007,death,oracle,1.25,2023-10,3,0,0,0,6,9,3,3
20261007,death,oracle,1.25,2023-11,2,0,0,1,6,9,3,3
20261007,death,oracle,1.25,2023-12,3,0,0,0,6,9,3,3
20261007,death,oracle,1.25,2024-01,2,0,0,1,6,9,3,3
20261007,death,oracle,1.25,2024-02,2,0,0,1,6,9,3,3
20261007,death,oracle,1.25,2024-03,2,0,0,1,6,9,3,3
20261007,death,oracle,1.25,2024-04,3,0,0,0,6,9,3,3
20261007,death,oracle,1.25,2024-05,3,0,0,0,6,9,3,3
20261007,death,oracle,1.25,2024-06,3,0,0,0,6,9,3,3
20261007,death,oracle,1.25,2024-07,2,0,0,0,4,6,2,2
20261007,death,oracle,1.25,2024-08,2,0,0,0,4,6,2,2
20261007,death,oracle,1.25,2024-09,2,0,0,0,4,6,2,2
20261007,death,oracle,1.25,2024-10,2,0,0,0,4,6,2,2
20261007,death,oracle,1.25,2024-11,2,0,0,0,2,4,2,2
20261007,death,oracle,1.25,2024-12,2,0,0,0,2,4,2,2
20261007,death,unsupervised,0.75,2023-02,3,0,0,0,6,9,3,3
20261007,death,unsupervised,0.75,2023-03,3,0,0,0,6,9,3,3
20261007,death,unsupervised,0.75,2023-04,3,0,0,0,6,9,3,3
20261007,death,unsupervised,0.75,2023-05,3,0,0,0,6,9,3,3
20261007,death,unsupervised,0.75,2023-06,3,0,0,0,6,9,3,3
20261007,death,unsupervised,0.75,2023-07,3,0,0,0,6,9,3,3
20261007,death,unsupervised,0.75,2023-08,3,0,0,0,6,9,3,3
20261007,death,unsupervised,0.75,2023-09,3,0,0,0,6,9,3,3
20261007,death,unsupervised,0.75,2023-10,3,0,0,0,6,9,3,3
20261007,death,unsupervised,0.75,2023-11,3,0,0,0,6,9,3,3
20261007,death,unsupervised,0.75,2023-12,3,0,0,0,6,9,3,3
20261007,death,unsupervised,0.75,2024-01,3,0,0,0,6,9,3,3
20261007,death,unsupervised,0.75,2024-02,3,0,0,0,6,9,3,3
20261007,death,unsupervised,0.75,2024-03,3,0,0,0,6,9,3,3
20261007,death,unsupervised,0.75,2024-04,3,0,0,0,6,9,3,3
20261007,death,unsupervised,0.75,2024-05,3,0,0,0,6,9,3,3
20261007,death,unsupervised,0.75,2024-06,3,0,0,0,6,9,3,3
20261007,death,unsupervised,0.75,2024-07,2,0,0,0,4,6,2,2
20261007,death,unsupervised,0.75,2024-08,2,0,0,0,4,6,2,2
20261007,death,unsupervised,0.75,2024-09,2,0,0,0,4,6,2,2
20261007,death,unsupervised,0.75,2024-10,2,0,0,0,4,6,2,2
20261007,death,unsupervised,0.75,2024-11,2,0,0,0,2,4,2,2
20261007,death,unsupervised,0.75,2024-12,2,0,0,0,2,4,2,2
20261007,death,unsupervised,1.0,2023-02,3,0,0,0,6,9,3,3
20261007,death,unsupervised,1.0,2023-03,3,0,0,0,6,9,3,3
20261007,death,unsupervised,1.0,2023-04,3,0,0,0,6,9,3,3
20261007,death,unsupervised,1.0,2023-05,3,0,0,0,6,9,3,3
20261007,death,unsupervised,1.0,2023-06,3,0,0,0,6,9,3,3
20261007,death,unsupervised,1.0,2023-07,3,0,0,0,6,9,3,3
20261007,death,unsupervised,1.0,2023-08,3,0,0,0,6,9,3,3
20261007,death,unsupervised,1.0,2023-09,3,0,0,0,6,9,3,3
20261007,death,unsupervised,1.0,2023-10,3,0,0,0,6,9,3,3
20261007,death,unsupervised,1.0,2023-11,3,0,0,0,6,9,3,3
20261007,death,unsupervised,1.0,2023-12,3,0,0,0,6,9,3,3
20261007,death,unsupervised,1.0,2024-01,3,0,0,0,6,9,3,3
20261007,death,unsupervised,1.0,2024-02,3,0,0,0,6,9,3,3
20261007,death,unsupervised,1.0,2024-03,3,0,0,0,6,9,3,3
20261007,death,unsupervised,1.0,2024-04,3,0,0,0,6,9,3,3
20261007,death,unsupervised,1.0,2024-05,3,0,0,0,6,9,3,3
20261007,death,unsupervised,1.0,2024-06,3,0,0,0,6,9,3,3
20261007,death,unsupervised,1.0,2024-07,2,0,0,0,4,6,2,2
20261007,death,unsupervised,1.0,2024-08,2,0,0,0,4,6,2,2
20261007,death,unsupervised,1.0,2024-09,2,0,0,0,4,6,2,2
20261007,death,unsupervised,1.0,2024-10,2,0,0,0,4,6,2,2
20261007,death,unsupervised,1.0,2024-11,2,0,0,0,2,4,2,2
20261007,death,unsupervised,1.0,2024-12,2,0,0,0,2,4,2,2
20261007,death,unsupervised,1.25,2023-02,2,0,0,1,6,9,3,3
20261007,death,unsupervised,1.25,2023-03,3,0,0,0,6,9,3,3
20261007,death,unsupervised,1.25,2023-04,2,0,0,1,6,9,3,3
20261007,death,unsupervised,1.25,2023-05,3,0,0,0,6,9,3,3
20261007,death,unsupervised,1.25,2023-06,3,0,0,0,6,9,3,3
20261007,death,unsupervised,1.25,2023-07,2,0,0,1,6,9,3,3
20261007,death,unsupervised,1.25,2023-08,3,0,0,0,6,9,3,3
20261007,death,unsupervised,1.25,2023-09,2,0,0,1,6,9,3,3
20261007,death,unsupervised,1.25,2023-10,3,0,0,0,6,9,3,3
20261007,death,unsupervised,1.25,2023-11,2,0,0,1,6,9,3,3
20261007,death,unsupervised,1.25,2023-12,3,0,0,0,6,9,3,3
20261007,death,unsupervised,1.25,2024-01,2,0,0,1,6,9,3,3
20261007,death,unsupervised,1.25,2024-02,2,0,0,1,6,9,3,3
20261007,death,unsupervised,1.25,2024-03,2,0,0,1,6,9,3,3
20261007,death,unsupervised,1.25,2024-04,3,0,0,0,6,9,3,3
20261007,death,unsupervised,1.25,2024-05,3,0,0,0,6,9,3,3
20261007,death,unsupervised,1.25,2024-06,3,0,0,0,6,9,3,3
20261007,death,unsupervised,1.25,2024-07,2,0,0,0,4,6,2,2
20261007,death,unsupervised,1.25,2024-08,2,0,0,0,4,6,2,2
20261007,death,unsupervised,1.25,2024-09,2,0,0,0,4,6,2,2
20261007,death,unsupervised,1.25,2024-10,2,0,0,0,4,6,2,2
20261007,death,unsupervised,1.25,2024-11,2,0,0,0,2,4,2,2
20261007,death,unsupervised,1.25,2024-12,2,0,0,0,2,4,2,2
20261007,split,oracle,0.75,2023-02,2,0,0,0,2,4,2,2
20261007,split,oracle,0.75,2023-03,2,0,0,0,2,4,2,2
20261007,split,oracle,0.75,2023-04,2,0,0,0,2,4,2,2
20261007,split,oracle,0.75,2023-05,2,0,0,0,2,4,2,2
20261007,split,oracle,0.75,2023-06,2,0,0,0,2,4,2,2
20261007,split,oracle,0.75,2023-07,2,0,0,0,2,4,2,2
20261007,split,oracle,0.75,2023-08,2,0,0,0,2,4,2,2
20261007,split,oracle,0.75,2023-09,2,0,0,0,2,4,2,2
20261007,split,oracle,0.75,2023-10,2,0,0,0,2,4,2,2
20261007,split,oracle,0.75,2023-11,2,0,0,0,2,4,2,2
20261007,split,oracle,0.75,2023-12,2,0,0,0,2,4,2,2
20261007,split,oracle,0.75,2024-01,2,0,0,0,2,4,2,2
20261007,split,oracle,0.75,2024-02,2,0,0,0,2,4,2,2
20261007,split,oracle,0.75,2024-03,1,0,0,0,5,6,1,3
20261007,split,oracle,0.75,2024-04,3,0,0,0,9,12,3,3
20261007,split,oracle,0.75,2024-05,3,0,0,0,9,12,3,3
20261007,split,oracle,0.75,2024-06,3,0,0,0,9,12,3,3
20261007,split,oracle,0.75,2024-07,3,0,0,0,6,9,3,3
20261007,split,oracle,0.75,2024-08,3,0,0,0,6,9,3,3
20261007,split,oracle,0.75,2024-09,3,0,0,0,6,9,3,3
20261007,split,oracle,0.75,2024-10,3,0,0,0,6,9,3,3
20261007,split,oracle,0.75,2024-11,3,0,0,0,6,9,3,3
20261007,split,oracle,0.75,2024-12,3,0,0,0,6,9,3,3
20261007,split,oracle,1.0,2023-02,2,0,0,0,2,4,2,2
20261007,split,oracle,1.0,2023-03,2,0,0,0,2,4,2,2
20261007,split,oracle,1.0,2023-04,2,0,0,0,2,4,2,2
20261007,split,oracle,1.0,2023-05,2,0,0,0,2,4,2,2
20261007,split,oracle,1.0,2023-06,2,0,0,0,2,4,2,2
20261007,split,oracle,1.0,2023-07,2,0,0,0,2,4,2,2
20261007,split,oracle,1.0,2023-08,2,0,0,0,2,4,2,2
20261007,split,oracle,1.0,2023-09,2,0,0,0,2,4,2,2
20261007,split,oracle,1.0,2023-10,2,0,0,0,2,4,2,2
20261007,split,oracle,1.0,2023-11,2,0,0,0,2,4,2,2
20261007,split,oracle,1.0,2023-12,2,0,0,0,2,4,2,2
20261007,split,oracle,1.0,2024-01,2,0,0,0,2,4,2,2
20261007,split,oracle,1.0,2024-02,2,0,0,0,2,4,2,2
20261007,split,oracle,1.0,2024-03,1,0,0,0,5,6,1,3
20261007,split,oracle,1.0,2024-04,3,0,0,0,9,12,3,3
20261007,split,oracle,1.0,2024-05,3,0,0,0,9,12,3,3
20261007,split,oracle,1.0,2024-06,3,0,0,0,9,12,3,3
20261007,split,oracle,1.0,2024-07,3,0,0,0,6,9,3,3
20261007,split,oracle,1.0,2024-08,3,0,0,0,6,9,3,3
20261007,split,oracle,1.0,2024-09,3,0,0,0,6,9,3,3
20261007,split,oracle,1.0,2024-10,3,0,0,0,6,9,3,3
20261007,split,oracle,1.0,2024-11,3,0,0,0,6,9,3,3
20261007,split,oracle,1.0,2024-12,3,0,0,0,6,9,3,3
20261007,split,oracle,1.25,2023-02,2,0,0,0,2,4,2,2
20261007,split,oracle,1.25,2023-03,2,0,0,0,2,4,2,2
20261007,split,oracle,1.25,2023-04,2,0,0,0,2,4,2,2
20261007,split,oracle,1.25,2023-05,2,0,0,0,2,4,2,2
20261007,split,oracle,1.25,2023-06,2,0,0,0,2,4,2,2
20261007,split,oracle,1.25,2023-07,2,0,0,0,2,4,2,2
20261007,split,oracle,1.25,2023-08,2,0,0,0,2,4,2,2
20261007,split,oracle,1.25,2023-09,2,0,0,0,2,4,2,2
20261007,split,oracle,1.25,2023-10,2,0,0,0,2,4,2,2
20261007,split,oracle,1.25,2023-11,2,0,0,0,2,4,2,2
20261007,split,oracle,1.25,2023-12,2,0,0,0,2,4,2,2
20261007,split,oracle,1.25,2024-01,2,0,0,0,2,4,2,2
20261007,split,oracle,1.25,2024-02,2,0,0,0,2,4,2,2
20261007,split,oracle,1.25,2024-03,1,0,0,0,5,6,1,3
20261007,split,oracle,1.25,2024-04,1,0,0,2,9,12,3,3
20261007,split,oracle,1.25,2024-05,3,0,0,0,9,12,3,3
20261007,split,oracle,1.25,2024-06,2,0,0,1,9,12,3,3
20261007,split,oracle,1.25,2024-07,3,0,0,0,6,9,3,3
20261007,split,oracle,1.25,2024-08,3,0,0,0,6,9,3,3
20261007,split,oracle,1.25,2024-09,3,0,0,0,6,9,3,3
20261007,split,oracle,1.25,2024-10,3,0,0,0,6,9,3,3
20261007,split,oracle,1.25,2024-11,3,0,0,0,6,9,3,3
20261007,split,oracle,1.25,2024-12,3,0,0,0,6,9,3,3
20261007,split,unsupervised,0.75,2023-02,2,0,0,0,2,4,2,2
20261007,split,unsupervised,0.75,2023-03,2,0,0,0,2,4,2,2
20261007,split,unsupervised,0.75,2023-04,2,0,0,0,2,4,2,2
20261007,split,unsupervised,0.75,2023-05,2,0,0,0,2,4,2,2
20261007,split,unsupervised,0.75,2023-06,2,0,0,0,2,4,2,2
20261007,split,unsupervised,0.75,2023-07,2,0,0,0,2,4,2,2
20261007,split,unsupervised,0.75,2023-08,2,0,0,0,2,4,2,2
20261007,split,unsupervised,0.75,2023-09,2,0,0,0,2,4,2,2
20261007,split,unsupervised,0.75,2023-10,2,0,0,0,2,4,2,2
20261007,split,unsupervised,0.75,2023-11,2,0,0,0,2,4,2,2
20261007,split,unsupervised,0.75,2023-12,2,0,0,0,2,4,2,2
20261007,split,unsupervised,0.75,2024-01,2,0,0,0,2,4,2,2
20261007,split,unsupervised,0.75,2024-02,2,0,0,0,2,4,2,2
20261007,split,unsupervised,0.75,2024-03,1,0,0,0,5,6,1,3
20261007,split,unsupervised,0.75,2024-04,3,0,0,0,9,12,3,3
20261007,split,unsupervised,0.75,2024-05,3,0,0,0,9,12,3,3
20261007,split,unsupervised,0.75,2024-06,3,0,0,0,9,12,3,3
20261007,split,unsupervised,0.75,2024-07,3,0,0,0,6,9,3,3
20261007,split,unsupervised,0.75,2024-08,3,0,0,0,6,9,3,3
20261007,split,unsupervised,0.75,2024-09,3,0,0,0,6,9,3,3
20261007,split,unsupervised,0.75,2024-10,3,0,0,0,6,9,3,3
20261007,split,unsupervised,0.75,2024-11,3,0,0,0,6,9,3,3
20261007,split,unsupervised,0.75,2024-12,3,0,0,0,6,9,3,3
20261007,split,unsupervised,1.0,2023-02,2,0,0,0,2,4,2,2
20261007,split,unsupervised,1.0,2023-03,2,0,0,0,2,4,2,2
20261007,split,unsupervised,1.0,2023-04,2,0,0,0,2,4,2,2
20261007,split,unsupervised,1.0,2023-05,2,0,0,0,2,4,2,2
20261007,split,unsupervised,1.0,2023-06,2,0,0,0,2,4,2,2
20261007,split,unsupervised,1.0,2023-07,2,0,0,0,2,4,2,2
20261007,split,unsupervised,1.0,2023-08,2,0,0,0,2,4,2,2
20261007,split,unsupervised,1.0,2023-09,2,0,0,0,2,4,2,2
20261007,split,unsupervised,1.0,2023-10,2,0,0,0,2,4,2,2
20261007,split,unsupervised,1.0,2023-11,2,0,0,0,2,4,2,2
20261007,split,unsupervised,1.0,2023-12,2,0,0,0,2,4,2,2
20261007,split,unsupervised,1.0,2024-01,2,0,0,0,2,4,2,2
20261007,split,unsupervised,1.0,2024-02,2,0,0,0,2,4,2,2
20261007,split,unsupervised,1.0,2024-03,1,0,0,0,5,6,1,3
20261007,split,unsupervised,1.0,2024-04,3,0,0,0,9,12,3,3
20261007,split,unsupervised,1.0,2024-05,3,0,0,0,9,12,3,3
20261007,split,unsupervised,1.0,2024-06,3,0,0,0,9,12,3,3
20261007,split,unsupervised,1.0,2024-07,3,0,0,0,6,9,3,3
20261007,split,unsupervised,1.0,2024-08,3,0,0,0,6,9,3,3
20261007,split,unsupervised,1.0,2024-09,3,0,0,0,6,9,3,3
20261007,split,unsupervised,1.0,2024-10,3,0,0,0,6,9,3,3
20261007,split,unsupervised,1.0,2024-11,3,0,0,0,6,9,3,3
20261007,split,unsupervised,1.0,2024-12,3,0,0,0,6,9,3,3
20261007,split,unsupervised,1.25,2023-02,2,0,0,0,2,4,2,2
20261007,split,unsupervised,1.25,2023-03,2,0,0,0,2,4,2,2
20261007,split,unsupervised,1.25,2023-04,2,0,0,0,2,4,2,2
20261007,split,unsupervised,1.25,2023-05,2,0,0,0,2,4,2,2
20261007,split,unsupervised,1.25,2023-06,2,0,0,0,2,4,2,2
20261007,split,unsupervised,1.25,2023-07,2,0,0,0,2,4,2,2
20261007,split,unsupervised,1.25,2023-08,2,0,0,0,2,4,2,2
20261007,split,unsupervised,1.25,2023-09,2,0,0,0,2,4,2,2
20261007,split,unsupervised,1.25,2023-10,2,0,0,0,2,4,2,2
20261007,split,unsupervised,1.25,2023-11,2,0,0,0,2,4,2,2
20261007,split,unsupervised,1.25,2023-12,2,0,0,0,2,4,2,2
20261007,split,unsupervised,1.25,2024-01,2,0,0,0,2,4,2,2
20261007,split,unsupervised,1.25,2024-02,2,0,0,0,2,4,2,2
20261007,split,unsupervised,1.25,2024-03,1,0,0,0,5,6,1,3
20261007,split,unsupervised,1.25,2024-04,1,0,0,2,9,12,3,3
20261007,split,unsupervised,1.25,2024-05,3,0,0,0,9,12,3,3
20261007,split,unsupervised,1.25,2024-06,2,0,0,1,9,12,3,3
20261007,split,unsupervised,1.25,2024-07,3,0,0,0,6,9,3,3
20261007,split,unsupervised,1.25,2024-08,3,0,0,0,6,9,3,3
20261007,split,unsupervised,1.25,2024-09,3,0,0,0,6,9,3,3
20261007,split,unsupervised,1.25,2024-10,3,0,0,0,6,9,3,3
20261007,split,unsupervised,1.25,2024-11,3,0,0,0,6,9,3,3
20261007,split,unsupervised,1.25,2024-12,3,0,0,0,6,9,3,3
20261007,merge,oracle,0.75,2023-02,3,0,0,0,6,9,3,3
20261007,merge,oracle,0.75,2023-03,3,0,0,0,6,9,3,3
20261007,merge,oracle,0.75,2023-04,3,0,0,0,6,9,3,3
20261007,merge,oracle,0.75,2023-05,3,0,0,0,6,9,3,3
20261007,merge,oracle,0.75,2023-06,3,0,0,0,6,9,3,3
20261007,merge,oracle,0.75,2023-07,3,0,0,0,6,9,3,3
20261007,merge,oracle,0.75,2023-08,3,0,0,0,6,9,3,3
20261007,merge,oracle,0.75,2023-09,3,0,0,0,6,9,3,3
20261007,merge,oracle,0.75,2023-10,3,0,0,0,6,9,3,3
20261007,merge,oracle,0.75,2023-11,3,0,0,0,6,9,3,3
20261007,merge,oracle,0.75,2023-12,3,0,0,0,6,9,3,3
20261007,merge,oracle,0.75,2024-01,3,0,0,0,6,9,3,3
20261007,merge,oracle,0.75,2024-02,3,0,0,0,6,9,3,3
20261007,merge,oracle,0.75,2024-03,1,0,0,0,5,6,1,2
20261007,merge,oracle,0.75,2024-04,2,0,0,0,6,8,2,2
20261007,merge,oracle,0.75,2024-05,2,0,0,0,6,8,2,2
20261007,merge,oracle,0.75,2024-06,2,0,0,0,6,8,2,2
20261007,merge,oracle,0.75,2024-07,2,0,0,0,2,4,2,2
20261007,merge,oracle,0.75,2024-08,2,0,0,0,2,4,2,2
20261007,merge,oracle,0.75,2024-09,2,0,0,0,2,4,2,2
20261007,merge,oracle,0.75,2024-10,2,0,0,0,2,4,2,2
20261007,merge,oracle,0.75,2024-11,2,0,0,0,2,4,2,2
20261007,merge,oracle,0.75,2024-12,2,0,0,0,2,4,2,2
20261007,merge,oracle,1.0,2023-02,3,0,0,0,6,9,3,3
20261007,merge,oracle,1.0,2023-03,3,0,0,0,6,9,3,3
20261007,merge,oracle,1.0,2023-04,3,0,0,0,6,9,3,3
20261007,merge,oracle,1.0,2023-05,3,0,0,0,6,9,3,3
20261007,merge,oracle,1.0,2023-06,3,0,0,0,6,9,3,3
20261007,merge,oracle,1.0,2023-07,3,0,0,0,6,9,3,3
20261007,merge,oracle,1.0,2023-08,3,0,0,0,6,9,3,3
20261007,merge,oracle,1.0,2023-09,3,0,0,0,6,9,3,3
20261007,merge,oracle,1.0,2023-10,3,0,0,0,6,9,3,3
20261007,merge,oracle,1.0,2023-11,3,0,0,0,6,9,3,3
20261007,merge,oracle,1.0,2023-12,3,0,0,0,6,9,3,3
20261007,merge,oracle,1.0,2024-01,3,0,0,0,6,9,3,3
20261007,merge,oracle,1.0,2024-02,3,0,0,0,6,9,3,3
20261007,merge,oracle,1.0,2024-03,1,0,0,0,5,6,1,2
20261007,merge,oracle,1.0,2024-04,2,0,0,0,6,8,2,2
20261007,merge,oracle,1.0,2024-05,2,0,0,0,6,8,2,2
20261007,merge,oracle,1.0,2024-06,2,0,0,0,6,8,2,2
20261007,merge,oracle,1.0,2024-07,2,0,0,0,2,4,2,2
20261007,merge,oracle,1.0,2024-08,2,0,0,0,2,4,2,2
20261007,merge,oracle,1.0,2024-09,2,0,0,0,2,4,2,2
20261007,merge,oracle,1.0,2024-10,2,0,0,0,2,4,2,2
20261007,merge,oracle,1.0,2024-11,2,0,0,0,2,4,2,2
20261007,merge,oracle,1.0,2024-12,2,0,0,0,2,4,2,2
20261007,merge,oracle,1.25,2023-02,3,0,0,0,6,9,3,3
20261007,merge,oracle,1.25,2023-03,3,0,0,0,6,9,3,3
20261007,merge,oracle,1.25,2023-04,3,0,0,0,6,9,3,3
20261007,merge,oracle,1.25,2023-05,3,0,0,0,6,9,3,3
20261007,merge,oracle,1.25,2023-06,3,0,0,0,6,9,3,3
20261007,merge,oracle,1.25,2023-07,3,0,0,0,6,9,3,3
20261007,merge,oracle,1.25,2023-08,3,0,0,0,6,9,3,3
20261007,merge,oracle,1.25,2023-09,3,0,0,0,6,9,3,3
20261007,merge,oracle,1.25,2023-10,3,0,0,0,6,9,3,3
20261007,merge,oracle,1.25,2023-11,3,0,0,0,6,9,3,3
20261007,merge,oracle,1.25,2023-12,3,0,0,0,6,9,3,3
20261007,merge,oracle,1.25,2024-01,3,0,0,0,6,9,3,3
20261007,merge,oracle,1.25,2024-02,3,0,0,0,6,9,3,3
20261007,merge,oracle,1.25,2024-03,1,0,0,0,5,6,1,2
20261007,merge,oracle,1.25,2024-04,2,0,0,0,6,8,2,2
20261007,merge,oracle,1.25,2024-05,2,0,0,0,6,8,2,2
20261007,merge,oracle,1.25,2024-06,2,0,0,0,6,8,2,2
20261007,merge,oracle,1.25,2024-07,2,0,0,0,2,4,2,2
20261007,merge,oracle,1.25,2024-08,2,0,0,0,2,4,2,2
20261007,merge,oracle,1.25,2024-09,2,0,0,0,2,4,2,2
20261007,merge,oracle,1.25,2024-10,2,0,0,0,2,4,2,2
20261007,merge,oracle,1.25,2024-11,2,0,0,0,2,4,2,2
20261007,merge,oracle,1.25,2024-12,2,0,0,0,2,4,2,2
20261007,merge,unsupervised,0.75,2023-02,3,0,0,0,6,9,3,3
20261007,merge,unsupervised,0.75,2023-03,3,0,0,0,6,9,3,3
20261007,merge,unsupervised,0.75,2023-04,3,0,0,0,6,9,3,3
20261007,merge,unsupervised,0.75,2023-05,3,0,0,0,6,9,3,3
20261007,merge,unsupervised,0.75,2023-06,3,0,0,0,6,9,3,3
20261007,merge,unsupervised,0.75,2023-07,3,0,0,0,6,9,3,3
20261007,merge,unsupervised,0.75,2023-08,3,0,0,0,6,9,3,3
20261007,merge,unsupervised,0.75,2023-09,3,0,0,0,6,9,3,3
20261007,merge,unsupervised,0.75,2023-10,3,0,0,0,6,9,3,3
20261007,merge,unsupervised,0.75,2023-11,3,0,0,0,6,9,3,3
20261007,merge,unsupervised,0.75,2023-12,3,0,0,0,6,9,3,3
20261007,merge,unsupervised,0.75,2024-01,3,0,0,0,6,9,3,3
20261007,merge,unsupervised,0.75,2024-02,3,0,0,0,6,9,3,3
20261007,merge,unsupervised,0.75,2024-03,1,0,0,0,5,6,1,2
20261007,merge,unsupervised,0.75,2024-04,2,0,0,0,6,8,2,2
20261007,merge,unsupervised,0.75,2024-05,2,0,0,0,6,8,2,2
20261007,merge,unsupervised,0.75,2024-06,2,0,0,0,6,8,2,2
20261007,merge,unsupervised,0.75,2024-07,2,0,0,0,2,4,2,2
20261007,merge,unsupervised,0.75,2024-08,2,0,0,0,2,4,2,2
20261007,merge,unsupervised,0.75,2024-09,2,0,0,0,2,4,2,2
20261007,merge,unsupervised,0.75,2024-10,2,0,0,0,2,4,2,2
20261007,merge,unsupervised,0.75,2024-11,2,0,0,0,2,4,2,2
20261007,merge,unsupervised,0.75,2024-12,2,0,0,0,2,4,2,2
20261007,merge,unsupervised,1.0,2023-02,3,0,0,0,6,9,3,3
20261007,merge,unsupervised,1.0,2023-03,3,0,0,0,6,9,3,3
20261007,merge,unsupervised,1.0,2023-04,3,0,0,0,6,9,3,3
20261007,merge,unsupervised,1.0,2023-05,3,0,0,0,6,9,3,3
20261007,merge,unsupervised,1.0,2023-06,3,0,0,0,6,9,3,3
20261007,merge,unsupervised,1.0,2023-07,3,0,0,0,6,9,3,3
20261007,merge,unsupervised,1.0,2023-08,3,0,0,0,6,9,3,3
20261007,merge,unsupervised,1.0,2023-09,3,0,0,0,6,9,3,3
20261007,merge,unsupervised,1.0,2023-10,3,0,0,0,6,9,3,3
20261007,merge,unsupervised,1.0,2023-11,3,0,0,0,6,9,3,3
20261007,merge,unsupervised,1.0,2023-12,3,0,0,0,6,9,3,3
20261007,merge,unsupervised,1.0,2024-01,3,0,0,0,6,9,3,3
20261007,merge,unsupervised,1.0,2024-02,3,0,0,0,6,9,3,3
20261007,merge,unsupervised,1.0,2024-03,1,0,0,0,5,6,1,2
20261007,merge,unsupervised,1.0,2024-04,2,0,0,0,6,8,2,2
20261007,merge,unsupervised,1.0,2024-05,2,0,0,0,6,8,2,2
20261007,merge,unsupervised,1.0,2024-06,2,0,0,0,6,8,2,2
20261007,merge,unsupervised,1.0,2024-07,2,0,0,0,2,4,2,2
20261007,merge,unsupervised,1.0,2024-08,2,0,0,0,2,4,2,2
20261007,merge,unsupervised,1.0,2024-09,2,0,0,0,2,4,2,2
20261007,merge,unsupervised,1.0,2024-10,2,0,0,0,2,4,2,2
20261007,merge,unsupervised,1.0,2024-11,2,0,0,0,2,4,2,2
20261007,merge,unsupervised,1.0,2024-12,2,0,0,0,2,4,2,2
20261007,merge,unsupervised,1.25,2023-02,3,0,0,0,6,9,3,3
20261007,merge,unsupervised,1.25,2023-03,3,0,0,0,6,9,3,3
20261007,merge,unsupervised,1.25,2023-04,3,0,0,0,6,9,3,3
20261007,merge,unsupervised,1.25,2023-05,3,0,0,0,6,9,3,3
20261007,merge,unsupervised,1.25,2023-06,3,0,0,0,6,9,3,3
20261007,merge,unsupervised,1.25,2023-07,3,0,0,0,6,9,3,3
20261007,merge,unsupervised,1.25,2023-08,3,0,0,0,6,9,3,3
20261007,merge,unsupervised,1.25,2023-09,3,0,0,0,6,9,3,3
20261007,merge,unsupervised,1.25,2023-10,3,0,0,0,6,9,3,3
20261007,merge,unsupervised,1.25,2023-11,3,0,0,0,6,9,3,3
20261007,merge,unsupervised,1.25,2023-12,3,0,0,0,6,9,3,3
20261007,merge,unsupervised,1.25,2024-01,3,0,0,0,6,9,3,3
20261007,merge,unsupervised,1.25,2024-02,3,0,0,0,6,9,3,3
20261007,merge,unsupervised,1.25,2024-03,1,0,0,0,5,6,1,2
20261007,merge,unsupervised,1.25,2024-04,2,0,0,0,6,8,2,2
20261007,merge,unsupervised,1.25,2024-05,2,0,0,0,6,8,2,2
20261007,merge,unsupervised,1.25,2024-06,2,0,0,0,6,8,2,2
20261007,merge,unsupervised,1.25,2024-07,2,0,0,0,2,4,2,2
20261007,merge,unsupervised,1.25,2024-08,2,0,0,0,2,4,2,2
20261007,merge,unsupervised,1.25,2024-09,2,0,0,0,2,4,2,2
20261007,merge,unsupervised,1.25,2024-10,2,0,0,0,2,4,2,2
20261007,merge,unsupervised,1.25,2024-11,2,0,0,0,2,4,2,2
20261007,merge,unsupervised,1.25,2024-12,2,0,0,0,2,4,2,2
20261007,proximity,oracle,0.75,2023-02,2,0,0,0,2,4,2,2
20261007,proximity,oracle,0.75,2023-03,2,0,0,0,2,4,2,2
20261007,proximity,oracle,0.75,2023-04,2,0,0,0,2,4,2,2
20261007,proximity,oracle,0.75,2023-05,2,0,0,0,2,4,2,2
20261007,proximity,oracle,0.75,2023-06,2,0,0,0,2,4,2,2
20261007,proximity,oracle,0.75,2023-07,2,0,0,0,2,4,2,2
20261007,proximity,oracle,0.75,2023-08,2,0,0,0,2,4,2,2
20261007,proximity,oracle,0.75,2023-09,2,0,0,0,2,4,2,2
20261007,proximity,oracle,0.75,2023-10,2,0,0,0,2,4,2,2
20261007,proximity,oracle,0.75,2023-11,2,0,0,0,2,4,2,2
20261007,proximity,oracle,0.75,2023-12,2,0,0,0,2,4,2,2
20261007,proximity,oracle,0.75,2024-01,2,0,0,0,2,4,2,2
20261007,proximity,oracle,0.75,2024-02,2,0,0,0,2,4,2,2
20261007,proximity,oracle,0.75,2024-03,2,0,0,0,2,4,2,2
20261007,proximity,oracle,0.75,2024-04,2,0,0,0,2,4,2,2
20261007,proximity,oracle,0.75,2024-05,2,0,0,0,2,4,2,2
20261007,proximity,oracle,0.75,2024-06,2,0,0,0,2,4,2,2
20261007,proximity,oracle,0.75,2024-07,2,0,0,0,2,4,2,2
20261007,proximity,oracle,0.75,2024-08,2,0,0,0,2,4,2,2
20261007,proximity,oracle,0.75,2024-09,2,0,0,0,2,4,2,2
20261007,proximity,oracle,0.75,2024-10,2,0,0,0,2,4,2,2
20261007,proximity,oracle,0.75,2024-11,2,0,0,0,2,4,2,2
20261007,proximity,oracle,0.75,2024-12,2,0,0,0,2,4,2,2
20261007,proximity,oracle,1.0,2023-02,2,0,0,0,2,4,2,2
20261007,proximity,oracle,1.0,2023-03,2,0,0,0,2,4,2,2
20261007,proximity,oracle,1.0,2023-04,2,0,0,0,2,4,2,2
20261007,proximity,oracle,1.0,2023-05,2,0,0,0,2,4,2,2
20261007,proximity,oracle,1.0,2023-06,2,0,0,0,2,4,2,2
20261007,proximity,oracle,1.0,2023-07,2,0,0,0,2,4,2,2
20261007,proximity,oracle,1.0,2023-08,2,0,0,0,2,4,2,2
20261007,proximity,oracle,1.0,2023-09,2,0,0,0,2,4,2,2
20261007,proximity,oracle,1.0,2023-10,2,0,0,0,2,4,2,2
20261007,proximity,oracle,1.0,2023-11,2,0,0,0,2,4,2,2
20261007,proximity,oracle,1.0,2023-12,2,0,0,0,2,4,2,2
20261007,proximity,oracle,1.0,2024-01,2,0,0,0,2,4,2,2
20261007,proximity,oracle,1.0,2024-02,2,0,0,0,2,4,2,2
20261007,proximity,oracle,1.0,2024-03,2,0,0,0,2,4,2,2
20261007,proximity,oracle,1.0,2024-04,2,0,0,0,2,4,2,2
20261007,proximity,oracle,1.0,2024-05,2,0,0,0,2,4,2,2
20261007,proximity,oracle,1.0,2024-06,2,0,0,0,2,4,2,2
20261007,proximity,oracle,1.0,2024-07,2,0,0,0,2,4,2,2
20261007,proximity,oracle,1.0,2024-08,2,0,0,0,2,4,2,2
20261007,proximity,oracle,1.0,2024-09,2,0,0,0,2,4,2,2
20261007,proximity,oracle,1.0,2024-10,2,0,0,0,2,4,2,2
20261007,proximity,oracle,1.0,2024-11,2,0,0,0,2,4,2,2
20261007,proximity,oracle,1.0,2024-12,0,0,0,2,2,4,2,2
20261007,proximity,oracle,1.25,2023-02,2,0,0,0,2,4,2,2
20261007,proximity,oracle,1.25,2023-03,2,0,0,0,2,4,2,2
20261007,proximity,oracle,1.25,2023-04,2,0,0,0,2,4,2,2
20261007,proximity,oracle,1.25,2023-05,2,0,0,0,2,4,2,2
20261007,proximity,oracle,1.25,2023-06,2,0,0,0,2,4,2,2
20261007,proximity,oracle,1.25,2023-07,2,0,0,0,2,4,2,2
20261007,proximity,oracle,1.25,2023-08,2,0,0,0,2,4,2,2
20261007,proximity,oracle,1.25,2023-09,2,0,0,0,2,4,2,2
20261007,proximity,oracle,1.25,2023-10,2,0,0,0,2,4,2,2
20261007,proximity,oracle,1.25,2023-11,2,0,0,0,2,4,2,2
20261007,proximity,oracle,1.25,2023-12,2,0,0,0,2,4,2,2
20261007,proximity,oracle,1.25,2024-01,2,0,0,0,2,4,2,2
20261007,proximity,oracle,1.25,2024-02,1,0,0,1,2,4,2,2
20261007,proximity,oracle,1.25,2024-03,0,0,0,2,2,4,2,2
20261007,proximity,oracle,1.25,2024-04,0,0,0,2,2,4,2,2
20261007,proximity,oracle,1.25,2024-05,0,0,0,2,2,4,2,2
20261007,proximity,oracle,1.25,2024-06,0,0,0,2,2,4,2,2
20261007,proximity,oracle,1.25,2024-07,0,0,1,2,2,4,2,2
20261007,proximity,oracle,1.25,2024-08,0,0,2,2,2,4,2,2
20261007,proximity,oracle,1.25,2024-09,0,0,2,2,2,4,2,2
20261007,proximity,oracle,1.25,2024-10,0,0,2,2,2,4,2,2
20261007,proximity,oracle,1.25,2024-11,0,0,0,2,2,4,2,2
20261007,proximity,oracle,1.25,2024-12,0,0,0,2,2,4,2,2
20261007,proximity,unsupervised,0.75,2023-02,2,0,0,0,2,4,2,2
20261007,proximity,unsupervised,0.75,2023-03,2,0,0,0,2,4,2,2
20261007,proximity,unsupervised,0.75,2023-04,2,0,0,0,2,4,2,2
20261007,proximity,unsupervised,0.75,2023-05,2,0,0,0,2,4,2,2
20261007,proximity,unsupervised,0.75,2023-06,2,0,0,0,2,4,2,2
20261007,proximity,unsupervised,0.75,2023-07,2,0,0,0,2,4,2,2
20261007,proximity,unsupervised,0.75,2023-08,2,0,0,0,2,4,2,2
20261007,proximity,unsupervised,0.75,2023-09,2,0,0,0,2,4,2,2
20261007,proximity,unsupervised,0.75,2023-10,2,0,0,0,2,4,2,2
20261007,proximity,unsupervised,0.75,2023-11,2,0,0,0,2,4,2,2
20261007,proximity,unsupervised,0.75,2023-12,2,0,0,0,2,4,2,2
20261007,proximity,unsupervised,0.75,2024-01,2,0,0,0,2,4,2,2
20261007,proximity,unsupervised,0.75,2024-02,2,0,0,0,2,4,2,2
20261007,proximity,unsupervised,0.75,2024-03,2,0,0,0,2,4,2,2
20261007,proximity,unsupervised,0.75,2024-04,2,0,0,0,2,4,2,2
20261007,proximity,unsupervised,0.75,2024-05,2,0,0,0,2,4,2,2
20261007,proximity,unsupervised,0.75,2024-06,2,0,0,0,2,4,2,2
20261007,proximity,unsupervised,0.75,2024-07,2,0,0,0,2,4,2,2
20261007,proximity,unsupervised,0.75,2024-08,2,0,0,0,2,4,2,2
20261007,proximity,unsupervised,0.75,2024-09,2,0,0,0,2,4,2,2
20261007,proximity,unsupervised,0.75,2024-10,2,0,0,0,2,4,2,2
20261007,proximity,unsupervised,0.75,2024-11,2,0,0,0,2,4,2,2
20261007,proximity,unsupervised,0.75,2024-12,2,0,0,0,2,4,2,2
20261007,proximity,unsupervised,1.0,2023-02,2,0,0,0,2,4,2,2
20261007,proximity,unsupervised,1.0,2023-03,2,0,0,0,2,4,2,2
20261007,proximity,unsupervised,1.0,2023-04,2,0,0,0,2,4,2,2
20261007,proximity,unsupervised,1.0,2023-05,2,0,0,0,2,4,2,2
20261007,proximity,unsupervised,1.0,2023-06,2,0,0,0,2,4,2,2
20261007,proximity,unsupervised,1.0,2023-07,2,0,0,0,2,4,2,2
20261007,proximity,unsupervised,1.0,2023-08,2,0,0,0,2,4,2,2
20261007,proximity,unsupervised,1.0,2023-09,2,0,0,0,2,4,2,2
20261007,proximity,unsupervised,1.0,2023-10,2,0,0,0,2,4,2,2
20261007,proximity,unsupervised,1.0,2023-11,2,0,0,0,2,4,2,2
20261007,proximity,unsupervised,1.0,2023-12,2,0,0,0,2,4,2,2
20261007,proximity,unsupervised,1.0,2024-01,2,0,0,0,2,4,2,2
20261007,proximity,unsupervised,1.0,2024-02,2,0,0,0,2,4,2,2
20261007,proximity,unsupervised,1.0,2024-03,2,0,0,0,2,4,2,2
20261007,proximity,unsupervised,1.0,2024-04,2,0,0,0,2,4,2,2
20261007,proximity,unsupervised,1.0,2024-05,2,0,0,0,2,4,2,2
20261007,proximity,unsupervised,1.0,2024-06,2,0,0,0,2,4,2,2
20261007,proximity,unsupervised,1.0,2024-07,2,0,0,0,2,4,2,2
20261007,proximity,unsupervised,1.0,2024-08,2,0,0,0,2,4,2,2
20261007,proximity,unsupervised,1.0,2024-09,2,0,0,0,2,4,2,2
20261007,proximity,unsupervised,1.0,2024-10,2,0,0,0,2,4,2,2
20261007,proximity,unsupervised,1.0,2024-11,2,0,0,0,2,4,2,2
20261007,proximity,unsupervised,1.0,2024-12,0,0,0,2,2,4,2,2
20261007,proximity,unsupervised,1.25,2023-02,2,0,0,0,2,4,2,2
20261007,proximity,unsupervised,1.25,2023-03,2,0,0,0,2,4,2,2
20261007,proximity,unsupervised,1.25,2023-04,2,0,0,0,2,4,2,2
20261007,proximity,unsupervised,1.25,2023-05,2,0,0,0,2,4,2,2
20261007,proximity,unsupervised,1.25,2023-06,2,0,0,0,2,4,2,2
20261007,proximity,unsupervised,1.25,2023-07,2,0,0,0,2,4,2,2
20261007,proximity,unsupervised,1.25,2023-08,2,0,0,0,2,4,2,2
20261007,proximity,unsupervised,1.25,2023-09,2,0,0,0,2,4,2,2
20261007,proximity,unsupervised,1.25,2023-10,2,0,0,0,2,4,2,2
20261007,proximity,unsupervised,1.25,2023-11,2,0,0,0,2,4,2,2
20261007,proximity,unsupervised,1.25,2023-12,2,0,0,0,2,4,2,2
20261007,proximity,unsupervised,1.25,2024-01,2,0,0,0,2,4,2,2
20261007,proximity,unsupervised,1.25,2024-02,1,0,0,1,2,4,2,2
20261007,proximity,unsupervised,1.25,2024-03,0,0,0,2,2,4,2,2
20261007,proximity,unsupervised,1.25,2024-04,0,0,0,2,2,4,2,2
20261007,proximity,unsupervised,1.25,2024-05,0,0,0,2,2,4,2,2
20261007,proximity,unsupervised,1.25,2024-06,0,0,0,2,2,4,2,2
20261007,proximity,unsupervised,1.25,2024-07,0,0,1,2,2,4,2,2
20261007,proximity,unsupervised,1.25,2024-08,0,0,2,2,2,4,2,2
20261007,proximity,unsupervised,1.25,2024-09,0,0,2,2,2,4,2,2
20261007,proximity,unsupervised,1.25,2024-10,0,0,2,2,2,4,2,2
20261007,proximity,unsupervised,1.25,2024-11,0,0,0,2,2,4,2,2
20261007,proximity,unsupervised,1.25,2024-12,0,0,0,2,2,4,2,2
